MW,LogP,TPSA,HBA,HBD,Rotatable_Bonds,Ring_Count,Aromatic_Rings,Fraction_CSP3,Heavy_Atom_Count,Chiral_Atoms,Formal_Charge,QED,BertzCT,HallKierAlpha,Kappa1,Kappa2,Kappa3,NumSpiroAtoms,NumBridgeheadAtoms,NumAliphaticRings,NumAromaticRings,NumSaturatedRings,NumHeteroAtoms,MolMR,SA_Score,Lipinski_Pass,Veber_Pass,Egan_Pass,Ghose_Pass,Muegge_Pass,RECRUITER_CODE,SMILES,PAINS_Hits,Brenk_Hits
176.94100000000003,-2.0707000000000004,88.38000000000001,6,3,0,2,0,1.0,12,3,-1,0.36807763557821643,208.11512574993117,-0.17506493506493517,8.424400679669558,2.1937076856695237,1.0633478736834563,0,0,2,0,2,7,36.5134,,True,True,True,False,False,L00001,[B-]1(O[C@@H]2[C@H](CO[C@@]2(O1)C)O)(O)O,None,heavy_metal
249.26999999999998,0.4877999999999996,95.08000000000001,3,3,5,2,1,0.4166666666666667,18,1,0,0.6616195457883953,445.14250913689125,-2.11,12.34963134845644,5.482865645542789,2.96695563205396,0,0,1,1,0,6,63.722200000000015,,True,True,True,False,True,L00002,c1c(nc[nH]1)C[C@@H](C(=O)O)NC(=O)C2CC=CC2,None,isolated_alkene
258.23299999999995,0.08779999999999993,83.55000000000001,4,1,1,3,1,0.23076923076923078,19,1,0,0.7233587999857974,587.8241612955018,-2.5,11.58254200146092,4.012157586949831,1.6402235447815359,0,0,2,1,1,6,63.113700000000016,,True,True,True,False,True,L00003,c1ccc2c(c1)C(=O)N(C2=O)[C@H]3CCC(=O)NC3=O,None,phthalimide
314.30900000000014,-0.6271,106.75,9,1,3,4,3,0.3076923076923077,23,0,0,0.6858155297438292,846.9941212897756,-3.0100000000000002,13.639070713839875,5.647063357308987,2.4825661670169206,0,0,1,3,1,10,79.92870000000002,,True,True,True,False,True,L00004,c1cn(nn1)C2=CNN(C2=O)c3cc(ncn3)N4CCOCC4,None,None
406.9350000000001,4.279520000000003,66.48,3,1,6,3,2,0.35,27,0,0,0.778051818537742,973.1872717435467,-2.0499999999999994,19.704437717066924,7.903825260298775,4.624913151389626,0,0,1,2,0,7,109.84250000000003,,True,True,True,True,True,L00005,CCCN1c2ccc(cc2CCC1=O)NS(=O)(=O)Cc3ccc(c(c3)Cl)C,None,None
273.248,-0.33000000000000024,109.57,5,2,1,3,1,0.23076923076923078,20,1,0,0.5375391722332333,667.5801566907198,-2.7,12.339759456629707,4.156092539947064,1.5942486331140546,0,0,2,1,1,7,67.5261,,True,True,True,True,True,L00006,c1cc2c(c(c1)N)C(=O)N(C2=O)[C@H]3CCC(=O)NC3=O,None,aniline; phthalimide
493.5720000000002,2.075549999999999,168.67,5,5,12,2,2,0.3333333333333333,36,1,0,0.10007584628843172,1036.3772890761309,-4.659999999999999,25.953680503251476,15.282515709227102,10.084317463067167,0,0,0,2,0,12,134.9335,,True,False,False,False,False,L00007,[H]/N=C(\NCCC[C@@H](C(=O)N(Cc1ccccc1)Cc2ccccc2)NC(=O)C[N-][N+]#N)/NC(=O)NC,None,Aliphatic_long_chain; Azo_group; imine_1; imine_2; Oxygen-nitrogen_single_bond
581.5000000000002,5.885800000000006,83.47000000000001,5,1,6,5,3,0.3,40,2,0,0.3940146398500008,1426.6261830596939,-3.749999999999999,27.803180818641255,11.778868236927842,5.735841420118343,0,0,2,3,1,10,155.49869999999964,,False,True,False,False,False,L00008,CC(C)Oc1cc(ccc1C2=N[C@H]([C@H](N2C(=O)N3CCNC(=O)C3)c4ccc(cc4)Cl)c5ccc(cc5)Cl)OC,None,None
187.283,2.1489000000000003,63.31999999999999,2,2,7,0,0,0.9,13,1,0,0.6001427271013674,155.00373543888384,-0.5700000000000001,12.429999999999998,5.971482790963041,5.635307130156698,0,0,0,0,0,3,53.60420000000003,,True,True,True,False,False,L00009,CCCCCCC[C@](C)(C(=O)O)N,None,Aliphatic_long_chain
467.15700000000004,-1.1828000000000003,250.18999999999994,12,6,8,2,1,0.5555555555555556,28,5,0,0.24606745797615673,914.0056620864812,-0.9900000000000004,23.290513882875256,8.399723659198107,6.810728142739066,0,0,1,1,1,19,87.25990000000002,,False,False,False,False,False,L00010,C1[C@@H]([C@H](O[C@H]1N2C=CC(=NC2=O)N)CO[P@@](=O)(O)O[P@@](=O)(O)OP(=O)(O)O)O,None,phosphor
259.265,0.029799999999999882,92.5,4,2,1,3,1,0.3076923076923077,19,1,0,0.5494349129687401,596.796280171291,-2.37,11.70535246511652,4.0813602859858555,1.7589643807787616,0,0,2,1,1,6,66.8996,,True,True,True,False,True,L00011,c1cc2c(c(c1)N)CN(C2=O)[C@H]3CCC(=O)NC3=O,None,aniline; phthalimide
567.6210000000003,3.359580000000001,105.97999999999999,7,1,7,6,3,0.3125,42,1,0,0.43672364703001887,1576.7055491171222,-4.75,27.42135254367844,11.623784293801712,5.558557025834909,0,0,3,3,2,10,151.8661999999998,,True,True,True,False,True,L00012,c1cc2c(c(c1)OCc3ccc(cc3)CN4CCN(CC4)c5ccc(cc5F)C#N)CN(C2=O)[C@H]6CCC(=O)NC6=O,None,phthalimide
180.20999999999995,2.7830000000000004,25.78,2,0,0,3,3,0.0,14,0,0,0.49697997034545144,547.2925174892929,-1.96,7.444412301848199,2.7710289600439837,0.9729204896447569,0,0,0,3,0,2,57.04400000000002,,True,True,True,False,False,L00013,c1cc2ccc3cccnc3c2nc1,None,Polycyclic_aromatic_hydrocarbon_3
238.67399999999998,1.7756999999999996,79.11,2,3,3,2,2,0.18181818181818182,16,1,0,0.7626377539355754,535.7641262440613,-1.52,10.980103492712109,4.154573523638252,2.0277685898245172,0,0,0,2,0,5,62.623900000000006,,True,True,True,False,True,L00014,c1cc2c(cc1Cl)[nH]cc2C[C@@H](C(=O)O)N,None,None
363.223,-2.2471999999999994,205.77999999999994,9,6,4,3,2,0.5,24,3,0,0.3216923838142615,927.4519199545495,-2.0200000000000005,16.82442762630243,5.806126996248962,3.1265646464823735,0,0,1,2,1,14,77.91669999999998,,True,False,False,False,False,L00015,C1[C@@H]([C@H](O[C@H]1N2C3=C(C(=O)NC(=N3)N)NC2=O)COP(=O)(O)O)O,None,phosphor
449.5070000000003,1.8587999999999993,88.18,6,1,6,5,2,0.4,33,1,0,0.677692402721015,1062.2121094603442,-3.23,21.607097773972914,9.327947867341816,4.624596559995779,0,0,3,2,2,8,119.35720000000008,,True,True,True,True,True,L00016,c1cc2c(c(c1)OCc3ccc(cc3)CN4CCOCC4)CN(C2=O)[C@H]5CCC(=O)NC5=O,None,phthalimide
500.73100000000034,7.0018000000000065,69.81,4,3,13,5,3,0.5625,37,1,0,0.22098872367916567,1217.1239123398116,-2.6599999999999997,25.9673280635143,13.22920961853036,6.810765149908627,0,0,2,3,0,5,154.55509999999978,,False,False,False,False,False,L00017,c1ccc2c(c1)c(c3c(n2)CCCC3)NCCCCCCCCCCN[C@@H]4CCCC5=C4C=CC(=O)N5,None,Aliphatic_long_chain
507.18200000000013,-1.3065000000000007,278.86999999999995,13,7,8,3,2,0.5,31,5,0,0.20424699716324826,1174.3757191983013,-1.52,24.12892656881439,8.439850412270415,6.044250117071975,0,0,1,2,1,21,96.9116,,False,False,False,False,False,L00018,c1nc2c(n1[C@H]3C[C@@H]([C@H](O3)CO[P@@](=O)(O)O[P@@](=O)(O)OP(=O)(O)O)O)N=C(NC2=O)N,None,phosphor
491.1830000000001,-0.5998000000000003,258.8999999999999,13,6,8,3,2,0.5,30,5,0,0.2518207356575117,1072.0889952867399,-1.3200000000000003,23.345361752471998,8.314508797243109,5.675150862068965,0,0,1,2,1,20,94.08590000000001,,False,False,False,False,False,L00019,c1nc(c2c(n1)n(cn2)[C@H]3C[C@@H]([C@H](O3)CO[P@](=O)(O)O[P@@](=O)(O)OP(=O)(O)O)O)N,None,phosphor
198.111,-0.7545,96.22,4,3,3,1,0,1.0,12,2,0,0.5158908698516231,188.37746628659806,0.029999999999999978,10.113125519534497,3.826027458710733,3.182800289849544,0,0,1,0,1,7,38.3599,,True,True,True,False,False,L00020,C1CO[C@@H]([C@H]1O)COP(=O)(O)O,None,phosphor
472.6110000000003,2.2473199999999998,111.63000000000001,6,3,6,3,2,0.5,33,3,0,0.5971182827106912,1012.2167088469319,-2.7800000000000002,24.85443019187222,10.007827668740036,5.970008520733399,0,0,1,2,1,9,127.31820000000008,,True,True,True,True,True,L00021,Cc1c(scn1)c2ccc(cc2)CNC(=O)[C@@H]3C[C@H](CN3C(=O)[C@H](C(C)(C)C)NC(=O)C)O,None,None
385.85400000000004,2.2695,122.11999999999999,4,3,4,3,3,0.0,24,0,0,0.6370196418331788,1120.5408771784275,-2.07,16.776126456378112,5.778540218917986,3.1088063378643196,0,0,0,3,0,10,91.93240000000002,,True,True,True,True,True,L00022,c1cc2c(c[nH]c2c(c1)NS(=O)(=O)c3ccc(cc3)S(=O)(=O)N)Cl,None,None
597.6750000000001,1.7917999999999992,196.19,8,3,11,4,4,0.1111111111111111,41,0,0,0.21750596856826696,1826.67390352669,-4.819999999999999,29.169660161957182,11.348424824120746,5.8769298195300035,0,0,0,4,0,14,155.2487999999998,,True,False,False,False,False,L00023,COc1ccc(cc1)S(=O)(=O)N(CC(=O)N)c2ccc(c3c2cccc3)N(CC(=O)N)S(=O)(=O)c4ccc(cc4)N,None,aniline
150.174,-0.9958,58.92,4,2,7,0,0,1.0,10,0,0,0.4571376225737072,49.70950594454669,-0.16,9.839999999999998,8.840000000000002,7.840000000000001,0,0,0,0,0,4,35.80959999999999,,True,True,True,False,False,L00024,C(COCCOCCO)O,None,Aliphatic_long_chain
259.1979999999999,0.3186999999999998,120.85,3,4,5,1,1,0.3,17,1,0,0.5648750878050898,438.51440875026884,-1.2000000000000002,13.86329113924051,5.421883656509696,5.102331453581349,0,0,0,1,0,7,61.50530000000002,,True,True,True,False,True,L00025,c1cc(ccc1C[C@@H](C(=O)O)N)CP(=O)(O)O,None,phosphor
401.80000000000007,4.500820000000003,65.2,2,2,3,4,3,0.1,28,0,0,0.5009937240428722,1169.7123469854648,-3.1899999999999986,18.1862676072455,6.759576855649991,3.033115941382791,0,0,1,3,1,8,101.46240000000002,,True,True,True,True,True,L00026,Cc1c(ccc2c1[nH]cc2/C=C\3/C(=O)N(C(=O)N3)Cc4ccc(c(c4)F)F)Cl,None,hydantoin; Michael_acceptor_1
466.173,-1.6098,252.98999999999992,11,7,8,2,1,0.5555555555555556,28,5,0,0.21275933044645381,915.846715915825,-0.9900000000000004,23.290513882875256,8.399723659198107,6.810728142739066,0,0,1,1,1,19,89.31060000000002,,False,False,False,False,False,L00027,C1[C@@H]([C@H](O[C@H]1N2C=CC(=NC2=O)N)COP(=O)(NP(=O)(O)OP(=O)(O)O)O)O,None,phosphor
605.7270000000002,2.2348000000000017,112.24000000000001,7,3,9,5,1,0.7096774193548387,43,6,0,0.3960371614891934,1161.1324402854907,-2.8299999999999996,31.590330992144548,13.437004093047424,7.1220431693753845,0,0,4,1,3,12,155.68809999999976,,True,True,True,False,False,L00028,CCO[C@@H]1C[C@@H]2CN([C@@H](CN2C1)C(=O)N[C@@H]3CCOc4c3cccc4)C(=O)[C@H](C5CCC(CC5)(F)F)NC(=O)[C@H](C)NC,None,None
363.223,-2.569699999999999,206.04000000000002,10,6,4,3,2,0.5,24,4,0,0.31114445649395966,860.5408038851165,-1.8600000000000003,16.97903685282414,5.894711274032771,3.0554348568267984,0,0,1,2,1,14,76.48079999999999,,True,False,False,False,False,L00029,c1nc2c(n1[C@H]3[C@@H]([C@@H]([C@H](O3)COP(=O)(O)O)O)O)N=C(NC2=O)N,None,phosphor
679.5760000000005,7.890800000000007,126.30999999999999,6,3,15,5,5,0.2571428571428571,47,0,0,0.07634831743742743,1869.696299632394,-4.669999999999999,33.68639048858336,15.750579347901546,8.780309137538959,0,0,0,5,0,12,179.10769999999968,,False,False,False,False,False,L00030,c1cc(ccc1Cn2cnc(c2c3c4ccc(cc4[nH]c3C(=O)OCCCCCCNC(=O)CCC(=O)O)Cl)c5ccc(cc5)F)Cl,None,Aliphatic_long_chain
510.6780000000002,1.7925000000000035,65.52000000000001,5,1,6,5,2,0.5862068965517241,37,3,1,0.6421997020063452,1107.9758859627877,-2.3899999999999992,26.22642054933948,10.768974773691655,5.874339305404437,0,0,3,2,2,8,142.29139999999987,,True,True,True,False,True,L00031,C[C@@H]1CN([C@H](C[NH2+]1)CN2CCOC[C@H]2C)CC(=O)N3CC(c4c3cc(cn4)Cc5ccc(cc5)F)(C)C,None,None
440.8870000000003,2.7311199999999998,107.61000000000001,4,3,4,4,2,0.2727272727272727,31,1,0,0.6350734188155892,1100.9136420879574,-3.39,20.86553364929436,8.389650844714014,4.3871202040651385,0,0,2,2,1,9,114.53460000000007,,True,True,True,True,True,L00032,Cc1ccc(cc1Cl)NC(=O)NCc2ccc3c(c2)CN(C3=O)[C@H]4CCC(=O)NC4=O,None,phthalimide
192.284,0.04549999999999993,75.35,4,4,7,0,0,0.8571428571428571,12,1,0,0.26101452357583504,132.57478342250621,-0.26,11.74,7.392409241690343,6.450201165867344,0,0,0,0,0,5,51.317900000000016,,True,True,True,False,False,L00033,C(CCNCS)C[C@@H](C(=O)O)N,None,Aliphatic_long_chain; het-C-het_not_in_ring; thiol_2
353.05400000000003,-1.0668000000000002,170.45999999999998,6,5,8,1,1,0.2222222222222222,22,0,0,0.28834601779074276,688.0825009873375,-1.2650649350649354,18.783162850402842,7.332895336403316,7.136593456389306,0,0,0,1,0,13,75.12970000000001,,True,False,False,False,False,L00034,B(CNS(=O)(=O)Cc1cccc(c1)C(=O)O)(O)OP(=O)(O)O,None,heavy_metal; phosphor
562.4790000000002,3.1005000000000025,197.84,10,6,6,7,6,0.19230769230769232,40,3,0,0.1287946777937931,2020.2751135205967,-4.1,24.90676118272281,8.961332421725752,4.074356901668995,0,0,1,6,1,14,148.51969999999994,,False,False,False,False,False,L00035,c1cc2ccc3ccc(c4c3c2c(c1)cc4)Nc5nc6c(n5[C@H]7C[C@@H]([C@H](O7)COP(=O)(O)O)O)N=C(NC6=O)N,None,phosphor; Polycyclic_aromatic_hydrocarbon_3
355.247,-0.16330000000000028,144.23,9,3,4,4,3,0.4166666666666667,24,3,0,0.543451603537269,934.4590472826998,-1.8800000000000001,15.63628869325328,5.586659139096945,2.7076650435944214,0,0,1,3,1,12,78.80790000000002,,True,False,False,True,True,L00036,c1cn2cnc3c(c2n1)ncn3[C@H]4C[C@@H]([C@H](O4)COP(=O)(O)O)O,None,phosphor
173.21499999999997,1.9696000000000002,25.16,2,1,2,2,2,0.09090909090909091,13,0,0,0.7375486920418045,361.49861930081585,-1.54,8.076289944837928,3.4550496730540114,1.6255973227461487,0,0,0,2,0,2,51.69180000000003,,True,True,True,False,False,L00037,c1ccn(c1)c2ccc(cc2)CO,None,None
358.3100000000001,2.1147,139.72,7,3,7,3,3,0.125,26,0,0,0.5832601369559589,889.7992432133586,-3.8200000000000003,17.01769988116422,7.834576331413834,4.598312714734913,0,0,0,3,0,10,87.4312,,True,True,False,True,True,L00038,c1cc(cc(c1)OCC(=O)O)CNC(=O)Nc2nnc(o2)c3ccco3,None,None
545.0030000000003,3.8234800000000027,133.02999999999997,9,1,6,5,4,0.25925925925925924,39,1,0,0.38705808034515515,1684.8356556202427,-4.6899999999999995,25.93854908585193,9.885364798367878,4.283638285669407,0,0,1,4,0,12,146.0041999999998,,True,True,False,False,True,L00039,CC(C)c1c2c(nn1c3cnc(nc3OC)N(C)C)C(=O)N([C@H]2c4ccc(cc4)C#N)C5=CC(=CNC5=O)Cl,None,None
251.32999999999996,1.6006999999999998,55.32000000000001,5,0,6,1,1,0.6153846153846154,18,0,0,0.7187661566212672,384.9728719441331,-1.65,14.411162079510705,6.934520290244559,3.9797748678267575,0,0,0,1,0,5,70.69100000000005,,True,True,True,False,True,L00040,CCc1cc(nc(n1)N(C)CC(=O)OCC)CC,None,None
544.4910000000002,3.7512000000000025,124.96000000000001,4,4,12,3,3,0.18518518518518517,38,1,0,0.2034263272925541,1326.3994170928054,-3.849999999999999,28.717138995540708,13.096468755285326,9.225664162050142,0,0,0,3,0,11,137.00050000000002,,True,False,True,False,True,L00041,C=CCc1cc(ccc1F)CNC(=O)[C@H](Cc2ccc(cc2)OP(=O)(O)O)NC(=O)Cc3ccc(cc3)F,None,isolated_alkene; phosphor
264.30299999999994,3.399600000000002,15.6,2,0,1,4,2,0.11764705882352941,20,0,0,0.7704561452118179,746.1601532452497,-2.4199999999999995,11.410303133331636,4.303724581782936,1.5941671645319915,0,0,2,2,0,3,78.82300000000004,,True,True,True,True,True,L00042,c1ccc2c(c1)C=C(N3C2=NCC3)c4ccccc4F,None,stilbene
417.50900000000024,2.8272000000000004,69.72,4,1,4,5,2,0.4,31,1,0,0.7770512783528384,1011.9272149230165,-2.99,19.943020189235224,8.268462978249953,3.997529115596877,0,0,3,2,2,6,116.18120000000008,,True,True,True,True,True,L00043,c1ccc(cc1)CN2CCC(CC2)c3ccc4c(c3)CN(C4=O)[C@H]5CCC(=O)NC5=O,None,phthalimide
297.33599999999996,-0.7048000000000005,109.94000000000001,8,4,3,3,2,0.5,20,3,0,0.5924883875168468,619.7682839463657,-1.3200000000000003,13.653384613657876,5.225930656531059,2.1494280078895467,0,0,1,2,1,8,72.37720000000002,,True,True,True,False,True,L00044,c1c(c2c(s1)c(ncn2)O)CN3C[C@@H]([C@@H]([C@H]3CO)O)O,None,None
343.3390000000001,-0.07560000000000006,96.02000000000001,6,1,2,4,1,0.4117647058823529,25,1,0,0.7550856725400428,784.4880399058659,-2.74,15.768304135800031,5.961454187637941,2.5825816719540784,0,0,3,1,2,8,86.14570000000003,,True,True,True,True,True,L00045,c1cc2c(cc1N3CCOCC3)C(=O)N(C2=O)[C@H]4CCC(=O)NC4=O,None,phthalimide
209.267,-0.40349999999999914,66.84,4,1,4,1,0,1.0,13,0,0,0.6378928881466795,232.87709722476774,-0.17000000000000007,10.907942322681215,4.898616330019288,5.197679281804256,0,0,1,0,1,6,48.29160000000003,,True,True,True,False,True,L00046,C1COCCN1CCCS(=O)(=O)O,None,Sulfonic_acid_2
336.3760000000001,3.02048,109.53999999999999,4,2,3,3,3,0.058823529411764705,24,0,0,0.7656841837683048,1131.5874277773244,-3.2899999999999996,15.599801744702463,5.72697084149766,2.578054397153627,0,0,0,3,0,7,89.71620000000001,,True,True,True,True,True,L00047,Cc1ccc(c2c1c(c[nH]2)C#N)NS(=O)(=O)c3cccc(c3)C#N,None,None
556.6180000000003,3.937700000000002,139.31,7,2,10,4,4,0.11538461538461539,38,0,0,0.29949655436522443,1686.0554234862693,-4.289999999999999,26.764003115557223,10.597580184598932,5.357946861537031,0,0,0,4,0,12,142.91209999999987,,True,True,False,False,True,L00048,COc1ccc(cc1)S(=O)(=O)Nc2ccc(c3c2cccc3)N(CC(=O)O)S(=O)(=O)c4ccc(cc4)OC,None,None
494.9350000000003,2.68952,124.68,6,3,7,4,2,0.24,35,1,0,0.5081962228924173,1272.2535277524382,-3.98,24.154305269127914,10.10457680502369,5.575104593139882,0,0,2,2,1,10,129.31210000000007,,True,True,True,False,True,L00051,Cc1ccc(cc1Cl)NC(=O)CCc2cccc(c2)NC3=CC(=O)N(C3=O)[C@H]4CCC(=O)NC4=O,None,phthalimide
505.6630000000002,2.232700000000001,130.55,5,4,9,4,2,0.4827586206896552,37,5,0,0.4151956272260532,1024.2264964419455,-3.2299999999999986,26.82234125589696,12.341119029209336,6.023453214271149,0,0,2,2,2,8,143.11819999999992,,True,True,True,False,True,L00052,CC[C@@H](C(=O)N[C@H]1[C@H](CC[C@H]2CC[C@H](N2C1=O)C(=O)NC(c3ccccc3)c4ccccc4)CCN)N,None,None
214.31199999999998,2.971800000000001,6.48,2,0,2,2,2,0.2857142857142857,16,0,0,0.7580117080997546,458.3115428346979,-1.7,10.805788371993678,4.046244645981219,1.7107113681665198,0,0,0,2,0,2,72.60200000000005,,True,True,True,False,True,L00053,CN(C)c1cccc2c1c(ccc2)N(C)C,None,None
160.21699999999998,0.6274000000000001,75.35,2,3,4,0,0,0.8571428571428571,11,1,0,0.5641918730869234,125.6089812188626,-0.77,10.23,4.957261842365056,7.12325719111392,0,0,0,0,0,4,43.4579,,True,True,True,False,False,L00054,CC(C)C[C@@H](CNC(=O)O)N,None,None
492.6200000000001,1.8762000000000005,124.76,5,4,8,4,2,0.4642857142857143,36,5,0,0.4478777384836409,1008.5299056694851,-3.2299999999999986,25.85074065905329,11.669651337493988,5.44486071230554,0,0,2,2,2,8,136.5326,,True,True,True,False,True,L00056,CC[C@@H](C(=O)N[C@H]1[C@H](CC[C@H]2CC[C@H](N2C1=O)C(=O)NC(c3ccccc3)c4ccccc4)CO)N,None,None
477.8950000000001,4.412100000000002,102.5,3,3,7,3,3,0.2608695652173913,33,1,0,0.4384074306516323,1236.40493605269,-3.4599999999999995,24.187726573617503,9.187181507178972,5.308121095965126,0,0,0,3,0,10,118.86970000000005,,True,True,True,True,True,L00057,CC(C)(C)NC(=O)C(c1c2ccc(cc2[nH]c1C(=O)O)Cl)N(Cc3ccc(c(c3)F)F)C=O,indol_3yl_alk(461),aldehyde
482.5840000000003,4.873140000000005,88.32,5,1,6,5,4,0.3103448275862069,36,1,0,0.4234723848569272,1458.6583193939007,-3.999999999999999,23.728395061728396,9.567901234567902,4.255355034575814,0,0,1,4,0,7,138.1002999999999,,True,True,True,False,True,L00058,CCn1c2ccc(c(c2nn1)C)[C@@H](CC(=O)O)c3cc(c4c(c3)CN(CC4)C(=O)c5ccccc5)C,None,None
501.2220000000001,0.06379999999999975,249.66999999999996,12,6,8,4,2,0.5833333333333334,31,6,0,0.26170163186854106,1168.2521264968516,-1.2800000000000002,22.897659148379073,7.370190443213296,4.471193284323867,0,0,2,2,2,19,99.75290000000001,,False,False,False,False,False,L00059,c1nc(c2c(n1)n(cn2)[C@H]3C[C@@H]([C@]4([C@@H]3C4)COP(=O)(O)OP(=O)(O)OP(=O)(O)O)O)N,None,phosphor
501.2220000000001,-0.15220000000000022,249.66999999999996,12,6,8,4,2,0.5833333333333334,31,6,0,0.25726264705202617,1168.2521264968516,-1.2800000000000002,22.897659148379073,7.370190443213296,4.471193284323867,0,0,2,2,2,19,99.7469,,False,False,False,False,False,L00060,c1nc(c2c(n1)n(cn2)[C@]34C[C@H]3[C@@H]([C@H](C4)O)COP(=O)(O)OP(=O)(O)OP(=O)(O)O)N,None,phosphor
498.9920000000002,4.049000000000003,105.38999999999999,6,1,8,4,4,0.20833333333333334,34,1,0,0.39264866847640234,1454.6217672923715,-3.269999999999999,23.873698027859223,9.5353455621259,4.815852910945656,0,0,0,4,0,10,129.1516,,True,True,True,False,True,L00061,Cn1c2ccc(cc2nn1)[C@@H](CC(=O)O)c3ccc(c(c3)CN(C)S(=O)(=O)c4ccccc4)Cl,None,None
520.4530000000001,6.261800000000007,83.91,4,1,7,3,2,0.4444444444444444,35,4,0,0.4358548414094511,1079.724354636208,-2.5699999999999985,27.024748768985706,11.003104486808523,6.557656176855172,0,0,1,2,1,8,135.51579999999993,,False,True,False,False,False,L00062,CC[C@@H](C(=O)OC(C)(C)C)N1[C@@H]([C@H](C[C@@H](C1=O)CC(=O)O)c2cccc(c2)Cl)c3ccc(cc3)Cl,None,None
478.41600000000005,5.691000000000005,77.84,3,2,7,3,2,0.44,32,5,0,0.5360602835846426,978.1621288450027,-2.0799999999999987,24.560228390525186,9.81737765502326,4.952129492278365,0,0,1,2,1,7,125.96860000000002,,True,True,True,False,False,L00063,CC[C@@H]([C@H](C)O)N1[C@@H]([C@H](C[C@](C1=O)(C)CC(=O)O)c2cccc(c2)Cl)c3ccc(cc3)Cl,None,None
450.3620000000001,4.912400000000004,77.84,3,2,7,3,2,0.391304347826087,30,4,0,0.6284490699514812,898.3310461269648,-2.0799999999999987,22.60176456289857,9.818058678275282,4.7981516131986215,0,0,1,2,1,7,116.75660000000003,,True,True,True,True,True,L00064,CC[C@@H](CO)N1[C@@H]([C@H](C[C@@H](C1=O)CC(=O)O)c2cccc(c2)Cl)c3ccc(cc3)Cl,None,None
446.5030000000003,3.2996000000000016,94.99000000000001,4,1,4,5,2,0.38461538461538464,33,3,0,0.727487004423958,1108.0071006221842,-3.48,21.370140407038004,8.462909497363603,3.612026003459176,0,0,3,2,1,7,119.49280000000009,,True,True,True,True,True,L00065,c1ccc2c(c1)CCN([C@@H]2CN3C(=O)c4ccccc4C3=O)C(=O)[C@@H]5CCCC[C@H]5C(=O)O,None,phthalimide
432.3470000000002,5.551500000000004,57.61,2,1,6,4,2,0.391304347826087,29,3,0,0.6511809163796765,910.59389570447,-2.039999999999999,20.241637644139672,8.369094710138508,4.593443240279005,0,0,2,2,2,6,113.18280000000006,,True,True,True,True,False,L00066,c1cc(cc(c1)Cl)[C@H]2C[C@@H](C(=O)N([C@@H]2c3ccc(cc3)Cl)CC4CC4)CC(=O)O,None,None
523.7220000000003,2.528400000000002,93.78,5,3,7,5,1,0.7,38,5,0,0.5108220952526601,1009.3573834110762,-2.4499999999999993,27.129558912608818,12.1609606218451,5.761056461379692,0,0,4,1,3,8,147.38709999999986,,True,True,True,False,True,L00067,C[C@@H](C(=O)N[C@@H](C1CCCCC1)C(=O)N2C[C@H]3CCCN3C[C@H]2C(=O)N[C@@H]4CCCc5c4cccc5)NC,None,None
282.12899999999996,0.1749999999999997,139.98000000000002,4,5,5,1,1,0.2857142857142857,17,0,0,0.4814387964899077,432.69154047959705,-0.7500000000000002,14.311538461538461,5.265942183016261,4.5527951960888515,0,0,0,1,0,10,60.602900000000034,,True,True,False,False,True,L00068,c1ccnc(c1)NCC(P(=O)(O)O)P(=O)(O)O,None,phosphor
351.20799999999997,-1.7185999999999997,194.42999999999998,9,5,5,2,1,0.5,23,3,0,0.37853883461845417,714.0185600564846,-1.8200000000000003,17.532554434128176,6.354395628964614,4.131322086945232,0,0,1,1,1,13,72.3986,,True,False,False,False,False,L00069,C1[C@@H]([C@H](O[C@H]1N2C=C(C(=NC2=O)N)C(=O)O)COP(=O)(O)O)O,None,phosphor
504.0150000000002,6.318300000000005,92.93,7,2,7,6,5,0.23076923076923078,35,1,0,0.2698146227458581,1572.5302649602952,-3.489999999999999,22.004380823839764,8.62259865408136,4.236431985376424,0,0,1,5,1,9,139.4639999999999,,False,True,False,False,False,L00070,C[C@H](C1CC1)Nc2c3c(nc(n3Cc4ccc(cc4)Cl)c5ccc6c(c5)ccs6)nc(n2)C(=O)O,None,None
550.063,5.074000000000004,114.96,9,1,5,7,4,0.5357142857142857,39,2,0,0.3665404085591572,1554.2684757298794,-3.24,24.776278019993832,10.05816541898259,4.630222554262346,0,0,3,4,3,11,147.7336999999998,,False,True,True,False,False,L00071,CC1CCC(CC1)Cn2c3c(cc(nc3c4cc(cnc4)Cl)C5=NOC(=O)N5)nc2N6CCO[C@H]7[C@H]6CCC7,None,None
511.02600000000024,5.6272000000000055,111.72,8,1,7,5,4,0.5,36,2,0,0.3426975256699307,1418.8212012185888,-3.04,24.64545379584341,10.141804313418891,4.6919616313899075,0,0,1,4,1,10,138.01069999999993,,False,True,True,False,False,L00072,CC1CCC(CC1)[C@@H](C)n2c3c(cc(nc3c4cc(cnc4)Cl)C5=NOC(=O)N5)nc2[C@H](C)COC,None,None
537.0640000000002,6.364900000000006,111.72,8,1,8,6,4,0.5357142857142857,38,2,0,0.27838882946142074,1498.019054462522,-3.04,25.24967706445184,10.261688784295156,4.775907255003121,0,0,2,4,2,10,144.81069999999985,,False,True,False,False,False,L00073,CCO[C@@H](c1nc2cc(nc(c2n1[C@H](C)C3CCC(CC3)C)c4cc(cnc4)Cl)C5=NOC(=O)N5)C6CC6,None,None
515.2450000000001,6.093900000000005,29.54,2,0,4,4,3,0.20833333333333334,29,3,0,0.4210199960144637,974.0272026717405,-1.9499999999999988,20.327958809637845,8.820168388592794,4.471296203560891,0,0,1,3,1,5,121.55500000000005,,False,True,False,False,False,L00074,CN1[C@@H]([C@@H](O[C@H](C1=O)Cc2ccccc2)c3ccc(cc3)Br)c4ccc(cc4)Br,None,None
426.3430000000001,5.875700000000005,29.54,2,0,4,4,3,0.20833333333333334,29,3,0,0.5219034509669267,974.0272026717405,-2.3299999999999987,19.96363681316865,8.580624201109789,4.324366374650243,0,0,1,3,1,5,116.17500000000004,,True,True,True,False,False,L00075,CN1[C@@H]([C@@H](O[C@H](C1=O)Cc2ccccc2)c3ccc(cc3)Cl)c4ccc(cc4)Cl,None,None
528.4070000000002,6.414300000000005,66.84,3,1,7,4,3,0.21428571428571427,36,4,0,0.35999052432575135,1246.0511244159254,-3.189999999999998,25.88957532233051,11.249154489361212,5.617982400754164,0,0,1,3,1,8,136.44679999999988,,False,True,False,False,False,L00076,C/C=C/[C@H](C(=O)O)N1[C@@H]([C@@H](O[C@H](C1=O)Cc2ccc(cc2)F)c3ccc(cc3)Cl)c4ccc(cc4)Cl,None,isolated_alkene
507.43700000000024,3.957700000000001,96.25,4,4,5,4,2,0.44,34,4,0,0.49294475620916994,1136.3841079133388,-2.189999999999999,24.919482502006833,9.113727650687999,4.086746148141844,1,0,2,2,1,9,132.7585,,True,True,True,False,True,L00077,CC(C)(C)C[C@H]1[C@]2(c3ccc(cc3NC2=O)Cl)[C@H]([C@@H](N1)C(=O)NCCN)c4cccc(c4F)Cl,None,None
452.33400000000006,4.248800000000003,87.07000000000001,4,2,7,3,2,0.36363636363636365,30,4,0,0.6562141470722779,900.6558350318188,-2.1199999999999988,22.562650279834195,9.791478057473826,4.781982463538939,0,0,1,2,1,8,113.52260000000003,,True,True,True,True,True,L00078,CC[C@@H](CO)N1[C@@H]([C@@H](O[C@H](C1=O)CC(=O)O)c2cccc(c2)Cl)c3ccc(cc3)Cl,None,None
554.4650000000001,4.452880000000005,105.38,5,4,8,3,2,0.48148148148148145,37,5,0,0.38611051143490066,1184.4619260576883,-2.279999999999999,29.27854585843052,11.627649724367917,6.076873512648506,0,0,1,2,1,10,138.35499999999996,,True,True,True,False,True,L00079,CC(C)(C)C[C@H]1[C@]([C@H]([C@@H](N1)C(=O)NCC[C@@H](CO)O)c2cccc(c2F)Cl)(C#N)c3ccc(cc3F)Cl,None,None
551.6470000000002,3.7169000000000008,117.00000000000001,6,3,7,5,4,0.21875,41,2,0,0.30164898179158955,1603.776079689722,-4.889999999999999,27.668385842572913,11.691556953148236,5.440689294288703,0,0,1,4,0,9,161.11529999999968,,True,True,True,False,True,L00080,C[C@@H](C(=O)N[C@H]1CN(c2ccccc2N(C1=O)Cc3c4ccccc4ccc3OC)C(=O)c5ccc(cc5)N)NC,None,aniline
547.6080000000004,3.1141000000000005,126.43000000000002,7,3,7,5,3,0.36666666666666664,40,2,0,0.4120568921867015,1450.4880369227858,-4.149999999999999,27.418145287614003,11.147868034050596,4.956199982429297,1,0,2,3,1,10,148.95569999999984,,True,True,True,False,True,L00081,C[C@@H](C(=O)N[C@@H]1C(=O)N(c2ccccc2OC13CCOCC3)Cc4c5ccc(cc5ccc4OC)C(=O)O)NC,None,None
505.50800000000015,2.872100000000001,154.05999999999997,5,5,13,2,2,0.375,35,3,0,0.2604993317972486,1018.2925176732444,-3.1999999999999993,28.040184414039267,13.62784598214286,10.727438860521369,0,0,0,2,0,11,130.54620000000003,,True,False,False,False,False,L00082,CC(C)C[C@@H](C(=O)O)NC(=O)[C@H](Cc1ccccc1)N[P@](=O)(CNC(=O)OCc2ccccc2)O,None,phosphor
446.5030000000003,3.2996000000000016,94.99000000000001,4,1,4,5,2,0.38461538461538464,33,3,0,0.727487004423958,1108.0071006221842,-3.48,21.370140407038004,8.462909497363603,3.612026003459176,0,0,3,2,1,7,119.49280000000009,,True,True,True,True,True,L00083,c1ccc2c(c1)CCN([C@@H]2CN3C(=O)c4ccccc4C3=O)C(=O)[C@@H]5CCCC[C@@H]5C(=O)O,None,phthalimide
470.5330000000003,2.8957000000000006,112.15,6,1,4,6,3,0.38461538461538464,35,3,0,0.5870412266483884,1254.7539615194337,-3.8800000000000003,21.63983973686825,8.720113404883294,3.6193427809483794,0,0,3,3,1,9,125.28570000000006,,True,True,True,True,True,L00084,c1ccc2c(c1)CCN([C@@H]2CN3C(=O)c4ccccc4C3=O)C(=O)[C@@H]5CCCC[C@@H]5c6[nH]nnn6,None,phthalimide
446.54700000000037,3.9678200000000032,77.92,3,1,4,5,2,0.4444444444444444,33,3,0,0.7710252697194495,1111.0502441480683,-3.15,21.68296278437542,8.653948412871065,3.8135847151241182,0,0,3,2,1,6,123.60330000000009,,True,True,True,True,True,L00085,Cc1cccc2c1CCN([C@@H]2CN3Cc4ccccc4C3=O)C(=O)[C@@H]5CCCC[C@@H]5C(=O)O,None,None
167.197,0.59769,83.38,4,3,0,2,2,0.0,11,0,0,0.5014913838271434,441.3146575841347,-1.43,6.291056810075463,2.0257943511578227,0.8742647691024565,0,0,0,2,0,6,43.48579999999999,,True,True,True,False,False,L00086,c1c2c([nH]n1)NC(=S)N=C2N,None,Thiocarbonyl_group
537.7050000000003,1.9730000000000023,103.01,6,3,7,6,1,0.7,39,7,0,0.4916777360544629,1090.8658780441253,-2.6499999999999995,26.56637041271828,11.081888259874106,5.272983481468245,0,0,5,1,4,9,146.97209999999984,,True,True,True,False,True,L00087,C[C@@H](C(=O)N[C@@H](C1CCCCC1)C(=O)N2C[C@H]3C[C@@H]4C[C@@H]4N3C[C@H]2C(=O)N[C@@H]5CCOc6c5cccc6)NC,None,None
525.6940000000003,1.9746000000000021,103.01,6,3,7,5,1,0.6896551724137931,38,5,0,0.5032003600801097,1012.4375399227956,-2.6499999999999995,26.93726058294813,12.03179925031237,5.685470450081431,0,0,4,1,3,9,144.5610999999999,,True,True,True,False,True,L00088,C[C@@H](C(=O)N[C@@H](C1CCCCC1)C(=O)N2C[C@H]3CCCN3C[C@H]2C(=O)N[C@@H]4CCOc5c4cccc5)NC,None,None
417.3360000000001,4.684500000000004,49.410000000000004,2,1,3,4,2,0.36363636363636365,28,2,0,0.7883412612983465,945.8840383365632,-2.0399999999999996,19.283982784408295,7.41485804366779,3.290089884933782,0,0,2,2,1,6,111.89370000000001,,True,True,True,True,True,L00089,CC(=O)N1CCC[C@@H](C1)[C@]2(c3ccc(cc3NC2=O)Cl)Cc4cccc(c4)Cl,None,None
583.4910000000002,5.620400000000004,113.32000000000001,4,4,5,5,3,0.3,40,4,0,0.3123872324841666,1522.3236900959282,-3.4599999999999986,28.08250864440074,10.178977814341323,4.73988133931116,1,0,2,3,1,10,154.2839999999998,,False,True,True,False,False,L00090,CC(C)(C)C[C@H]1[C@]2(c3ccc(cc3NC2=O)Cl)[C@H]([C@@H](N1)C(=O)Nc4ccc(cc4)C(=O)N)c5cccc(c5F)Cl,None,None
619.5460000000003,5.690500000000004,122.55,6,4,6,5,3,0.3448275862068966,41,4,0,0.2825499623085697,1572.573488246678,-3.1799999999999993,29.317101855987758,10.58088525275434,4.965253380543496,1,0,2,3,1,12,158.71299999999977,,False,True,True,False,False,L00091,CC(C)(C)C[C@H]1[C@]2(c3c(cc(s3)Cl)NC2=O)[C@H]([C@@H](N1)C(=O)Nc4ccc(cc4OC)C(=O)N)c5cccc(c5F)Cl,None,None
501.97100000000023,2.807500000000001,155.58,6,7,10,3,3,0.2916666666666667,35,2,0,0.1672066549350894,1197.7379280616108,-3.4399999999999995,26.169763027385176,11.805340487974645,6.369073724007562,0,0,0,3,0,11,129.899,,False,False,False,False,False,L00092,CC(C)C[C@@H](C(=O)NO)NC(c1c2ccc(cc2[nH]c1C(=O)NO)Cl)C(=O)NCc3ccccc3,indol_3yl_alk(461),hydroxamic_acid; Oxygen-nitrogen_single_bond
539.7210000000003,2.3647000000000027,103.01,6,3,8,5,1,0.7,39,5,0,0.46887810543829944,1024.359942325583,-2.6499999999999995,27.89948414508122,12.681658570289501,6.089888377272892,0,0,4,1,3,9,149.17809999999983,,True,True,True,False,True,L00093,CC[C@@H](C(=O)N[C@@H](C1CCCCC1)C(=O)N2C[C@H]3CCCN3C[C@H]2C(=O)N[C@@H]4CCOc5c4cccc5)NC,None,None
587.7650000000003,3.3316000000000017,103.01,6,3,8,6,2,0.5588235294117647,43,5,0,0.43809366818014495,1323.3675410013648,-3.5899999999999994,29.48040889024054,12.957258563578826,5.962765424914525,0,0,4,2,2,9,165.86309999999963,,True,True,True,False,True,L00094,CC[C@@H](C(=O)N[C@@H](C1CCCCC1)C(=O)N2C[C@@H]3Cc4ccccc4N3C[C@H]2C(=O)N[C@@H]5CCOc6c5cccc6)NC,None,None
432.5200000000003,3.6594000000000024,77.92,3,1,4,5,2,0.4230769230769231,32,3,0,0.7999133556347844,1065.2973357591788,-3.15,20.736023134537554,8.413653906795918,3.574256171531396,0,0,3,2,1,6,118.86630000000007,,True,True,True,True,True,L00095,c1ccc2c(c1)CCN([C@@H]2CN3Cc4ccccc4C3=O)C(=O)[C@@H]5CCCC[C@@H]5C(=O)O,None,None
414.49200000000025,-0.8961999999999946,114.30000000000003,10,2,25,0,0,1.0,28,0,0,0.18225983831941764,244.75087218611446,-0.39999999999999997,27.6,26.599999999999998,25.6,0,0,0,0,0,10,100.72360000000008,,True,False,True,False,True,L00096,C(COCCOCCOCCOCCOCCOCCOCCOCCO)O,None,Aliphatic_long_chain
568.5630000000002,6.523500000000007,91.75000000000001,4,1,8,3,2,0.5,37,4,0,0.3914220277764044,1256.078773363959,-2.089999999999999,29.465739021473293,10.951571035936324,6.320842859580434,0,0,1,2,1,9,147.82759999999976,,False,True,False,False,False,L00097,CC[C@@H](CS(=O)(=O)C(C)(C)C)N1[C@@H]([C@H](C[C@](C1=O)(C)CC(=O)O)c2cccc(c2)Cl)c3ccc(cc3)Cl,None,None
568.5190000000002,5.469800000000005,100.98,5,1,8,4,2,0.48148148148148145,37,4,0,0.45348270763671034,1270.5467051485484,-2.129999999999999,27.892775440754647,10.559091011340385,6.137106464347653,0,0,2,2,2,10,142.40959999999987,,False,True,True,False,False,L00098,CC(C)(C)S(=O)(=O)C[C@H](C1CC1)N2[C@@H]([C@H](O[C@@H](C2=O)CC(=O)O)c3cccc(c3)Cl)c4ccc(cc4)Cl,None,None
556.5080000000003,5.469800000000005,100.98,5,1,8,3,2,0.46153846153846156,36,4,0,0.46299317188879674,1209.6853672255875,-2.129999999999999,28.441457705624554,11.089038993669584,6.2211953100903905,0,0,1,2,1,10,139.97659999999988,,False,True,True,False,False,L00099,CC[C@@H](CS(=O)(=O)C(C)(C)C)N1[C@@H]([C@H](O[C@@H](C1=O)CC(=O)O)c2cccc(c2)Cl)c3ccc(cc3)Cl,None,None
695.706,7.514200000000007,104.64,6,1,10,5,3,0.48484848484848486,45,4,0,0.2355225345534261,1719.4971594039878,-2.53,33.822444028970374,12.582888970106545,7.239031350256459,0,0,2,3,2,12,175.12359999999956,,False,True,False,False,False,L00100,C[C@@]1(C[C@@H]([C@H](N(C1=O)[C@H](CS(=O)(=O)C(C)(C)C)C2CC2)c3ccc(c(c3)F)Cl)c4cccc(c4)Cl)Cc5ncc(s5)CC(=O)O,None,None
659.6320000000001,6.721100000000008,113.86999999999999,6,1,9,5,3,0.42424242424242425,44,4,0,0.2713758194402606,1652.7105081495238,-2.979999999999999,32.414463904783126,12.080649341719859,6.661116544738748,0,0,2,3,2,11,169.67409999999956,,False,True,False,False,False,L00101,C[C@@]1(C(=O)N([C@@H]([C@H](O1)c2cccc(c2)Cl)c3ccc(cc3)Cl)[C@H](CS(=O)(=O)C(C)(C)C)C4CC4)Cc5ccc(cn5)C(=O)O,None,None
657.6600000000001,7.384700000000008,104.64,5,1,9,5,3,0.4411764705882353,44,4,0,0.2575519766618851,1650.1019120157312,-2.939999999999999,32.45326979128682,12.103891348482858,6.6761773610226625,0,0,2,3,2,10,172.90809999999948,,False,True,False,False,False,L00102,C[C@@]1(C[C@@H]([C@H](N(C1=O)[C@H](CS(=O)(=O)C(C)(C)C)C2CC2)c3ccc(cc3)Cl)c4cccc(c4)Cl)Cc5ccc(cn5)C(=O)O,None,None
659.6320000000001,6.721100000000008,113.86999999999999,6,1,9,5,3,0.42424242424242425,44,4,0,0.2713758194402606,1652.7105081495238,-2.979999999999999,32.414463904783126,12.080649341719859,6.661116544738748,0,0,2,3,2,11,169.67409999999956,,False,True,False,False,False,L00103,C[C@]1(C(=O)N([C@@H]([C@H](O1)c2cccc(c2)Cl)c3ccc(cc3)Cl)[C@H](CS(=O)(=O)C(C)(C)C)C4CC4)Cc5ccc(cn5)C(=O)O,None,None
556.5080000000003,5.469800000000005,100.98,5,1,8,3,2,0.46153846153846156,36,4,0,0.46299317188879674,1209.6853672255875,-2.129999999999999,28.441457705624554,11.089038993669584,6.2211953100903905,0,0,1,2,1,10,139.97659999999988,,False,True,True,False,False,L00104,CC[C@@H](CS(=O)(=O)C(C)(C)C)N1[C@@H]([C@H](O[C@H](C1=O)CC(=O)O)c2cccc(c2)Cl)c3ccc(cc3)Cl,None,None
437.32600000000014,6.828140000000004,55.120000000000005,3,1,4,4,4,0.08333333333333333,30,0,0,0.3808708237950743,1278.1936311554196,-3.079999999999999,20.20327947610741,7.977220157493802,3.7188485601159127,0,0,0,4,0,6,120.88930000000003,,True,True,False,False,False,L00105,Cc1cccc(c1)c2nc(c(n2c3cc(ccc3C)Cl)c4cccc(c4)Cl)C(=O)O,None,None
551.5140000000001,7.955300000000007,70.5,3,1,8,5,3,0.3870967741935484,38,4,0,0.3084599788705887,1340.9610690335523,-2.889999999999999,26.70660212680231,10.702325666677954,5.319445067582068,0,0,2,3,2,7,149.45279999999974,,False,True,False,False,False,L00106,CC[C@@H](c1cccc(n1)C2CC2)N3[C@@H]([C@H](C[C@](C3=O)(C)CC(=O)O)c4cccc(c4)Cl)c5ccc(cc5)Cl,None,None
593.5730000000002,5.735800000000006,94.99000000000001,4,1,9,5,2,0.5172413793103449,39,4,0,0.40060352734831817,1341.70154110401,-2.129999999999999,28.40054116757922,11.034390536353088,5.991934982758999,0,0,3,2,3,10,151.31459999999976,,False,True,True,False,False,L00107,C[C@@]1(C[C@@H]([C@H](N(C1=O)[C@H](CS(=O)(=O)N2CCCC2)C3CC3)c4ccc(cc4)Cl)c5cccc(c5)Cl)CC(=O)O,None,None
464.61000000000007,2.4137000000000004,104.53,4,3,9,3,2,0.4444444444444444,34,3,0,0.5300514491760803,922.8551951356321,-3.1899999999999986,25.433327850421385,11.790382892789953,6.2287031155142385,0,0,1,2,1,7,132.8898,,True,True,True,True,True,L00108,C[C@@H](C(=O)N[C@@H](C(C)C)C(=O)N1CCC[C@H]1C(=O)NCC(c2ccccc2)c3ccccc3)N,None,None
556.4100000000002,3.0350800000000016,164.35999999999999,11,4,8,5,4,0.28,38,4,0,0.2535931056491403,1491.8410273522036,-3.4999999999999996,26.12084668578175,11.084462369801864,5.2331737595845675,0,0,1,4,1,13,140.26069999999999,,False,False,False,False,False,L00109,c1cc(ccc1COC[C@@H]2[C@H]([C@H]([C@@H](O2)n3c4c(c(ncn4)N)nc3NCc5ccc(c(c5)Cl)Cl)O)O)C#N,None,None
385.4640000000001,2.355800000000001,95.67,5,2,5,3,2,0.47619047619047616,28,2,0,0.8237257017703788,809.1762829049418,-2.6699999999999995,20.074287709312095,8.141700876644451,4.980335439131508,0,0,1,2,1,7,103.98250000000004,,True,True,True,True,True,L00110,CC(C)(C)CC(=O)N1C[C@@H](C[C@H]1C(=O)NCc2ccc(cc2)c3cnco3)O,None,None
585.7710000000004,2.7782199999999997,140.73,7,4,10,3,2,0.5666666666666667,41,4,0,0.3380777358710554,1236.6418149267465,-3.3100000000000005,32.20767410583952,13.567898582038852,8.590909631274018,0,0,1,2,1,11,158.70389999999978,,True,False,False,False,True,L00111,Cc1c(scn1)c2ccc(cc2)CNC(=O)[C@@H]3C[C@H](CN3C(=O)[C@H](C(C)(C)C)NC(=O)[C@H](CC(C)C)NC(=O)C)O,None,None
585.7710000000004,2.7782199999999997,140.73,7,4,8,3,2,0.5666666666666667,41,4,0,0.375630303500501,1261.2949275984545,-3.3100000000000005,32.20767410583952,12.688390400328664,8.130910832259511,0,0,1,2,1,11,158.70389999999978,,True,False,False,False,True,L00112,Cc1c(scn1)c2ccc(cc2)CNC(=O)[C@@H]3C[C@H](CN3C(=O)[C@H](C(C)(C)C)NC(=O)[C@H](C(C)(C)C)NC(=O)C)O,None,None
399.4910000000002,2.6642200000000016,95.67,5,2,5,3,2,0.5,29,2,0,0.8058915803286675,866.9276913013356,-2.6700000000000004,21.048836256020984,8.368023105889183,5.232655447314562,0,0,1,2,1,7,108.71950000000007,,True,True,True,True,True,L00113,Cc1c(ocn1)c2ccc(cc2)CNC(=O)[C@@H]3C[C@H](CN3C(=O)CC(C)(C)C)O,None,None
619.7880000000004,2.9748200000000007,140.73,7,4,10,4,3,0.42424242424242425,44,4,0,0.27517792259998225,1467.6795030832411,-4.09,32.81611465000669,14.129585745454499,8.294262730893314,0,0,1,3,1,11,169.3948999999996,,True,False,False,False,False,L00114,Cc1c(scn1)c2ccc(cc2)CNC(=O)[C@@H]3C[C@H](CN3C(=O)[C@H](C(C)(C)C)NC(=O)[C@H](Cc4ccccc4)NC(=O)C)O,None,None
472.5670000000003,0.6782199999999994,123.07000000000002,7,3,5,4,2,0.4782608695652174,33,4,0,0.5881567385516768,1039.727660078917,-2.8200000000000003,23.34194531009007,9.580545026271437,4.92187598480695,0,0,2,2,2,10,122.05730000000005,,True,True,True,True,True,L00115,Cc1c(scn1)c2ccc(cc2)CNC(=O)[C@@H]3C[C@H](CN3C(=O)[C@@H]4C[C@H](CN4C(=O)C)O)O,None,None
401.5320000000001,2.8243000000000014,82.53,5,2,5,3,2,0.47619047619047616,28,2,0,0.807110871595695,812.4213954027783,-2.249999999999999,20.483382030679326,8.407119199066582,5.1722222222222225,0,0,1,2,1,7,109.59350000000005,,True,True,True,True,True,L00116,CC(C)(C)CC(=O)N1C[C@@H](C[C@H]1C(=O)NCc2ccc(cc2)c3cncs3)O,None,None
415.55900000000025,3.1327200000000013,82.53,5,2,5,3,2,0.5,29,2,0,0.7859984061687902,870.1728037991721,-2.25,21.458657844990547,8.630886426592797,5.423551308081869,0,0,1,2,1,7,114.33050000000006,,True,True,True,True,True,L00117,Cc1c(scn1)c2ccc(cc2)CNC(=O)[C@@H]3C[C@H](CN3C(=O)CC(C)(C)C)O,None,None
415.55900000000025,3.1327200000000013,82.53,5,2,5,3,2,0.5,29,2,0,0.7859984061687902,873.9228037991721,-2.25,21.458657844990547,8.630886426592797,5.423551308081869,0,0,1,2,1,7,114.33050000000009,,True,True,True,True,True,L00118,Cc1cc(ccc1c2cncs2)CNC(=O)[C@@H]3C[C@H](CN3C(=O)CC(C)(C)C)O,None,None
157.173,-0.8472000000000002,71.17,5,2,4,1,1,0.6666666666666666,11,0,0,0.597043218331619,211.34724188799422,-0.9400000000000002,8.159403578528828,4.046724751037516,2.284372684431081,0,0,0,1,0,5,37.6476,,True,True,True,False,False,L00119,c1c(nnn1CCCO)CO,None,None
612.6860000000001,2.2181999999999995,179.39999999999998,8,2,12,4,4,0.14285714285714285,42,0,0,0.24436972497642998,1707.6022917760945,-4.819999999999999,30.14578834765705,11.963032634530595,5.940214394389498,0,0,0,4,0,14,157.38839999999973,,True,False,False,False,False,L00120,COc1ccc(cc1)S(=O)(=O)N(CC(=O)N)c2ccc(c3c2cccc3)N(CC(=O)N)S(=O)(=O)c4ccc(cc4)OC,None,None
577.0810000000002,5.241000000000005,92.70000000000002,6,1,7,5,3,0.3225806451612903,41,2,0,0.41512317164551576,1459.1172175849188,-4.239999999999999,28.294509674381068,12.098620882458883,5.95060909964373,0,0,2,3,1,10,157.04069999999965,,False,True,True,False,False,L00121,CC(C)Oc1cc(ccc1C2=N[C@H]([C@H](N2C(=O)N3CCNC(=O)C3)c4ccc(cc4)Cl)c5cccc(c5)OC)OC,None,None
643.9410000000003,6.134000000000006,83.47000000000001,5,1,6,5,3,0.3,41,2,0,0.3503046345312825,1500.3066868648843,-3.629999999999999,28.88275778247431,12.080952426254163,6.035680845652843,0,0,2,3,1,11,158.14669999999964,,False,True,False,False,False,L00122,CC(C)Oc1cc(ccc1C2=N[C@H]([C@H](N2C(=O)N3CCNC(=O)C3)c4ccc(cc4)Cl)c5cc(ccc5F)Br)OC,None,None
576.4840000000002,5.748880000000005,98.03,5,1,5,5,3,0.26666666666666666,40,2,0,0.41848288818536356,1516.4689371236548,-4.059999999999999,27.504753239022275,11.585807639523217,5.6212464659597385,0,0,2,3,1,10,153.66169999999968,,False,True,True,False,False,L00123,CC(C)Oc1cc(ccc1C2=N[C@H]([C@H](N2C(=O)N3CCNC(=O)C3)c4ccc(cc4)Cl)c5cccc(c5)Cl)C#N,None,None
581.5000000000002,5.885800000000006,83.47000000000001,5,1,6,5,3,0.3,40,2,0,0.3940146398500008,1443.876183059694,-3.749999999999999,27.803180818641255,11.778868236927842,5.735841420118343,0,0,2,3,1,10,155.49869999999964,,False,True,False,False,False,L00124,CC(C)Oc1cc(ccc1C2=N[C@H]([C@H](N2C(=O)N3CCNC(=O)C3)c4ccc(cc4)Cl)c5cccc(c5)Cl)OC,None,None
497.52000000000015,3.969140000000002,108.99000000000001,6,2,6,3,3,0.19047619047619047,33,0,0,0.3941329097799546,1369.653230149545,-3.1199999999999988,24.521009494512832,9.39550944093689,5.629974530365849,0,0,0,3,0,12,117.02320000000002,,True,True,True,False,True,L00125,Cc1ccc(c(c1)C)S(=O)(=O)C2=CN=C(NC2=O)SCC(=O)Nc3ccccc3C(F)(F)F,None,None
251.26599999999996,0.5701699999999996,122.85999999999999,5,3,7,1,1,0.36363636363636365,18,1,1,0.3720788203692161,440.10647659111146,-2.24,13.823451776649746,7.157302037404319,4.731534385813149,0,0,0,1,0,7,63.400900000000014,,True,True,True,False,True,L00126,c1cc(ccc1C[C@@H](C(=O)O)N)OCCN=[N+]=N,azo_A(324),Aliphatic_long_chain; diazo_group; quaternary_nitrogen_3
511.8360000000001,6.527700000000005,56.330000000000005,2,2,5,5,4,0.14814814814814814,34,1,0,0.3200731815446615,1424.7998051923803,-2.7599999999999985,23.003970361819263,8.788143942360406,4.011815738447869,0,0,1,4,0,7,138.26049999999987,,False,True,False,False,False,L00127,CN1C(=O)C(=C([C@]1(Cc2ccc(cc2)Cl)O)c3c[nH]c4c3ccc(c4)Cl)Cc5ccc(cc5)Cl,None,None
498.7930000000001,6.612500000000004,62.32,3,2,5,5,4,0.11538461538461539,33,1,0,0.3042589337625581,1390.8368687282248,-2.759999999999999,22.053067735173386,8.544770771723863,4.275075147519154,0,0,1,4,0,7,131.58249999999998,,True,True,False,False,False,L00128,c1cc(ccc1CC2=C([C@](OC2=O)(Cc3ccc(cc3)Cl)O)c4c[nH]c5c4ccc(c5)Cl)Cl,None,None
534.0160000000002,5.216620000000004,102.46000000000001,7,1,9,5,4,0.2857142857142857,38,1,0,0.31457322482069305,1426.1920732737447,-4.11,25.53583745602434,11.101622370264304,5.1469578777633656,0,0,1,4,0,10,142.95369999999983,,False,True,True,False,False,L00129,CCOc1cc2c(cc1OCC)[C@@H](N(C(=O)C2)c3ccc(cc3OCc4[nH]nnn4)C)c5ccc(cc5)Cl,None,None
659.2709999999997,6.583500000000008,65.56,6,0,9,6,3,0.47368421052631576,47,1,0,0.25879996377046866,1569.7420633571708,-3.749999999999999,33.16231979381997,14.161357340720222,7.237344783605712,0,0,3,3,2,9,187.9109999999994,,False,True,False,False,False,L00130,CC(C)Oc1cc2c(cc1OC)CC(=O)N([C@H]2c3ccc(cc3)Cl)c4ccc(cc4)N(C)CC5CCC(CC5)N6CCN(C(=O)C6)C,anil_di_alk_A(478),None
556.1060000000002,7.236000000000008,54.900000000000006,5,0,9,5,4,0.2727272727272727,40,2,0,0.21784520203623653,1459.2781882543245,-4.0299999999999985,27.533625809174243,12.008261181473381,5.774032833432957,0,0,1,4,0,7,160.6459999999996,,False,True,False,False,False,L00131,CC[C@@H](C)Oc1cc2c(cc1OC)CC(=O)N([C@H]2c3ccc(cc3)Cl)c4ccc(cc4)N(C)Cc5ccncc5,anil_di_alk_A(478),None
231.117,0.5439000000000002,34.43,2,1,1,2,1,0.625,12,0,1,0.751797872793766,252.56058090719827,-0.3500000000000001,8.25741458232436,3.5774680085490904,1.693243496766705,0,0,1,1,1,4,49.85740000000002,,True,True,True,False,True,L00132,c1c(cn(n1)C2CC[NH2+]CC2)Br,None,None
188.25099999999998,-1.7570999999999977,99.83,2,3,4,0,0,0.75,13,2,1,0.48676609136784493,201.56582005371183,-1.1,11.9,4.811985946578983,3.8889644610603127,0,0,0,0,0,5,48.31320000000001,,True,True,True,False,False,L00133,C[C@@H](C(=O)N[C@@H](C(C)C)C(=O)N)[NH3+],None,None
212.31699999999992,-1.122099999999996,40.160000000000004,2,1,2,2,0,0.9090909090909091,15,0,1,0.6296037281877956,207.87857360557666,-0.6100000000000001,10.892929887469862,5.467232858502,3.175174379231577,0,0,2,0,2,4,58.53040000000004,,True,True,True,False,True,L00134,C1CCN(CC1)C(=O)CN2CC[NH2+]CC2,None,None
181.21899999999997,-0.7672999999999992,95.65,3,3,2,1,1,0.25,13,1,1,0.5588149503668136,310.76726579544606,-1.62,9.46787346221441,3.860916056351365,2.7167995455907534,0,0,0,1,0,5,49.629200000000004,,True,True,True,False,False,L00135,C[C@@H](C(=O)Nc1cccc(n1)N)[NH3+],None,None
322.86,1.2317000000000002,40.160000000000004,2,1,2,3,1,0.5882352941176471,22,1,1,0.8894884763055958,587.2668242551971,-1.0999999999999996,15.782706279437843,5.836141739394585,3.003828850055307,0,0,2,1,1,5,89.52540000000005,,True,True,True,True,True,L00136,C[C@@H]1CN(CC[NH2+]1)CC(=O)N2CC(c3c2cc(cc3)Cl)(C)C,None,None
212.31699999999995,-1.1236999999999977,40.160000000000004,2,1,2,2,0,0.9090909090909091,15,1,1,0.6294982092450774,225.8729236615696,-0.6100000000000001,10.892929887469862,4.944116984616554,2.9201450513480127,0,0,2,0,2,4,58.50840000000004,,True,True,True,False,True,L00137,C[C@@H]1CN(CC[NH2+]1)CC(=O)N2CCCC2,None,None
260.361,-0.15679999999999694,40.160000000000004,2,1,2,3,1,0.5333333333333333,19,1,1,0.8027661320007017,474.2134204540449,-1.3899999999999997,12.63407450121843,5.309365522336585,2.6452736541534487,0,0,2,1,1,4,75.19340000000004,,True,True,True,False,True,L00138,C[C@@H]1CN(CC[NH2+]1)CC(=O)N2CCc3c2cccc3,None,None
295.794,-0.10839999999999783,53.050000000000004,3,1,2,3,1,0.5714285714285714,20,1,1,0.7749365991064632,521.8954093358506,-1.17,13.7966760315832,5.6756168371245295,2.7971204254179796,0,0,2,1,1,6,77.99840000000003,,True,True,True,True,True,L00139,C[C@@H]1CN(CC[NH2+]1)CC(=O)N2CCc3c2cc(nc3)Cl,None,2-halo_pyridine
367.90100000000007,0.6417000000000015,62.28000000000001,4,1,4,3,1,0.6666666666666666,25,2,1,0.7933218098073606,651.9632779069364,-1.21,18.577206477708444,7.191495722533687,3.8185359018005753,0,0,2,1,1,7,98.11740000000006,,True,True,True,True,True,L00140,C[C@@H]1CN([C@H](C[NH2+]1)COC)CC(=O)N2CC(c3c2cc(nc3)Cl)(C)C,None,2-halo_pyridine
423.58100000000013,1.5791000000000026,62.28000000000001,4,1,6,4,2,0.52,31,2,1,0.7664150855221384,914.9929402148704,-2.2799999999999994,21.93332784181894,9.066934227810094,4.813747650522985,0,0,2,2,1,6,122.35540000000005,,True,True,True,True,True,L00141,C[C@@H]1CN([C@H](C[NH2+]1)COC)CC(=O)N2CC(c3c2cc(nc3)Cc4ccccc4)(C)C,None,None
516.6390000000004,2.7295200000000004,111.63000000000001,6,3,7,4,2,0.5384615384615384,36,3,0,0.5241054264970727,1139.558099155066,-2.85,26.21977037815005,9.894584416027225,5.593490117431276,0,0,2,2,2,10,134.71720000000005,,True,True,True,False,True,L00142,Cc1c(scn1)c2ccc(cc2)CNC(=O)[C@@H]3C[C@H](CN3C(=O)[C@H](C(C)(C)C)NC(=O)C4(CC4)F)O,None,None
504.7000000000001,5.299800000000005,74.33,5,2,7,5,3,0.4827586206896552,36,3,0,0.45794409791748136,1213.4643601041696,-2.769999999999999,24.903757563545177,11.094081235168833,5.042735101389371,0,0,2,3,2,7,145.77139999999983,,False,True,True,False,False,L00143,C[C@@H](C(=O)N[C@@H](C1CCCCC1)C(=O)N2CCC[C@H]2c3nc(cs3)c4cccc5c4cccc5)NC,None,None
452.57600000000025,4.785180000000004,86.71000000000001,4,2,5,4,3,0.32,32,1,0,0.5815044861716689,1305.2615943221476,-3.0599999999999996,22.14529687591284,8.130635811431869,3.8141254803877094,0,0,1,3,1,7,128.10230000000007,,True,True,True,True,True,L00144,Cc1cc(c(c(c1C)S(=O)(=O)Nc2ccc(c3c2cccc3)N4CC[C@@H](C4)C(=O)O)C)C,None,None
334.423,3.6776800000000023,74.72999999999999,5,1,1,4,2,0.45,25,3,0,0.8630694544447519,905.7676394046043,-2.61,15.89096462882848,5.4512679506772335,2.1338856160670057,0,0,2,2,0,5,94.65080000000003,,True,True,True,True,True,L00145,C[C@H]1[C@@H]2CCc3c(n(nc3[C@]2(CC(=C1O)C#N)C)C)c4cccnc4,None,None
375.42800000000017,3.8167000000000026,75.43,4,1,5,4,3,0.22727272727272727,28,0,0,0.7356104819664018,1064.3938678973066,-3.4099999999999997,17.976742994458412,6.959572477894067,3.2880781239085426,0,0,1,3,1,6,105.95180000000008,,True,True,True,True,True,L00146,CN(C)C(=O)c1cccc(c1)c2cccc(c2)n3c(c(cn3)C(=O)O)C4CC4,None,None
538.6520000000002,5.431900000000005,106.14000000000001,7,1,8,6,4,0.3870967741935484,40,3,0,0.3205901556284657,1553.9031906699404,-4.27,25.978481538945918,10.713488393273465,4.9163489943831085,0,0,2,4,2,9,150.6447999999998,,False,True,True,False,False,L00147,CCC[C@@H]1CCCCN1C(=O)c2cccc(c2)c3cccc(c3)n4c(c(cn4)C(=O)O)[C@@H]5C[C@H]5c6cn(nn6)C,None,None
463.6220000000002,5.902900000000006,75.43,4,1,8,5,2,0.6071428571428571,34,3,0,0.5285440499368653,1041.267355882244,-2.6300000000000003,23.127781884770947,9.927355024783461,4.640782604997974,0,0,3,2,3,6,131.45730000000006,,True,True,False,False,False,L00148,CCCC[C@@H]1CCCN1C(=O)[C@H]2CCC[C@H](C2)c3cccc(c3)n4c(c(cn4)C(=O)O)C5CC5,None,None
391.34900000000005,4.438500000000002,77.24,5,1,5,3,3,0.21052631578947367,28,0,0,0.695890802528098,1012.8987191764119,-3.3599999999999994,19.40292508724941,7.336567518135037,3.975744512597192,0,0,0,3,0,9,94.52030000000008,,True,True,True,True,True,L00149,CC(C)Oc1cccc(c1)c2cccc(n2)n3c(c(cn3)C(=O)O)C(F)(F)F,None,None
475.56400000000025,6.048800000000007,75.43,4,1,7,5,3,0.39285714285714285,35,1,0,0.45144307951722135,1262.0834741287822,-3.48,23.27069495170846,9.642014955025292,4.470312452370066,0,0,2,3,2,7,131.47580000000002,,True,True,False,False,False,L00150,CCC[C@@H]1CCCCN1C(=O)c2cccc(c2F)c3cccc(c3)n4c(c(cn4)C(=O)O)C5CC5,None,None
404.34800000000007,3.353100000000002,88.32000000000001,5,1,4,3,3,0.15789473684210525,29,0,0,0.720555063753399,1090.2985710074795,-3.6899999999999995,20.05481511420539,7.378761196425235,3.955275894539746,0,0,0,3,0,10,96.77380000000007,,True,True,True,True,True,L00151,CN(C)C(=O)c1cccc(c1)c2cccc(n2)n3c(c(cn3)C(=O)O)C(F)(F)F,None,None
456.50600000000026,3.3389000000000015,106.14,7,1,6,5,4,0.24,34,2,0,0.4770180330720741,1403.1641510588122,-4.269999999999999,21.569172255144508,8.255633569506108,3.8507571051417715,0,0,1,4,1,9,125.07880000000007,,True,True,True,True,True,L00152,Cn1cc(nn1)[C@@H]2C[C@H]2c3c(cnn3c4cccc(c4)c5cccc(c5)C(=O)N(C)C)C(=O)O,None,None
258.23299999999995,0.08779999999999993,83.55000000000001,4,1,1,3,1,0.23076923076923078,19,1,0,0.7233587999857974,587.8241612955018,-2.5,11.58254200146092,4.012157586949831,1.6402235447815359,0,0,2,1,1,6,63.113700000000016,,True,True,True,False,True,L00153,c1ccc2c(c1)C(=O)N(C2=O)[C@@H]3CCC(=O)NC3=O,None,phthalimide
361.25100000000003,-0.8252000000000002,175.07,10,4,5,3,2,0.5454545454545454,24,3,0,0.4891955873215057,792.4056728623909,-1.82,17.01769988116422,6.23949597222821,3.335051114300557,0,0,1,2,1,13,78.8173,,True,False,False,False,False,L00154,COc1c2c(nc(n1)N)n(cn2)[C@H]3C[C@@H]([C@H](O3)COP(=O)(O)O)O,None,phosphor
486.3990000000002,4.177700000000002,72.88000000000001,4,2,5,6,2,0.44,33,4,0,0.6638777112304416,1153.467106517431,-2.1199999999999997,21.41576581917428,7.702927237444141,3.2237057228211965,1,0,4,2,3,8,126.78450000000004,,True,True,True,False,True,L00155,c1cc(cc(c1)Cl)[C@H]2[C@H]3[C@H](CCN3CC(=O)O)N([C@]24c5ccc(cc5NC4=O)Cl)CC6CC6,None,None
418.36800000000005,4.6136000000000035,58.36,3,2,2,4,2,0.4090909090909091,28,3,0,0.7488536466342366,939.6193758300727,-1.5899999999999994,19.71458694573698,6.735972620733092,3.033218152120266,1,0,2,2,1,6,114.95610000000002,,True,True,True,True,True,L00156,CC(C)(C)CN1C[C@H]([C@@H]([C@@]12c3ccc(cc3NC2=O)Cl)c4cccc(c4)Cl)N,None,None
514.4280000000001,5.694000000000004,67.59,4,2,5,5,3,0.2962962962962963,35,4,0,0.4590479189869524,1303.1680427097851,-2.639999999999999,24.072038640607733,9.099920948218415,3.7100464211775432,1,0,2,3,1,8,136.50209999999998,,False,True,True,False,False,L00157,CCOc1cccc(c1)CN2[C@H]([C@H]([C@@H]([C@@]23c4ccc(cc4NC3=O)Cl)c5cccc(c5F)Cl)N)C,None,None
566.46,5.959300000000004,81.66999999999999,4,3,5,7,3,0.3333333333333333,39,5,0,0.35536383628015983,1511.7873140779284,-2.9699999999999993,25.02797755010994,9.028707773649574,3.7441787897042915,1,0,4,3,3,9,146.81169999999986,,False,True,False,False,False,L00158,c1cc(c(c(c1)Cl)F)[C@H]2[C@H]3[C@H](C[C@@H](N3)c4ccc(cc4)C(=O)O)N([C@]25c6ccc(cc6NC5=O)Cl)CC7CC7,None,None
523.6590000000004,2.5311999999999997,135.42,7,3,7,4,2,0.5185185185185185,37,3,0,0.5104074735616116,1222.656578045628,-3.2900000000000005,26.764003115557223,10.227128991663962,5.677894969342083,0,0,2,2,2,10,138.92419999999998,,True,True,False,False,True,L00159,Cc1c(scn1)c2ccc(cc2)CNC(=O)[C@@H]3C[C@H](CN3C(=O)[C@H](C(C)(C)C)NC(=O)C4(CC4)C#N)O,None,None
593.5550000000003,7.3097200000000075,59.830000000000005,6,0,9,5,4,0.3125,41,1,0,0.20378258844423874,1598.056654979997,-3.5199999999999987,28.98890066572498,11.763593541226408,5.416732552397812,0,0,1,4,0,9,164.54749999999956,,False,True,False,False,False,L00160,Cc1cc(ccc1[C@H]2c3c(nn(c3C(C)C)c4ccccc4OC)C(=O)N2c5cc(ccc5OCCN(C)C)Cl)Cl,None,None
165.14799999999997,1.39784,56.24,4,0,0,2,2,0.25,12,0,0,0.5915759923682494,480.4988967851898,-1.5799999999999998,7.089854404814118,2.2007909142796125,0.9222500459558456,0,0,0,2,0,4,42.01900000000001,,True,True,True,False,False,L00161,Cc1nc2c(o1)C=C(OC2=O)C,None,None
476.6450000000002,1.5551000000000041,73.36000000000001,4,1,6,5,2,0.5357142857142857,35,2,1,0.6868417682314407,1086.0101543813357,-2.769999999999999,23.94790936992925,9.70440850362147,5.114396394070054,0,0,3,2,2,7,136.29339999999993,,True,True,True,True,True,L00162,C[C@@H]1CN([C@H](C[NH2+]1)CN2CCCC2=O)CC(=O)N3CC(c4c3cc(cn4)Cc5ccccc5)(C)C,None,None
562.5130000000003,5.302500000000005,90.46000000000001,4,4,4,5,2,0.5172413793103449,38,4,0,0.4072469897071614,1258.114823531074,-2.189999999999999,27.37965758162627,10.08641372284949,4.720300826157916,1,0,3,2,2,9,147.09989999999988,,False,True,True,False,False,L00163,CC(C)(C)C[C@H]1[C@]2(c3ccc(cc3NC2=O)Cl)[C@H]([C@@H](N1)C(=O)NC4CCC(CC4)O)c5cccc(c5F)Cl,None,None
473.6450000000002,2.1378200000000014,70.87,5,1,6,5,3,0.4642857142857143,35,2,1,0.5955894798336925,1187.1680028697886,-3.029999999999999,23.699772184508934,9.550142571949523,5.160462010861033,0,0,2,3,1,7,137.4433999999999,,True,True,True,True,True,L00164,Cc1cnn(c1)C[C@H]2C[NH2+][C@@H](CN2CC(=O)N3CC(c4c3cc(nc4)Cc5ccccc5)(C)C)C,None,None
423.58100000000013,1.5791000000000026,62.28000000000001,4,1,6,4,2,0.52,31,2,1,0.7664150855221384,914.9929402148704,-2.2799999999999994,21.93332784181894,9.066934227810094,4.813747650522985,0,0,2,2,1,6,122.35540000000005,,True,True,True,True,True,L00165,C[C@@H]1CN([C@H](C[NH2+]1)COC)CC(=O)N2CC(c3c2cc(cn3)Cc4ccccc4)(C)C,None,None
492.6440000000002,0.7915000000000048,82.59,5,1,5,5,2,0.5357142857142857,36,2,1,0.6676127270380712,1099.6189225275264,-2.809999999999999,24.865480105829235,10.280895340844475,5.1647684844912005,0,0,3,2,2,8,137.8783999999999,,True,True,True,False,True,L00166,C[C@@H]1CN([C@H](C[NH2+]1)C(=O)N2CCOCC2)CC(=O)N3CC(c4c3cc(cn4)Cc5ccccc5)(C)C,None,None
230.22699999999998,0.40899999999999964,76.88,5,1,1,3,2,0.2727272727272727,17,1,0,0.7196331289200861,571.2921675578448,-2.2399999999999998,9.948903002375241,3.6544203611536656,1.6696606095999642,0,0,1,2,1,6,58.94870000000002,,True,True,True,False,True,L00167,c1ccc2c(c1)nn(n2)[C@H]3CCC(=O)NC3=O,None,phthalimide
679.7110000000004,4.605700000000004,181.04999999999995,9,5,5,9,5,0.2571428571428571,49,2,0,0.1773335244154218,2401.0638420624828,-5.63,29.504429309680948,9.949905200534863,3.8244706157670545,1,0,4,5,2,14,180.2846999999998,,True,False,False,False,False,L00168,COc1cc2c(cc1O)cc([nH]2)C(=O)N3C[C@H]4C[C@@]45C3=CC(=O)c6c5cc([nH]6)C(=O)N7CCc8c7c(c(c9c8cc([nH]9)C(=O)SC)OC)O,None,thioester
286.291,0.26482,107.08,6,2,1,3,2,0.2857142857142857,21,1,0,0.57752832562585,824.8143063852585,-2.7,13.290802979931568,4.691725954128346,2.0635809609220943,0,0,1,2,1,7,76.57310000000001,,True,True,True,True,True,L00169,CC1=Nc2cccc(c2C(=O)N1[C@H]3CCC(=O)NC3=O)N,None,aniline; phthalimide
561.6610000000002,-0.3347999999999951,154.22,8,3,6,3,1,0.5384615384615384,39,3,0,0.39903541118730107,1111.9223081833354,-3.61,29.938772074290345,13.969093268106334,7.94443761644093,0,0,2,1,1,13,143.47759999999988,,True,False,False,False,False,L00170,CNC(=O)CCC(=O)N1CCC[C@H]1C(=O)N[C@@H]2COC(=O)c3ccccc3CSC[C@@H](NC2=O)C(=O)N(C)C,None,None
608.6770000000002,1.3621000000000016,164.03999999999996,10,2,4,5,3,0.41379310344827586,43,3,0,0.4135091004894419,1573.6450880348652,-4.46,30.01271441641032,12.814911181883568,6.331335586435219,0,0,2,3,1,14,156.6488999999997,,True,False,False,False,False,L00171,CC(=O)N1CCC[C@H]1C(=O)N[C@@H]2COC(=O)c3cccc(c3CSC[C@@H](NC2=O)C(=O)N(C)C)c4cccc5c4non5,None,None
506.5810000000003,-0.8255999999999961,142.19,7,2,3,3,1,0.5217391304347826,35,4,0,0.5099675168998034,1044.451073967875,-3.2800000000000002,26.32694520079533,11.431527417149974,6.441366097459392,0,0,2,1,1,12,126.40230000000007,,True,False,False,False,True,L00172,CC(=O)N1CCC[C@H]1C(=O)N[C@@H]2COC(=O)c3ccccc3C[S@](=O)C[C@@H](NC2=O)C(=O)N(C)C,None,None
534.7010000000002,3.3675000000000015,99.77000000000001,5,3,8,4,2,0.5161290322580645,39,5,0,0.4823978893644268,1162.6789275166095,-3.389999999999999,28.61380209160318,12.199788859903265,6.792498660451978,0,0,2,2,1,8,151.14709999999977,,True,True,True,False,True,L00173,C[C@@H](C(=O)N[C@H](C(=O)N1C[C@H](C[C@H]1C(=O)N[C@@H]2CCCc3c2cccc3)Oc4ccccc4)C(C)(C)C)NC,None,None
442.6040000000002,2.3100000000000014,90.54,4,3,6,3,1,0.64,32,4,0,0.6306376215533023,847.8339275988923,-2.4099999999999993,24.23672995980372,10.026102388981325,5.313570781576478,0,0,2,1,1,7,124.90610000000007,,True,True,True,True,True,L00174,C[C@@H](C(=O)N[C@H](C(=O)N1CCC[C@H]1C(=O)N[C@@H]2CCCc3c2cccc3)C(C)(C)C)NC,None,None
430.5300000000002,1.2211199999999993,111.63000000000001,6,3,6,3,2,0.42857142857142855,30,3,0,0.6381157112726588,927.3425110543756,-2.7800000000000002,21.91760381837424,9.35591772226462,5.032390494564203,0,0,1,2,1,9,113.53720000000006,,True,True,True,True,True,L00175,Cc1c(scn1)c2ccc(cc2)CNC(=O)[C@@H]3C[C@H](CN3C(=O)[C@H](C)NC(=O)C)O,None,None
514.6480000000004,1.873819999999999,120.86000000000001,7,3,7,4,2,0.5384615384615384,36,3,0,0.518895847637439,1106.2829772886635,-2.8200000000000003,26.24891376909445,10.657620705955198,5.766175466562754,0,0,2,2,2,10,135.95320000000004,,True,True,True,False,True,L00176,Cc1c(scn1)c2ccc(cc2)CNC(=O)[C@@H]3C[C@H](CN3C(=O)[C@H](C(C)(C)C)NC(=O)C4COC4)O,None,None
512.6760000000004,3.0275200000000004,111.63000000000001,6,3,7,4,2,0.5555555555555556,36,3,0,0.5281054592525114,1103.722087876355,-2.7800000000000002,26.2877737527064,10.682485378298802,5.7822939857570965,0,0,2,2,2,9,138.9852,,True,True,True,False,True,L00177,Cc1c(scn1)c2ccc(cc2)CNC(=O)[C@@H]3C[C@H](CN3C(=O)[C@H](C(C)(C)C)NC(=O)C4CCC4)O,None,None
555.7010000000004,1.8961199999999994,140.73,7,4,8,4,2,0.5357142857142857,39,3,0,0.39222490954080236,1247.7802005612975,-3.3100000000000005,28.691792952858208,11.05104033457501,6.470787390612433,0,0,2,2,2,11,147.4258999999999,,True,False,False,False,True,L00178,Cc1c(scn1)c2ccc(cc2)CNC(=O)[C@@H]3C[C@H](CN3C(=O)[C@H](C(C)(C)C)NC(=O)C4(CC4)NC(=O)C)O,None,None
540.6860000000005,2.59662,128.7,7,3,8,4,2,0.5357142857142857,38,3,0,0.4417337638009075,1228.6138487733408,-3.1100000000000003,27.91225323252061,10.571003269837094,5.657612390924664,0,0,2,2,2,10,143.99219999999994,,True,True,True,False,True,L00179,Cc1c(scn1)c2ccc(cc2)CNC(=O)[C@@H]3C[C@H](CN3C(=O)[C@H](C(C)(C)C)NC(=O)C4(CC4)C(=O)C)O,None,beta-keto/anhydride
488.6100000000003,1.2197199999999992,131.86,7,4,7,3,2,0.5,34,3,0,0.46343408171426237,1030.729440710276,-2.8200000000000003,25.796561317685224,10.624604238258971,5.9932974117930895,0,0,1,2,1,10,128.73000000000008,,True,True,False,False,True,L00180,Cc1c(scn1)c2ccc(cc2)CNC(=O)[C@@H]3C[C@H](CN3C(=O)[C@H](C(C)(C)C)NC(=O)CO)O,None,None
498.64900000000034,2.63742,111.63000000000001,6,3,7,4,2,0.5384615384615384,35,3,0,0.5434779588726629,1087.516551679641,-2.7800000000000002,25.3170226572907,10.066351202054083,5.8992432686712775,0,0,2,2,2,9,134.36820000000003,,True,True,True,False,True,L00181,Cc1c(scn1)c2ccc(cc2)CNC(=O)[C@@H]3C[C@H](CN3C(=O)[C@H](C(C)(C)C)NC(=O)C4CC4)O,None,None
219.23999999999995,1.2153999999999998,55.4,3,1,2,2,1,0.3333333333333333,16,1,0,0.760642829390794,410.77697890859474,-1.84,10.670299983987857,4.346019918453693,2.0530637405350065,0,0,1,1,1,4,58.118700000000025,,True,True,True,False,True,L00182,COc1ccc(cc1)[C@H]2CCC(=O)NC2=O,None,phthalimide
610.6890000000004,1.5241000000000027,162.42,8,3,5,4,2,0.4,43,3,0,0.42634280225495663,1444.9893854426643,-4.39,31.54358402178224,13.721899151237567,7.33955008532585,0,0,2,2,1,13,158.24619999999973,,True,False,False,False,False,L00183,CC(=O)N1CCC[C@H]1C(=O)N[C@@H]2COC(=O)c3cccc(c3CSC[C@@H](NC2=O)C(=O)N(C)C)c4cccc(c4)C(=O)O,None,None
506.65100000000035,2.9921000000000015,116.32,6,3,8,4,2,0.5357142857142857,37,4,0,0.5069317380541583,1088.3348887866432,-3.33,26.72511393750629,12.273497490007546,6.153277535486868,0,0,2,2,2,9,142.40709999999993,,True,True,True,False,True,L00184,C[C@H]1CCN([C@@H]1C(=O)Nc2ccccc2c3ncccn3)C(=O)[C@H](C4CCCCC4)NC(=O)[C@H](C)NC,None,None
610.6890000000004,1.5241000000000027,162.42,8,3,5,4,2,0.4,43,3,0,0.42634280225495663,1427.7393854426641,-4.39,31.54358402178224,13.721899151237567,7.33955008532585,0,0,2,2,1,13,158.24619999999973,,True,False,False,False,False,L00185,CC(=O)N1CCC[C@H]1C(=O)N[C@@H]2COC(=O)c3cccc(c3CSC[C@@H](NC2=O)C(=O)N(C)C)c4ccc(cc4)C(=O)O,None,None
555.4220000000001,4.693500000000004,104.36999999999998,9,0,6,5,4,0.2692307692307692,38,1,0,0.340005280531259,1613.4603134845254,-3.889999999999999,25.74673620554953,9.77052438985194,4.095475198895921,0,0,1,4,0,12,143.5394999999998,,True,True,True,False,True,L00186,CC(C)n1c2c(nc1c3cnc(nc3OC)OC)C(=O)N([C@H]2c4ccc(cc4)Cl)C5=CC(=CN(C5=O)C)Cl,None,None
232.283,1.3531999999999997,72.19,3,2,2,2,1,0.38461538461538464,17,1,0,0.5969362176118972,452.99219610032964,-1.8399999999999996,11.639732379178513,4.201275601947283,1.9041508873888484,0,0,1,1,1,4,65.20710000000003,,True,True,True,False,True,L00187,CC[C@@]1(CCC(=O)NC1=O)c2ccc(cc2)N,None,aniline; phthalimide
540.7040000000002,1.2848000000000053,85.75000000000001,6,2,7,5,2,0.6,39,3,1,0.5507237647221912,1173.9328797915834,-2.4299999999999993,28.11141297698334,11.586905819239812,6.175040643069858,0,0,3,2,2,9,148.21419999999983,,True,True,True,False,True,L00188,C[C@@H]1CN([C@H](C[NH2+]1)CN2CCOC[C@H]2C)CC(=O)N3CC(c4c3cc(c(n4)CO)Cc5ccc(cc5)F)(C)C,None,None
266.257,-1.3750000000000007,126.65,8,4,2,3,2,0.45454545454545453,19,4,0,0.5275658981283201,601.3927524598979,-1.7400000000000002,12.30181830533477,4.422633639339757,1.7667966294822195,0,0,1,2,1,8,64.94980000000002,,True,True,True,False,True,L00189,c1cnc(c2c1n(cn2)[C@H]3[C@@H]([C@@H]([C@H](O3)CO)O)O)N,None,None
395.20500000000004,0.31239999999999984,192.14,10,4,6,3,2,0.5,25,3,0,0.49003493911117396,868.1078836165038,-1.4300000000000002,18.363744624898807,6.706558987125242,4.403395219555609,0,0,1,2,1,15,81.78580000000001,,True,False,False,True,False,L00190,c1nc(c2c(n1)n(cn2)[C@H]3CC[C@H](O3)CO[P@@](=O)(O)OP(=O)(O)O)N,None,phosphor
279.29999999999995,-1.5616,131.52,7,5,3,3,2,0.5,20,3,0,0.4587744613951606,616.1586434719289,-1.7400000000000002,13.25267274688672,4.983609746593633,2.023282747352876,0,0,1,2,1,8,71.5985,,True,True,False,False,True,L00191,c1c(c2c([nH]1)c(ncn2)N)CN3C[C@@H]([C@@H]([C@H]3CO)O)O,None,None
190.15399999999997,1.4911999999999999,67.51,3,1,1,2,2,0.0,14,0,0,0.7392030946871293,553.2957081415926,-2.1,8.496118021753501,2.990702947845806,1.2647844389606624,0,0,0,2,0,4,49.44330000000001,,True,True,True,False,False,L00192,c1ccc2c(c1)C(=O)C=C(O2)C(=O)O,None,None
587.1610000000003,-1.5120000000000007,325.65999999999997,16,8,10,3,2,0.5,35,7,0,0.14637202271642197,1280.6553848798471,-1.2100000000000004,28.362703722258015,9.922408062187678,7.181927582317598,0,0,1,2,1,25,106.38600000000001,,False,False,False,False,False,L00193,c1nc(c2c(n1)n(cn2)[C@H]3[C@@H]([C@@H]([C@H](O3)CO[P@](=O)(O)O[P@@](=O)(O)O[P@@](=O)(O)OP(=O)(O)O)O)O)N,None,phosphor
650.3900000000001,7.192600000000006,83.47000000000001,5,1,6,5,3,0.3,42,2,0,0.3063385197203819,1564.2537546996625,-3.169999999999999,30.293114357982017,12.594765624576226,6.1292815281619895,0,0,2,3,1,12,165.51869999999963,,False,True,False,False,False,L00194,CC(C)Oc1cc(ccc1C2=N[C@H]([C@H](N2C(=O)N3CCNC(=O)C3)c4ccc(c(c4)Cl)Cl)c5ccc(c(c5)Cl)Cl)OC,None,None
233.31099999999992,2.5143000000000004,38.33,2,1,4,2,1,0.5,17,0,0,0.8674214217522853,344.4996593238468,-1.5099999999999998,11.960432307137278,6.280704603967081,4.096634599544275,0,0,1,1,1,3,66.95270000000004,,True,True,True,False,True,L00195,c1ccc(cc1)OCC(=O)NC2CCCCC2,None,None
357.43300000000016,2.5332,53.519999999999996,6,1,4,4,2,0.47368421052631576,26,1,0,0.9075687320126751,737.3743487237231,-2.41,17.02643512895739,7.8649632309032045,4.041419438141359,0,0,2,2,2,7,100.32170000000005,,True,True,True,True,True,L00196,c1cc(cc(c1)F)N2CCC[C@H](C2)Nc3cc(ncn3)N4CCOCC4,None,None
209.63599999999997,1.4129999999999996,50.94,4,1,2,2,2,0.1111111111111111,14,0,0,0.8139255305370369,423.8770399314913,-1.3899999999999997,9.17620855672424,3.7737249333804175,1.757802934204901,0,0,0,2,0,5,52.291800000000016,,True,True,True,False,True,L00197,c1cc(ccc1n2cc(nn2)CO)Cl,None,None
495.8850000000001,4.551200000000002,102.5,3,3,7,3,3,0.2608695652173913,34,1,0,0.33030953602901036,1263.4314767786482,-3.5299999999999994,25.09967792211882,9.377529967267463,5.168796638200314,0,0,0,3,0,11,118.82770000000006,,True,True,True,False,True,L00198,CC(C)(C)NC(=O)[C@@H](c1c2ccc(cc2[nH]c1C(=O)O)Cl)N(Cc3cc(c(c(c3)F)F)F)C=O,indol_3yl_alk(461),aldehyde; halogenated_ring_2
486.6160000000001,3.565800000000002,90.87,4,2,8,4,2,0.3793103448275862,36,4,0,0.4415471706814302,1062.517064759236,-3.739999999999999,25.355822009678363,11.796088061903255,5.560130685580346,0,0,2,2,1,7,140.45839999999987,,True,True,True,False,True,L00199,CC[C@@H](C(=O)N[C@H]1C=CCC[C@H]2CC[C@H](N2C1=O)C(=O)NC(c3ccccc3)c4ccccc4)N=C,None,imine_1; isolated_alkene
241.28999999999996,2.308,63.31999999999999,2,2,4,2,2,0.13333333333333333,18,1,0,0.8629536270467794,519.9496820510872,-2.1299999999999994,12.330159615231226,5.469297678615028,2.9577374307825472,0,0,0,2,0,3,71.19320000000003,,True,True,True,False,True,L00200,c1ccc(cc1)c2ccc(cc2)C[C@@H](C(=O)O)N,None,None
574.5120000000002,6.115500000000005,75.18,5,2,8,6,5,0.22580645161290322,40,0,0,0.2344638046636348,1623.3220395177034,-3.619999999999999,26.59483983805683,11.860122827542858,5.644623269813368,0,0,1,5,1,9,160.11189999999968,,False,True,False,False,False,L00201,c1ccc(cc1)c2c(n(cn2)Cc3ccc(cc3)Cl)c4c5ccc(cc5[nH]c4C(=O)NCCN6CCOCC6)Cl,None,None
609.8150000000002,4.324500000000002,102.57000000000001,5,4,13,5,3,0.43243243243243246,45,5,0,0.2163389688244881,1343.4408230288445,-4.009999999999998,32.38536083220391,15.820295885501675,7.990138966952238,0,0,2,3,2,8,177.08479999999946,,True,False,True,False,False,L00202,CC[C@@H](C(=O)N[C@H]1[C@H](CC[C@H]2CC[C@H](N2C1=O)C(=O)NC(c3ccccc3)c4ccccc4)CCNCc5ccccc5)NC,None,Aliphatic_long_chain
212.24799999999996,2.9807000000000006,37.3,1,1,3,2,2,0.07142857142857142,16,0,0,0.8487600767385666,471.84834508395556,-2.0899999999999994,10.42855960264156,4.619630554976046,2.4797169488047768,0,0,0,2,0,2,63.217800000000025,,True,True,True,False,True,L00203,c1ccc(cc1)c2ccc(cc2)CC(=O)O,None,None
193.20199999999994,0.8911,66.4,2,2,4,1,1,0.2,14,0,0,0.7458520950484065,321.3988126104432,-1.8399999999999999,10.242236842105264,5.012486407084328,3.2643892755612196,0,0,0,1,0,4,51.02800000000002,,True,True,True,False,False,L00204,c1ccc(cc1)C(=O)NCCC(=O)O,None,None
469.58600000000024,0.46730000000000455,119.64000000000001,5,4,9,3,1,0.52,34,5,0,0.39210443803249284,919.1409010280663,-3.1999999999999997,25.42351279000595,11.783390858297897,6.0210872576177294,0,0,2,1,1,9,128.32780000000002,,True,True,True,True,True,L00205,CCC(=O)NC[C@H]1CC[C@H]2C=C[C@H](N2C(=O)[C@H]1NC(=O)[C@H](C)NC)C(=O)NCc3ccccc3,None,isolated_alkene
486.6570000000002,1.8450000000000015,110.77000000000001,5,4,8,3,1,0.6666666666666666,35,5,0,0.44824478914995036,891.43748365667,-2.4499999999999993,27.142735627176787,11.523369102092607,6.220398591976228,0,0,2,1,2,8,135.52390000000003,,True,True,True,False,True,L00206,CC[C@@H](C(=O)N[C@H]1[C@H](CC[C@H]2CC[C@H](N2C1=O)C(=O)NCc3ccc(cc3)C(C)(C)C)CO)NC,None,None
323.198,-2.446,177.35999999999999,9,5,4,2,1,0.5555555555555556,21,4,0,0.3735901348140529,615.2554815393293,-1.3300000000000003,16.04767212507744,5.811942248812523,3.656152290485415,0,0,1,1,1,12,66.82910000000001,,True,False,False,False,False,L00207,C1=CN(C(=O)N=C1N)[C@H]2[C@@H]([C@@H]([C@H](O2)COP(=O)(O)O)O)O,None,phosphor
179.19699999999997,-0.7838999999999996,100.61999999999999,4,3,5,0,0,0.6,11,1,0,0.5113260743866854,160.56140738249667,-0.75,10.25,4.974444444444444,5.6824324324324325,0,0,0,0,0,6,40.571999999999996,,True,True,True,False,False,L00208,C([C@@H](C(=O)O)N)SCC(=O)O,None,None
439.47200000000015,1.5922999999999998,154.54999999999998,6,4,7,4,3,0.36363636363636365,32,3,0,0.4356683450495953,1150.503629035303,-3.6599999999999997,21.567454083483984,8.833198551771268,4.215730828127809,0,0,1,3,1,10,114.73310000000004,,True,False,False,True,False,L00209,C[C@@H](c1nc(co1)C(=O)N2CCC[C@H]2C(=O)N[C@@H](Cc3c[nH]c4c3cccc4)C(=O)O)N,None,None
319.317,-0.23350000000000015,136.45,6,4,5,2,1,0.26666666666666666,23,2,0,0.553212262378655,678.8576934818622,-2.7100000000000004,16.65693839198825,6.590957516469045,3.735580989258239,0,0,1,1,0,8,82.52380000000001,,True,True,False,True,True,L00210,C[C@H]([C@@H](C1=N/C(=C\c2ccc(cc2)O)/C(=O)N1CC(=O)O)N)O,None,Michael_acceptor_1
201.225,-1.0656999999999996,117.68999999999998,5,3,4,0,0,0.6666666666666666,11,1,0,0.391383140902224,234.11208517174683,-0.3100000000000001,10.69,3.90441914542027,6.1027966976264185,0,0,0,0,0,8,39.617799999999995,,True,True,True,False,True,L00211,C([C@@H](C(=O)O)N)SS(=O)(=O)O,None,disulphide; Sulfonic_acid_2
445.52000000000027,1.5377000000000012,160.43,7,4,13,2,2,0.5,32,2,0,0.3376641025546735,909.6902852014003,-3.27,24.994562925280317,11.94315220163516,7.45222070384609,0,0,0,2,0,10,117.02920000000007,,True,False,False,True,False,L00212,CC(C)[C@H](Cc1cn(nn1)Cc2ccc(cc2)C(=O)O)C(=O)N[C@@H](CCCCN)C(=O)O,None,Aliphatic_long_chain
331.225,-0.8338000000000003,165.84,9,4,4,3,2,0.5,22,3,0,0.518964726677587,731.6654509961365,-1.62,15.282399930999288,5.539021388099536,2.9502984826852066,0,0,1,2,1,12,72.2653,,True,False,False,False,False,L00213,c1nc(c2c(n1)n(cn2)[C@H]3C[C@@H]([C@H](O3)COP(=O)(O)O)O)N,None,phosphor
204.22899999999998,2.0922,50.69,3,1,2,2,1,0.2727272727272727,15,1,0,0.8014619504735861,376.0793243874502,-1.8399999999999999,9.705022183919052,4.125446454644114,2.3401509958507467,0,0,1,1,0,4,57.68070000000002,,True,True,True,False,True,L00214,CC(=O)Nc1ccc(cc1)[C@H]2CC=NO2,None,None
371.4370000000002,0.5097999999999996,76.08000000000001,7,2,4,5,2,0.55,27,5,0,0.8110224717953685,797.6454148530918,-1.61,17.48586533299698,7.425836978336337,3.3526632058041024,0,2,3,2,3,7,99.17050000000005,,True,True,True,True,True,L00215,c1ccc2c(c1)cc(cn2)CN[C@@H]3[C@H]4CO[C@H](O4)[C@@H]([C@H]3O)N5CCOCC5,None,None
180.159,1.1955999999999996,77.76,3,3,2,1,1,0.0,13,0,0,0.47162133314166776,354.632376249924,-1.9699999999999998,9.120661831368995,3.62041597443835,2.516894309601189,0,0,0,1,0,4,46.44140000000001,,True,True,True,False,False,L00216,c1cc(c(cc1\C=C\C(=O)O)O)O,catechol_A(92),catechol; Michael_acceptor_1
581.1930000000001,5.5595000000000026,86.71000000000001,3,2,4,4,3,0.08695652173913043,32,2,0,0.3956512652531255,1215.6709704068485,-2.619999999999999,22.56954921120832,9.089658157883001,4.3242274573676776,0,0,1,3,0,9,129.98,,False,True,True,False,False,L00217,c1cc(ccc1[C@H]2C(=O)Nc3ccc(cc3C(=O)N2[C@@H](c4ccc(cc4)Cl)C(=O)O)I)Cl,None,iodine
152.24,0.10320000000000007,40.46,4,2,0,1,0,1.0,8,2,0,0.48310301263579136,68.43856189774725,0.6199999999999999,6.736009280742459,2.960887569557492,1.548525510944688,0,0,1,0,1,4,36.92960000000001,,True,True,True,False,False,L00218,C1[C@@H]([C@H](CSS1)O)O,None,disulphide
228.20399999999998,-1.8226999999999995,104.55000000000001,6,3,2,2,1,0.5555555555555556,16,3,0,0.552382719533219,479.2779559208222,-1.4400000000000002,11.05761764725319,4.203013429907953,1.9208632519167,0,0,1,1,1,7,52.94230000000002,,True,True,True,False,True,L00219,C1[C@@H]([C@H](O[C@H]1N2C=CC(=O)NC2=O)CO)O,None,None
446.59800000000024,2.0219199999999993,94.56000000000002,6,3,6,3,2,0.42857142857142855,30,3,0,0.588022631318052,928.5876235522121,-2.36,22.328013243947616,9.632430189130872,5.214084276370934,0,0,1,2,1,9,121.12820000000005,,True,True,True,True,True,L00220,Cc1c(scn1)c2ccc(cc2)CNC(=S)[C@@H]3C[C@H](CN3C(=O)[C@H](C)NC(=O)C)O,None,Thiocarbonyl_group
446.5980000000002,2.0219199999999993,94.56000000000002,6,3,6,3,2,0.42857142857142855,30,3,0,0.588022631318052,928.5876235522121,-2.36,22.328013243947616,9.632430189130872,5.214084276370934,0,0,1,2,1,9,121.12820000000005,,True,True,True,True,True,L00221,Cc1c(scn1)c2ccc(cc2)CNC(=O)[C@@H]3C[C@H](CN3C(=S)[C@H](C)NC(=O)C)O,None,Thiocarbonyl_group
462.6660000000002,2.822720000000001,77.49000000000001,6,3,6,3,2,0.42857142857142855,30,3,0,0.57000735342465,928.5876235522121,-1.9399999999999997,22.73868255504958,9.911253039375811,5.398388435744038,0,0,1,2,1,9,128.71920000000006,,True,True,True,True,True,L00222,Cc1c(scn1)c2ccc(cc2)CNC(=S)[C@@H]3C[C@H](CN3C(=S)[C@H](C)NC(=O)C)O,None,Thiocarbonyl_group
230.21999999999997,-1.1359999999999975,120.92999999999999,4,3,4,1,0,0.6666666666666666,16,2,0,0.5611875124305212,317.02120575656863,-1.63,12.439589422407796,4.930474857743431,2.6926479208765026,0,0,1,0,1,7,52.59900000000001,,True,True,True,False,True,L00223,C1C[C@H](N(C1)C(=O)[C@H](CC(=O)O)N)C(=O)O,None,None
222.21899999999997,1.2613999999999996,79.11,2,3,3,2,2,0.18181818181818182,16,1,0,0.7310504873269676,535.7641262440613,-1.88,10.631603818482128,3.938844442119101,1.8953157065128319,0,0,0,2,0,5,57.571900000000014,,True,True,True,False,True,L00224,c1cc2c(cc1F)[nH]cc2C[C@H](C(=O)O)N,None,None
669.5520000000002,-0.7409999999999998,287.58,15,9,6,4,3,0.2,48,3,0,0.08873047688964436,1572.8393995580373,-6.720000000000001,34.15886154380966,14.58384797914264,7.732057311866853,0,0,1,3,1,18,155.9543999999999,,False,False,False,False,False,L00225,c1cc(c(c(c1)O)O)C(=O)N[C@H]2COC(=O)[C@H](COC(=O)[C@H](COC2=O)NC(=O)c3cccc(c3O)O)NC(=O)c4cccc(c4O)O,catechol_A(92),>_2_ester_groups; catechol
389.23600000000005,-0.9220000000000002,164.20000000000002,9,4,4,4,3,0.4166666666666667,26,4,0,0.41299502786777664,1072.9719789326152,-2.1500000000000004,17.27317655503886,5.94138143016057,2.7426514928944683,0,0,1,3,1,14,81.91260000000003,,True,False,False,False,False,L00226,c1cn-2c(n1)NC(=O)c3c2n(cn3)[C@H]4[C@H]([C@@H]([C@H](O4)COP(=O)(O)O)O)F,None,phosphor
468.72400000000005,6.368900000000004,105.1,5,2,6,3,3,0.2,30,0,0,0.24833892597933993,1238.1742863108323,-2.6099999999999994,22.083689921218802,8.633651254945452,4.2821280591894,0,0,0,3,0,10,119.76329999999999,,True,True,False,False,False,L00227,CC(C)CC(=O)C1=C(Nc2c(ccc(c2C1=O)N(=O)=O)Cl)Nc3ccc(cc3Cl)Cl,None,nitro_group; Oxygen-nitrogen_single_bond
490.6010000000002,2.19532,111.63000000000001,6,3,6,3,2,0.5,34,4,0,0.5749078433975555,1049.9875398736322,-2.85,25.767104481890215,10.186443013929297,5.613090391831788,0,0,1,2,1,10,127.59720000000009,,True,True,True,False,True,L00228,Cc1c(scn1)c2ccc(cc2)CNC(=O)[C@@H]3[C@@H]([C@H](CN3C(=O)[C@H](C(C)(C)C)NC(=O)C)O)F,None,None
490.6010000000002,2.19532,111.63000000000001,6,3,6,3,2,0.5,34,4,0,0.5749078433975555,1049.9875398736322,-2.85,25.767104481890215,10.186443013929297,5.613090391831788,0,0,1,2,1,10,127.59720000000009,,True,True,True,False,True,L00229,Cc1c(scn1)c2ccc(cc2)CNC(=O)[C@@H]3[C@H]([C@H](CN3C(=O)[C@H](C(C)(C)C)NC(=O)C)O)F,None,None
552.4620000000003,6.611640000000005,82.37,7,0,6,5,4,0.2857142857142857,38,1,0,0.26777882111165646,1566.5771667669674,-3.62,26.00570287362518,9.925665488480325,4.1759822321280735,0,0,1,4,0,10,147.77249999999978,,False,True,False,False,False,L00230,Cc1ccc(cc1N2[C@H](c3c(nc(n3C(C)C)c4cnc(nc4OC)OC)C2=O)c5ccc(cc5C)Cl)Cl,None,None
200.694,2.4666700000000006,49.870000000000005,2,2,2,1,1,0.125,12,0,0,0.5693808945776534,316.76726579544606,-0.6700000000000002,7.952513219526025,4.378962521834789,2.754782635891662,0,0,0,1,0,4,54.66110000000001,,True,True,True,False,True,L00231,[H]/N=C(\N)/SCc1ccccc1Cl,None,imine_1; imine_2
262.3089999999999,1.8397,50.80000000000001,4,1,3,3,1,0.5,19,0,0,0.902732215400307,469.7589229772027,-1.7499999999999998,12.292334289087536,5.484467120181406,2.9846938775510203,0,0,2,1,1,5,71.48570000000004,,True,True,True,False,True,L00232,c1cc2c(cc1NC(=O)CN3CCCCC3)OCO2,None,None
165.148,1.5474999999999999,55.230000000000004,3,1,1,2,2,0.125,12,0,0,0.6519337632952749,384.03032266698506,-1.7099999999999997,6.967210289014711,2.4059278892661076,0.8867260152631383,0,0,0,2,0,4,41.90420000000001,,True,True,True,False,False,L00233,COC(=O)c1cc2c([nH]1)cco2,None,None
274.23199999999997,-0.20659999999999984,103.78,5,2,1,3,1,0.23076923076923078,20,1,0,0.6897104264939818,666.7254037184465,-2.7,12.339759456629707,4.156092539947064,1.6687362991962202,0,0,2,1,1,7,64.77850000000002,,True,True,True,True,True,L00234,c1cc2c(cc1O)C(=O)N(C2=O)[C@H]3CCC(=O)NC3=O,None,phthalimide
251.289,2.5155000000000003,46.400000000000006,3,1,3,3,3,0.06666666666666667,19,0,0,0.7771004002318018,670.4972485196461,-2.6199999999999997,11.469264126569897,4.937315409401991,2.6261218521105714,0,0,0,3,0,4,73.96770000000004,,True,True,True,False,True,L00235,c1ccc(cc1)NC(=O)Cc2cn3ccccc3n2,None,None
204.22899999999998,2.1863,47.290000000000006,4,1,4,2,2,0.18181818181818182,15,0,0,0.8287931632359767,411.5360875059233,-1.8099999999999996,9.733912004652456,4.613159605665082,2.5706175556630124,0,0,0,2,0,4,55.78270000000003,,True,True,True,False,True,L00236,CNCc1ccc(o1)Oc2cccnc2,None,None
198.67399999999998,3.0185000000000013,17.07,2,0,0,2,1,0.2222222222222222,12,0,0,0.6376761188693036,335.30046214401995,-0.4700000000000001,8.142990116617165,3.112077045657854,1.3660562402470127,0,0,1,1,0,3,51.123500000000014,,True,True,True,False,False,L00237,c1cc2c(cc1Cl)C(=O)CCS2,None,None
242.278,2.4649,43.38000000000001,4,1,3,3,2,0.21428571428571427,18,0,0,0.8975080990050561,528.5721302041951,-2.23,10.894764031365579,4.956670074258482,2.3717053993539663,0,0,1,2,0,4,68.99570000000003,,True,True,True,False,True,L00238,c1cc2c(cc1NCc3ccncc3)OCCO2,anil_di_alk_C(246),None
155.12800000000001,1.1061,63.32000000000001,2,2,1,1,1,0.0,11,0,0,0.5967668983210881,298.4920897763861,-1.58,7.52615711252654,2.5740375043587767,1.4595312570970036,0,0,0,1,0,4,37.771699999999996,,True,True,True,False,False,L00239,c1cc(c(cc1F)N)C(=O)O,None,aniline
157.19399999999996,0.3340000000000002,60.16,2,1,1,1,1,0.0,10,0,0,0.6383637832668871,303.7795180972205,-0.8700000000000001,7.239529025191675,2.3973980796638448,1.5541073940424677,0,0,0,1,0,4,37.815200000000004,,True,True,True,False,False,L00240,c1ccc(cc1)S(=O)(=O)N,None,None
443.57900000000024,4.153500000000003,64.66,7,0,4,5,4,0.36,33,0,1,0.39051108563169534,1352.726895821842,-3.5199999999999996,21.332244389917335,7.519529103491948,3.242335547679093,0,0,1,4,0,8,134.14499999999995,,True,True,True,True,True,L00241,CCn1c-2c(nn1)-c3ccc(cc3-c4c(nnn4CC)-c5c2cc(cc5)N(C)C)[N+](C)(C)C,None,quaternary_nitrogen_2
191.64199999999997,-2.724099999999998,67.13,3,4,2,1,0,0.6666666666666666,12,0,1,0.2833064622447053,193.98710676103488,-0.97,9.120661831368993,4.817121519558443,2.9580362973345475,0,0,1,0,0,6,45.45480000000001,,True,True,True,False,False,L00242,C1C[NH+]=C(N1)NNC(=O)CCCl,None,alkyl_halide; Oxygen-nitrogen_single_bond
458.36400000000015,-0.9328600000000002,208.44,9,8,7,3,2,0.4117647058823529,31,3,0,0.23760518311168113,1141.3977351242363,-2.5100000000000002,23.15938807824662,8.5533120621065,5.0469206072538855,0,0,1,2,0,14,109.9046,,True,False,False,False,False,L00243,Cc1cc2c(cc1C)N(C3=C(N2)C(=O)NC(=O)N3)C[C@@H]([C@@H]([C@@H](COP(=O)(O)O)O)O)O,None,phosphor
180.156,-3.219799999999999,110.38000000000001,6,5,2,1,0,1.0,12,4,0,0.3055865708949448,162.11730005192322,-0.24000000000000002,9.845034013605442,3.249570651732814,1.3266768697071722,0,0,1,0,1,6,36.00799999999999,,True,True,True,False,False,L00244,C([C@@H]1[C@H]([C@@H]([C@](O1)(CO)O)O)O)O,None,None
541.6710000000003,3.7540000000000022,68.78,5,1,6,6,3,0.40625,40,2,0,0.5149995438478164,1439.4732604535127,-3.6199999999999988,26.59483983805683,10.41034455055837,5.1339559448628105,0,0,3,3,1,8,152.8301999999997,,True,True,True,False,True,L00245,C[C@@H]1CN([C@H](CN1)CN2Cc3ccccc3C2=O)CC(=O)N4CC(c5c4cc(cn5)Cc6ccc(cc6)F)(C)C,None,None
539.6960000000001,2.698100000000001,81.17,7,2,6,5,2,0.6,39,5,0,0.5844110592746347,1165.687767293747,-2.4299999999999993,28.11141297698334,11.213580809223773,5.879521441424643,0,0,3,2,2,9,149.35249999999982,,True,True,True,False,True,L00246,C[C@@H]1CN([C@H](CN1)CN2[C@@H](COC[C@H]2C)C)CC(=O)N3CC(c4c3cc(cn4)[C@H](c5ccc(cc5)F)O)(C)C,None,None
521.2090000000001,-2.2247999999999997,289.86999999999995,13,8,8,3,2,0.5454545454545454,32,6,0,0.17056713242838403,1207.826081070103,-1.52,25.109489310587502,8.682000297442,5.689914285194227,0,0,1,2,1,21,102.08340000000001,,False,False,False,False,False,L00247,c1nc2c(n1[C@H]3[C@@H]([C@@H]([C@H](O3)CO[P@](=O)(O)O[P@@](=O)(CP(=O)(O)O)O)O)O)N=C(NC2=O)N,None,phosphor
180.156,-3.3787999999999987,118.22000000000001,6,5,5,0,0,0.8333333333333334,12,4,0,0.28163781073046734,138.0,-0.5299999999999999,11.47,5.175013037303056,2.8388089924448727,0,0,0,0,0,6,37.17699999999999,,True,True,True,False,False,L00248,C([C@H]([C@H]([C@@H]([C@H](C=O)O)O)O)O)O,None,aldehyde
239.227,0.027999999999999636,79.98,5,1,2,2,1,0.45454545454545453,17,2,0,0.7362464492341227,413.50609790613186,-1.8199999999999996,11.659158294893206,4.584375555077455,2.163807320443978,0,0,1,1,1,6,56.17230000000003,,True,True,True,False,True,L00249,COC(=O)[C@@H]1C[C@H](CN1C(=O)c2ccco2)O,None,None
231.29899999999995,2.7948000000000004,46.92,3,1,4,2,2,0.38461538461538464,17,0,0,0.8790810815626937,530.4441385123297,-1.84,11.639732379178513,4.993850304317793,2.301800758465901,0,0,0,2,0,4,68.94470000000003,,True,True,True,False,True,L00250,CCCn1c2ccccc2nc1NC(=O)CC,None,None
248.30099999999993,1.8843000000000003,23.55,2,0,2,3,1,0.5,18,0,0,0.7975871686637355,433.6121429894787,-1.58,11.507014185826907,4.593558672833477,2.325184402062717,0,0,2,1,2,4,67.91700000000003,,True,True,True,False,True,L00251,c1cc(ccc1N2CCN(CC2)C(=O)C3CC3)F,None,None
670.7180000000002,3.8426000000000027,177.04999999999998,9,2,15,4,4,0.16129032258064516,46,0,0,0.18785864995207224,1898.573785326396,-5.2799999999999985,33.60980110475963,14.216834896658575,7.675502589878918,0,0,0,4,0,15,167.53919999999965,,True,False,False,False,False,L00252,COc1ccc(cc1)S(=O)(=O)N(CC(=O)O)c2ccc(c(c2)OCc3ccccc3)N(CC(=O)O)S(=O)(=O)c4ccc(cc4)OC,None,None
206.28899999999993,1.4949,24.5,3,1,3,2,1,0.5,15,0,0,0.8107178204537064,308.24535838508575,-1.2200000000000002,10.302961028782997,5.02840510773816,2.418609594943981,0,0,1,1,1,3,62.693700000000035,,True,True,True,False,True,L00253,CCOc1ccccc1N2CCNCC2,None,None
458.3200000000003,4.385100000000003,61.77,3,1,3,6,2,0.34782608695652173,31,4,0,0.7427816300559122,1181.4067122313302,-2.28,19.408669089803826,6.609581409664512,2.554837371297418,1,0,4,2,2,8,116.11770000000004,,True,True,True,True,True,L00254,c1cc(c(c(c1)Cl)F)[C@H]2[C@H]3[C@H](C=NC3=O)N([C@]24c5ccc(cc5NC4=O)Cl)CC6CC6,None,None
154.17299999999997,-1.235199999999999,97.78999999999999,3,3,3,1,1,0.3333333333333333,11,1,0,0.507774436636542,230.74013899466786,-1.36,7.743734439834026,3.156503765422208,2.047487035715207,0,0,0,1,0,5,39.4615,,True,True,True,False,False,L00255,c1c([nH]cn1)C[C@@H](C(=O)N)N,None,None
166.176,1.4093999999999993,57.53,2,2,3,1,1,0.2222222222222222,12,0,0,0.7132847077406798,263.6070662599115,-1.51,8.585328884652048,3.7588733548338538,2.6172633656097566,0,0,0,1,0,3,44.063600000000015,,True,True,True,False,False,L00256,c1cc(ccc1CCC(=O)O)O,None,None
188.231,-0.9483299999999992,125.22,3,5,6,0,0,0.7142857142857143,13,1,0,0.20865183996466422,183.33135567692545,-1.3,11.7,6.2419430838861665,7.073831775700934,0,0,0,0,0,6,49.379000000000005,,True,True,True,False,False,L00257,C(CCNC(=N)N)C[C@@H](C(=O)O)N,None,Aliphatic_long_chain; imine_1; imine_2
418.299,6.037220000000003,48.99,2,1,3,4,3,0.23809523809523808,28,1,0,0.5641328183205696,1093.2499043456303,-2.3699999999999988,18.968576212163597,6.904592964915953,2.809493431251513,0,0,1,3,0,7,108.92820000000003,,True,True,False,False,False,L00258,Cc1cc(ccc1[C@H]2c3c([nH]nc3C(C)C)C(=O)N2c4cccc(c4F)Cl)Cl,None,None
349.4340000000001,3.493620000000001,57.36,3,2,4,4,3,0.2857142857142857,26,1,0,0.7579553318430061,930.0841152218202,-2.9499999999999997,16.514775033985284,6.748441258389872,3.0068383285023557,0,0,1,3,1,5,104.11390000000003,,True,True,True,True,True,L00259,Cc1ccc(cc1)N2CC[C@@H](C2)NC(=O)c3c[nH]c4c3cccc4OC,anil_di_alk_E(186),None
552.4620000000003,6.551400000000005,82.37,7,0,7,5,4,0.2857142857142857,38,2,0,0.2586630769407458,1503.1174912143279,-3.62,26.00570287362518,10.268614259084586,4.373915836061414,0,0,1,4,0,10,146.07349999999977,,False,True,False,False,False,L00260,C[C@@H](c1cccc(c1)Cl)N2[C@H](c3c(nc(n3C(C)C)c4cnc(nc4OC)OC)C2=O)c5ccc(cc5)Cl,None,None
659.662,6.643800000000008,80.63,6,2,11,6,5,0.3333333333333333,46,1,0,0.16624965449415463,1833.3470472893812,-3.6599999999999984,32.28756482110645,13.991832112058406,6.726533680344367,0,0,1,5,1,10,186.5519999999995,,False,False,False,False,False,L00261,CN(C)CCCN(C)[C@H]1CCN(C1)C(=O)c2c(c3ccc(cc3[nH]2)Cl)c4c(ncn4Cc5ccc(cc5CO)Cl)c6ccccc6,None,None
570.5000000000003,6.670200000000006,101.38,6,2,6,5,4,0.39285714285714285,39,0,0,0.2697293749938732,1488.5523055772303,-3.3,27.27383144363584,11.057084136483647,5.990671635164176,0,0,1,4,1,11,149.57539999999977,,False,True,False,False,False,L00262,CC(C)(C)NC(=O)Cc1ccc(cc1n2c(c(nc2C3CCCCC3)c4[nH]nnn4)c5ccc(c(c5)Cl)F)Cl,None,None
669.7010000000001,8.294600000000008,69.19,5,2,9,7,5,0.3684210526315789,47,1,0,0.16581123327874495,1818.5500675030648,-3.6199999999999988,31.952826499382137,14.242585583133494,6.85802713109193,0,0,2,5,2,9,192.4498999999995,,False,True,False,False,False,L00263,C[C@@H](c1ccc(cc1)Cl)n2cnc(c2c3c4ccc(cc4[nH]c3C(=O)NCCN5CCN(CC5)C6CCCCC6)Cl)c7ccccc7,None,None
328.4960000000001,6.548900000000006,37.3,1,1,14,0,0,0.4090909090909091,24,0,0,0.3670786920502773,462.3615868473694,-2.0899999999999994,21.910000000000004,18.95782400765184,19.91,0,0,0,0,0,2,105.08580000000008,,True,False,False,False,False,L00264,CC\C=C/C\C=C/C\C=C/C\C=C/C\C=C/C\C=C/CCC(=O)O,None,isolated_alkene
518.4850000000001,4.174680000000005,105.38,5,4,8,3,2,0.48148148148148145,35,5,0,0.4199484685698324,1064.5765417663265,-2.1399999999999992,27.447597500896133,11.281649166992505,6.168757068109488,0,0,1,2,1,8,138.43899999999994,,True,True,True,False,True,L00265,CC(C)(C)C[C@H]1[C@]([C@H]([C@@H](N1)C(=O)NCC[C@@H](CO)O)c2cccc(c2)Cl)(C#N)c3ccc(cc3)Cl,None,None
305.20799999999997,4.797400000000003,24.39,2,1,2,3,2,0.1875,20,2,0,0.8466964006477055,632.5313777881641,-1.5099999999999993,13.472016724938856,5.468668217617435,2.6707157585174457,0,0,1,2,0,4,84.63070000000003,,True,True,True,True,True,L00266,CC1=N[C@H]([C@H](N1)c2ccc(cc2)Cl)c3ccc(cc3)Cl,None,None
565.5670000000002,5.030300000000006,73.29,5,0,6,4,2,0.48148148148148145,37,2,0,0.49278865383407916,1275.7344580938172,-2.129999999999999,27.892775440754647,10.559091011340385,5.530388514584793,0,0,2,2,1,10,150.29279999999974,,False,True,True,False,False,L00267,CC1=N[C@@]([C@@](N1C(=O)N2CCN(CC2)CCCS(=O)(=O)C)(C)c3ccc(cc3)Cl)(C)c4ccc(cc4)Cl,None,None
495.49400000000026,7.870200000000007,33.62,3,1,5,4,3,0.3448275862068966,34,2,0,0.39081348599740406,1212.373164885874,-2.489999999999999,24.62878002932306,8.9418681661517,4.320505052280816,0,0,1,3,0,5,143.59169999999983,,True,True,False,False,False,L00268,CCOc1cc(ccc1C2=N[C@@]([C@@](N2)(C)c3ccc(cc3)Cl)(C)c4ccc(cc4)Cl)C(C)(C)C,None,None
175.18699999999995,1.7949999999999995,53.09,1,2,2,2,2,0.1,13,0,0,0.730678488200559,444.8764011192855,-1.77,7.857386378147379,2.9356784233252684,1.4021561421113946,0,0,0,2,0,3,49.638500000000015,,True,True,True,False,False,L00269,c1ccc2c(c1)c(c[nH]2)CC(=O)O,None,None
243.33200000000002,0.6115699999999998,85.21000000000001,3,4,5,2,0,0.8,16,3,0,0.5316773457478705,297.78872926636205,-0.9099999999999999,11.571752540962677,4.9476486864612665,2.6071993441328214,0,0,2,0,2,6,63.92390000000002,,True,True,True,False,True,L00270,C1[C@H]2[C@@H]([C@@H](S1)CCCCC(=O)O)NC(=N)N2,None,Aliphatic_long_chain; imine_1
567.5170000000002,6.359200000000007,66.4,5,1,6,5,3,0.3333333333333333,39,2,0,0.3767117810944546,1339.3183042749952,-3.259999999999999,27.312311114341863,11.862231941881051,5.856453530407234,0,0,2,3,1,9,155.3586999999997,,False,True,False,False,False,L00271,CC(C)Oc1cc(ccc1C2=N[C@H]([C@H](N2C(=O)N3CCNCC3)c4ccc(cc4)Cl)c5ccc(cc5)Cl)OC,None,None
686.4450000000003,5.893600000000007,77.84,6,1,8,5,3,0.3548387096774194,41,2,0,0.3200325981464971,1375.870168706749,-2.919999999999999,29.56820280761613,13.372510119662907,6.454661755692779,0,0,2,3,1,10,166.79979999999958,,False,True,False,False,False,L00272,CCOc1cc(ccc1C2=N[C@H]([C@H](N2C(=O)N3CCN(CC3)CCO)c4ccc(cc4)Br)c5ccc(cc5)Br)OC,None,None
498.58200000000016,4.458600000000002,110.8,6,2,8,4,4,0.08333333333333333,34,0,0,0.3711501585232111,1415.2108176463444,-3.759999999999999,23.399926494545742,9.238628240496574,4.7757133480361285,0,0,0,4,0,10,131.55299999999997,,True,True,True,False,True,L00273,COc1ccc(cc1)S(=O)(=O)Nc2ccc(c3c2cccc3)NS(=O)(=O)c4ccc(cc4)OC,sulfonamide_D(2),None
500.6400000000001,3.849700000000002,91.4,6,2,8,4,2,0.5384615384615384,35,3,0,0.5375366960594755,1051.1212637119972,-2.6499999999999995,25.44313012529784,11.390846152404867,5.780650579095829,0,0,2,2,2,9,132.66190000000003,,True,True,True,False,True,L00274,C[C@@H](C(=O)N[C@@H](C1CCCCC1)C(=O)N2CCC[C@H]2c3nc(cs3)C(=O)c4ccc(cc4)F)NC,None,None
455.5830000000002,5.7858000000000045,70.23,4,3,9,4,4,0.1111111111111111,33,0,0,0.29933789942855293,1192.0455643430344,-3.899999999999999,22.299522520161876,11.109393790946433,6.082212817066546,0,0,0,4,0,6,135.5455999999999,,True,True,True,False,False,L00275,c1ccc(cc1)CNC(=O)c2c(csc2NC(=O)CCNc3ccccc3)c4ccccc4,None,None
486.64100000000036,4.809000000000004,86.02000000000001,4,4,9,5,4,0.2857142857142857,35,0,0,0.2562338011564643,1325.4941416431654,-3.4199999999999995,23.327876117631195,10.884808068289976,5.469222038072489,0,0,1,4,0,7,142.07529999999986,,True,True,True,False,True,L00276,c1ccc(cc1)CNC(=O)c2c3c(sc2NC(=O)CNCCc4c[nH]c5c4cccc5)CCCC3,None,Aliphatic_long_chain
243.31300000000002,0.7913999999999999,64.85,6,0,3,2,2,0.25,15,0,0,0.7991902980718,542.2135972146257,-1.2100000000000002,10.312619810088592,3.7444125672040323,2.238776551623975,0,0,0,2,0,7,56.552800000000026,,True,True,True,False,True,L00277,CS(=O)(=O)c1nccn1Cc2cscn2,None,None
277.707,2.6349,70.16,2,2,4,2,2,0.14285714285714285,19,1,0,0.9024285279438704,633.6393784000562,-2.0699999999999994,13.363737323277082,5.713350058865184,3.450679112159355,0,0,0,2,0,5,72.61050000000002,,True,True,True,False,True,L00278,c1cc(ccc1[C@H](CC(=O)O)C2=CC(=O)NC=C2)Cl,None,None
508.6000000000003,3.712620000000002,114.62,7,1,9,4,4,0.2692307692307692,36,1,0,0.366474301534813,1516.381820995703,-3.7599999999999993,25.3364220052283,10.07856045600462,4.954285714285716,0,0,0,4,0,10,135.43059999999997,,True,True,True,False,True,L00279,Cc1ccc(cc1CN(C)S(=O)(=O)c2ccccc2)[C@H](CC(=O)O)c3cc4c(c(c3)OC)n(nn4)C,None,None
315.76,3.228300000000001,68.01,4,1,4,3,3,0.1875,22,1,0,0.8022970904934511,827.0281306439288,-2.3999999999999995,14.533641975308644,5.769844576189715,2.802477810650888,0,0,0,3,0,6,84.05680000000004,,True,True,True,True,True,L00280,Cn1c2ccc(cc2nn1)[C@H](CC(=O)O)c3ccc(cc3)Cl,None,None
329.78700000000003,3.5367200000000016,68.00999999999999,4,1,4,3,3,0.23529411764705882,23,1,0,0.794618021867127,888.6759066358464,-2.3999999999999995,15.49396193907119,6.006250000000001,3.0521908745400075,0,0,0,3,0,6,88.79380000000006,,True,True,True,True,True,L00281,Cc1cc(ccc1Cl)[C@H](CC(=O)O)c2ccc3c(c2)nnn3C,None,None
536.6100000000002,3.475220000000002,123.85,8,1,7,5,4,0.2962962962962963,38,1,0,0.38083949074706436,1632.0856243449336,-3.9599999999999995,25.679621141506917,10.068626850656953,4.700424355052626,0,0,1,4,0,11,139.86859999999993,,True,True,True,False,True,L00282,Cc1ccc(cc1CN2CCOc3ccccc3S2(=O)=O)[C@H](CC(=O)O)c4cc5c(c(c4)OC)n(nn5)C,None,None
199.27500000000003,0.7782999999999998,46.17,2,1,4,1,1,0.3333333333333333,13,0,0,0.778520757967314,345.1372680200689,-0.8700000000000001,10.212440230832646,4.389805924353775,4.646783041307362,0,0,0,1,0,4,52.99250000000003,,True,True,True,False,False,L00283,CS(=O)(=O)NCCc1ccccc1,None,None
170.23699999999997,1.80002,41.99,3,1,2,1,1,0.42857142857142855,11,0,0,0.7349580438503941,256.69818175131485,-0.9000000000000001,8.199009900990099,3.4791154361633936,2.3073839344097378,0,0,0,1,0,4,45.77170000000002,,True,True,True,False,False,L00284,CCC(=O)Nc1nc(cs1)C,None,None
224.263,2.5178000000000007,38.05,3,1,2,3,3,0.07142857142857142,17,0,0,0.7259517589626056,640.6359092913607,-2.1299999999999994,10.051565927106024,4.032076068720933,1.7035210550351918,0,0,0,3,0,3,66.99280000000002,,True,True,True,False,True,L00285,c1ccc2c(c1)ncn2c3ccc(cc3)CO,None,None
247.2939999999999,2.4314999999999998,38.77,3,0,1,3,1,0.5,18,0,0,0.7647137288868944,450.3523679851518,-1.71,11.384360615572989,4.881735942153658,2.146580700815723,0,0,2,1,1,4,66.93650000000004,,True,True,True,False,True,L00286,c1cc2c(cc1C(=O)N3CCCCCC3)OCO2,None,None
504.42600000000016,3.0227000000000013,124.96000000000001,4,4,10,3,3,0.16666666666666666,35,1,0,0.3148394843223333,1198.1938134697625,-3.589999999999999,26.022428588744535,11.702174192903428,8.93574091360805,0,0,0,3,0,11,123.09950000000003,,True,True,True,False,True,L00287,c1cc(ccc1C[C@@H](C(=O)NCc2ccc(cc2)F)NC(=O)Cc3ccc(cc3)F)OP(=O)(O)O,None,phosphor
532.4800000000002,3.5851000000000024,124.96000000000001,4,4,11,3,3,0.23076923076923078,37,1,0,0.27999575624118417,1279.2293094030617,-3.5899999999999994,27.988697232986468,12.58292212978748,9.093619485628258,0,0,0,3,0,11,132.4775,,True,False,True,False,True,L00288,CCc1cc(ccc1F)CNC(=O)[C@H](Cc2ccc(cc2)OP(=O)(O)O)NC(=O)Cc3ccc(cc3)F,None,phosphor
518.4530000000002,3.331120000000002,124.96000000000001,4,4,10,3,3,0.2,36,1,0,0.30539994540517795,1262.5459949826802,-3.5899999999999994,27.00508562194391,11.897920669731617,8.567027655011628,0,0,0,3,0,11,127.83650000000004,,True,True,True,False,True,L00289,Cc1cc(ccc1F)CNC(=O)[C@H](Cc2ccc(cc2)OP(=O)(O)O)NC(=O)Cc3ccc(cc3)F,None,phosphor
577.9330000000002,3.060900000000002,154.06,5,5,12,3,3,0.19230769230769232,39,1,0,0.16369042784543392,1350.4169925193426,-3.759999999999999,29.790930417958354,13.862751864993472,10.492551020408166,0,0,0,3,0,13,142.4911999999999,,True,False,False,False,False,L00290,c1cc(cc(c1)NC(=O)CCl)CNC(=O)[C@H](Cc2ccc(cc2)OP(=O)(O)O)NC(=O)Cc3ccc(cc3)F,None,alkyl_halide; phosphor
248.28199999999993,0.9739999999999999,53.760000000000005,3,0,2,3,1,0.5384615384615384,18,0,0,0.7834388050699391,442.8112303118744,-1.78,11.318357554514222,4.476601856845875,2.1222790955214323,0,0,2,1,2,5,63.91550000000003,,True,True,True,False,True,L00291,c1cc(oc1)C(=O)N2CCN(CC2)C(=O)C3CC3,None,None
276.248,-0.08020000000000027,112.57000000000001,4,3,3,2,1,0.23076923076923078,20,1,0,0.6682758102580676,596.1792413456636,-2.7,13.725214249455043,5.51644089115066,2.821467413359306,0,0,1,1,1,7,67.03920000000002,,True,True,True,True,True,L00292,c1ccc(c(c1)C(=O)N[C@H]2CCC(=O)NC2=O)C(=O)O,None,phthalimide
307.2180000000001,-0.5621,155.70999999999998,6,3,4,2,1,0.16666666666666666,22,1,0,0.3820130667023042,712.671477180318,-3.3000000000000003,15.09578448298075,5.596201067918239,2.8962301852542405,0,0,1,1,1,10,69.07660000000001,,True,False,False,False,False,L00293,c1cc(c(cc1[N+](=O)[O-])C(=O)N[C@H]2CC(=O)NC2=O)C(=O)O,None,nitro_group; Oxygen-nitrogen_single_bond; phthalimide
259.22099999999995,-0.7201,109.57,5,2,1,3,1,0.16666666666666666,19,1,0,0.5106065454905981,652.3746228995453,-2.7,11.39379199140016,3.6444186886277072,1.443507085749031,0,0,2,1,1,7,62.9091,,True,True,True,False,True,L00294,c1cc2c(c(c1)N)C(=O)N(C2=O)[C@H]3CC(=O)NC3=O,None,aniline; phthalimide
277.236,-0.8881000000000003,138.58999999999997,5,4,3,2,1,0.16666666666666666,20,1,0,0.4174017550980168,625.5188512862373,-2.9,13.52977931076585,4.9985171770536905,2.436693695668055,0,0,1,1,1,8,66.83460000000001,,True,True,False,False,True,L00295,c1cc(c(c(c1)N)C(=O)N[C@H]2CC(=O)NC2=O)C(=O)O,None,aniline; phthalimide
259.221,-0.7201,109.57,5,2,1,3,1,0.16666666666666666,19,1,0,0.5106065454905983,652.3746228995453,-2.7,11.39379199140016,3.6444186886277072,1.5125647603239278,0,0,2,1,1,7,62.9091,,True,True,True,False,True,L00296,c1cc2c(cc1N)C(=O)N(C2=O)[C@H]3CC(=O)NC3=O,None,aniline; phthalimide
307.218,-0.5621,155.70999999999998,6,3,4,2,1,0.16666666666666666,22,1,0,0.3820130667023042,712.671477180318,-3.3000000000000003,15.09578448298075,5.596201067918239,2.7484880048608185,0,0,1,1,1,10,69.07660000000001,,True,False,False,False,False,L00297,c1cc(c(c(c1)[N+](=O)[O-])C(=O)O)C(=O)N[C@H]2CC(=O)NC2=O,None,nitro_group; Oxygen-nitrogen_single_bond; phthalimide
289.203,-0.3941000000000003,126.69,6,1,2,3,1,0.16666666666666666,21,1,0,0.44832995792135005,740.5083537314476,-3.1,12.909822984268072,4.198552490639832,1.7057428362300586,0,0,2,1,1,9,65.1511,,True,True,True,True,True,L00298,c1cc2c(c(c1)[N+](=O)[O-])C(=O)N(C2=O)[C@H]3CC(=O)NC3=O,None,nitro_group; Oxygen-nitrogen_single_bond; phthalimide
246.266,0.15049999999999997,75.27000000000001,3,2,4,2,1,0.3076923076923077,18,1,0,0.7425244096023913,470.38451760485765,-2.17,12.29121979644052,5.4421898532431054,3.162526312119113,0,0,1,1,1,5,64.46040000000004,,True,True,True,False,True,L00299,c1ccc(cc1)CCC(=O)N[C@H]2CC(=O)NC2=O,None,phthalimide
241.247,-1.1202999999999985,96.53,5,3,3,2,0,0.7,17,2,0,0.5437944738646375,338.4427117278766,-1.6300000000000001,11.84377217961697,5.133193249468592,3.1621022398069294,0,0,2,0,2,7,57.06310000000002,,True,True,True,False,True,L00300,C1C[C@H](NC1)COC(=O)N[C@H]2CC(=O)NC2=O,None,phthalimide
277.28000000000003,-0.21339999999999998,110.51999999999998,5,3,4,2,1,0.3076923076923077,20,1,0,0.6592742442643439,526.9227354999158,-2.4099999999999997,14.008764419260965,6.157409602318461,3.5464818779754936,0,0,1,1,1,7,69.20880000000001,,True,True,True,True,True,L00301,c1cc(ccc1CN)COC(=O)N[C@H]2CC(=O)NC2=O,None,phthalimide
232.23899999999998,-0.2396000000000002,75.27000000000001,3,2,3,2,1,0.25,17,1,0,0.7061822722890712,456.07836242750983,-2.17,11.319407152511545,4.77714057675928,2.9009674576420568,0,0,1,1,1,5,59.843400000000024,,True,True,True,False,True,L00302,c1ccc(cc1)CC(=O)N[C@H]2CC(=O)NC2=O,None,phthalimide
377.35300000000007,-0.19109999999999888,150.9,6,4,8,2,1,0.35294117647058826,27,1,0,0.4583566388057615,745.3988573496748,-3.4300000000000006,19.88897435234839,9.318138617957276,6.765778137220777,0,0,1,1,1,10,90.03390000000003,,True,False,False,True,False,L00303,c1cc(ccc1CNC(=O)CCC(=O)O)COC(=O)N[C@H]2CC(=O)NC2=O,None,phthalimide
248.23799999999997,0.32789999999999997,84.5,4,2,3,2,1,0.25,18,1,0,0.754729338303983,472.22557143420147,-2.3699999999999997,12.096594758619297,5.307218033616936,3.065915803681809,0,0,1,1,1,6,61.31740000000002,,True,True,True,False,True,L00304,c1ccc(cc1)COC(=O)N[C@H]2CC(=O)NC2=O,None,phthalimide
255.274,-0.7301999999999988,96.53,5,3,3,2,0,0.7272727272727273,18,2,0,0.5777027481617862,352.197487923811,-1.6300000000000001,12.81730673024945,5.811255617204507,3.429019760467292,0,0,2,0,2,7,61.680100000000024,,True,True,True,False,True,L00305,C1C[C@@H](NC1)COC(=O)N[C@H]2CCC(=O)NC2=O,None,phthalimide
321.547,1.7916999999999998,75.27000000000001,3,2,2,2,1,0.18181818181818182,19,1,0,0.815548414454347,565.5432968925234,-1.2999999999999996,14.116368783779917,5.364833374604126,2.997037596857377,0,0,1,1,1,8,70.4929,,True,True,True,False,True,L00306,c1c(cc(c(c1Cl)C(=O)N[C@H]2CC(=O)NC2=O)Cl)Cl,None,phthalimide
196.206,-0.5161000000000009,75.27000000000001,3,2,2,1,0,0.4444444444444444,14,1,0,0.4608349794908067,316.01875639366216,-1.6500000000000001,10.43097165991903,4.039034872808511,2.687147057294953,0,0,1,0,1,5,49.12840000000001,,True,True,True,False,False,L00307,CC(=CC(=O)N[C@H]1CC(=O)NC1=O)C,None,Michael_acceptor_1; phthalimide
283.328,0.03530000000000044,110.52000000000001,5,3,3,2,0,0.7692307692307693,20,1,0,0.6330934720425775,391.07750711629194,-1.63,14.772348740088205,6.693864511461339,4.192825911009307,0,0,2,0,2,7,70.58880000000002,,True,True,True,True,True,L00308,C1CC(=O)NC(=O)[C@H]1NC(=O)OCC2CCC(CC2)N,None,phthalimide
213.24,2.7256,54.02,2,2,2,2,2,0.0,16,0,0,0.8054091984666043,412.70479345074943,-2.3599999999999994,10.167785242915583,4.929027243087918,2.8139846453989157,0,0,0,2,0,4,63.32040000000003,,True,True,True,False,True,L00309,c1ccc(cc1)NC(=O)Nc2cccnc2,None,None
205.265,1.2079,46.84,5,0,2,2,2,0.5,15,0,0,0.738948272696467,473.6175255062692,-1.6500000000000001,9.888066505602836,3.4903013234318174,1.5357886228883035,0,0,0,2,0,5,59.84300000000003,,True,True,True,False,True,L00310,CC(C)N(C)c1c2cnn(c2ncn1)C,None,None
198.295,0.64622,41.050000000000004,5,1,1,2,1,0.75,13,0,0,0.7189874347603976,264.8626723823874,-0.6800000000000002,8.898055533010488,4.018926337011772,2.1632357465442174,0,0,1,1,1,5,54.34570000000002,,True,True,True,False,False,L00311,Cc1nc(sn1)N2CCCNCC2,None,None
462.3360000000001,6.751700000000002,70.91,3,2,5,5,5,0.04,32,0,0,0.3035288595078891,1437.8738158301526,-3.539999999999999,20.36755653956203,8.186785147631662,3.659593511234897,0,0,0,5,0,7,127.47900000000003,,True,True,False,False,False,L00312,c1ccc(cc1)c2c(n(cn2)Cc3ccc(cc3)Cl)c4c5ccc(cc5[nH]c4C(=O)O)Cl,None,None
223.23199999999994,0.1161000000000002,79.78,3,1,1,2,1,0.4,16,0,0,0.7336962478385907,380.0233348138892,-1.98,10.534892704090948,4.257498427033833,1.9993874756807606,0,0,1,1,1,6,55.76790000000002,,True,True,True,False,True,L00313,c1cc(oc1)C(=O)N2CCN(CC2)C(=O)N,None,None
582.7,5.370300000000005,127.87,7,2,12,4,4,0.20689655172413793,40,0,0,0.22984292001086756,1734.2000917500407,-4.089999999999999,28.906309019866146,11.970114330166728,6.5449142398992555,0,0,0,4,0,11,155.1719999999997,,False,False,True,False,False,L00314,CCOc1ccc(cc1)S(=O)(=O)Nc2cc(c(c3c2cccc3)NS(=O)(=O)c4ccc(cc4)OCC)CC(=O)C,sulfonamide_D(2),None
176.17499999999998,1.7451999999999996,48.150000000000006,4,0,2,2,2,0.1111111111111111,13,0,0,0.6988634515941828,384.27304209284534,-1.84,7.790843144044321,3.2643892755612196,1.37763609586988,0,0,0,2,0,4,46.286000000000016,,True,True,True,False,False,L00315,COc1ccccc1c2nnco2,None,None
592.6740000000004,4.264140000000003,133.07999999999998,9,1,2,7,4,0.36666666666666664,42,4,0,0.36239646354815686,1785.9743850572377,-4.0,28.135208220659816,11.008264462809917,5.210302457466919,0,9,3,4,0,12,153.80159999999975,,True,True,False,False,True,L00316,Cc1ccc2cc1[C@H]([N@@]3Cc4cc(ccc4OS3(=O)=O)OCCOCCn5c6ccc(c(c6nn5)C)[C@H]2CC(=O)O)C,None,None
550.6370000000003,3.8637200000000025,123.85,8,1,7,5,4,0.32142857142857145,39,2,0,0.367932069102907,1666.0883579357157,-3.9599999999999995,26.639347453641495,10.308328775708487,5.067571502556048,0,0,1,4,0,11,144.46359999999987,,True,True,True,False,True,L00317,Cc1ccc(cc1CN2C[C@H](Oc3ccccc3S2(=O)=O)C)[C@H](CC(=O)O)c4cc5c(c(c4)OC)n(nn5)C,None,None
410.4300000000001,1.4587199999999994,121.7,7,2,6,4,3,0.3333333333333333,30,2,0,0.6307920888226087,1012.4634445519866,-3.4599999999999995,19.839088850068002,8.49914108549955,4.408346514769904,0,0,1,3,1,9,104.85450000000003,,True,True,True,True,True,L00318,Cc1cc(on1)CC(=O)N2C[C@@H](C[C@H]2C(=O)NCc3ccc(cc3)c4cnco4)O,None,None
173.21199999999996,0.6218000000000001,66.4,2,2,4,0,0,0.75,12,1,0,0.6545994633391511,177.1417863019849,-1.06,10.94,4.744526419642195,4.709164697585968,0,0,0,0,0,4,44.69550000000001,,True,True,True,False,False,L00319,CC(C)C[C@@H](C(=O)O)NC(=O)C,None,None
175.19099999999997,1.5212999999999997,57.78,2,2,1,2,2,0.1111111111111111,13,0,0,0.6899345111749862,446.8114695530149,-1.8399999999999999,7.790843144044321,2.895010133611532,1.5109242748560792,0,0,0,2,0,4,50.39740000000001,,True,True,True,False,False,L00320,CC(=O)Nc1ccc2cn[nH]c2c1,None,None
245.253,3.0920200000000007,49.33,2,2,2,2,2,0.07142857142857142,18,0,0,0.8537028153163023,596.0979048590729,-2.3599999999999994,12.106323039940829,4.873880457282246,2.6568221965606567,0,0,0,2,0,4,67.19700000000002,,True,True,True,False,True,L00321,Cc1ccc(cc1O)NC(=O)c2cccc(c2)F,None,None
223.19999999999996,0.9354,69.39,3,1,3,1,1,0.14285714285714285,14,0,0,0.828393987469873,418.6980133716519,-1.2100000000000002,10.868186082877248,3.887793006992214,2.640555134112833,0,0,0,1,0,7,44.44720000000001,,True,True,True,False,True,L00322,c1ccc(c(c1)OC(F)F)S(=O)(=O)N,None,None
506.55500000000046,2.6707000000000005,124.45000000000002,6,2,7,5,2,0.42857142857142855,37,3,0,0.5534328381943912,1207.786514608078,-3.72,24.9516093499604,10.335487024614594,4.4799985953096915,0,0,3,2,1,9,132.07360000000006,,True,True,True,False,True,L00323,c1ccc2c(c1)C(=O)N(C2=O)C[C@@H]3c4cccc(c4CCN3C(=O)[C@@H]5CCCC[C@@H]5C(=O)O)OCCO,None,phthalimide
477.5170000000004,1.2912,130.24,6,2,7,5,2,0.38461538461538464,35,3,0,0.5782378611226515,1176.3233306108982,-3.72,23.04206158956402,9.144702540378217,3.8528969911850455,0,0,3,2,1,9,124.39820000000006,,True,True,True,True,True,L00324,c1ccc2c(c1)C(=O)N(C2=O)C[C@@H]3c4cccc(c4CCN3C(=O)[C@@H]5CC[C@@H]5C(=O)N)OCCO,None,phthalimide
219.23099999999997,1.4841,29.540000000000003,2,0,3,2,0,0.9,15,2,0,0.7192482619458131,235.57688747399035,-0.7100000000000002,10.796107985957985,4.428711845919409,2.450934429320041,0,0,2,0,2,5,49.367000000000026,,True,True,True,False,True,L00325,C1C[C@@H]2CN(C[C@@H]2C1)C(=O)COC(F)F,None,None
696.7449999999997,7.0847000000000095,76.53,6,0,6,6,2,0.5,47,5,0,0.3228229092273492,1627.8503217309042,-3.0099999999999993,33.87458421660719,13.126420281368711,5.970584891628357,0,0,4,2,2,11,189.10199999999938,,False,True,False,False,False,L00326,CC[C@@H]1CC[C@H](N1C(=O)C2=C(N3[C@@H]([C@](N=C3S2)(C)c4ccc(cc4)Cl)c5ccc(cc5)Cl)C(C)C)C(=O)N6CCN([C@@H](C6)C)C(=O)C,None,None
236.21799999999993,2.2406999999999995,47.28,2,2,2,1,1,0.125,15,0,0,0.7729700922288336,367.14956885687144,-1.5,11.574074074074074,4.347468770545694,4.026661796932067,0,0,0,1,0,7,53.5331,,True,True,True,False,True,L00327,c1ccc(c(c1)NC(=S)N)OC(F)(F)F,None,Thiocarbonyl_group
248.285,3.4871000000000025,41.99,2,1,2,3,3,0.0,19,0,0,0.7539156450838604,722.9102718356872,-2.6799999999999993,11.412656509219886,4.9002405356772964,2.44825826609155,0,0,0,3,0,3,76.13820000000004,,True,True,True,False,True,L00328,c1ccc(cc1)C(=O)Nc2ccc3c(c2)cccn3,None,None
593.5110000000002,6.399500000000006,83.47000000000001,5,1,6,5,3,0.25806451612903225,41,2,0,0.3356294475190789,1505.5023807446917,-4.009999999999999,28.516235193477176,11.845474574962108,5.756367563767704,0,0,2,3,1,10,159.7716999999996,,False,True,False,False,False,L00329,CC(C)Oc1cc(ccc1C2=N[C@H]([C@H](N2C(=O)N3CCNC(=O)C3=C)c4ccc(cc4)Cl)c5ccc(cc5)Cl)OC,None,Michael_acceptor_1
322.15,-0.12170000000000042,152.58999999999997,5,5,4,2,2,0.2222222222222222,20,0,0,0.4882930867229444,708.7262196192974,-1.0500000000000003,15.340952318138704,4.749993552561589,2.4503444988855274,0,0,0,2,0,11,67.93400000000001,,True,False,False,True,False,L00330,c1ccn2c(c1)ncc2CC(O)(P(=O)(O)O)P(=O)(O)O,None,phosphor
194.18599999999998,1.61852,63.60000000000001,3,1,2,1,1,0.2,14,0,0,0.5735408372550064,381.70843012639205,-1.8399999999999999,10.242236842105264,3.9121639199960874,2.097507873519778,0,0,0,1,0,4,49.44730000000001,,True,True,True,False,False,L00331,Cc1cccc(c1OC(=O)C)C(=O)O,None,phenol_ester
278.356,-0.642199999999999,82.26,4,4,8,1,1,0.42857142857142855,20,0,0,0.5096081327911819,390.30497326010345,-1.9200000000000002,16.135309734513275,9.058615311909263,6.306316486572994,0,0,0,1,0,6,77.98880000000004,,True,True,True,False,True,L00332,CNCC(=O)NCc1ccc(cc1)CNC(=O)CNC,None,None
278.356,-0.642199999999999,82.26,4,4,8,1,1,0.42857142857142855,20,0,0,0.5096081327911819,411.30497326010345,-1.9200000000000002,16.135309734513275,9.058615311909263,6.306316486572994,0,0,0,1,0,6,77.98880000000004,,True,True,True,False,True,L00333,CNCC(=O)NCc1cccc(c1)CNC(=O)CNC,None,None
577.5280000000004,4.331200000000003,82.7,5,3,6,5,2,0.5172413793103449,39,4,0,0.4765057162107777,1263.579152058009,-2.229999999999999,28.30414805225074,10.975493685154913,5.295279211675925,1,0,3,2,2,10,150.96309999999983,,True,True,True,False,True,L00334,CC(C)(C)C[C@@H]1[C@]2(c3ccc(cc3NC2=O)Cl)[C@@H]([C@@H](N1)C(=O)NCCN4CCOCC4)c5cccc(c5F)Cl,None,None
250.32299999999998,1.4136999999999995,72.19,4,2,3,2,1,0.3333333333333333,17,1,0,0.48318502758463594,447.88669856376447,-1.4899999999999998,11.979880229701283,5.226694549695174,3.2311905971725716,0,0,1,1,1,5,67.45210000000002,,True,True,True,False,True,L00335,c1cc(cc(c1)SC[C@H]2CCC(=O)NC2=O)N,None,aniline; phthalimide
386.814,3.215700000000001,100.86999999999999,3,3,6,3,3,0.10526315789473684,27,1,0,0.6058568630564916,989.1008153320547,-3.189999999999999,18.5966174309595,8.007648135638703,4.321474536158322,0,0,0,3,0,8,99.4523,,True,True,True,True,True,L00336,c1ccc(c(c1)c2c(c[nH]n2)C(=O)N[C@@H](CC(=O)N)c3cccc(c3)Cl)F,None,None
267.3059999999999,0.5130999999999999,80.31,4,1,3,2,1,0.3333333333333333,18,1,0,0.809257411062251,565.0000237776586,-1.6900000000000002,12.758811074500034,4.8940698998948005,2.7594585314991535,0,0,1,1,1,6,64.36850000000003,,True,True,True,False,True,L00337,c1ccc(cc1)S(=O)(=O)C[C@H]2CCC(=O)NC2=O,None,phthalimide
195.59199999999998,-0.2455400000000001,64.65,3,0,1,0,0,0.0,8,0,0,0.42836790796002233,164.7028942458906,-0.337012987012987,7.6629870129870135,2.8472445571410856,1.640735786753993,0,0,0,0,0,5,17.976499999999998,,True,True,True,False,False,L00338,C(=O)[Fe](C#N)(C#N)[Ni],None,aldehyde; heavy_metal
239.70199999999994,2.7659200000000004,38.33,2,1,2,2,1,0.4166666666666667,16,1,0,0.8619868015125338,400.0052757475152,-1.06,11.426139207725331,4.849065828824612,2.3631436727336257,0,0,1,1,1,4,63.792700000000025,,True,True,True,False,True,L00339,Cc1c(cccc1Cl)NC(=O)[C@@H]2CCCO2,None,None
193.24999999999997,1.6416,46.92,3,1,3,2,1,0.6,14,0,0,0.7928572590822877,327.8630308994639,-1.32,9.243421223624363,3.817962024677998,1.784672662527392,0,0,1,1,1,4,53.871700000000025,,True,True,True,False,False,L00340,CCn1cc(cn1)NC(=O)C2CCC2,None,None
242.27799999999996,1.7597,62.22,3,2,4,2,2,0.14285714285714285,18,0,0,0.8583530789522547,509.0770177063586,-2.36,12.106323039940829,5.816413911391583,3.3149156081687883,0,0,0,2,0,4,68.38100000000003,,True,True,True,False,True,L00341,c1ccnc(c1)C(=O)NCCc2ccc(cc2)O,None,None
238.35600000000002,1.9143,23.55,3,0,2,2,1,0.5833333333333334,16,0,0,0.7855942555323375,339.91055052962446,-0.8700000000000001,11.610596086739443,4.974034419297382,2.441444541233511,0,0,1,1,1,4,66.93150000000004,,True,True,True,False,True,L00342,CC(C)N1CCN(CC1)C(=O)c2cccs2,None,None
180.232,1.8871,48.14,4,1,1,2,2,0.125,12,0,0,0.7285742310609614,410.3501069254241,-1.29,7.364006115628107,2.6381691659136877,1.0985182192041532,0,0,0,2,0,4,50.58440000000001,,True,True,True,False,False,L00343,COc1ccc2c(c1)nc(s2)N,None,None
246.30999999999992,1.33252,63.400000000000006,2,1,2,2,1,0.42857142857142855,18,0,0,0.8553275191987832,462.6167252520632,-1.8399999999999999,12.612616536532622,5.207530810052191,2.6959532537342836,0,0,1,1,1,4,69.00090000000003,,True,True,True,False,True,L00344,Cc1cccc(c1)C(=O)N2CCC(CC2)C(=O)N,None,None
166.176,1.2878,46.53,2,1,4,1,1,0.2222222222222222,12,0,0,0.7325968346330823,243.21037742768323,-1.35,8.743896713615024,4.512097517536597,3.1634277992157354,0,0,0,1,0,3,43.73380000000002,,True,True,True,False,False,L00345,c1ccc(cc1)COCC(=O)O,None,None
223.25099999999995,1.0264000000000002,49.57,2,1,1,2,1,0.36363636363636365,16,0,0,0.7725713186157634,371.3209943614489,-1.78,10.728356630134291,4.384126812949213,2.2376468432049186,0,0,1,1,1,5,59.76940000000002,,True,True,True,False,True,L00346,c1cc(ccc1N2CCN(CC2)C(=O)N)F,None,None
215.27399999999997,0.51,50.52,4,0,2,2,1,0.5555555555555556,14,0,0,0.7209854067516083,368.1993827088979,-0.81,9.733912004652453,3.744477633359753,2.3597383468309348,0,0,1,1,1,5,52.638800000000025,,True,True,True,False,True,L00347,c1cc(oc1)CN2CCS(=O)(=O)CC2,None,None
606.8220000000001,5.6784400000000055,102.03999999999999,10,0,11,5,4,0.4666666666666667,42,0,0,0.21780100525555227,1624.9950621539044,-3.6399999999999997,29.838736599193386,12.701131241100011,6.239353248033138,0,0,1,4,0,12,166.38099999999955,,False,False,True,False,False,L00348,CCCn1cc(nn1)CN(C)C(=O)c2cc(c(s2)C)C3=C(CCC3)c4cc(sc4C)C(=O)N(C)Cc5cn(nn5)CC,None,None
342.40600000000006,3.8908000000000023,61.42,6,0,2,5,4,0.2,26,0,0,0.4881679441929306,1031.2942786168533,-3.2799999999999994,15.012570547527696,5.623721230040026,1.923652206863148,0,0,1,4,0,6,100.252,,True,True,True,True,True,L00349,CCn1c-2c(nn1)-c3ccccc3-c4c(nnn4CC)-c5c2cccc5,None,None
282.3329999999999,-0.9459999999999973,86.61000000000001,7,2,16,0,0,1.0,19,0,0,0.35308031952272856,141.01332489488257,-0.28,18.72,17.72,17.719999999999995,0,0,0,0,0,7,68.26660000000004,,True,False,True,False,True,L00350,C(COCCOCCOCCOCCOCCO)O,None,Aliphatic_long_chain
415.117,3.9361000000000006,63.24,4,1,3,2,2,0.0,20,0,0,0.8266844069205077,773.7254682067874,-0.5999999999999999,15.782545174932716,6.027943213296398,3.5321096485931647,0,0,0,2,0,9,83.13300000000001,,True,True,True,True,True,L00351,c1cc(c(cc1Cl)Cl)C(=O)NS(=O)(=O)c2ccc(s2)Br,None,None
291.08799999999997,1.2456,63.31999999999999,2,2,3,1,1,0.2222222222222222,13,1,0,0.8237344760298349,296.9879407824652,-0.6200000000000001,10.460775444264943,4.569926069046947,3.314731798914403,0,0,0,1,0,4,58.4742,,True,True,True,False,True,L00352,c1cc(ccc1C[C@@H](C(=O)O)N)I,None,iodine
468.55700000000024,4.564720000000004,88.32,5,1,6,5,4,0.2857142857142857,35,1,0,0.44803405045927847,1410.7522632365256,-3.999999999999999,22.775510204081634,9.330621301775148,4.295105916727539,0,0,1,4,0,7,133.36329999999995,,True,True,True,True,True,L00353,CCn1c2ccc(c(c2nn1)C)[C@@H](CC(=O)O)c3ccc4c(c3)CN(CC4)C(=O)c5ccccc5,None,None
326.4650000000001,4.4436000000000035,23.550000000000004,4,0,5,3,2,0.3157894736842105,23,0,0,0.7577920516947434,727.0595940136393,-1.7799999999999994,16.091008019015952,6.768441220317652,3.4327361220295463,0,0,1,2,0,4,97.18850000000006,,True,True,True,True,True,L00354,CC(=O)c1ccc2c(c1)N(c3ccccc3S2)CCCN(C)C,None,None
179.18299999999996,-0.7079,113.58,4,4,1,2,2,0.14285714285714285,13,0,0,0.4627405457117405,497.04247778614615,-1.8199999999999998,7.80985162356659,2.595645524948534,1.0743429389412906,0,0,0,2,0,6,49.018199999999986,,True,True,True,False,False,L00355,c1c(c2c([nH]1)N=C(NC2=O)N)CN,None,None
209.22,1.4352000000000003,29.540000000000003,2,0,2,2,1,0.36363636363636365,15,1,0,0.7371291320164628,380.6056003241696,-1.5799999999999998,9.955548369597627,3.8845644213917137,2.0869206736736285,0,0,1,1,1,4,53.07000000000002,,True,True,True,False,True,L00356,CN1CC[C@@H](C1=O)Oc2cccc(c2)F,None,None
238.262,1.7141,32.78,3,0,1,2,1,0.4166666666666667,17,0,0,0.7464033296628856,385.99703155093454,-1.7799999999999996,11.698014233998917,5.033550121888878,2.666416507736872,0,0,1,1,1,5,62.59100000000003,,True,True,True,False,True,L00357,COC(=O)N1CCN(CC1)c2ccc(cc2)F,None,None
340.40800000000013,2.6075,111.77,4,3,4,3,3,0.11764705882352941,24,0,0,0.677415870545911,1044.62433680725,-2.8199999999999994,16.052453343715868,5.998279482663834,2.7308809585474147,0,0,0,3,0,7,92.89260000000002,,True,True,True,True,True,L00358,Cc1ccc(c2c1c(c[nH]2)C#N)NS(=O)(=O)c3ccc(cc3)CN,None,None
639.6300000000001,4.289500000000003,143.41,8,1,11,4,4,0.18518518518518517,43,0,0,0.25426343842222493,1849.6587697221228,-4.5699999999999985,31.367519171165934,11.96635566697434,6.591261669460808,0,0,0,4,0,16,150.48539999999977,,True,False,False,False,False,L00359,COc1ccc(cc1)S(=O)(=O)N(CC(=O)O)c2c3ccccc3c(cn2)N(CC(F)(F)F)S(=O)(=O)c4ccc(cc4)OC,None,None
490.5820000000003,0.1589000000000027,125.11999999999999,7,2,3,3,1,0.5217391304347826,34,3,0,0.5784077308603535,968.5336672227755,-3.08,25.541300726825522,11.366903146892026,6.074483086868069,0,0,2,1,1,11,125.85090000000007,,True,True,True,False,True,L00360,CC(=O)N1CCC[C@H]1C(=O)N[C@@H]2COC(=O)c3ccccc3CSC[C@@H](NC2=O)C(=O)N(C)C,None,None
267.28499999999997,-0.7666799999999994,95.67,5,2,3,2,1,0.5833333333333334,19,2,0,0.7497283247446879,485.07397522638746,-1.8900000000000001,13.539548732956249,5.395239465766684,2.9257095305079823,0,0,1,1,1,7,65.13550000000004,,True,True,True,False,True,L00361,Cc1cc(on1)CC(=O)N2C[C@@H](C[C@H]2C(=O)NC)O,None,None
508.01500000000027,3.2404200000000025,114.13000000000001,7,2,10,3,2,0.56,35,4,0,0.4743044785419521,1026.3811293775143,-2.6199999999999997,26.9755916169452,11.877534679109662,6.5351352104104645,0,0,1,2,1,10,130.32450000000006,,True,True,True,False,True,L00362,Cc1cc(on1)[C@@H](C(C)C)C(=O)N2C[C@@H](C[C@H]2C(=O)N[C@@H](C)c3ccc(cc3OCCOC)Cl)O,None,Aliphatic_long_chain
556.6850000000003,3.457940000000002,127.02000000000001,9,2,11,4,3,0.5,39,3,0,0.3439997135493934,1288.5868155888738,-3.2799999999999994,28.721041595519434,12.715476304710918,6.657828134385504,0,0,1,3,1,11,146.44849999999985,,True,False,True,False,True,L00363,Cc1cc(on1)[C@@H](C(C)C)C(=O)N2C[C@@H](C[C@H]2C(=O)NCc3ccc(cc3OCCOC)c4c(ncs4)C)O,None,Aliphatic_long_chain
570.7120000000003,4.018940000000004,127.02000000000001,9,2,11,4,3,0.5172413793103449,40,4,0,0.3311739165078033,1321.3458503160175,-3.2799999999999994,29.69662489389472,12.924633547668892,6.5356571924130025,0,0,1,3,1,11,151.1594999999998,,True,False,True,False,True,L00364,Cc1cc(on1)[C@@H](C(C)C)C(=O)N2C[C@@H](C[C@H]2C(=O)N[C@@H](C)c3ccc(cc3OCCOC)c4c(ncs4)C)O,None,Aliphatic_long_chain
587.7180000000003,2.4067199999999995,140.73,7,4,9,4,2,0.5517241379310345,41,4,0,0.35529083159475855,1303.4107889299785,-3.3800000000000003,30.575645398829224,11.848954823857325,6.92353864352282,0,0,2,2,2,12,152.43789999999981,,True,False,False,False,True,L00365,Cc1c(scn1)c2ccc(cc2)[C@H](CC(=O)NC)NC(=O)[C@@H]3C[C@H](CN3C(=O)[C@H](C(C)(C)C)NC(=O)C4(CC4)F)O,None,None
484.57800000000015,3.2265400000000013,117.79,8,2,7,4,3,0.4166666666666667,34,3,0,0.4944828670982391,1156.3372205576982,-3.2399999999999993,23.902719166236164,9.94145490638021,4.972733090390052,0,0,1,3,1,10,126.00150000000005,,True,True,True,False,True,L00366,Cc1cc(on1)[C@@H](C(C)C)C(=O)N2C[C@@H](C[C@H]2C(=O)NOc3ccc(cc3)c4c(ncs4)C)O,None,Oxygen-nitrogen_single_bond
509.6320000000002,3.9225400000000037,113.08000000000001,9,2,6,5,3,0.46153846153846156,36,4,0,0.5177464307042067,1283.5024376123497,-3.2399999999999993,24.454223389429536,9.32756711120249,4.391781954990003,0,0,2,3,1,10,136.23849999999996,,True,True,True,False,True,L00367,Cc1cc(on1)[C@@H](C(C)C)C(=O)N2C[C@@H](C[C@H]2C3=NO[C@](N3)(C)c4ccc(cc4)c5c(ncs5)C)O,None,None
383.4290000000002,3.2487000000000013,101.29,5,2,6,4,3,0.15789473684210525,27,0,0,0.6803516760254926,1102.993263625392,-3.13,17.292166771076165,6.548690344560497,3.4325518935040464,0,0,1,3,1,8,99.74880000000006,,True,True,True,True,True,L00368,c1ccc(cc1)S(=O)(=O)Nc2cccc(c2)n3c(c(cn3)C(=O)O)C4CC4,None,None
517.5630000000002,4.121500000000002,129.79999999999998,6,2,9,5,4,0.14814814814814814,37,2,0,0.3415374382436693,1568.201481902756,-4.4399999999999995,24.26308452518327,9.548149716921136,4.704809078789189,0,0,1,4,1,10,135.67389999999997,,True,True,True,False,True,L00369,c1ccc(cc1)[C@H]2C[C@@H]2c3c(cnn3c4cccc(c4)N(CC(=O)O)S(=O)(=O)c5ccccc5)C(=O)O,None,None
407.4590000000002,2.730600000000001,118.44999999999999,7,2,6,5,4,0.15789473684210525,29,0,0,0.5072774087065419,1246.9767657077377,-3.5300000000000002,17.560489266948757,6.815942054759933,3.3787820397241615,0,0,1,4,1,10,105.96120000000002,,True,True,True,True,True,L00370,c1ccc(cc1)S(=O)(=O)Nc2cccc(c2)n3c(c(cn3)c4n[nH]nn4)C5CC5,None,None
497.5730000000002,4.070400000000002,129.8,6,2,11,4,3,0.32,35,0,0,0.4083433392985614,1343.7766463559644,-3.6599999999999997,24.464118030357966,9.908868542006822,5.217534378752657,0,0,1,3,1,10,129.71990000000005,,True,False,True,False,True,L00371,CCCCc1ccc(cc1)S(=O)(=O)N(CC(=O)O)c2cccc(c2)n3c(c(cn3)C(=O)O)C4CC4,None,None
463.6220000000002,5.902900000000006,75.43,4,1,8,5,2,0.6071428571428571,34,3,0,0.5285440499368653,1041.267355882244,-2.6300000000000003,23.127781884770947,9.927355024783461,4.640782604997974,0,0,3,2,3,6,131.45730000000006,,True,True,False,False,False,L00372,CCCC[C@H]1CCCN1C(=O)[C@H]2CCC[C@H](C2)c3cccc(c3)n4c(c(cn4)C(=O)O)C5CC5,None,None
441.4650000000002,2.727800000000001,129.8,6,2,8,4,3,0.19047619047619047,31,0,0,0.5496141759864279,1249.129288882057,-3.6599999999999997,20.60624687294816,7.876203576090031,4.015349221244112,0,0,1,3,1,10,111.10790000000004,,True,True,True,True,True,L00373,c1ccc(cc1)S(=O)(=O)N(CC(=O)O)c2cccc(c2)n3c(c(cn3)C(=O)O)C4CC4,None,None
228.25099999999995,2.4478999999999997,55.120000000000005,3,1,3,3,2,0.23076923076923078,17,0,0,0.8773926856548896,556.053368702403,-2.0999999999999996,10.07958054689962,3.7307446654086234,1.7128105394140325,0,0,1,2,1,4,62.49830000000002,,True,True,True,False,True,L00374,c1ccc(cc1)n2c(c(cn2)C(=O)O)C3CC3,None,None
471.4910000000002,2.7364000000000006,139.03,7,2,9,4,3,0.22727272727272727,33,0,0,0.4856464294636353,1329.262342627226,-3.8599999999999994,22.338087551777402,8.583679144533846,4.3954857703038765,0,0,1,3,1,11,117.65990000000006,,True,True,False,True,True,L00375,COc1cccc(c1)S(=O)(=O)N(CC(=O)O)c2cccc(c2)n3c(c(cn3)C(=O)O)C4CC4,None,None
439.53700000000026,4.482380000000004,101.29,5,2,6,4,3,0.30434782608695654,31,0,0,0.5895597977767578,1278.3460517883677,-3.13,21.115386858524246,7.529668315679813,3.830398071667217,0,0,1,3,1,8,118.69680000000005,,True,True,True,True,True,L00376,Cc1cc(c(c(c1C)S(=O)(=O)Nc2cccc(c2)n3c(c(cn3)C(=O)O)C4CC4)C)C,None,None
497.57300000000026,3.9614800000000026,129.8,6,2,8,4,3,0.32,35,0,0,0.48168650418831793,1427.8205150230076,-3.6599999999999997,24.464118030357966,8.844973321237388,4.40930514127406,0,0,1,3,1,10,130.05590000000004,,True,True,True,False,True,L00377,Cc1cc(c(c(c1C)S(=O)(=O)N(CC(=O)O)c2cccc(c2)n3c(c(cn3)C(=O)O)C4CC4)C)C,None,None
547.5890000000003,4.130100000000003,139.03,7,2,10,5,4,0.17857142857142858,39,2,0,0.30218783563248663,1650.6394795728966,-4.639999999999999,25.986515063375233,10.25681450625998,5.080404521118382,0,0,1,4,1,11,142.22589999999988,,True,True,False,False,True,L00378,COc1cccc(c1)S(=O)(=O)N(CC(=O)O)c2cccc(c2)n3c(c(cn3)C(=O)O)[C@H]4C[C@@H]4c5ccccc5,None,None
425.5100000000002,4.201200000000003,101.29,5,2,8,4,3,0.2727272727272727,30,0,0,0.5631704573427228,1179.3466459734614,-3.13,20.155337679660633,7.947597421449154,4.088768777897329,0,0,1,3,1,8,113.74380000000005,,True,True,True,True,True,L00379,CCCc1ccc(cc1)S(=O)(=O)Nc2cccc(c2)n3c(c(cn3)C(=O)O)C4CC4,None,None
342.35100000000006,2.835300000000001,95.94000000000001,4,2,5,2,2,0.16666666666666666,25,0,0,0.8708950923722892,784.3083635449905,-3.3499999999999996,17.995403954017608,7.959719009006984,4.8081580140880185,0,0,0,2,0,7,91.66850000000007,,True,True,True,True,True,L00380,CN(C)C(=O)c1ccccc1NC(=O)OCc2ccc(cc2)C(=O)O,None,None
275.34799999999996,2.6201,47.56,3,1,4,3,1,0.5625,20,1,0,0.9185493295282857,494.49539394598946,-1.71,13.281269762422207,5.732859086712495,2.738743049573185,0,0,2,1,2,4,76.24570000000004,,True,True,True,True,True,L00381,COc1ccc(cc1OC2CCCC2)[C@H]3CC(=O)NC3,None,None
234.29899999999992,1.4771999999999998,41.57000000000001,3,1,3,2,1,0.46153846153846156,17,0,0,0.8609280828414284,369.5107816340443,-1.3900000000000001,12.077139146064711,5.795046599289367,3.835810659287732,0,0,1,1,1,4,66.84170000000003,,True,True,True,False,True,L00382,CC(=O)Nc1ccc(cc1)CN2CCOCC2,None,None
183.27999999999997,1.83682,29.020000000000003,4,0,1,2,1,0.75,12,0,0,0.6649077173945752,252.56058090719827,-0.6400000000000001,7.9810659712403496,3.391133242866793,1.5780939551723205,0,0,1,1,1,4,50.71000000000003,,True,True,True,False,False,L00383,Cc1nnc(s1)N2CCCCC2,None,None
197.241,2.1115,41.61,3,0,2,2,2,0.16666666666666666,15,0,0,0.7394750281926289,505.58093802847225,-2.0799999999999996,9.474069229752939,3.9708114728086206,2.050110401449648,0,0,0,2,0,3,57.22300000000003,,True,True,True,False,False,L00384,Cc1nccn1Cc2cccc(c2)C#N,None,None
226.301,0.7163999999999999,63.400000000000006,3,1,1,2,1,0.4,15,0,0,0.7669857741342729,482.1957975356599,-1.07,10.44788901903906,3.5000262597879854,1.9801449265329965,0,0,1,1,0,5,59.40620000000003,,True,True,True,False,True,L00385,CN1CCCc2c1cc(cc2)S(=O)(=O)N,None,None
199.23499999999993,0.010499999999999954,55.32000000000001,5,0,1,2,1,0.5714285714285714,13,0,0,0.6390479597760292,281.9375784298811,-1.01,8.582153258176332,3.7996352769225825,1.8368200746918535,0,0,1,1,1,6,46.63150000000002,,True,True,True,False,False,L00386,c1c(nns1)C(=O)N2CCOCC2,None,None
184.62199999999999,2.3571999999999997,37.3,1,1,3,1,1,0.2222222222222222,12,0,0,0.7832627946448024,266.36195376207496,-1.02,9.071074681238617,4.117834347453239,2.92595590266905,0,0,0,1,0,3,47.408800000000014,,True,True,True,False,False,L00387,c1cc(ccc1CCC(=O)O)Cl,None,None
208.21299999999997,2.00862,63.60000000000001,3,1,3,1,1,0.2727272727272727,15,0,0,0.6092028738670213,395.5744368852867,-1.8399999999999999,11.235987841945288,4.592300258107086,2.5561214143283504,0,0,0,1,0,4,54.06430000000002,,True,True,True,False,True,L00388,CCC(=O)Oc1c(cccc1C(=O)O)C,None,phenol_ester
220.22399999999996,2.0086199999999996,63.60000000000001,3,1,3,2,1,0.3333333333333333,16,0,0,0.6247550929487274,446.33202436150617,-1.8399999999999999,10.670299983987857,3.9626300355797675,2.0530637405350065,0,0,1,1,1,4,56.49730000000002,,True,True,True,False,True,L00389,Cc1cccc(c1OC(=O)C2CC2)C(=O)O,None,phenol_ester
190.24599999999998,1.1592999999999998,41.13,2,2,1,2,1,0.36363636363636365,14,1,0,0.6973649780395165,348.89569750765924,-1.51,9.061051450131087,3.6982578073423995,1.8677941127334694,0,0,1,1,0,3,56.24040000000002,,True,True,True,False,False,L00390,CC(=O)N[C@@H]1Cc2ccccc2NC1,None,None
217.26500000000001,0.9173999999999998,46.17,2,1,4,1,1,0.3333333333333333,14,0,0,0.8147232255052093,385.7779106905112,-0.9400000000000002,11.136569678407351,4.522952947539211,4.33970298181322,0,0,0,1,0,5,52.95050000000003,,True,True,True,False,True,L00391,CS(=O)(=O)NCCc1ccc(cc1)F,None,None
249.295,1.4646,85.08,4,2,3,2,2,0.0,17,0,0,0.8064259489968827,594.3734869483202,-2.0799999999999996,11.406730133077446,4.423184305985764,2.7292394172155015,0,0,0,2,0,6,65.89990000000003,,True,True,True,False,True,L00392,c1ccnc(c1)NS(=O)(=O)c2ccc(cc2)N,None,aniline
351.4460000000002,3.7485200000000027,66.4,2,2,6,3,2,0.36363636363636365,26,1,0,0.8328736588483048,795.5347011220716,-2.6199999999999997,18.179479123004096,8.172592161786381,4.718858609761886,0,0,1,2,0,4,101.10350000000005,,True,True,True,True,True,L00393,Cc1ccc(cc1)[C@H](CC(=O)O)NC(=O)Cc2ccc3c(c2)CCCC3,None,None
365.4730000000002,3.9945200000000023,66.4,2,2,6,3,2,0.391304347826087,27,2,0,0.8132025126411542,826.017146952164,-2.6199999999999997,19.15019199763646,8.380811585838725,4.760688829133731,0,0,1,2,0,4,105.65050000000006,,True,True,True,True,True,L00394,Cc1ccc(cc1)[C@H]([C@@H](C)C(=O)O)NC(=O)Cc2ccc3c(c2)CCCC3,None,None
493.68800000000033,6.997280000000007,98.39,4,2,1,5,0,0.7741935483870968,36,7,0,0.40975416418129956,1153.560996764945,-2.09,25.555005897361625,7.266311801540932,2.8787878291234352,0,0,5,0,3,5,137.7156,,True,True,False,False,False,L00395,C[C@@]12CC[C@]3(CCC(C[C@H]3[C@H]1C(=O)C=C4[C@]2(CC[C@@H]5[C@@]4(CC(=C(C5(C)C)O)C#N)C)C)(C)C)C(=O)O,None,None
383.4630000000002,4.462620000000003,66.4,2,2,6,3,2,0.391304347826087,28,3,0,0.7737889363407302,862.6511995752988,-2.6899999999999995,20.05481511420539,8.54797844281679,4.40694250739759,0,0,1,2,0,5,105.79550000000006,,True,True,True,True,True,L00396,Cc1ccc(cc1)[C@H]([C@@H](C)C(=O)O)NC(=O)[C@H](c2ccc3c(c2)CCCC3)F,None,None
210.25800000000004,1.1075,62.82,3,1,2,2,2,0.2222222222222222,14,0,0,0.8071295792608977,523.9505714104438,-1.36,9.205010620823694,3.09326302505859,1.9290471850066802,0,0,0,2,0,5,54.64150000000002,,True,True,True,False,True,L00397,CS(=O)(=O)Cc1[nH]c2ccccc2n1,None,None
179.21900000000002,0.9491999999999998,38.33,2,1,4,1,1,0.3,13,0,0,0.7469104858350698,258.88707266800486,-1.35,9.735836909871246,5.322785090367508,3.7128428985777355,0,0,0,1,0,3,50.16470000000003,,True,True,True,False,False,L00398,COCC(=O)NCc1ccccc1,None,None
450.5640000000002,2.9009400000000016,108.55000000000001,6,3,5,4,3,0.2916666666666667,32,2,0,0.5181487231129919,1142.4010224816598,-3.2299999999999986,21.981493254604107,9.097831358849913,4.37163983151679,0,0,1,3,1,8,125.17340000000002,,True,True,True,True,True,L00399,Cc1c(cccc1N)C(=O)N2C[C@@H](C[C@H]2C(=O)NCc3ccc(cc3)c4c(ncs4)C)O,None,aniline
161.15699999999998,-1.0434999999999999,86.63000000000001,3,3,3,0,0,0.6666666666666666,11,2,0,0.49293545418426526,165.9652183115396,-1.1,9.900000000000002,3.9223854247581387,3.5664422186684623,0,0,0,0,0,5,36.9213,,True,True,True,False,False,L00400,C[C@H]([C@@H](C(=O)O)NC(=O)C)O,None,None
476.3600000000001,4.787300000000003,102.5,3,3,7,3,3,0.2608695652173913,32,1,0,0.4270531440037173,1166.4384885405543,-3.03,23.629308762664593,9.221747760122481,5.230733456413557,0,0,0,3,0,9,123.96370000000003,,True,True,True,True,True,L00401,CC(C)(C)NC(=O)[C@H](c1c2ccc(cc2[nH]c1C(=O)O)Cl)N(Cc3ccc(cc3)Cl)C=O,indol_3yl_alk(461),aldehyde
201.25400000000002,2.686400000000001,41.57,3,1,1,3,3,0.0,14,0,0,0.6572828314318542,520.5285963600785,-1.68,7.698702287693893,2.9198356996713994,1.1176994158766638,0,0,0,3,0,4,57.20170000000002,,True,True,True,False,True,L00402,c1ccc2c(c1)[nH]c(n2)c3cscn3,None,None
419.4810000000001,2.4707200000000005,95.67,5,2,6,4,3,0.2916666666666667,31,2,0,0.6400140640297729,1046.2010738008896,-3.449999999999999,20.807898698439143,9.138396883374348,5.003827157019327,0,0,1,3,1,7,114.79350000000002,,True,True,True,True,True,L00403,Cc1cc(on1)CC(=O)N2C[C@@H](C[C@H]2C(=O)NCc3ccc(cc3)c4ccccc4)O,None,None
207.27699999999993,1.26762,49.25000000000001,4,1,2,2,1,0.6363636363636364,15,0,0,0.7930296972585065,334.60496077530087,-1.1600000000000001,10.360920365298131,4.5728303850156085,2.445233883326721,0,0,1,1,1,4,58.75580000000003,,True,True,True,False,True,L00404,Cc1cc(nc(n1)CO)N2CCCCC2,None,None
536.0030000000004,4.619380000000006,106.68,6,2,8,5,3,0.3448275862068966,38,1,0,0.435762242250978,1426.4077831311836,-3.3499999999999996,26.264817021433267,9.438115285975233,4.458367659282114,0,0,2,3,1,9,137.40709999999999,,True,True,True,False,True,L00405,CC(C)(c1cc2c(c(c1)F)[C@@](N(C2=O)Cc3ccc(cn3)C#N)(c4ccc(cc4)Cl)OCC5(CC5)CO)O,None,None
558.4370000000002,4.894100000000006,105.75000000000001,5,2,8,5,3,0.32142857142857145,38,1,0,0.40964471670484087,1419.7515348170443,-3.0399999999999996,26.56249653200882,9.307062897884784,4.452066904260354,0,0,2,3,1,10,139.81069999999994,,True,True,True,False,True,L00406,CC(C)(c1cc2c(c(c1)F)[C@@](N(C2=O)Cc3ccc(cn3)Cl)(c4ccc(cc4)Cl)OCC5(CC5)C(=O)N)O,None,None
531.4110000000003,5.153500000000006,82.89000000000001,5,2,7,5,3,0.3333333333333333,36,1,0,0.4407444700981732,1321.3405841317087,-2.5499999999999994,25.11434640936469,8.783414746446045,4.395548399350177,0,0,2,3,1,9,133.1331,,False,True,True,False,False,L00407,CC(C)(c1cc2c(c(c1)F)[C@@](N(C2=O)Cc3ccc(cn3)Cl)(c4ccc(cc4)Cl)OCC5(CC5)O)O,None,None
190.24599999999995,1.6688,41.99,2,1,3,2,1,0.45454545454545453,14,1,0,0.7873320868551066,319.31923325646994,-1.3800000000000001,9.185808681626959,3.780034888510211,2.1026320577188518,0,0,1,1,1,3,53.518700000000024,,True,True,True,False,False,L00408,C[C@@H](c1cccnc1)NC(=O)C2CC2,None,None
513.3770000000003,5.547800000000006,92.91000000000001,5,1,8,5,3,0.2692307692307692,35,1,0,0.3151667938359463,1292.0992252923704,-2.969999999999999,23.757020125163223,8.913560058354554,4.082913822816882,0,0,2,3,1,9,131.3587,,False,True,True,False,False,L00409,c1cc2c(c(c1)Cl)[C@@](N(C2=O)Cc3ccc(cc3)[N+](=O)[O-])(c4ccc(cc4)Cl)OCC5(CC5)CO,None,nitro_group; Oxygen-nitrogen_single_bond
545.4380000000003,5.401100000000007,82.89000000000001,5,2,8,5,3,0.35714285714285715,37,1,0,0.3962826929122377,1338.0283973139542,-2.5499999999999994,26.072866573886344,9.32785421608656,4.63914678301874,0,0,2,3,1,9,137.70209999999997,,False,True,True,False,False,L00410,CC(C)(c1cc2c(c(c1)F)[C@@](N(C2=O)Cc3ccc(cn3)Cl)(c4ccc(cc4)Cl)OCC5(CC5)CO)O,None,None
299.37399999999997,2.989200000000001,79.03,5,1,1,3,1,0.5882352941176471,22,3,0,0.8620281890277288,704.5909808356288,-2.09,14.830970211110094,4.977176053068,1.9005563179103053,0,0,2,1,0,5,81.53280000000004,,True,True,True,True,True,L00411,Cc1nc2c(c(n1)OC)CC[C@@H]3[C@@]2(CC(=C([C@H]3C)O)C#N)C,None,None
205.26099999999994,1.0934,38.25,4,0,1,3,1,0.6363636363636364,15,1,0,0.687675163129514,334.9460875329806,-1.1600000000000001,9.094017447199265,3.4504538999696353,1.5863347918464574,1,0,2,1,2,4,56.73100000000003,,True,True,True,False,True,L00412,c1cnc(cn1)N2CC[C@@]3(C2)CCOC3,None,None
175.15299999999996,2.1641000000000004,26.02,1,1,1,1,1,0.25,12,0,0,0.6949530682169607,250.00063728104428,-1.0300000000000002,9.061157702825888,3.1453589326261,1.9785425804280765,0,0,0,1,0,4,39.33540000000001,,True,True,True,False,False,L00413,c1cc(ccc1CN)C(F)(F)F,None,None
170.13899999999998,1.2891,46.53,2,1,3,1,1,0.125,12,0,0,0.7429395267835598,268.1363912728923,-1.5799999999999998,8.515969289827256,3.7082589546487332,2.5740375043587767,0,0,0,1,0,4,39.530800000000006,,True,True,True,False,False,L00414,c1cc(ccc1OCC(=O)O)F,None,None
399.4910000000002,2.0893,78.95,5,1,5,4,1,0.5909090909090909,29,3,0,0.7673354569691302,824.2754451973809,-2.41,19.88698649368336,8.143546964480224,3.8790400417242763,0,0,3,1,2,7,107.46320000000007,,True,True,True,True,True,L00415,CCN1CCCC[C@@H]1[C@@H](C)Oc2ccc3c(c2)CN(C3=O)[C@H]4CCC(=O)NC4=O,None,phthalimide
516.0370000000004,5.194900000000007,70.0,4,2,8,5,3,0.3225806451612903,37,1,0,0.4047622434990819,1364.3023250878505,-3.1399999999999992,25.50708636846792,9.308628043896611,4.557949873019518,0,0,2,3,1,6,142.8740999999999,,False,True,True,False,False,L00416,CC(C)(c1ccc2c(c1)C(=O)N([C@]2(c3ccc(cc3)Cl)OCC4(CC4)CO)Cc5ccc(cc5)C#C)O,None,triple_bond
177.24699999999999,1.6736199999999999,29.1,1,1,3,1,1,0.36363636363636365,13,0,0,0.747311246458708,293.8966824587665,-1.3099999999999998,9.775543199315653,4.651378356698753,3.2792261677717693,0,0,0,1,0,2,53.566700000000026,,True,True,True,False,False,L00417,Cc1ccccc1CCNC(=O)C,None,None
265.273,-1.7328999999999999,140.31,7,6,2,3,2,0.45454545454545453,19,4,0,0.3787230231885764,601.0282244832975,-1.7400000000000002,12.30181830533477,4.422633639339757,1.7667966294822195,0,0,1,2,1,8,67.0652,,True,False,False,False,False,L00418,c1c(c2c([nH]1)c(ncn2)N)[C@H]3[C@@H]([C@@H]([C@H](N3)CO)O)O,None,None
429.41000000000014,1.649299999999999,154.05999999999997,5,5,11,1,1,0.5,29,3,0,0.33278435565649517,742.230102248736,-2.4199999999999995,24.617622272385255,11.54986465250187,10.071046243444181,0,0,0,1,0,11,106.07420000000005,,True,False,False,True,False,L00419,CC(C)C[C@@H](C(=O)O)NC(=O)[C@H](C)N[P@](=O)(CNC(=O)OCc1ccccc1)O,None,phosphor
457.4640000000002,2.2853999999999997,154.05999999999997,5,5,12,1,1,0.55,31,3,0,0.29962470995115575,786.2379582113598,-2.4199999999999995,26.614989503149054,12.438059651607166,10.438218225221595,0,0,0,1,0,11,115.23820000000005,,True,False,False,True,False,L00420,CC(C)C[C@@H](C(=O)O)NC(=O)[C@H](C(C)C)N[P@](=O)(CNC(=O)OCc1ccccc1)O,None,phosphor
393.27,2.8852000000000007,69.64,3,2,4,3,2,0.2631578947368421,26,2,0,0.8395595278092016,810.6864614788276,-2.079999999999999,18.703393347050756,8.079273836199967,4.177633061223353,0,0,1,2,1,7,100.19900000000003,,True,True,True,True,True,L00421,c1ccc(c(c1)C(=O)N2C[C@@H](C[C@H]2C(=O)NCc3ccc(cc3)Cl)O)Cl,None,None
404.16100000000006,-2.6178999999999997,217.83999999999997,10,6,6,2,1,0.5555555555555556,25,5,0,0.26857460743939654,828.3650127224754,-1.1800000000000004,20.135827544135665,7.209648149519533,5.151483865887606,0,0,1,1,1,16,76.1527,,True,False,False,False,False,L00422,C1=CN(C(=O)NC1=O)[C@H]2[C@@H]([C@@H]([C@H](O2)CO[P@@](=O)(O)OP(=O)(O)O)O)O,None,phosphor
206.205,0.9688199999999998,72.95000000000002,5,1,2,2,2,0.2222222222222222,15,0,0,0.7940644585556812,485.77361478336684,-2.11,9.445221241048015,3.5642490939988947,2.037708881277223,0,0,0,2,0,6,52.40120000000002,,True,True,True,False,True,L00423,Cc1cc(no1)C(=O)Nc2cnn(c2)C,None,None
202.21699999999998,0.6214999999999999,59.290000000000006,4,1,2,3,2,0.3,15,0,0,0.7762406987993935,514.8716748824299,-1.9099999999999997,8.402601528008883,3.0471789631330406,1.4545250021832175,0,0,1,2,1,5,53.47520000000002,,True,True,True,False,True,L00424,c1cnc2c(cnn2c1)C(=O)NC3CC3,None,None
185.24799999999996,1.1318,46.17,3,1,2,1,1,0.25,12,0,0,0.75096252565578,370.39917967727655,-1.03,9.06115770282589,3.1453589326261007,1.7644645267618173,0,0,0,1,0,4,49.09850000000002,,True,True,True,False,False,L00425,CNc1ccccc1S(=O)(=O)C,None,None
205.217,0.8964399999999999,60.92,5,0,2,2,2,0.3,15,0,0,0.7302649108923454,527.4589253057317,-1.91,9.637630285083068,3.684083964122623,2.1209724791889277,0,0,0,2,0,5,53.57600000000002,,True,True,True,False,True,L00426,Cc1cc(on1)CN2C(=O)C=CC(=N2)C,None,None
205.21299999999994,1.3074999999999997,47.56,3,1,2,3,1,0.36363636363636365,15,0,0,0.7913696972093972,412.2941029194761,-1.71,8.586452581676854,3.152968484480343,1.6259857587694784,0,0,2,1,1,4,53.053200000000025,,True,True,True,False,True,L00427,c1cc2c(cc1C(=O)NC3CC3)OCO2,None,None
165.19599999999997,0.6456999999999999,48.99,2,1,1,2,1,0.5,12,0,0,0.663665791589526,261.8401569753606,-1.32,7.3356108087821355,2.9663520408163264,1.1971293992644663,0,0,1,1,1,4,43.725200000000015,,True,True,True,False,False,L00428,c1c(cn[nH]1)C(=O)N2CCCC2,None,None
239.31799999999996,2.4525,23.47,2,1,3,3,2,0.25,18,0,0,0.8890214301624431,451.52011442159846,-1.6399999999999997,11.450392584048869,4.924947407178895,2.1710061107414336,0,0,1,2,1,2,72.30680000000004,,True,True,True,False,True,L00429,c1ccc(cc1)C(c2ccccc2)N3CC(C3)O,None,None
461.8520000000002,2.5092,95.58000000000001,4,2,5,4,2,0.2727272727272727,32,1,0,0.6687447277553065,1120.6590554495015,-3.3299999999999996,21.885167984411396,8.308688898693326,4.075122988866283,0,0,2,2,1,10,109.67990000000005,,True,True,True,True,True,L00430,c1cc(ccc1C(C(=O)NCc2ccc3c(c2)CN(C3=O)[C@H]4CCC(=O)NC4=O)(F)F)Cl,None,phthalimide
186.211,-1.2858999999999992,69.64,3,2,1,1,0,0.75,13,2,0,0.5352937990540846,229.42902886828625,-1.1,9.984033613445378,3.740446763068521,1.9765779171722264,0,0,1,0,1,5,45.86550000000002,,True,True,True,False,False,L00431,CC(=O)N1C[C@@H](C[C@H]1C(=O)NC)O,None,None
156.141,-1.3792999999999993,80.47,3,1,2,1,0,0.5,11,0,0,0.5001721709576765,207.8672853331354,-1.3900000000000001,7.714058272632674,2.691883215706133,1.5438328023602208,0,0,1,0,1,5,35.148399999999995,,True,True,True,False,False,L00432,C1CC(=O)N(C1=O)CC(=O)N,None,phthalimide
169.24899999999997,1.3205999999999998,35.25,3,1,1,2,1,0.5,11,1,0,0.6878364746091175,245.99502649683131,-0.38,7.278843883031511,2.929729638452294,1.1950157672556243,0,0,1,1,0,3,45.770400000000016,,True,True,True,False,False,L00433,c1csc2c1[C@H](OCC2)CN,None,None
281.267,1.7123999999999997,83.47,3,2,3,3,2,0.0625,21,0,0,0.7652252372114398,779.5964859970072,-2.9499999999999997,13.052605705188398,4.863909706783758,2.0837761914204513,0,0,1,2,0,5,75.27950000000001,,True,True,True,True,True,L00434,c1ccc2c(c1)-c3c(cccc3C(=O)NCC(=O)O)C2=O,None,None
209.991,2.2257000000000002,50.19,2,1,1,1,1,0.0,12,0,0,0.7225378951920364,342.5651246505103,-0.8700000000000001,9.219847259658579,3.2455048737993253,1.6490048336293148,0,0,0,1,0,6,41.1743,,True,True,True,False,True,L00435,c1c(c(nc(c1F)Cl)Cl)C(=O)O,None,2-halo_pyridine
177.17799999999997,2.3879200000000007,33.120000000000005,2,1,0,2,2,0.1,13,0,0,0.6697615652021532,467.67655358415965,-1.64,7.9810659712403496,2.6925643983083427,1.3268646791142802,0,0,0,2,0,3,48.102800000000016,,True,True,True,False,False,L00436,Cc1cc(c2cc(ccc2n1)F)O,None,None
357.36500000000007,3.4537000000000013,83.47,3,2,4,4,3,0.045454545454545456,27,1,0,0.5858842224079368,1072.680705470715,-3.729999999999999,16.72309557320259,6.533311936344783,2.7898017874521135,0,0,1,3,0,5,99.59550000000003,,True,True,True,True,True,L00437,c1ccc(cc1)[C@H](C(=O)O)NC(=O)c2cccc3c2-c4ccccc4C3=O,None,None
279.33900000000006,3.3800000000000017,37.38,2,0,3,3,2,0.2222222222222222,21,0,0,0.7367510696313433,729.7482272694524,-2.4199999999999995,13.557908864503739,5.167886430257662,1.9667755875891217,0,0,1,2,0,3,82.56200000000005,,True,True,True,True,True,L00438,CCN(CC)C(=O)c1cccc2c1-c3ccccc3C2=O,None,None
220.26799999999994,2.1489999999999996,57.53,2,2,3,2,1,0.46153846153846156,16,1,0,0.8201699463959887,368.0239133327884,-1.35,11.144850411864978,4.2577218835431205,1.7139373678838203,0,0,1,1,1,3,59.93260000000003,,True,True,True,False,True,L00439,c1ccc(cc1)[C@@](C2CCCC2)(C(=O)O)O,None,None
251.28499999999997,2.599800000000001,37.38,2,0,1,3,2,0.125,19,0,0,0.6663358845622456,701.6451631091498,-2.4199999999999995,11.658106370381013,4.054693701056934,1.58473145788515,0,0,1,2,0,3,73.32800000000003,,True,True,True,False,True,L00440,CN(C)C(=O)c1cccc2c1-c3ccccc3C2=O,None,None
574.6940000000003,3.746020000000002,111.63000000000001,6,3,6,5,2,0.5862068965517241,40,4,0,0.48687183249845073,1335.7716769846072,-2.92,28.603021553403764,10.483121268362817,5.498626746451818,0,0,3,2,2,11,146.65019999999987,,True,True,True,False,True,L00441,Cc1c(scn1)c2cc3c(cc2F)[C@H](CCC3)NC(=O)[C@@H]4C[C@H](CN4C(=O)[C@H](C(C)(C)C)NC(=O)C5(CC5)F)O,None,None
578.6820000000005,3.438220000000001,120.86000000000001,7,3,8,4,2,0.5714285714285714,40,4,0,0.441542482413792,1306.0986570394596,-3.12,29.852828213829053,11.040285919623956,5.971832412178012,0,0,2,2,2,12,145.93819999999988,,True,True,True,False,True,L00442,Cc1c(scn1)c2cc(c(cc2F)[C@H](C)NC(=O)[C@@H]3C[C@H](CN3C(=O)[C@H](C(C)(C)C)NC(=O)C4(CC4)F)O)OC,None,None
600.7380000000004,3.7271200000000024,136.25,10,2,14,4,3,0.5333333333333333,42,4,0,0.2653663214418403,1308.9839673197623,-3.3200000000000003,31.61206258450271,14.722763566004938,7.738567669416157,0,0,1,3,1,12,157.24149999999972,,True,False,False,False,False,L00443,Cc1c(scn1)c2ccc(cc2)[C@H](C)NC(=O)[C@@H]3C[C@H](CN3C(=O)[C@@H](c4cc(no4)OCCOCCOC)C(C)C)O,None,Aliphatic_long_chain
179.17199999999997,-2.623699999999999,110.02000000000001,5,5,6,0,0,0.8333333333333334,12,0,0,0.30508584838685715,136.6092086259113,-0.6900000000000002,11.31,5.0443117171804985,3.1395865581969775,0,0,0,0,0,6,39.626900000000006,,True,True,True,False,False,L00444,C(C(=O)O)NC(CO)(CO)CO,None,None
414.5530000000002,3.595500000000002,31.31,5,0,4,6,2,0.4230769230769231,31,0,0,0.7651748973522039,1059.3145925284732,-2.7899999999999996,18.937490087306777,7.127759408031554,3.057194402674241,0,0,4,2,2,5,126.14500000000004,,True,True,True,True,True,L00445,CN1CCN(CC1)c2ccc3c(c2)C=C(N4C3=NCC4)C5(CC5)c6ccc(cc6)OC,None,None
318.807,5.220800000000003,17.3,2,0,2,5,4,0.15,23,0,0,0.49500341920614865,1026.5773575107253,-2.3199999999999994,13.149535500106387,4.589928359760408,1.8490093701728028,0,0,1,4,1,3,94.16400000000003,,True,True,True,True,False,L00446,c1ccc2c(c1)cc(n3c2ncc3)C4(CC4)c5ccc(cc5)Cl,None,None
300.405,5.007800000000004,17.3,2,0,3,4,4,0.19047619047619047,23,0,0,0.5197672083251361,964.9047819632854,-2.6099999999999994,14.01239593662566,5.235764959793673,2.4038032651927113,0,0,0,4,0,2,95.87000000000005,,True,True,True,True,False,L00447,CC(C)(Cc1ccccc1)c2cc3ccccc3c4n2ccn4,None,None
286.762,4.186470000000003,45.11,2,2,3,3,2,0.1875,20,1,0,0.8886138305622092,657.5814817687707,-1.9999999999999996,11.795918367346939,5.551020408163265,2.938775510204082,0,0,1,2,1,4,81.05540000000003,,True,True,True,True,True,L00448,[H]/N=C\1/C[C@@H](CN1)c2cccc(c2)Oc3ccc(cc3)Cl,None,imine_1
493.0550000000004,4.182400000000003,87.38000000000001,6,2,6,5,3,0.4444444444444444,35,0,0,0.5363602319315389,1200.2670808462008,-2.8999999999999995,23.823820412673324,9.993194448877682,4.66945821018048,0,0,2,3,2,8,142.24909999999988,,True,True,True,False,True,L00449,CC(=O)N1CCN(CC1)c2ccc3c(c2)nc(nc3NCCN)C4(CCCC4)c5ccc(cc5)Cl,None,None
432.5720000000003,2.840700000000001,79.54,7,2,7,5,3,0.44,32,0,0,0.594266438294548,1087.5324837835478,-2.9,20.972472868995354,8.56016069287916,3.866288082667164,0,0,2,3,2,7,129.80010000000001,,True,True,True,True,True,L00450,CN1CCN(CC1)c2ccc3c(c2)nc(nc3NCCN)C4(CC4)c5ccc(cc5)OC,None,None
303.274,-0.32139999999999985,118.8,6,2,2,3,1,0.2857142857142857,22,1,0,0.5706008012772675,727.4336486705736,-2.900000000000001,14.05483030479998,4.830752731355133,1.8385899345033405,0,0,2,1,1,8,74.0781,,True,True,True,True,True,L00451,COc1ccc(c2c1C(=O)N(C2=O)[C@H]3CCC(=O)NC3=O)N,None,aniline; phthalimide
199.27500000000003,1.0786000000000002,60.16,2,1,3,1,1,0.3333333333333333,13,1,0,0.7914230269749809,358.4609084936395,-0.8700000000000001,10.212440230832646,3.8922374691117567,3.5658903499887953,0,0,0,1,0,4,52.831200000000024,,True,True,True,False,False,L00452,C[C@H](CS(=O)(=O)N)c1ccccc1,None,None
221.27799999999996,-0.7200999999999993,63.68,5,0,3,1,0,0.875,14,0,0,0.5884760137625372,284.46314015279273,-0.6200000000000001,11.454738415545588,4.745851608113564,3.6294929318308555,0,0,1,0,1,6,51.72680000000003,,True,True,True,False,True,L00453,CCOC(=O)CN1CCS(=O)(=O)CC1,None,None
544.6930000000002,3.5989400000000025,111.63000000000001,6,3,7,4,2,0.5714285714285714,38,4,0,0.4933311454930383,1235.682146387012,-2.849999999999999,28.165512677590186,10.372573242703714,5.756700382930624,0,0,2,2,2,10,144.1651999999999,,True,True,True,False,True,L00454,Cc1cc(ccc1[C@H](C)NC(=O)[C@@H]2C[C@H](CN2C(=O)[C@H](C(C)(C)C)NC(=O)C3(CC3)F)O)c4c(ncs4)C,None,None
571.5740000000002,6.315100000000007,56.220000000000006,5,0,5,5,2,0.41379310344827586,38,3,0,0.42200765892189274,1323.093360749932,-2.4799999999999995,27.10070940353063,10.248166044091514,4.5239966357446235,0,0,3,2,1,9,155.1549999999997,,False,True,False,False,False,L00455,CC(C)C1=C(SC2=N[C@@]([C@H](N12)c3ccc(cc3)Cl)(C)c4ccc(cc4)Cl)C(=O)N5CCC[C@H]5C(=O)N(C)C,None,None
193.20199999999997,0.80942,66.4,2,2,3,1,1,0.2,14,0,0,0.7460422126548522,360.1396728870035,-1.8399999999999999,10.242236842105264,4.411323399666699,2.895010133611532,0,0,0,1,0,4,51.14800000000002,,True,True,True,False,False,L00456,Cc1cccc(c1)C(=O)NCC(=O)O,None,None
214.24599999999998,-0.30639999999999995,89.26,3,2,2,1,1,0.125,14,0,0,0.7074960404627489,436.15912554155113,-1.4000000000000001,10.679365079365079,3.76741819863568,2.3020454331228195,0,0,0,1,0,6,51.20540000000002,,True,True,True,False,True,L00457,CNC(=O)c1ccc(cc1)S(=O)(=O)N,None,None
313.26000000000005,0.09060000000000018,110.52,5,3,3,2,1,0.3076923076923077,22,1,0,0.5409329343358881,663.1755544226304,-2.71,15.674566710251867,5.9594357973070045,2.8264585903354806,0,0,1,1,1,9,70.9603,,True,True,True,True,True,L00458,COc1c(c(cc(c1F)C(=O)N[C@H]2CCC(=O)NC2=O)F)N,None,aniline; phthalimide
192.28399999999996,-0.4648000000000001,58.2,3,2,3,1,0,1.0,12,0,0,0.6356760998988974,219.56087504298688,-0.13000000000000006,9.954245998315079,4.204457781382999,4.0365605381935135,0,0,1,0,1,5,48.440200000000026,,True,True,True,False,False,L00459,CS(=O)(=O)NCC1CCNCC1,None,None
263.253,-0.4906000000000001,121.51999999999998,5,4,2,2,1,0.25,19,1,0,0.4234575524829243,555.9055193361197,-2.5700000000000003,12.87581242764682,4.968277760931174,2.8172746622470792,0,0,1,1,1,7,66.1571,,True,True,True,False,True,L00460,c1cc(c(cc1N)O)C(=O)N[C@H]2CCC(=O)NC2=O,None,aniline; phthalimide
277.28000000000003,-0.18759999999999966,110.52,5,3,3,2,1,0.3076923076923077,20,1,0,0.5237525571631472,570.734738001461,-2.5700000000000003,13.852298565439053,5.599833177509419,2.874920469495776,0,0,1,1,1,7,71.0443,,True,True,True,True,True,L00461,COc1cc(ccc1C(=O)N[C@H]2CCC(=O)NC2=O)N,None,aniline; phthalimide
265.244,-0.057100000000000095,101.28999999999999,4,3,2,2,1,0.25,19,1,0,0.5148487224075436,559.1506318339563,-2.44,13.002608745284633,5.049061302259741,2.872466567392907,0,0,1,1,1,7,64.45030000000001,,True,True,True,False,True,L00462,c1cc(c(cc1N)F)C(=O)N[C@H]2CCC(=O)NC2=O,None,aniline; phthalimide
315.25100000000003,0.8226000000000002,101.28999999999999,4,3,2,2,1,0.3076923076923077,22,1,0,0.555388842536498,643.152864951899,-2.5800000000000005,15.802179902747492,5.662048247982913,3.354184053720446,0,0,1,1,1,9,69.49430000000001,,True,True,True,True,True,L00463,c1cc(c(cc1N)C(F)(F)F)C(=O)N[C@H]2CCC(=O)NC2=O,None,aniline; phthalimide
261.28099999999995,0.11222000000000015,101.29,4,3,2,2,1,0.3076923076923077,19,1,0,0.5192722225674212,554.064465506776,-2.37,13.070902666489499,5.092727255981874,2.9023668555836837,0,0,1,1,1,6,69.22930000000001,,True,True,True,False,True,L00464,Cc1cc(ccc1C(=O)N[C@H]2CCC(=O)NC2=O)N,None,aniline; phthalimide
281.699,0.45719999999999994,101.28999999999999,4,3,2,2,1,0.25,19,1,0,0.5412101652903576,559.1506318339563,-2.08,13.35397241709184,5.274857300716355,3.0275809825315174,0,0,1,1,1,7,69.5023,,True,True,True,False,True,L00465,c1cc(c(cc1N)Cl)C(=O)N[C@H]2CCC(=O)NC2=O,None,aniline; phthalimide
422.51000000000016,2.543720000000001,95.42,6,2,5,4,3,0.2727272727272727,30,2,0,0.6163612695474667,1036.0509149880572,-3.0999999999999996,20.18410196753951,8.725370433762041,4.242657968446579,0,0,1,3,1,8,114.83750000000003,,True,True,True,True,True,L00466,Cc1c(scn1)c2ccc(cc2)CNC(=O)[C@H]3C[C@H](CN(C3=O)c4ccccn4)O,None,beta-keto/anhydride
210.25199999999998,1.4278,36.36,3,1,1,2,1,0.5454545454545454,15,1,0,0.7613661077267625,367.3604835583517,-1.1600000000000001,10.360920365298131,3.4504538999696353,1.8139824292427877,0,0,1,1,1,4,56.195800000000034,,True,True,True,False,True,L00467,CC1(CN(C[C@@H]1O)c2c(cccn2)F)C,None,None
233.71999999999997,1.9502000000000002,46.17,2,1,3,1,1,0.3333333333333333,14,1,0,0.8676162119114806,416.5750603152378,-0.5800000000000001,11.494515648286141,4.294922707009983,3.287782584762435,0,0,0,1,0,5,57.84650000000003,,True,True,True,False,True,L00468,C[C@H](c1ccccc1Cl)NS(=O)(=O)C,None,None
190.22400000000002,0.03221999999999997,72.2,4,1,3,1,1,0.5,12,0,0,0.7295908947822551,354.6250321034324,-0.8800000000000001,9.209928057553956,3.2392175310481544,2.3140717571070555,0,0,0,1,0,6,42.92350000000002,,True,True,True,False,False,L00469,Cc1cc(no1)CS(=O)(=O)NC,None,None
209.33299999999994,2.9693000000000014,20.310000000000002,1,0,0,2,0,0.9230769230769231,15,0,0,0.6003804336584808,228.69045208702983,-0.53,10.970415968684724,4.543980027373256,2.529219659609949,1,0,2,0,2,2,61.62300000000005,,True,True,True,False,True,L00470,CC(=O)N1CCCC2(C1)CCCCCC2,None,None
192.266,0.5030399999999997,41.050000000000004,4,1,1,2,1,0.6,14,0,0,0.7033506074734791,297.64807890805156,-1.1600000000000001,9.3971519262254,3.9196606578585556,2.0119967734119326,0,0,1,1,1,4,56.58870000000003,,True,True,True,False,False,L00471,Cc1cc(nc(n1)C)N2CCNCC2,None,None
238.71800000000005,2.0084999999999997,23.550000000000004,2,0,1,2,1,0.4166666666666667,16,0,0,0.7474171308510492,369.1100796599688,-1.2199999999999998,11.270907134056523,4.744551601666553,2.4728643258682346,0,0,1,1,1,4,65.91900000000004,,True,True,True,False,True,L00472,CC(=O)N1CCN(CC1)c2ccc(cc2)Cl,None,None
629.6360000000001,7.1515000000000075,60.4,5,1,10,6,5,0.3142857142857143,44,1,0,0.17835276988994372,1744.7120365433398,-3.6199999999999983,30.408062911672275,13.16470575024277,6.422162007890397,0,0,1,5,1,9,180.6291999999995,,False,True,False,False,False,L00473,C[N@@](CCCN(C)C)[C@H]1CCN(C1)C(=O)c2c(c3ccc(cc3[nH]2)Cl)c4c(ncn4Cc5ccc(cc5)Cl)c6ccccc6,None,None
176.21899999999997,1.1309000000000002,46.33,2,1,0,2,1,0.3,13,0,0,0.6021974756464646,359.9424203140312,-1.51,8.104871400723463,2.763338518387002,1.370328957133467,0,0,1,1,0,3,50.78240000000002,,True,True,True,False,False,L00474,CC(=O)N1Cc2ccc(cc2C1)N,None,aniline
491.63600000000014,1.8426000000000011,130.55,5,4,8,4,2,0.4642857142857143,36,5,0,0.44765153327987833,1008.1653776928847,-3.2299999999999986,25.85074065905329,11.669651337493988,5.44486071230554,0,0,2,2,2,8,138.50119999999998,,True,True,True,False,True,L00475,CC[C@@H](C(=O)N[C@H]1[C@H](CC[C@H]2CC[C@H](N2C1=O)C(=O)NC(c3ccccc3)c4ccccc4)CN)N,None,None
329.35600000000005,0.9394999999999993,95.67,5,2,4,3,2,0.35294117647058826,24,2,0,0.8701995473014679,711.9467022742712,-2.6699999999999995,16.197057917220064,6.83802145921163,3.4592297387217585,0,0,1,2,1,7,85.58450000000003,,True,True,True,True,True,L00476,CC(=O)N1C[C@@H](C[C@H]1C(=O)NCc2ccc(cc2)c3cnco3)O,None,None
439.2490000000001,4.008200000000002,100.86999999999999,3,3,6,3,3,0.10526315789473684,29,1,0,0.541218687851533,1087.8211392951491,-2.9699999999999993,20.756287224240786,8.585495348897027,4.7206898841393885,0,0,0,3,0,10,104.4203,,True,True,True,True,True,L00477,c1cc(c(cc1[C@H](CC(=O)N)NC(=O)c2c[nH]nc2c3ccc(cc3F)Cl)Cl)F,None,None
315.76,3.228300000000001,68.01,4,1,4,3,3,0.1875,22,1,0,0.8022970904934511,827.0281306439288,-2.3999999999999995,14.533641975308644,5.769844576189715,2.802477810650888,0,0,0,3,0,6,84.05680000000004,,True,True,True,True,True,L00478,Cn1c2ccc(cc2nn1)[C@@H](CC(=O)O)c3ccc(cc3)Cl,None,None
366.41000000000014,1.3744999999999998,99.13000000000001,7,1,2,3,0,0.7368421052631579,26,8,0,0.4475947934898104,656.2730767322886,-1.8899999999999997,18.88788621072706,6.370990357772592,2.7269159568573347,0,0,3,0,3,7,89.61980000000004,,True,True,True,True,True,L00479,C[C@@H]1C[C@H]2[C@H]([C@@H]([C@]3([C@H]1[C@H](C[C@@H]3O)OC(=O)C)C)OC(=O)C)C(=C)C(=O)O2,None,>_2_ester_groups; Michael_acceptor_1
150.13,-2.5823,90.15,5,4,0,1,0,1.0,10,4,0,0.30425032049783735,102.6059378176129,-0.2,7.90204081632653,2.811342155009452,1.2778911564625854,0,0,1,0,1,5,29.979199999999988,,True,True,True,False,False,L00480,C1[C@H]([C@@H]([C@H]([C@@H](O1)O)O)O)O,None,None
436.92100000000016,2.619700000000001,105.38999999999999,6,1,7,3,3,0.3157894736842105,29,1,0,0.6098892535809741,1176.1659021396274,-2.4899999999999998,21.224438533200644,8.09503842413379,4.745296491303706,0,0,0,3,0,10,110.36760000000004,,True,True,True,True,True,L00481,Cn1c2ccc(cc2nn1)[C@@H](CC(=O)O)c3ccc(c(c3)CN(C)S(=O)(=O)C)Cl,None,None
582.4840000000003,6.366300000000005,111.72999999999999,4,3,10,4,4,0.23333333333333334,40,1,0,0.18839776606872383,1526.2330401735353,-4.009999999999999,28.98432970265293,12.020984970114995,6.943669931081328,0,0,0,4,0,10,154.73769999999973,,False,True,False,False,False,L00482,CC(C)(C)NC(=O)[C@@H](c1c2ccc(cc2[nH]c1C(=O)O)Cl)N(Cc3ccc(cc3)OCc4ccc(cc4)Cl)C=O,indol_3yl_alk(461),aldehyde
536.2270000000001,6.015800000000003,49.22,5,1,2,6,3,0.08333333333333333,31,2,0,0.43650674567254166,1265.4966156576345,-2.899999999999999,18.836010076578347,7.354867510488006,3.1094266601831064,0,0,3,3,0,7,128.65769999999998,,False,True,False,False,False,L00483,c1ccc2c(c1)C3=C([C@@H](N4C(=N3)NC=N4)c5ccc(cc5)Br)[C@H](O2)c6ccc(cc6)Br,None,None
529.6880000000003,4.639560000000004,115.54,9,1,6,4,3,0.44,36,1,0,0.4652948134789432,1444.590739582794,-3.05,26.02551633488794,9.436364592880253,5.2167943200507745,0,0,1,3,0,11,141.81449999999987,,True,True,True,False,True,L00484,CCS(=O)(=O)Nc1ccc(cc1)C2=N[C@H](c3nnc(n3-c4c2c(c(s4)C)C)C)CC(=O)OC(C)(C)C,None,None
376.3720000000002,2.3323999999999994,104.53999999999999,6,2,3,5,3,0.2,28,1,0,0.6800794502543318,1136.1910431664633,-3.68,16.49051294327939,6.190703877349007,2.6122437673130197,0,0,2,3,1,8,99.77890000000004,,True,True,True,True,True,L00485,c1ccc2c(c1)c(no2)Nc3ccc4c(c3)CN(C4=O)[C@H]5CCC(=O)NC5=O,None,phthalimide
313.14,2.2932,67.75999999999999,4,1,1,3,1,0.3076923076923077,20,1,0,0.80896620018189,644.5034812482795,-1.59,13.395697176524079,4.752039702283049,2.1665928898018425,1,0,2,1,1,7,73.8157,,True,True,True,True,True,L00486,c1cc(c(cc1Cl)Cl)C2=NO[C@]3(C2)CCC(=O)NC3=O,None,phthalimide
179.24800000000002,2.0955999999999997,41.57,3,1,2,2,2,0.25,12,0,0,0.7665921553337159,350.0264871159264,-1.1600000000000001,7.48714207450694,3.064709213345577,1.2510911763513988,0,0,0,2,0,4,49.07370000000002,,True,True,True,False,False,L00487,CCc1csc(n1)c2cnc[nH]2,None,None
401.41900000000015,0.5903199999999995,121.97,7,2,6,3,2,0.4,29,2,0,0.6794875158962416,891.8764261508666,-3.1999999999999997,20.532104963511205,8.868281104012528,4.995672391344783,0,0,1,2,1,9,100.69700000000006,,True,True,True,True,True,L00488,Cc1cc(on1)CC(=O)N2C[C@@H](C[C@H]2C(=O)NCc3ccc(cc3)C(=O)OC)O,None,None
242.274,3.2055000000000016,46.53,2,1,4,2,2,0.13333333333333333,18,1,0,0.8950476928305103,517.1947945489237,-2.289999999999999,12.174429825362497,5.361092663978125,2.8844001158568524,0,0,0,2,0,3,69.60380000000004,,True,True,True,False,True,L00489,C[C@@H](C(=O)O)Oc1ccc(cc1)c2ccccc2,None,None
390.3960000000001,0.38852000000000014,139.37,8,4,6,3,2,0.3888888888888889,28,2,0,0.5195426861863869,834.8562987573343,-2.9499999999999997,19.801739948954665,8.379437455837344,4.65811379513509,0,0,1,2,1,10,95.40950000000005,,True,True,False,True,True,L00490,Cc1cc(on1)CC(=O)N2C[C@@H](C[C@H]2C(=O)NCc3ccc(cc3)N(O)O)O,None,Oxygen-nitrogen_single_bond
