Ligand,smiles_atom_index,smile_atom
A1B,0,B
A1B,1,O
A1B,2,C
A1B,3,C
A1B,4,C
A1B,5,O
A1B,6,C
A1B,7,O
A1B,8,C
A1B,9,O
A1B,10,O
A1B,11,O
A1I,0,C
A1I,1,C
A1I,2,N
A1I,3,C
A1I,4,N
A1I,5,C
A1I,6,C
A1I,7,C
A1I,8,O
A1I,9,O
A1I,10,N
A1I,11,C
A1I,12,O
A1I,13,C
A1I,14,C
A1I,15,C
A1I,16,C
A1I,17,C
EF2,0,C
EF2,1,C
EF2,2,C
EF2,3,C
EF2,4,C
EF2,5,C
EF2,6,C
EF2,7,O
EF2,8,N
EF2,9,C
EF2,10,O
EF2,11,C
EF2,12,C
EF2,13,C
EF2,14,C
EF2,15,O
EF2,16,N
EF2,17,C
EF2,18,O
A1H,0,C
A1H,1,C
A1H,2,N
A1H,3,N
A1H,4,N
A1H,5,C
A1H,6,C
A1H,7,N
A1H,8,N
A1H,9,C
A1H,10,O
A1H,11,C
A1H,12,C
A1H,13,C
A1H,14,N
A1H,15,C
A1H,16,N
A1H,17,N
A1H,18,C
A1H,19,C
A1H,20,O
A1H,21,C
A1H,22,C
A1C,0,C
A1C,1,C
A1C,2,C
A1C,3,N
A1C,4,C
A1C,5,C
A1C,6,C
A1C,7,C
A1C,8,C
A1C,9,C
A1C,10,C
A1C,11,C
A1C,12,C
A1C,13,O
A1C,14,N
A1C,15,S
A1C,16,O
A1C,17,O
A1C,18,C
A1C,19,C
A1C,20,C
A1C,21,C
A1C,22,C
A1C,23,C
A1C,24,C
A1C,25,Cl
A1C,26,C
Y70,0,C
Y70,1,C
Y70,2,C
Y70,3,C
Y70,4,C
Y70,5,C
Y70,6,N
Y70,7,C
Y70,8,O
Y70,9,N
Y70,10,C
Y70,11,O
Y70,12,C
Y70,13,C
Y70,14,C
Y70,15,C
Y70,16,O
Y70,17,N
Y70,18,C
Y70,19,O
A1L,0,H
A1L,1,N
A1L,2,C
A1L,3,N
A1L,4,C
A1L,5,C
A1L,6,C
A1L,7,C
A1L,8,C
A1L,9,O
A1L,10,N
A1L,11,C
A1L,12,C
A1L,13,C
A1L,14,C
A1L,15,C
A1L,16,C
A1L,17,C
A1L,18,C
A1L,19,C
A1L,20,C
A1L,21,C
A1L,22,C
A1L,23,C
A1L,24,C
A1L,25,N
A1L,26,C
A1L,27,O
A1L,28,C
A1L,29,N
A1L,30,N
A1L,31,N
A1L,32,N
A1L,33,C
A1L,34,O
A1L,35,N
A1L,36,C
NUT,0,C
NUT,1,C
NUT,2,C
NUT,3,O
NUT,4,C
NUT,5,C
NUT,6,C
NUT,7,C
NUT,8,C
NUT,9,C
NUT,10,C
NUT,11,N
NUT,12,C
NUT,13,C
NUT,14,N
NUT,15,C
NUT,16,O
NUT,17,N
NUT,18,C
NUT,19,C
NUT,20,N
NUT,21,C
NUT,22,O
NUT,23,C
NUT,24,C
NUT,25,C
NUT,26,C
NUT,27,C
NUT,28,C
NUT,29,C
NUT,30,Cl
NUT,31,C
NUT,32,C
NUT,33,C
NUT,34,C
NUT,35,C
NUT,36,C
NUT,37,Cl
NUT,38,O
NUT,39,C
0EH,0,C
0EH,1,C
0EH,2,C
0EH,3,C
0EH,4,C
0EH,5,C
0EH,6,C
0EH,7,C
0EH,8,C
0EH,9,C
0EH,10,O
0EH,11,O
0EH,12,N
DCP,0,C
DCP,1,C
DCP,2,C
DCP,3,O
DCP,4,C
DCP,5,N
DCP,6,C
DCP,7,C
DCP,8,C
DCP,9,N
DCP,10,C
DCP,11,O
DCP,12,N
DCP,13,C
DCP,14,O
DCP,15,P
DCP,16,O
DCP,17,O
DCP,18,O
DCP,19,P
DCP,20,O
DCP,21,O
DCP,22,O
DCP,23,P
DCP,24,O
DCP,25,O
DCP,26,O
DCP,27,O
LVY,0,C
LVY,1,C
LVY,2,C
LVY,3,C
LVY,4,C
LVY,5,C
LVY,6,N
LVY,7,C
LVY,8,N
LVY,9,C
LVY,10,O
LVY,11,C
LVY,12,C
LVY,13,C
LVY,14,C
LVY,15,O
LVY,16,N
LVY,17,C
LVY,18,O
QFC,0,C
QFC,1,C
QFC,2,C
QFC,3,C
QFC,4,C
QFC,5,C
QFC,6,O
QFC,7,C
QFC,8,C
QFC,9,C
QFC,10,C
QFC,11,C
QFC,12,C
QFC,13,C
QFC,14,C
QFC,15,N
QFC,16,C
QFC,17,C
QFC,18,N
QFC,19,C
QFC,20,C
QFC,21,C
QFC,22,C
QFC,23,C
QFC,24,C
QFC,25,C
QFC,26,C
QFC,27,F
QFC,28,C
QFC,29,N
QFC,30,C
QFC,31,N
QFC,32,C
QFC,33,O
QFC,34,C
QFC,35,C
QFC,36,C
QFC,37,C
QFC,38,O
QFC,39,N
QFC,40,C
QFC,41,O
PHN,0,C
PHN,1,C
PHN,2,C
PHN,3,C
PHN,4,C
PHN,5,C
PHN,6,C
PHN,7,C
PHN,8,C
PHN,9,N
PHN,10,C
PHN,11,C
PHN,12,N
PHN,13,C
6CW,0,C
6CW,1,C
6CW,2,C
6CW,3,C
6CW,4,C
6CW,5,C
6CW,6,Cl
6CW,7,N
6CW,8,C
6CW,9,C
6CW,10,C
6CW,11,C
6CW,12,C
6CW,13,O
6CW,14,O
6CW,15,N
8OG,0,C
8OG,1,C
8OG,2,C
8OG,3,O
8OG,4,C
8OG,5,N
8OG,6,C
8OG,7,C
8OG,8,C
8OG,9,O
8OG,10,N
8OG,11,C
8OG,12,N
8OG,13,N
8OG,14,N
8OG,15,C
8OG,16,O
8OG,17,C
8OG,18,O
8OG,19,P
8OG,20,O
8OG,21,O
8OG,22,O
8OG,23,O
8W7,0,C
8W7,1,C
8W7,2,C
8W7,3,C
8W7,4,C
8W7,5,C
8W7,6,O
8W7,7,C
8W7,8,C
8W7,9,C
8W7,10,C
8W7,11,C
8W7,12,C
8W7,13,C
8W7,14,C
8W7,15,N
8W7,16,C
8W7,17,C
8W7,18,O
8W7,19,C
8W7,20,C
8W7,21,C
8W7,22,N
8W7,23,C
8W7,24,O
8W7,25,C
8W7,26,C
8W7,27,C
8W7,28,C
8W7,29,O
8W7,30,N
8W7,31,C
8W7,32,O
A1E,0,C
A1E,1,C
A1E,2,C
A1E,3,C
A1E,4,C
A1E,5,C
A1E,6,C
A1E,7,C
A1E,8,C
A1E,9,N
A1E,10,C
A1E,11,C
A1E,12,C
A1E,13,C
A1E,14,N
A1E,15,C
A1E,16,C
A1E,17,C
A1E,18,C
A1E,19,C
A1E,20,C
A1E,21,C
A1E,22,C
A1E,23,C
A1E,24,C
A1E,25,N
A1E,26,C
A1E,27,C
A1E,28,C
A1E,29,C
A1E,30,C
A1E,31,C
A1E,32,C
A1E,33,C
A1E,34,C
A1E,35,O
A1E,36,N
DGT,0,C
DGT,1,N
DGT,2,C
DGT,3,C
DGT,4,N
DGT,5,C
DGT,6,C
DGT,7,C
DGT,8,C
DGT,9,O
DGT,10,C
DGT,11,O
DGT,12,P
DGT,13,O
DGT,14,O
DGT,15,O
DGT,16,P
DGT,17,O
DGT,18,O
DGT,19,O
DGT,20,P
DGT,21,O
DGT,22,O
DGT,23,O
DGT,24,O
DGT,25,N
DGT,26,C
DGT,27,N
DGT,28,C
DGT,29,O
DGT,30,N
DTP,0,C
DTP,1,N
DTP,2,C
DTP,3,C
DTP,4,C
DTP,5,N
DTP,6,N
DTP,7,C
DTP,8,N
DTP,9,C
DTP,10,C
DTP,11,C
DTP,12,C
DTP,13,O
DTP,14,C
DTP,15,O
DTP,16,P
DTP,17,O
DTP,18,O
DTP,19,O
DTP,20,P
DTP,21,O
DTP,22,O
DTP,23,O
DTP,24,P
DTP,25,O
DTP,26,O
DTP,27,O
DTP,28,O
DTP,29,N
3DR,0,C
3DR,1,C
3DR,2,O
3DR,3,C
3DR,4,C
3DR,5,O
3DR,6,C
3DR,7,O
3DR,8,P
3DR,9,O
3DR,10,O
3DR,11,O
3JF,0,C
3JF,1,C
3JF,2,C
3JF,3,S
3JF,4,C
3JF,5,N
3JF,6,C
3JF,7,C
3JF,8,C
3JF,9,C
3JF,10,C
3JF,11,C
3JF,12,C
3JF,13,N
3JF,14,C
3JF,15,O
3JF,16,C
3JF,17,C
3JF,18,C
3JF,19,C
3JF,20,N
3JF,21,C
3JF,22,O
3JF,23,C
3JF,24,C
3JF,25,C
3JF,26,C
3JF,27,C
3JF,28,N
3JF,29,C
3JF,30,O
3JF,31,C
3JF,32,O
EF6,0,C
EF6,1,C
EF6,2,C
EF6,3,C
EF6,4,C
EF6,5,N
EF6,6,C
EF6,7,C
EF6,8,C
EF6,9,N
EF6,10,S
EF6,11,O
EF6,12,O
EF6,13,C
EF6,14,C
EF6,15,C
EF6,16,C
EF6,17,C
EF6,18,C
EF6,19,S
EF6,20,O
EF6,21,O
EF6,22,N
EF6,23,Cl
GFD,0,C
GFD,1,O
GFD,2,C
GFD,3,C
GFD,4,C
GFD,5,C
GFD,6,C
GFD,7,C
GFD,8,S
GFD,9,O
GFD,10,O
GFD,11,N
GFD,12,C
GFD,13,C
GFD,14,O
GFD,15,N
GFD,16,C
GFD,17,C
GFD,18,C
GFD,19,C
GFD,20,C
GFD,21,C
GFD,22,C
GFD,23,C
GFD,24,C
GFD,25,C
GFD,26,N
GFD,27,C
GFD,28,C
GFD,29,O
GFD,30,N
GFD,31,S
GFD,32,O
GFD,33,O
GFD,34,C
GFD,35,C
GFD,36,C
GFD,37,C
GFD,38,C
GFD,39,C
GFD,40,N
PGE,0,C
PGE,1,C
PGE,2,O
PGE,3,C
PGE,4,C
PGE,5,O
PGE,6,C
PGE,7,C
PGE,8,O
PGE,9,O
PM3,0,C
PM3,1,C
PM3,2,C
PM3,3,C
PM3,4,C
PM3,5,C
PM3,6,C
PM3,7,C
PM3,8,C
PM3,9,O
PM3,10,O
PM3,11,N
PM3,12,C
PM3,13,P
PM3,14,O
PM3,15,O
PM3,16,O
03M,0,C
03M,1,C
03M,2,C
03M,3,C
03M,4,C
03M,5,C
03M,6,C
03M,7,N
03M,8,C
03M,9,C
03M,10,C
03M,11,C
03M,12,C
03M,13,O
03M,14,N
03M,15,C
03M,16,O
03M,17,N
03M,18,C
03M,19,C
03M,20,C
03M,21,C
03M,22,C
03M,23,C
03M,24,C
03M,25,F
03M,26,F
03M,27,Cl
0KX,0,C
0KX,1,C
0KX,2,C
0KX,3,O
0KX,4,C
0KX,5,N
0KX,6,C
0KX,7,C
0KX,8,C
0KX,9,N
0KX,10,C
0KX,11,O
0KX,12,N
0KX,13,C
0KX,14,O
0KX,15,P
0KX,16,O
0KX,17,N
0KX,18,P
0KX,19,O
0KX,20,O
0KX,21,O
0KX,22,P
0KX,23,O
0KX,24,O
0KX,25,O
0KX,26,O
0KX,27,O
1AQ,0,C
1AQ,1,C
1AQ,2,O
1AQ,3,C
1AQ,4,C
1AQ,5,C
1AQ,6,C
1AQ,7,N
1AQ,8,C
1AQ,9,C
1AQ,10,N
1AQ,11,C
1AQ,12,C
1AQ,13,O
1AQ,14,N
1AQ,15,C
1AQ,16,C
1AQ,17,C
1AQ,18,O
1AQ,19,C
1AQ,20,C
1AQ,21,C
1AQ,22,C
1AQ,23,C
1AQ,24,C
1AQ,25,C
1AQ,26,O
1AQ,27,C
1AQ,28,C
1AQ,29,C
1AQ,30,C
1AQ,31,C
1AQ,32,C
1AQ,33,C
1AQ,34,F
1AQ,35,F
1AQ,36,N
1AQ,37,C
1AQ,38,O
1AQ,39,C
1AQ,40,C
1AQ,41,N
1AQ,42,C
5GP,0,C
5GP,1,N
5GP,2,C
5GP,3,C
5GP,4,N
5GP,5,C
5GP,6,C
5GP,7,C
5GP,8,C
5GP,9,O
5GP,10,C
5GP,11,O
5GP,12,P
5GP,13,O
5GP,14,O
5GP,15,O
5GP,16,O
5GP,17,O
5GP,18,N
5GP,19,C
5GP,20,N
5GP,21,C
5GP,22,O
5GP,23,N
6GG,0,C
6GG,1,C
6GG,2,C
6GG,3,C
6GG,4,C
6GG,5,C
6GG,6,C
6GG,7,N
6GG,8,C
6GG,9,N
6GG,10,C
6GG,11,C
6GG,12,C
6GG,13,C
6GG,14,C
6GG,15,C
6GG,16,C
6GG,17,C
6GG,18,C
6GG,19,N
6GG,20,C
6GG,21,C
6GG,22,O
6GG,23,O
6GG,24,C
6GG,25,C
6GG,26,C
6GG,27,C
6GG,28,C
6GG,29,C
6GG,30,N
6GG,31,C
6GG,32,O
6GG,33,C
6GG,34,C
6GG,35,C
6GG,36,O
6GG,37,O
6GG,38,Cl
6GG,39,C
6GG,40,C
6GG,41,C
6GG,42,C
6GG,43,C
6GG,44,C
6GG,45,F
6GG,46,Cl
7H9,0,C
7H9,1,C
7H9,2,C
7H9,3,N
7H9,4,C
7H9,5,C
7H9,6,N
7H9,7,C
7H9,8,N
7H9,9,C
7H9,10,C
7H9,11,O
7H9,12,C
7H9,13,C
7H9,14,C
7H9,15,C
7H9,16,C
7H9,17,O
7H9,18,N
7H9,19,C
7H9,20,C
7H9,21,C
7H9,22,C
7H9,23,C
7H9,24,C
7H9,25,C
7H9,26,N
7H9,27,C
7H9,28,C
7H9,29,C
7H9,30,C
7H9,31,C
7H9,32,C
7H9,33,C
7H9,34,F
7H9,35,C
7H9,36,C
85C,0,C
85C,1,C
85C,2,C
85C,3,C
85C,4,C
85C,5,C
85C,6,C
85C,7,Cl
85C,8,N
85C,9,C
85C,10,O
85C,11,N
85C,12,C
85C,13,C
85C,14,C
85C,15,C
85C,16,C
85C,17,C
85C,18,C
85C,19,C
85C,20,N
85C,21,C
85C,22,O
85C,23,C
85C,24,C
85C,25,C
85C,26,C
85C,27,O
85C,28,N
85C,29,C
85C,30,O
9E7,0,C
9E7,1,C
9E7,2,C
9E7,3,N
9E7,4,C
9E7,5,S
9E7,6,C
9E7,7,C
9E7,8,C
9E7,9,O
9E7,10,O
9E7,11,N
A1J,0,B
A1J,1,C
A1J,2,N
A1J,3,S
A1J,4,O
A1J,5,O
A1J,6,C
A1J,7,C
A1J,8,C
A1J,9,C
A1J,10,C
A1J,11,C
A1J,12,C
A1J,13,C
A1J,14,O
A1J,15,O
A1J,16,O
A1J,17,O
A1J,18,P
A1J,19,O
A1J,20,O
A1J,21,O
DG8,0,C
DG8,1,C
DG8,2,C
DG8,3,C
DG8,4,C
DG8,5,C
DG8,6,C
DG8,7,C
DG8,8,C
DG8,9,C
DG8,10,C
DG8,11,C
DG8,12,C
DG8,13,C
DG8,14,C
DG8,15,C
DG8,16,N
DG8,17,C
DG8,18,N
DG8,19,C
DG8,20,C
DG8,21,N
DG8,22,C
DG8,23,C
DG8,24,C
DG8,25,C
DG8,26,O
DG8,27,C
DG8,28,O
DG8,29,P
DG8,30,O
DG8,31,O
DG8,32,O
DG8,33,O
DG8,34,N
DG8,35,C
DG8,36,N
DG8,37,C
DG8,38,O
DG8,39,N
EDA,0,C
EDA,1,C
EDA,2,N
EDA,3,C
EDA,4,N
EDA,5,C
EDA,6,C
EDA,7,C
EDA,8,N
EDA,9,N
EDA,10,C
EDA,11,N
EDA,12,C
EDA,13,C
EDA,14,C
EDA,15,C
EDA,16,O
EDA,17,C
EDA,18,O
EDA,19,P
EDA,20,O
EDA,21,O
EDA,22,O
EDA,23,O
F4K,0,C
F4K,1,C
F4K,2,C
F4K,3,N
F4K,4,C
F4K,5,C
F4K,6,C
F4K,7,C
F4K,8,C
F4K,9,C
F4K,10,C
F4K,11,C
F4K,12,O
FUU,0,C
FUU,1,C
FUU,2,C
FUU,3,C
FUU,4,C
FUU,5,C
FUU,6,O
FUU,7,C
FUU,8,C
FUU,9,O
FUU,10,O
FUU,11,C
FUU,12,N
FUU,13,C
FUU,14,O
FUU,15,N
FUU,16,C
FUU,17,N
FUU,18,N
FUU,19,C
FUU,20,O
FUU,21,C
FUU,22,C
FUU,23,C
FUU,24,C
FUU,25,O
HRE,0,C
HRE,1,C
HRE,2,C
HRE,3,C
HRE,4,C
HRE,5,C
HRE,6,N
HRE,7,N
HRE,8,C
HRE,9,C
HRE,10,N
HRE,11,C
HRE,12,N
HRE,13,C
HRE,14,O
HRE,15,C
HRE,16,N
HRE,17,C
HRE,18,C
HRE,19,C
HRE,20,O
HRE,21,N
HRE,22,C
HRE,23,C
HRE,24,C
HRE,25,C
HRE,26,C
HRE,27,C
HRE,28,C
HRE,29,C
HRE,30,N
HRE,31,C
HRE,32,C
HRE,33,C
HRE,34,C
HRE,35,N
HRE,36,C
HRE,37,O
HRE,38,Cl
IZS,0,C
IZS,1,C
IZS,2,C
IZS,3,C
IZS,4,C
IZS,5,N
IZS,6,C
IZS,7,N
IZS,8,N
IZS,9,C
IZS,10,C
IZS,11,C
IZS,12,O
IZS,13,O
IZS,14,C
IZS,15,C
IZS,16,C
IZS,17,C
JH9,0,C
JH9,1,C
JH9,2,C
JH9,3,C
JH9,4,C
JH9,5,C
JH9,6,C
JH9,7,C
JH9,8,C
JH9,9,F
JH9,10,C
JH9,11,N
JH9,12,C
JH9,13,O
JH9,14,C
JH9,15,C
JH9,16,C
JH9,17,C
JH9,18,C
JH9,19,C
JH9,20,C
JH9,21,C
JH9,22,O
JH9,23,P
JH9,24,O
JH9,25,O
JH9,26,O
JH9,27,N
JH9,28,C
JH9,29,O
JH9,30,C
JH9,31,C
JH9,32,C
JH9,33,C
JH9,34,C
JH9,35,C
JH9,36,C
JH9,37,F
LQH,0,C
LQH,1,C
LQH,2,C
LQH,3,C
LQH,4,C
LQH,5,C
LQH,6,C
LQH,7,C
LQH,8,N
LQH,9,C
LQH,10,N
LQH,11,C
LQH,12,C
LQH,13,C
LQH,14,C
LQH,15,C
LQH,16,C
LQH,17,C
LQH,18,C
LQH,19,F
LWK,0,C
LWK,1,C
LWK,2,C
LWK,3,C
LWK,4,C
LWK,5,C
LWK,6,C
LWK,7,N
LWK,8,C
LWK,9,C
LWK,10,C
LWK,11,C
LWK,12,C
LWK,13,C
LWK,14,C
LWK,15,C
LWK,16,C
LWK,17,C
LWK,18,C
LWK,19,C
LWK,20,N
LWK,21,C
LWK,22,O
LWK,23,C
LWK,24,C
LWK,25,C
LWK,26,C
LWK,27,O
LWK,28,N
LWK,29,C
LWK,30,O
MBY,0,C
MBY,1,C
MBY,2,C
MBY,3,C
MBY,4,S
MBY,5,C
MBY,6,N
MBY,7,C
MBY,8,N
MBY,9,O
MBY,10,C
MBY,11,N
MBY,12,C
MBY,13,C
MBY,14,C
MBY,15,C
MBY,16,C
MBY,17,O
MBY,18,O
MBY,19,O
MIQ,0,C
MIQ,1,C
MIQ,2,C
MIQ,3,C
MIQ,4,C
MIQ,5,C
MIQ,6,N
MIQ,7,C
MIQ,8,C
MIQ,9,O
MIQ,10,C
MIQ,11,C
MIQ,12,C
MIQ,13,O
MIQ,14,N
MIQ,15,C
MIQ,16,O
MIQ,17,C
MIQ,18,C
MIQ,19,C
MIQ,20,C
MIQ,21,O
MIQ,22,N
MIQ,23,C
MIQ,24,O
MPO,0,C
MPO,1,C
MPO,2,O
MPO,3,C
MPO,4,C
MPO,5,N
MPO,6,C
MPO,7,C
MPO,8,C
MPO,9,S
MPO,10,O
MPO,11,O
MPO,12,O
O6M,0,C
O6M,1,C
O6M,2,C
O6M,3,C
O6M,4,C
O6M,5,C
O6M,6,C
O6M,7,C
O6M,8,C
O6M,9,N
O6M,10,C
O6M,11,N
O6M,12,N
O6M,13,S
O6M,14,O
O6M,15,O
O6M,16,C
O6M,17,C
O6M,18,C
O6M,19,C
O6M,20,C
O6M,21,C
O6M,22,C
O6M,23,N
Q5Y,0,C
Q5Y,1,O
Q5Y,2,C
Q5Y,3,C
Q5Y,4,C
Q5Y,5,C
Q5Y,6,C
Q5Y,7,C
Q5Y,8,S
Q5Y,9,O
Q5Y,10,O
Q5Y,11,N
Q5Y,12,C
Q5Y,13,C
Q5Y,14,C
Q5Y,15,C
Q5Y,16,C
Q5Y,17,C
Q5Y,18,C
Q5Y,19,C
Q5Y,20,C
Q5Y,21,C
Q5Y,22,N
Q5Y,23,C
Q5Y,24,C
Q5Y,25,O
Q5Y,26,O
Q5Y,27,S
Q5Y,28,O
Q5Y,29,O
Q5Y,30,C
Q5Y,31,C
Q5Y,32,C
Q5Y,33,C
Q5Y,34,C
Q5Y,35,C
Q5Y,36,O
Q5Y,37,C
RN9,0,C
RN9,1,C
RN9,2,C
RN9,3,C
RN9,4,C
RN9,5,C
RN9,6,C
RN9,7,Cl
RN9,8,N
RN9,9,C
RN9,10,O
RN9,11,C
RN9,12,C
RN9,13,C
RN9,14,C
RN9,15,C
RN9,16,C
RN9,17,C
RN9,18,C
RN9,19,N
RN9,20,C
RN9,21,C
RN9,22,C
RN9,23,O
RN9,24,N
RN9,25,C
RN9,26,O
RN9,27,C
RN9,28,C
RN9,29,C
RN9,30,C
RN9,31,O
RN9,32,N
RN9,33,C
RN9,34,O
SMK,0,C
SMK,1,C
SMK,2,C
SMK,3,C
SMK,4,O
SMK,5,N
SMK,6,C
SMK,7,C
SMK,8,C
SMK,9,C
SMK,10,C
SMK,11,C
SMK,12,C
SMK,13,C
SMK,14,N
SMK,15,C
SMK,16,O
SMK,17,C
SMK,18,O
SMK,19,N
SMK,20,C
SMK,21,C
SMK,22,C
SMK,23,C
SMK,24,C
SMK,25,C
SMK,26,C
SMK,27,C
SMK,28,C
SMK,29,C
SMK,30,C
SMK,31,C
SMK,32,C
SMK,33,C
SMK,34,C
SMK,35,N
SMK,36,N
U1E,0,C
U1E,1,N
U1E,2,C
U1E,3,C
U1E,4,C
U1E,5,C
U1E,6,C
U1E,7,C
U1E,8,C
U1E,9,C
U1E,10,C
U1E,11,C
U1E,12,C
U1E,13,N
U1E,14,C
U1E,15,C
URL,0,C
URL,1,C
URL,2,C
URL,3,C
URL,4,C
URL,5,C
URL,6,N
URL,7,C
URL,8,O
URL,9,O
URL,10,N
X22,0,C
X22,1,C
X22,2,C
X22,3,C
X22,4,O
X22,5,N
X22,6,C
X22,7,C
X22,8,C
X22,9,C
X22,10,C
X22,11,C
X22,12,C
X22,13,C
X22,14,N
X22,15,C
X22,16,O
X22,17,C
X22,18,O
X22,19,N
X22,20,C
X22,21,C
X22,22,C
X22,23,C
X22,24,C
X22,25,C
X22,26,C
X22,27,C
X22,28,C
X22,29,C
X22,30,C
X22,31,C
X22,32,C
X22,33,C
X22,34,O
X22,35,N
07G,0,C
07G,1,C
07G,2,C
07G,3,C
07G,4,N
07G,5,C
07G,6,O
07G,7,C
07G,8,C
07G,9,C
07G,10,C
07G,11,C
07G,12,C
07G,13,C
07G,14,C
07G,15,N
07G,16,C
07G,17,C
07G,18,O
07G,19,O
07G,20,Cl
07G,21,N
07G,22,C
07G,23,C
07G,24,C
07G,25,C
07G,26,C
07G,27,C
07G,28,C
07G,29,F
07G,30,F
07G,31,C
07G,32,O
08A,0,C
08A,1,C
08A,2,N
08A,3,C
08A,4,C
08A,5,C
08A,6,C
08A,7,C
08A,8,C
08A,9,N
08A,10,N
08A,11,C
08A,12,C
08A,13,C
08A,14,C
08A,15,O
08A,16,O
08A,17,C
08A,18,C
08A,19,C
08A,20,C
08A,21,C
08A,22,C
08A,23,C
08A,24,N
08A,25,C
08A,26,C
08A,27,C
08A,28,O
08A,29,C
08A,30,C
08A,31,C
08A,32,C
08A,33,C
08A,34,C
08A,35,C
0OH,0,C
0OH,1,N
0OH,2,C
0OH,3,C
0OH,4,C
0OH,5,N
0OH,6,N
0OH,7,C
0OH,8,N
0OH,9,C
0OH,10,C
0OH,11,C
0OH,12,C
0OH,13,C
0OH,14,C
0OH,15,C
0OH,16,O
0OH,17,P
0OH,18,O
0OH,19,O
0OH,20,O
0OH,21,P
0OH,22,O
0OH,23,O
0OH,24,O
0OH,25,P
0OH,26,O
0OH,27,O
0OH,28,O
0OH,29,O
0OH,30,N
0OJ,0,C
0OJ,1,N
0OJ,2,C
0OJ,3,C
0OJ,4,C
0OJ,5,N
0OJ,6,N
0OJ,7,C
0OJ,8,N
0OJ,9,C
0OJ,10,C
0OJ,11,C
0OJ,12,C
0OJ,13,C
0OJ,14,C
0OJ,15,O
0OJ,16,C
0OJ,17,O
0OJ,18,P
0OJ,19,O
0OJ,20,O
0OJ,21,O
0OJ,22,P
0OJ,23,O
0OJ,24,O
0OJ,25,O
0OJ,26,P
0OJ,27,O
0OJ,28,O
0OJ,29,O
0OJ,30,N
0PL,0,C
0PL,1,N
0PL,2,C
0PL,3,C
0PL,4,C
0PL,5,C
0PL,6,C
0PL,7,C
0PL,8,N
0PL,9,N
0PL,10,C
0PL,11,C
0PL,12,C
0PL,13,O
0PL,14,O
0PL,15,C
0PL,16,C
0PL,17,C
0PL,18,C
0PL,19,C
0PL,20,C
0PL,21,C
0PL,22,N
0PL,23,C
0PL,24,S
0PL,25,O
0PL,26,O
0PL,27,C
0PL,28,C
0PL,29,C
0PL,30,C
0PL,31,C
0PL,32,C
0PL,33,Cl
0R2,0,C
0R2,1,C
0R2,2,C
0R2,3,C
0R2,4,O
0R2,5,O
0R2,6,C
0R2,7,C
0R2,8,C
0R2,9,C
0R2,10,N
0R2,11,C
0R2,12,C
0R2,13,C
0R2,14,C
0R2,15,C
0R2,16,O
0R2,17,C
0R2,18,C
0R2,19,O
0R2,20,O
0R2,21,C
0R2,22,C
0R2,23,C
0R2,24,C
0R2,25,C
0R2,26,C
0R2,27,Cl
0R2,28,C
0R2,29,C
0R2,30,C
0R2,31,C
0R2,32,C
0R2,33,C
0R2,34,Cl
0R3,0,C
0R3,1,C
0R3,2,C
0R3,3,C
0R3,4,C
0R3,5,O
0R3,6,N
0R3,7,C
0R3,8,C
0R3,9,C
0R3,10,C
0R3,11,C
0R3,12,O
0R3,13,C
0R3,14,C
0R3,15,C
0R3,16,O
0R3,17,O
0R3,18,C
0R3,19,C
0R3,20,C
0R3,21,C
0R3,22,C
0R3,23,C
0R3,24,Cl
0R3,25,C
0R3,26,C
0R3,27,C
0R3,28,C
0R3,29,C
0R3,30,C
0R3,31,Cl
0Y7,0,C
0Y7,1,C
0Y7,2,C
0Y7,3,C
0Y7,4,O
0Y7,5,N
0Y7,6,C
0Y7,7,C
0Y7,8,C
0Y7,9,C
0Y7,10,C
0Y7,11,O
0Y7,12,C
0Y7,13,C
0Y7,14,O
0Y7,15,O
0Y7,16,C
0Y7,17,C
0Y7,18,C
0Y7,19,C
0Y7,20,C
0Y7,21,C
0Y7,22,Cl
0Y7,23,C
0Y7,24,C
0Y7,25,C
0Y7,26,C
0Y7,27,C
0Y7,28,C
0Y7,29,Cl
12O,0,C
12O,1,C
12O,2,C
12O,3,C
12O,4,C
12O,5,C
12O,6,C
12O,7,C
12O,8,N
12O,9,C
12O,10,C
12O,11,N
12O,12,C
12O,13,O
12O,14,C
12O,15,C
12O,16,C
12O,17,C
12O,18,C
12O,19,C
12O,20,C
12O,21,O
12O,22,C
12O,23,O
12O,24,C
12O,25,C
12O,26,C
12O,27,C
12O,28,C
12O,29,C
12O,30,C
12O,31,O
12O,32,O
13Q,0,C
13Q,1,C
13Q,2,C
13Q,3,C
13Q,4,C
13Q,5,C
13Q,6,Cl
13Q,7,C
13Q,8,C
13Q,9,C
13Q,10,C
13Q,11,O
13Q,12,N
13Q,13,C
13Q,14,C
13Q,15,C
13Q,16,C
13Q,17,C
13Q,18,C
13Q,19,C
13Q,20,Cl
13Q,21,C
13Q,22,C
13Q,23,C
13Q,24,C
13Q,25,C
13Q,26,C
13Q,27,O
13Q,28,O
1BG,0,C
1BG,1,C
1BG,2,C
1BG,3,O
1BG,4,N
1BG,5,C
1BG,6,C
1BG,7,C
1BG,8,C
1BG,9,C
1BG,10,C
1BG,11,C
1BG,12,C
1BG,13,O
1BG,14,N
1BG,15,C
1BG,16,C
1BG,17,C
1BG,18,C
1BG,19,C
1BG,20,N
1BG,21,C
1BG,22,C
1BG,23,C
1BG,24,O
1BG,25,N
1BG,26,C
1BG,27,C
1BG,28,C
1BG,29,C
1BG,30,C
1BG,31,C
1BG,32,C
1BG,33,C
1BG,34,C
1BG,35,C
1BG,36,N
1BG,37,C
1BY,0,C
1BY,1,C
1BY,2,C
1BY,3,N
1BY,4,C
1BY,5,C
1BY,6,N
1BY,7,C
1BY,8,C
1BY,9,P
1BY,10,O
1BY,11,O
1BY,12,O
1BY,13,P
1BY,14,O
1BY,15,O
1BY,16,O
1CC,0,C
1CC,1,C
1CC,2,C
1CC,3,O
1CC,4,C
1CC,5,N
1CC,6,C
1CC,7,C
1CC,8,C
1CC,9,N
1CC,10,C
1CC,11,O
1CC,12,N
1CC,13,C
1CC,14,O
1CC,15,O
1CC,16,C
1CC,17,O
1CC,18,P
1CC,19,O
1CC,20,O
1CC,21,O
1CC,22,O
1GI,0,C
1GI,1,C
1GI,2,C
1GI,3,C
1GI,4,C
1GI,5,N
1GI,6,C
1GI,7,C
1GI,8,C
1GI,9,N
1GI,10,C
1GI,11,N
1GI,12,C
1GI,13,C
1GI,14,C
1GI,15,C
1GI,16,C
1GI,17,C
1GI,18,C
1GI,19,Cl
1GI,20,C
1GI,21,C
1GI,22,C
1GI,23,C
1GI,24,C
1GI,25,C
1GI,26,C
1GI,27,C
1GI,28,S
1GI,29,N
1GI,30,C
1GI,31,N
1GI,32,C
1GI,33,O
1GI,34,O
1I0,0,C
1I0,1,C
1I0,2,C
1I0,3,C
1I0,4,C
1I0,5,C
1I0,6,C
1I0,7,C
1I0,8,N
1I0,9,C
1I0,10,C
1I0,11,C
1I0,12,C
1I0,13,N
1I0,14,C
1I0,15,C
1I0,16,C
1I0,17,C
1I0,18,C
1I0,19,N
1I0,20,C
1I0,21,Cl
1I0,22,C
1I0,23,N
1I0,24,O
1I0,25,C
1I0,26,O
1I0,27,N
1I0,28,N
1I0,29,C
1I0,30,N
1I0,31,C
1I0,32,C
1I0,33,O
1I0,34,C
1I0,35,C
1I0,36,C
1I0,37,C
1I0,38,C
1I3,0,C
1I3,1,C
1I3,2,C
1I3,3,C
1I3,4,C
1I3,5,C
1I3,6,C
1I3,7,C
1I3,8,C
1I3,9,N
1I3,10,C
1I3,11,C
1I3,12,C
1I3,13,C
1I3,14,N
1I3,15,C
1I3,16,C
1I3,17,C
1I3,18,C
1I3,19,C
1I3,20,N
1I3,21,C
1I3,22,Cl
1I3,23,C
1I3,24,N
1I3,25,O
1I3,26,C
1I3,27,O
1I3,28,N
1I3,29,N
1I3,30,C
1I3,31,C
1I3,32,C
1I3,33,C
1I3,34,O
1I3,35,C
1I9,0,C
1I9,1,C
1I9,2,O
1I9,3,C
1I9,4,C
1I9,5,N
1I9,6,C
1I9,7,C
1I9,8,C
1I9,9,N
1I9,10,C
1I9,11,C
1I9,12,N
1I9,13,C
1I9,14,C
1I9,15,C
1I9,16,C
1I9,17,C
1I9,18,C
1I9,19,C
1I9,20,C
1I9,21,C
1I9,22,C
1I9,23,C
1I9,24,C
1I9,25,C
1I9,26,N
1I9,27,C
1I9,28,Cl
1I9,29,C
1I9,30,N
1I9,31,O
1I9,32,C
1I9,33,O
1I9,34,N
1I9,35,C
1I9,36,C
1I9,37,C
1MN,0,C
1MN,1,N
1MN,2,C
1MN,3,C
1MN,4,O
1MN,5,C
1MN,6,C
1MN,7,O
1MN,8,C
1MN,9,C
1MN,10,C
1MN,11,C
1MN,12,C
1MN,13,C
1MN,14,C
1MN,15,C
1MN,16,C
1MN,17,C
1MN,18,C
1MN,19,C
1MN,20,C
1MN,21,Br
1MN,22,C
1MN,23,C
1MN,24,C
1MN,25,C
1MN,26,C
1MN,27,C
1MN,28,Br
1MO,0,C
1MO,1,N
1MO,2,C
1MO,3,C
1MO,4,O
1MO,5,C
1MO,6,C
1MO,7,O
1MO,8,C
1MO,9,C
1MO,10,C
1MO,11,C
1MO,12,C
1MO,13,C
1MO,14,C
1MO,15,C
1MO,16,C
1MO,17,C
1MO,18,C
1MO,19,C
1MO,20,C
1MO,21,Cl
1MO,22,C
1MO,23,C
1MO,24,C
1MO,25,C
1MO,26,C
1MO,27,C
1MO,28,Cl
1MQ,0,C
1MQ,1,C
1MQ,2,C
1MQ,3,C
1MQ,4,C
1MQ,5,O
1MQ,6,O
1MQ,7,N
1MQ,8,C
1MQ,9,C
1MQ,10,O
1MQ,11,C
1MQ,12,C
1MQ,13,O
1MQ,14,C
1MQ,15,C
1MQ,16,C
1MQ,17,C
1MQ,18,C
1MQ,19,C
1MQ,20,C
1MQ,21,F
1MQ,22,C
1MQ,23,C
1MQ,24,C
1MQ,25,C
1MQ,26,C
1MQ,27,C
1MQ,28,Cl
1MQ,29,C
1MQ,30,C
1MQ,31,C
1MQ,32,C
1MQ,33,C
1MQ,34,C
1MQ,35,Cl
1MT,0,C
1MT,1,C
1MT,2,C
1MT,3,C
1MT,4,C
1MT,5,C
1MT,6,C
1MT,7,C
1MT,8,C
1MT,9,C
1MT,10,C
1MT,11,C
1MT,12,C
1MT,13,N
1MT,14,C
1MT,15,O
1MT,16,Cl
1MT,17,C
1MT,18,C
1MT,19,N
1MT,20,C
1MT,21,O
1MT,22,N
1MT,23,C
1MT,24,C
1MT,25,N
1MT,26,C
1MT,27,C
1MT,28,C
1MT,29,C
1MT,30,C
1MT,31,C
1MT,32,F
1MT,33,Cl
1MY,0,C
1MY,1,C
1MY,2,C
1MY,3,C
1MY,4,O
1MY,5,N
1MY,6,C
1MY,7,C
1MY,8,O
1MY,9,C
1MY,10,C
1MY,11,O
1MY,12,C
1MY,13,C
1MY,14,O
1MY,15,O
1MY,16,C
1MY,17,C
1MY,18,C
1MY,19,C
1MY,20,C
1MY,21,C
1MY,22,Cl
1MY,23,C
1MY,24,C
1MY,25,C
1MY,26,C
1MY,27,C
1MY,28,C
1MY,29,Cl
1OY,0,C
1OY,1,C
1OY,2,C
1OY,3,C
1OY,4,C
1OY,5,C
1OY,6,C
1OY,7,C
1OY,8,C
1OY,9,N
1OY,10,C
1OY,11,O
1OY,12,N
1OY,13,C
1OY,14,C
1OY,15,C
1OY,16,C
1OY,17,O
1OY,18,O
1OY,19,C
1OY,20,C
1OY,21,C
1OY,22,C
1OY,23,C
1OY,24,C
1OY,25,F
1OY,26,Cl
1OY,27,C
1OY,28,N
1OY,29,C
1OY,30,C
1OY,31,C
1OY,32,C
1OY,33,C
1OY,34,C
1OY,35,F
1OY,36,Cl
1RH,0,C
1RH,1,C
1RH,2,C
1RH,3,O
1RH,4,N
1RH,5,C
1RH,6,C
1RH,7,N
1RH,8,C
1RH,9,C
1RH,10,C
1RH,11,C
1RH,12,C
1RH,13,C
1RH,14,N
1RH,15,C
1RH,16,O
1RH,17,C
1RH,18,C
1RH,19,C
1RH,20,C
1RH,21,C
1RH,22,C
1RH,23,C
1RH,24,C
1RH,25,C
1RH,26,C
1RH,27,C
1RH,28,O
1RH,29,C
1RH,30,C
1RH,31,O
1RH,32,C
1RH,33,C
1RH,34,C
1RH,35,C
1RH,36,C
1RH,37,C
1RH,38,N
1RH,39,N
1RH,40,C
1RK,0,C
1RK,1,C
1RK,2,C
1RK,3,O
1RK,4,N
1RK,5,C
1RK,6,C
1RK,7,O
1RK,8,N
1RK,9,C
1RK,10,C
1RK,11,C
1RK,12,C
1RK,13,C
1RK,14,C
1RK,15,O
1RK,16,C
1RK,17,C
1RK,18,C
1RK,19,O
1RK,20,C
1RK,21,C
1RK,22,C
1RK,23,C
1RK,24,C
1RK,25,C
1RK,26,C
1RK,27,C
1RK,28,C
1RK,29,C
1RK,30,C
1RK,31,C
1RK,32,C
1RK,33,O
1RK,34,C
1RK,35,C
1RK,36,O
1RK,37,O
1RK,38,N
1RK,39,C
1U4,0,C
1U4,1,C
1U4,2,C
1U4,3,C
1U4,4,C
1U4,5,C
1U4,6,O
1U4,7,O
1U4,8,N
1U4,9,C
1U4,10,O
1U4,11,C
1U4,12,C
1U4,13,C
1U4,14,C
1U4,15,C
1U4,16,C
1U4,17,C
1U4,18,C
1U4,19,N
1U4,20,P
1U4,21,O
1U4,22,C
1U4,23,N
1U4,24,C
1U4,25,O
1U4,26,O
1U4,27,C
1U4,28,C
1U4,29,C
1U4,30,C
1U4,31,C
1U4,32,C
1U4,33,C
1U4,34,O
1VV,0,C
1VV,1,C
1VV,2,C
1VV,3,C
1VV,4,C
1VV,5,C
1VV,6,C
1VV,7,C
1VV,8,N
1VV,9,C
1VV,10,C
1VV,11,N
1VV,12,C
1VV,13,O
1VV,14,C
1VV,15,C
1VV,16,C
1VV,17,C
1VV,18,C
1VV,19,C
1VV,20,C
1VV,21,O
1VV,22,C
1VV,23,O
1VV,24,C
1VV,25,C
1VV,26,C
1VV,27,C
1VV,28,C
1VV,29,C
1VV,30,C
1VV,31,O
1VV,32,O
1VW,0,C
1VW,1,C
1VW,2,C
1VW,3,C
1VW,4,C
1VW,5,C
1VW,6,C
1VW,7,C
1VW,8,N
1VW,9,C
1VW,10,C
1VW,11,N
1VW,12,C
1VW,13,O
1VW,14,C
1VW,15,C
1VW,16,C
1VW,17,C
1VW,18,C
1VW,19,C
1VW,20,C
1VW,21,O
1VW,22,C
1VW,23,O
1VW,24,C
1VW,25,C
1VW,26,C
1VW,27,C
1VW,28,C
1VW,29,C
1VW,30,C
1VW,31,N
1VW,32,N
1VW,33,N
1VW,34,N
1VX,0,C
1VX,1,C
1VX,2,C
1VX,3,C
1VX,4,C
1VX,5,C
1VX,6,C
1VX,7,C
1VX,8,C
1VX,9,N
1VX,10,C
1VX,11,C
1VX,12,N
1VX,13,C
1VX,14,C
1VX,15,C
1VX,16,C
1VX,17,C
1VX,18,C
1VX,19,C
1VX,20,C
1VX,21,O
1VX,22,C
1VX,23,O
1VX,24,C
1VX,25,C
1VX,26,C
1VX,27,C
1VX,28,C
1VX,29,C
1VX,30,C
1VX,31,O
1VX,32,O
1XM,0,C
1XM,1,C
1XM,2,C
1XM,3,N
1XM,4,N
1XM,5,N
1XM,6,C
1XM,7,S
1XM,8,N
1XM,9,C
1XM,10,N
1Y0,0,C
1Y0,1,C
1Y0,2,C
1Y0,3,O
1Y0,4,N
1Y0,5,C
1Y0,6,C
1Y0,7,C
1Y0,8,C
1Y0,9,C
1Y0,10,C
1Y0,11,C
1Y0,12,C
1Y0,13,O
1Y0,14,N
1Y0,15,C
1Y0,16,C
1Y0,17,C
1Y0,18,C
1Y0,19,C
1Y0,20,C
1Y0,21,N
1Y0,22,C
1Y0,23,C
1Y0,24,C
1Y0,25,O
1Y0,26,N
1Y0,27,C
1Y0,28,C
1Y0,29,C
1Y0,30,O
1Y0,31,C
1Y0,32,C
1Y0,33,C
1Y0,34,C
1Y0,35,C
1Y0,36,C
1Y0,37,N
1Y0,38,C
1YH,0,C
1YH,1,C
1YH,2,C
1YH,3,O
1YH,4,N
1YH,5,C
1YH,6,C
1YH,7,C
1YH,8,C
1YH,9,C
1YH,10,C
1YH,11,C
1YH,12,C
1YH,13,O
1YH,14,N
1YH,15,C
1YH,16,C
1YH,17,C
1YH,18,C
1YH,19,C
1YH,20,N
1YH,21,C
1YH,22,C
1YH,23,C
1YH,24,O
1YH,25,N
1YH,26,C
1YH,27,C
1YH,28,C
1YH,29,O
1YH,30,C
1YH,31,C
1YH,32,C
1YH,33,C
1YH,34,C
1YH,35,C
1YH,36,N
1YH,37,C
20Q,0,C
20Q,1,C
20Q,2,O
20Q,3,N
20Q,4,C
20Q,5,C
20Q,6,C
20Q,7,C
20Q,8,C
20Q,9,C
20Q,10,C
20Q,11,C
20Q,12,C
20Q,13,C
20Q,14,C
20Q,15,C
20Q,16,N
20Q,17,C
20Q,18,O
20Q,19,Cl
20Q,20,C
20Q,21,C
20Q,22,C
20Q,23,C
20Q,24,C
20Q,25,C
20Q,26,C
20Q,27,Cl
20U,0,C
20U,1,C
20U,2,C
20U,3,C
20U,4,C
20U,5,C
20U,6,C
20U,7,C
20U,8,C
20U,9,C
20U,10,C
20U,11,C
20U,12,C
20U,13,N
20U,14,C
20U,15,O
20U,16,Cl
20U,17,C
20U,18,C
20U,19,N
20U,20,C
20U,21,O
20U,22,N
20U,23,C
20U,24,C
20U,25,C
20U,26,C
20U,27,C
20U,28,C
20U,29,C
20U,30,O
20U,31,N
20U,32,C
20U,33,C
20U,34,C
20U,35,C
20U,36,C
20U,37,C
20U,38,F
20U,39,Cl
20W,0,C
20W,1,C
20W,2,C
20W,3,C
20W,4,C
20W,5,C
20W,6,C
20W,7,C
20W,8,C
20W,9,C
20W,10,C
20W,11,S
20W,12,Cl
20W,13,N
20W,14,C
20W,15,O
20W,16,C
20W,17,C
20W,18,N
20W,19,C
20W,20,O
20W,21,N
20W,22,C
20W,23,C
20W,24,C
20W,25,C
20W,26,C
20W,27,C
20W,28,O
20W,29,C
20W,30,C
20W,31,O
20W,32,N
20W,33,C
20W,34,C
20W,35,C
20W,36,C
20W,37,C
20W,38,C
20W,39,F
20W,40,Cl
28W,0,C
28W,1,C
28W,2,C
28W,3,C
28W,4,C
28W,5,C
28W,6,O
28W,7,N
28W,8,O
28W,9,N
28W,10,C
28W,11,C
28W,12,C
28W,13,C
28W,14,C
28W,15,C
28W,16,C
28W,17,C
28W,18,N
28W,19,C
28W,20,C
28W,21,O
28W,22,N
28W,23,O
28W,24,Cl
28W,25,C
28W,26,O
28W,27,N
28W,28,C
28W,29,C
28W,30,C
28W,31,C
28W,32,C
28W,33,C
28W,34,C
2DX,0,C
2DX,1,C
2DX,2,C
2DX,3,C
2DX,4,O
2DX,5,N
2DX,6,C
2DX,7,C
2DX,8,C
2DX,9,C
2DX,10,C
2DX,11,C
2DX,12,C
2DX,13,C
2DX,14,O
2DX,15,N
2DX,16,C
2DX,17,C
2DX,18,C
2DX,19,C
2DX,20,C
2DX,21,N
2DX,22,C
2DX,23,C
2DX,24,C
2DX,25,O
2DX,26,N
2DX,27,C
2DX,28,C
2DX,29,C
2DX,30,O
2DX,31,C
2DX,32,C
2DX,33,C
2DX,34,C
2DX,35,C
2DX,36,C
2DX,37,N
2DX,38,C
2DY,0,C
2DY,1,C
2DY,2,C
2DY,3,C
2DY,4,O
2DY,5,N
2DY,6,C
2DY,7,C
2DY,8,C
2DY,9,C
2DY,10,C
2DY,11,C
2DY,12,C
2DY,13,C
2DY,14,O
2DY,15,N
2DY,16,C
2DY,17,C
2DY,18,C
2DY,19,C
2DY,20,C
2DY,21,C
2DY,22,C
2DY,23,C
2DY,24,C
2DY,25,N
2DY,26,C
2DY,27,C
2DY,28,C
2DY,29,O
2DY,30,N
2DY,31,C
2DY,32,C
2DY,33,C
2DY,34,O
2DY,35,C
2DY,36,C
2DY,37,C
2DY,38,C
2DY,39,C
2DY,40,C
2DY,41,N
2DY,42,C
2FS,0,C
2FS,1,C
2FS,2,C
2FS,3,C
2FS,4,C
2FS,5,C
2FS,6,C
2FS,7,C
2FS,8,N
2FS,9,C
2FS,10,C
2FS,11,N
2FS,12,C
2FS,13,C
2FS,14,C
2FS,15,C
2FS,16,C
2FS,17,C
2FS,18,C
2FS,19,C
2FS,20,O
2FS,21,C
2FS,22,O
2FS,23,C
2FS,24,C
2FS,25,C
2FS,26,C
2FS,27,C
2FS,28,C
2FS,29,C
2FS,30,O
2FS,31,O
2PE,0,C
2PE,1,C
2PE,2,O
2PE,3,C
2PE,4,C
2PE,5,O
2PE,6,C
2PE,7,C
2PE,8,O
2PE,9,C
2PE,10,C
2PE,11,O
2PE,12,C
2PE,13,C
2PE,14,O
2PE,15,C
2PE,16,C
2PE,17,O
2PE,18,C
2PE,19,C
2PE,20,O
2PE,21,C
2PE,22,C
2PE,23,O
2PE,24,C
2PE,25,C
2PE,26,O
2PE,27,O
2SW,0,C
2SW,1,C
2SW,2,C
2SW,3,C
2SW,4,S
2SW,5,O
2SW,6,O
2SW,7,C
2SW,8,C
2SW,9,C
2SW,10,C
2SW,11,N
2SW,12,C
2SW,13,C
2SW,14,C
2SW,15,C
2SW,16,C
2SW,17,O
2SW,18,C
2SW,19,C
2SW,20,C
2SW,21,O
2SW,22,O
2SW,23,C
2SW,24,C
2SW,25,C
2SW,26,C
2SW,27,C
2SW,28,C
2SW,29,Cl
2SW,30,C
2SW,31,C
2SW,32,C
2SW,33,C
2SW,34,C
2SW,35,C
2SW,36,Cl
2TW,0,C
2TW,1,C
2TW,2,C
2TW,3,C
2TW,4,S
2TW,5,O
2TW,6,O
2TW,7,C
2TW,8,C
2TW,9,C
2TW,10,C
2TW,11,C
2TW,12,N
2TW,13,C
2TW,14,C
2TW,15,O
2TW,16,C
2TW,17,C
2TW,18,O
2TW,19,C
2TW,20,C
2TW,21,O
2TW,22,O
2TW,23,C
2TW,24,C
2TW,25,C
2TW,26,C
2TW,27,C
2TW,28,C
2TW,29,Cl
2TW,30,C
2TW,31,C
2TW,32,C
2TW,33,C
2TW,34,C
2TW,35,C
2TW,36,Cl
2TZ,0,C
2TZ,1,C
2TZ,2,C
2TZ,3,C
2TZ,4,S
2TZ,5,O
2TZ,6,O
2TZ,7,C
2TZ,8,C
2TZ,9,C
2TZ,10,C
2TZ,11,N
2TZ,12,C
2TZ,13,C
2TZ,14,O
2TZ,15,C
2TZ,16,C
2TZ,17,O
2TZ,18,C
2TZ,19,C
2TZ,20,O
2TZ,21,O
2TZ,22,C
2TZ,23,C
2TZ,24,C
2TZ,25,C
2TZ,26,C
2TZ,27,C
2TZ,28,Cl
2TZ,29,C
2TZ,30,C
2TZ,31,C
2TZ,32,C
2TZ,33,C
2TZ,34,C
2TZ,35,Cl
2U0,0,C
2U0,1,C
2U0,2,C
2U0,3,C
2U0,4,C
2U0,5,N
2U0,6,C
2U0,7,O
2U0,8,C
2U0,9,C
2U0,10,S
2U0,11,O
2U0,12,O
2U0,13,C
2U0,14,C
2U0,15,C
2U0,16,C
2U0,17,C
2U0,18,C
2U0,19,C
2U0,20,C
2U0,21,C
2U0,22,C
2U0,23,C
2U0,24,C
2U0,25,C
2U0,26,F
2U0,27,Cl
2U0,28,C
2U0,29,C
2U0,30,C
2U0,31,C
2U0,32,C
2U0,33,C
2U0,34,Cl
2U0,35,C
2U0,36,C
2U0,37,N
2U0,38,C
2U0,39,C
2U0,40,S
2U0,41,C
2U0,42,C
2U0,43,O
2U0,44,O
2U1,0,C
2U1,1,C
2U1,2,C
2U1,3,O
2U1,4,N
2U1,5,C
2U1,6,C
2U1,7,O
2U1,8,C
2U1,9,C
2U1,10,C
2U1,11,C
2U1,12,C
2U1,13,C
2U1,14,Cl
2U1,15,C
2U1,16,C
2U1,17,C
2U1,18,C
2U1,19,C
2U1,20,C
2U1,21,Cl
2U1,22,C
2U1,23,C
2U1,24,S
2U1,25,O
2U1,26,O
2U1,27,C
2U1,28,C
2U1,29,C
2U1,30,C
2U1,31,C
2U1,32,C
2U1,33,C
2U1,34,C
2U1,35,C
2U1,36,C
2U1,37,C
2U1,38,C
2U1,39,C
2U1,40,N
2U1,41,C
2U1,42,O
2U1,43,O
2U5,0,C
2U5,1,C
2U5,2,C
2U5,3,C
2U5,4,C
2U5,5,N
2U5,6,C
2U5,7,O
2U5,8,C
2U5,9,C
2U5,10,S
2U5,11,O
2U5,12,O
2U5,13,C
2U5,14,C
2U5,15,C
2U5,16,C
2U5,17,C
2U5,18,C
2U5,19,C
2U5,20,C
2U5,21,C
2U5,22,C
2U5,23,C
2U5,24,C
2U5,25,C
2U5,26,Cl
2U5,27,C
2U5,28,C
2U5,29,C
2U5,30,C
2U5,31,C
2U5,32,C
2U5,33,Cl
2U5,34,C
2U5,35,C
2U5,36,C
2U5,37,C
2U5,38,C
2U5,39,C
2U5,40,N
2U5,41,C
2U5,42,O
2U5,43,O
2U6,0,C
2U6,1,C
2U6,2,C
2U6,3,O
2U6,4,N
2U6,5,C
2U6,6,C
2U6,7,O
2U6,8,C
2U6,9,C
2U6,10,C
2U6,11,C
2U6,12,C
2U6,13,C
2U6,14,Cl
2U6,15,C
2U6,16,C
2U6,17,C
2U6,18,C
2U6,19,C
2U6,20,C
2U6,21,Cl
2U6,22,C
2U6,23,C
2U6,24,S
2U6,25,O
2U6,26,O
2U6,27,C
2U6,28,C
2U6,29,C
2U6,30,C
2U6,31,C
2U6,32,C
2U6,33,C
2U6,34,C
2U6,35,C
2U6,36,C
2U6,37,C
2U6,38,C
2U6,39,C
2U6,40,N
2U6,41,C
2U6,42,O
2U6,43,O
2U7,0,C
2U7,1,C
2U7,2,C
2U7,3,C
2U7,4,S
2U7,5,O
2U7,6,O
2U7,7,C
2U7,8,C
2U7,9,C
2U7,10,C
2U7,11,N
2U7,12,C
2U7,13,C
2U7,14,O
2U7,15,C
2U7,16,C
2U7,17,O
2U7,18,C
2U7,19,C
2U7,20,O
2U7,21,O
2U7,22,C
2U7,23,C
2U7,24,C
2U7,25,C
2U7,26,C
2U7,27,C
2U7,28,Cl
2U7,29,C
2U7,30,C
2U7,31,C
2U7,32,C
2U7,33,C
2U7,34,C
2U7,35,Cl
2V8,0,C
2V8,1,C
2V8,2,C
2V8,3,C
2V8,4,C
2V8,5,C
2V8,6,C
2V8,7,C
2V8,8,N
2V8,9,C
2V8,10,C
2V8,11,N
2V8,12,C
2V8,13,C
2V8,14,C
2V8,15,C
2V8,16,C
2V8,17,C
2V8,18,C
2V8,19,Cl
2V8,20,C
2V8,21,C
2V8,22,C
2V8,23,C
2V8,24,C
2V8,25,C
2V8,26,Cl
2V8,27,C
2V8,28,O
2V8,29,O
35S,0,C
35S,1,C
35S,2,C
35S,3,C
35S,4,C
35S,5,C
35S,6,C
35S,7,C
35S,8,N
35S,9,C
35S,10,C
35S,11,C
35S,12,N
35S,13,C
35S,14,C
35S,15,C
35S,16,C
35S,17,C
35S,18,O
35S,19,C
35S,20,C
35S,21,C
35S,22,O
35S,23,O
35S,24,C
35S,25,C
35S,26,C
35S,27,C
35S,28,C
35S,29,C
35S,30,Cl
35S,31,C
35S,32,C
35S,33,C
35S,34,C
35S,35,C
35S,36,C
35S,37,Cl
35T,0,C
35T,1,C
35T,2,C
35T,3,C
35T,4,C
35T,5,N
35T,6,C
35T,7,O
35T,8,C
35T,9,C
35T,10,S
35T,11,O
35T,12,O
35T,13,N
35T,14,C
35T,15,C
35T,16,C
35T,17,C
35T,18,C
35T,19,C
35T,20,C
35T,21,C
35T,22,C
35T,23,C
35T,24,C
35T,25,C
35T,26,C
35T,27,Cl
35T,28,C
35T,29,C
35T,30,C
35T,31,C
35T,32,C
35T,33,C
35T,34,Cl
35T,35,C
35T,36,C
35T,37,O
35T,38,O
389,0,C
389,1,C
389,2,C
389,3,O
389,4,N
389,5,C
389,6,C
389,7,C
389,8,C
389,9,C
389,10,O
389,11,N
389,12,C
389,13,C
389,14,C
389,15,C
389,16,C
389,17,O
389,18,N
389,19,C
389,20,C
389,21,C
389,22,C
389,23,C
389,24,C
389,25,C
389,26,C
389,27,C
389,28,C
389,29,C
389,30,C
389,31,C
389,32,C
389,33,N
3FD,0,C
3FD,1,C
3FD,2,C
3FD,3,C
3FD,4,C
3FD,5,C
3FD,6,C
3FD,7,O
3FD,8,C
3FD,9,C
3FD,10,C
3FD,11,C
3FD,12,C
3FD,13,O
3FD,14,N
3FD,15,C
3FD,16,C
3FD,17,C
3FD,18,N
3FD,19,C
3FD,20,N
3FD,21,N
3FD,22,N
3FD,23,C
3FD,24,N
3FD,25,C
3FD,26,C
3FD,27,C
3FD,28,C
3FD,29,C
3FD,30,C
3FD,31,C
3FD,32,Cl
3FD,33,Cl
3FD,34,O
3FD,35,O
3FD,36,C
3FD,37,N
3JG,0,C
3JG,1,C
3JG,2,C
3JG,3,C
3JG,4,C
3JG,5,C
3JG,6,O
3JG,7,N
3JG,8,C
3JG,9,C
3JG,10,C
3JG,11,C
3JG,12,C
3JG,13,O
3JG,14,N
3JG,15,C
3JG,16,C
3JG,17,C
3JG,18,C
3JG,19,C
3JG,20,C
3JG,21,C
3JG,22,C
3JG,23,C
3JG,24,N
3JG,25,C
3JG,26,O
3JG,27,O
3JH,0,C
3JH,1,C
3JH,2,C
3JH,3,S
3JH,4,C
3JH,5,N
3JH,6,C
3JH,7,C
3JH,8,C
3JH,9,C
3JH,10,C
3JH,11,C
3JH,12,C
3JH,13,N
3JH,14,C
3JH,15,O
3JH,16,C
3JH,17,C
3JH,18,C
3JH,19,C
3JH,20,N
3JH,21,C
3JH,22,O
3JH,23,C
3JH,24,C
3JH,25,C
3JH,26,C
3JH,27,C
3JH,28,N
3JH,29,C
3JH,30,O
3JH,31,C
3JH,32,C
3JH,33,C
3JH,34,C
3JH,35,C
3JH,36,N
3JH,37,C
3JH,38,O
3JH,39,C
3JH,40,O
3JJ,0,C
3JJ,1,C
3JJ,2,C
3JJ,3,S
3JJ,4,C
3JJ,5,N
3JJ,6,C
3JJ,7,C
3JJ,8,C
3JJ,9,C
3JJ,10,C
3JJ,11,C
3JJ,12,C
3JJ,13,N
3JJ,14,C
3JJ,15,O
3JJ,16,C
3JJ,17,C
3JJ,18,C
3JJ,19,C
3JJ,20,N
3JJ,21,C
3JJ,22,O
3JJ,23,C
3JJ,24,C
3JJ,25,C
3JJ,26,C
3JJ,27,C
3JJ,28,N
3JJ,29,C
3JJ,30,O
3JJ,31,C
3JJ,32,C
3JJ,33,C
3JJ,34,C
3JJ,35,C
3JJ,36,N
3JJ,37,C
3JJ,38,O
3JJ,39,C
3JJ,40,O
3JK,0,C
3JK,1,C
3JK,2,C
3JK,3,O
3JK,4,C
3JK,5,N
3JK,6,C
3JK,7,C
3JK,8,C
3JK,9,C
3JK,10,C
3JK,11,C
3JK,12,C
3JK,13,N
3JK,14,C
3JK,15,O
3JK,16,C
3JK,17,C
3JK,18,C
3JK,19,C
3JK,20,N
3JK,21,C
3JK,22,O
3JK,23,C
3JK,24,C
3JK,25,C
3JK,26,C
3JK,27,C
3JK,28,O
3JO,0,C
3JO,1,C
3JO,2,C
3JO,3,S
3JO,4,C
3JO,5,N
3JO,6,C
3JO,7,C
3JO,8,C
3JO,9,C
3JO,10,C
3JO,11,C
3JO,12,C
3JO,13,N
3JO,14,C
3JO,15,O
3JO,16,C
3JO,17,C
3JO,18,C
3JO,19,C
3JO,20,N
3JO,21,C
3JO,22,O
3JO,23,C
3JO,24,C
3JO,25,C
3JO,26,C
3JO,27,C
3JO,28,N
3JO,29,C
3JO,30,O
3JO,31,C
3JO,32,C
3JO,33,C
3JO,34,C
3JO,35,C
3JO,36,C
3JO,37,C
3JO,38,C
3JO,39,N
3JO,40,C
3JO,41,O
3JO,42,C
3JO,43,O
3JS,0,C
3JS,1,C
3JS,2,C
3JS,3,S
3JS,4,C
3JS,5,N
3JS,6,C
3JS,7,C
3JS,8,C
3JS,9,C
3JS,10,C
3JS,11,C
3JS,12,C
3JS,13,N
3JS,14,C
3JS,15,O
3JS,16,C
3JS,17,C
3JS,18,C
3JS,19,C
3JS,20,N
3JS,21,C
3JS,22,O
3JS,23,C
3JS,24,C
3JS,25,C
3JS,26,C
3JS,27,N
3JS,28,C
3JS,29,O
3JS,30,C
3JS,31,O
3JS,32,O
3JT,0,C
3JT,1,C
3JT,2,C
3JT,3,C
3JT,4,C
3JT,5,C
3JT,6,O
3JT,7,N
3JT,8,C
3JT,9,C
3JT,10,C
3JT,11,C
3JT,12,C
3JT,13,O
3JT,14,N
3JT,15,C
3JT,16,C
3JT,17,C
3JT,18,C
3JT,19,C
3JT,20,C
3JT,21,C
3JT,22,C
3JT,23,C
3JT,24,N
3JT,25,C
3JT,26,S
3JT,27,O
3JU,0,C
3JU,1,C
3JU,2,C
3JU,3,S
3JU,4,C
3JU,5,N
3JU,6,C
3JU,7,C
3JU,8,C
3JU,9,C
3JU,10,C
3JU,11,C
3JU,12,C
3JU,13,N
3JU,14,C
3JU,15,O
3JU,16,C
3JU,17,C
3JU,18,C
3JU,19,C
3JU,20,N
3JU,21,C
3JU,22,O
3JU,23,C
3JU,24,C
3JU,25,C
3JU,26,C
3JU,27,C
3JU,28,O
3JV,0,C
3JV,1,C
3JV,2,C
3JV,3,C
3JV,4,C
3JV,5,C
3JV,6,C
3JV,7,C
3JV,8,C
3JV,9,N
3JV,10,C
3JV,11,S
3JV,12,C
3JV,13,N
3JV,14,C
3JV,15,O
3JV,16,C
3JV,17,C
3JV,18,C
3JV,19,C
3JV,20,N
3JV,21,C
3JV,22,O
3JV,23,C
3JV,24,C
3JV,25,C
3JV,26,C
3JV,27,C
3JV,28,O
3V7,0,C
3V7,1,C
3V7,2,N
3V7,3,N
3V7,4,N
3V7,5,C
3V7,6,C
3V7,7,C
3V7,8,O
3V7,9,C
3V7,10,O
41P,0,C
41P,1,O
41P,2,C
41P,3,C
41P,4,C
41P,5,C
41P,6,C
41P,7,C
41P,8,S
41P,9,O
41P,10,O
41P,11,N
41P,12,C
41P,13,C
41P,14,O
41P,15,N
41P,16,C
41P,17,C
41P,18,C
41P,19,C
41P,20,C
41P,21,C
41P,22,C
41P,23,C
41P,24,C
41P,25,C
41P,26,N
41P,27,C
41P,28,C
41P,29,O
41P,30,N
41P,31,S
41P,32,O
41P,33,O
41P,34,C
41P,35,C
41P,36,C
41P,37,C
41P,38,C
41P,39,C
41P,40,O
41P,41,C
44Z,0,C
44Z,1,C
44Z,2,C
44Z,3,O
44Z,4,C
44Z,5,C
44Z,6,C
44Z,7,C
44Z,8,C
44Z,9,C
44Z,10,C
44Z,11,N
44Z,12,C
44Z,13,C
44Z,14,N
44Z,15,C
44Z,16,O
44Z,17,N
44Z,18,C
44Z,19,C
44Z,20,N
44Z,21,C
44Z,22,O
44Z,23,C
44Z,24,C
44Z,25,C
44Z,26,C
44Z,27,C
44Z,28,C
44Z,29,C
44Z,30,Cl
44Z,31,C
44Z,32,C
44Z,33,C
44Z,34,C
44Z,35,C
44Z,36,C
44Z,37,O
44Z,38,C
44Z,39,O
44Z,40,C
48L,0,C
48L,1,C
48L,2,C
48L,3,O
48L,4,C
48L,5,C
48L,6,C
48L,7,C
48L,8,C
48L,9,C
48L,10,C
48L,11,N
48L,12,C
48L,13,C
48L,14,N
48L,15,C
48L,16,O
48L,17,N
48L,18,C
48L,19,C
48L,20,N
48L,21,C
48L,22,O
48L,23,C
48L,24,C
48L,25,C
48L,26,C
48L,27,C
48L,28,C
48L,29,C
48L,30,Cl
48L,31,C
48L,32,C
48L,33,C
48L,34,C
48L,35,C
48L,36,C
48L,37,F
48L,38,Br
48L,39,O
48L,40,C
48M,0,C
48M,1,C
48M,2,C
48M,3,O
48M,4,C
48M,5,C
48M,6,C
48M,7,C
48M,8,C
48M,9,C
48M,10,C
48M,11,N
48M,12,C
48M,13,C
48M,14,N
48M,15,C
48M,16,O
48M,17,N
48M,18,C
48M,19,C
48M,20,N
48M,21,C
48M,22,O
48M,23,C
48M,24,C
48M,25,C
48M,26,C
48M,27,C
48M,28,C
48M,29,C
48M,30,Cl
48M,31,C
48M,32,C
48M,33,C
48M,34,C
48M,35,C
48M,36,C
48M,37,Cl
48M,38,C
48M,39,N
49H,0,C
49H,1,C
49H,2,C
49H,3,O
49H,4,C
49H,5,C
49H,6,C
49H,7,C
49H,8,C
49H,9,C
49H,10,C
49H,11,N
49H,12,C
49H,13,C
49H,14,N
49H,15,C
49H,16,O
49H,17,N
49H,18,C
49H,19,C
49H,20,N
49H,21,C
49H,22,O
49H,23,C
49H,24,C
49H,25,C
49H,26,C
49H,27,C
49H,28,C
49H,29,C
49H,30,Cl
49H,31,C
49H,32,C
49H,33,C
49H,34,C
49H,35,C
49H,36,C
49H,37,Cl
49H,38,O
49H,39,C
4ID,0,C
4ID,1,C
4ID,2,C
4ID,3,C
4ID,4,C
4ID,5,C
4ID,6,C
4ID,7,C
4ID,8,S
4ID,9,O
4ID,10,O
4ID,11,C
4ID,12,C
4ID,13,N
4ID,14,C
4ID,15,N
4ID,16,C
4ID,17,O
4ID,18,S
4ID,19,C
4ID,20,C
4ID,21,O
4ID,22,N
4ID,23,C
4ID,24,C
4ID,25,C
4ID,26,C
4ID,27,C
4ID,28,C
4ID,29,C
4ID,30,F
4ID,31,F
4ID,32,F
4LZ,0,C
4LZ,1,C
4LZ,2,C
4LZ,3,C
4LZ,4,C
4LZ,5,C
4LZ,6,C
4LZ,7,C
4LZ,8,C
4LZ,9,O
4LZ,10,O
4LZ,11,N
4LZ,12,O
4LZ,13,C
4LZ,14,C
4LZ,15,N
4LZ,16,N
4LZ,17,N
4NJ,0,C
4NJ,1,N
4NJ,2,C
4NJ,3,O
4NJ,4,C
4NJ,5,C
4NJ,6,C
4NJ,7,C
4NJ,8,C
4NJ,9,C
4NJ,10,C
4NJ,11,C
4NJ,12,C
4NJ,13,C
4NJ,14,Cl
4NJ,15,O
4NJ,16,C
4NJ,17,C
4NJ,18,N
4NJ,19,C
4NJ,20,C
4NJ,21,C
4NJ,22,C
4NJ,23,C
4NJ,24,C
4NJ,25,Cl
4NJ,26,C
4NJ,27,C
4NJ,28,C
4NJ,29,C
4NJ,30,C
4NJ,31,C
4NJ,32,C
4NJ,33,Cl
4NX,0,C
4NX,1,C
4NX,2,C
4NX,3,C
4NX,4,C
4NX,5,C
4NX,6,C
4NX,7,C
4NX,8,C
4NX,9,C
4NX,10,O
4NX,11,C
4NX,12,O
4NX,13,C
4NX,14,C
4NX,15,C
4NX,16,C
4NX,17,C
4NX,18,C
4NX,19,C
4NX,20,Cl
4NX,21,O
4NX,22,C
4NX,23,C
4NX,24,N
4NX,25,C
4NX,26,C
4NX,27,C
4NX,28,C
4NX,29,C
4NX,30,C
4NX,31,Cl
4NX,32,Cl
4SS,0,C
4SS,1,C
4SS,2,O
4SS,3,C
4SS,4,C
4SS,5,C
4SS,6,C
4SS,7,C
4SS,8,C
4SS,9,O
4SS,10,C
4SS,11,C
4SS,12,C
4SS,13,N
4SS,14,C
4SS,15,O
4SS,16,C
4SS,17,C
4SS,18,C
4SS,19,C
4SS,20,C
4SS,21,C
4SS,22,C
4SS,23,O
4SS,24,C
4SS,25,C
4SS,26,N
4SS,27,N
4SS,28,N
4SS,29,N
4SS,30,C
4SS,31,C
4SS,32,C
4SS,33,C
4SS,34,C
4SS,35,C
4SS,36,C
4SS,37,Cl
4T4,0,C
4T4,1,C
4T4,2,C
4T4,3,O
4T4,4,C
4T4,5,C
4T4,6,C
4T4,7,C
4T4,8,C
4T4,9,C
4T4,10,O
4T4,11,C
4T4,12,C
4T4,13,C
4T4,14,O
4T4,15,N
4T4,16,C
4T4,17,C
4T4,18,C
4T4,19,C
4T4,20,C
4T4,21,C
4T4,22,C
4T4,23,Cl
4T4,24,C
4T4,25,C
4T4,26,C
4T4,27,C
4T4,28,C
4T4,29,C
4T4,30,N
4T4,31,C
4T4,32,C
4T4,33,C
4T4,34,C
4T4,35,C
4T4,36,C
4T4,37,C
4T4,38,C
4T4,39,N
4T4,40,C
4T4,41,C
4T4,42,N
4T4,43,C
4T4,44,O
4T4,45,C
4T4,46,C
4TH,0,C
4TH,1,C
4TH,2,C
4TH,3,C
4TH,4,O
4TH,5,C
4TH,6,C
4TH,7,C
4TH,8,C
4TH,9,C
4TH,10,C
4TH,11,O
4TH,12,C
4TH,13,C
4TH,14,C
4TH,15,O
4TH,16,N
4TH,17,C
4TH,18,C
4TH,19,C
4TH,20,C
4TH,21,C
4TH,22,C
4TH,23,C
4TH,24,Cl
4TH,25,C
4TH,26,C
4TH,27,C
4TH,28,C
4TH,29,C
4TH,30,C
4TH,31,N
4TH,32,C
4TH,33,C
4TH,34,C
4TH,35,C
4TH,36,C
4TH,37,N
4TH,38,C
4TH,39,C
4WJ,0,C
4WJ,1,C
4WJ,2,C
4WJ,3,N
4WJ,4,N
4WJ,5,C
4WJ,6,C
4WJ,7,C
4WJ,8,N
4WJ,9,C
4WJ,10,C
4WJ,11,Br
4WK,0,C
4WK,1,C
4WK,2,C
4WK,3,O
4WK,4,N
4WK,5,C
4WK,6,C
4WK,7,C
4WK,8,C
4WK,9,C
4WK,10,O
4WK,11,N
4WK,12,N
4XE,0,C
4XE,1,C
4XE,2,C
4XE,3,N
4XE,4,C
4XE,5,C
4XE,6,C
4XE,7,O
4XE,8,C
4XE,9,N
4XE,10,C
4XE,11,C
4XE,12,N
4XE,13,C
4XE,14,C
4XF,0,C
4XF,1,C
4XF,2,C
4XF,3,O
4XF,4,N
4XF,5,C
4XF,6,C
4XF,7,C
4XF,8,C
4XF,9,C
4XF,10,N
4XF,11,N
4XF,12,N
4YC,0,C
4YC,1,C
4YC,2,C
4YC,3,N
4YC,4,C
4YC,5,C
4YC,6,N
4YC,7,C
4YC,8,C
4YC,9,O
4YC,10,N
4YC,11,C
4YC,12,C
4YC,13,C
4YC,14,C
4YC,15,C
4YC,16,C
4YC,17,C
4YC,18,C
4YC,19,Cl
4YC,20,C
4YC,21,C
4YD,0,C
4YD,1,C
4YD,2,C
4YD,3,N
4YD,4,C
4YD,5,C
4YD,6,N
4YD,7,C
4YD,8,C
4YD,9,O
4YD,10,N
4YD,11,C
4YD,12,C
4YD,13,C
4YD,14,C
4YE,0,C
4YE,1,C
4YE,2,C
4YE,3,N
4YE,4,C
4YE,5,C
4YE,6,N
4YE,7,C
4YE,8,C
4YE,9,O
4YE,10,N
4YE,11,C
4YE,12,C
4YE,13,C
4YE,14,C
4YE,15,C
4YE,16,C
4YE,17,C
4YE,18,C
4YF,0,C
4YF,1,C
4YF,2,C
4YF,3,N
4YF,4,C
4YF,5,C
4YF,6,N
4YF,7,C
4YF,8,C
4YF,9,O
4YF,10,N
4YF,11,C
4YF,12,C
4YF,13,C
4YF,14,C
4YF,15,C
4YF,16,C
4YF,17,N
4YF,18,C
4YF,19,Cl
4YL,0,C
4YL,1,C
4YL,2,C
4YL,3,N
4YL,4,C
4YL,5,C
4YL,6,N
4YL,7,C
4YL,8,O
4YL,9,C
4YL,10,C
4YL,11,C
4YL,12,O
4YL,13,N
4YL,14,C
4YL,15,C
4YL,16,C
4YL,17,C
4YL,18,C
4YL,19,C
4YL,20,N
4YL,21,C
4YL,22,Cl
4YL,23,C
4YL,24,C
4YN,0,C
4YN,1,C
4YN,2,C
4YN,3,N
4YN,4,C
4YN,5,C
4YN,6,N
4YN,7,C
4YN,8,O
4YN,9,C
4YN,10,C
4YN,11,C
4YN,12,O
4YN,13,N
4YN,14,C
4YN,15,C
4YN,16,C
4YN,17,C
4YN,18,C
4YN,19,C
4YN,20,N
4YN,21,C
4YN,22,C
4YN,23,C
4YN,24,C
4YN,25,C
4YN,26,C
4YN,27,C
4YN,28,C
4YN,29,C
4YN,30,C
4YY,0,C
4YY,1,C
4YY,2,C
4YY,3,S
4YY,4,C
4YY,5,N
4YY,6,C
4YY,7,C
4YY,8,C
4YY,9,C
4YY,10,C
4YY,11,C
4YY,12,C
4YY,13,N
4YY,14,C
4YY,15,O
4YY,16,C
4YY,17,C
4YY,18,C
4YY,19,C
4YY,20,N
4YY,21,C
4YY,22,O
4YY,23,C
4YY,24,C
4YY,25,C
4YY,26,C
4YY,27,C
4YY,28,N
4YY,29,C
4YY,30,O
4YY,31,C
4YY,32,C
4YY,33,C
4YY,34,F
4YY,35,O
516,0,C
516,1,C
516,2,C
516,3,O
516,4,N
516,5,C
516,6,C
516,7,C
516,8,C
516,9,C
516,10,C
516,11,C
516,12,C
516,13,O
516,14,N
516,15,C
516,16,C
516,17,C
516,18,C
516,19,C
516,20,N
516,21,C
516,22,C
516,23,S
516,24,C
516,25,C
516,26,C
516,27,C
516,28,C
516,29,C
516,30,C
516,31,C
516,32,C
516,33,C
516,34,N
516,35,C
51M,0,C
51M,1,C
51M,2,C
51M,3,C
51M,4,C
51M,5,C
51M,6,C
51M,7,C
51M,8,S
51M,9,O
51M,10,O
51M,11,N
51M,12,C
51M,13,C
51M,14,C
51M,15,C
51M,16,C
51M,17,C
51M,18,C
51M,19,C
51M,20,C
51M,21,C
51M,22,N
51M,23,C
51M,24,C
51M,25,C
51M,26,C
51M,27,C
51M,28,O
51M,29,O
51M,30,C
51M,31,C
58E,0,C
58E,1,C
58E,2,C
58E,3,C
58E,4,C
58E,5,C
58E,6,C
58E,7,N
58E,8,N
58E,9,C
58E,10,C
58E,11,C
58E,12,C
58E,13,C
58E,14,O
58E,15,C
58E,16,N
58E,17,C
58E,18,C
58E,19,C
58E,20,C
58E,21,C
58E,22,C
58E,23,N
58E,24,C
5QZ,0,C
5QZ,1,N
5QZ,2,C
5QZ,3,C
5QZ,4,O
5QZ,5,C
5QZ,6,C
5QZ,7,C
5QZ,8,C
5QZ,9,C
5QZ,10,C
5QZ,11,C
5QZ,12,C
5QZ,13,C
5QZ,14,C
5QZ,15,C
5QZ,16,C
5QZ,17,N
5QZ,18,C
5QZ,19,C
5QZ,20,C
5QZ,21,N
5QZ,22,C
5QZ,23,O
5QZ,24,O
5QZ,25,C
5QZ,26,C
5QZ,27,C
5RB,0,C
5RB,1,C
5RB,2,C
5RB,3,C
5RB,4,C
5RB,5,C
5RB,6,C
5RB,7,C
5RB,8,N
5RB,9,C
5RB,10,O
5RB,11,C
5RB,12,C
5RB,13,C
5RB,14,C
5RB,15,C
5RB,16,C
5RB,17,C
5RB,18,C
5RB,19,C
5RB,20,C
5RB,21,C
5RB,22,C
5RB,23,N
5RB,24,C
5RB,25,C
5RB,26,C
5RB,27,N
5RB,28,C
5RB,29,O
5RB,30,O
5RB,31,C
5RB,32,C
5RB,33,C
5RB,34,C
5RB,35,C
5RB,36,N
5RB,37,N
5RB,38,N
5RB,39,C
5RQ,0,C
5RQ,1,C
5RQ,2,C
5RQ,3,C
5RQ,4,C
5RQ,5,C
5RQ,6,C
5RQ,7,C
5RQ,8,N
5RQ,9,C
5RQ,10,O
5RQ,11,C
5RQ,12,C
5RQ,13,C
5RQ,14,C
5RQ,15,C
5RQ,16,C
5RQ,17,C
5RQ,18,C
5RQ,19,C
5RQ,20,C
5RQ,21,C
5RQ,22,C
5RQ,23,N
5RQ,24,C
5RQ,25,C
5RQ,26,C
5RQ,27,N
5RQ,28,C
5RQ,29,O
5RQ,30,O
5RQ,31,C
5RQ,32,C
5RQ,33,C
5UI,0,C
5UI,1,C
5UI,2,C
5UI,3,O
5UI,4,C
5UI,5,C
5UI,6,C
5UI,7,C
5UI,8,C
5UI,9,C
5UI,10,C
5UI,11,C
5UI,12,C
5UI,13,C
5UI,14,C
5UI,15,N
5UI,16,N
5UI,17,C
5UI,18,C
5UI,19,C
5UI,20,N
5UI,21,C
5UI,22,O
5UI,23,O
5UI,24,C
5UI,25,F
5UI,26,F
5UI,27,F
5UZ,0,C
5UZ,1,C
5UZ,2,C
5UZ,3,C
5UZ,4,C
5UZ,5,C
5UZ,6,C
5UZ,7,C
5UZ,8,N
5UZ,9,C
5UZ,10,O
5UZ,11,C
5UZ,12,C
5UZ,13,C
5UZ,14,C
5UZ,15,C
5UZ,16,C
5UZ,17,F
5UZ,18,C
5UZ,19,C
5UZ,20,C
5UZ,21,C
5UZ,22,C
5UZ,23,C
5UZ,24,N
5UZ,25,C
5UZ,26,C
5UZ,27,C
5UZ,28,N
5UZ,29,C
5UZ,30,O
5UZ,31,O
5UZ,32,C
5UZ,33,C
5UZ,34,C
5VX,0,C
5VX,1,N
5VX,2,C
5VX,3,C
5VX,4,O
5VX,5,C
5VX,6,C
5VX,7,C
5VX,8,C
5VX,9,C
5VX,10,C
5VX,11,C
5VX,12,C
5VX,13,C
5VX,14,C
5VX,15,C
5VX,16,N
5VX,17,N
5VX,18,C
5VX,19,C
5VX,20,C
5VX,21,N
5VX,22,C
5VX,23,O
5VX,24,O
5VX,25,C
5VX,26,F
5VX,27,F
5VX,28,F
5X9,0,C
5X9,1,N
5X9,2,C
5X9,3,C
5X9,4,N
5X9,5,N
5X9,6,C
5X9,7,C
5X9,8,C
5X9,9,C
5X9,10,C
5X9,11,C
5X9,12,N
5X9,13,N
5X9,14,C
5X9,15,C
5X9,16,C
5X9,17,C
5X9,18,C
5X9,19,C
5X9,20,C
5X9,21,C
5X9,22,C
5X9,23,C
5X9,24,C
5X9,25,C
5X9,26,C
5X9,27,O
5X9,28,N
5X9,29,C
5X9,30,C
5X9,31,C
5X9,32,O
5X9,33,O
6EL,0,C
6EL,1,C
6EL,2,C
6EL,3,C
6EL,4,C
6EL,5,C
6EL,6,C
6EL,7,O
6EL,8,N
6EL,9,C
6EL,10,O
6EL,11,C
6EL,12,C
6EL,13,C
6EL,14,C
6EL,15,O
6EL,16,N
6EL,17,C
6EL,18,O
6OG,0,C
6OG,1,O
6OG,2,C
6OG,3,C
6OG,4,C
6OG,5,N
6OG,6,C
6OG,7,N
6OG,8,N
6OG,9,N
6OG,10,C
6OG,11,N
6OG,12,C
6OG,13,C
6OG,14,C
6OG,15,C
6OG,16,O
6OG,17,C
6OG,18,O
6OG,19,P
6OG,20,O
6OG,21,O
6OG,22,O
6OG,23,O
6SJ,0,C
6SJ,1,C
6SJ,2,C
6SJ,3,C
6SJ,4,C
6SJ,5,C
6SJ,6,Cl
6SJ,7,C
6SJ,8,C
6SJ,9,C
6SJ,10,C
6SJ,11,C
6SJ,12,N
6SJ,13,C
6SJ,14,C
6SJ,15,O
6SJ,16,O
6SJ,17,N
6SJ,18,C
6SJ,19,C
6SJ,20,C
6SJ,21,C
6SJ,22,C
6SJ,23,C
6SJ,24,C
6SJ,25,N
6SJ,26,C
6SJ,27,O
6SJ,28,Cl
6SJ,29,C
6SJ,30,C
6SJ,31,C
6SJ,32,C
6SK,0,C
6SK,1,C
6SK,2,C
6SK,3,C
6SK,4,C
6SK,5,N
6SK,6,C
6SK,7,C
6SK,8,C
6SK,9,C
6SK,10,C
6SK,11,C
6SK,12,C
6SK,13,C
6SK,14,C
6SK,15,C
6SK,16,N
6SK,17,C
6SK,18,O
6SK,19,Cl
6SK,20,C
6SK,21,C
6SK,22,C
6SK,23,C
6SK,24,C
6SK,25,C
6SK,26,Cl
6SK,27,N
6SS,0,C
6SS,1,C
6SS,2,O
6SS,3,C
6SS,4,C
6SS,5,C
6SS,6,C
6SS,7,C
6SS,8,C
6SS,9,C
6SS,10,N
6SS,11,C
6SS,12,C
6SS,13,C
6SS,14,C
6SS,15,C
6SS,16,C
6SS,17,C
6SS,18,C
6SS,19,C
6SS,20,C
6SS,21,N
6SS,22,C
6SS,23,O
6SS,24,Cl
6SS,25,C
6SS,26,C
6SS,27,C
6SS,28,C
6SS,29,C
6SS,30,C
6SS,31,F
6SS,32,Cl
6SS,33,N
6SS,34,C
6ST,0,C
6ST,1,C
6ST,2,C
6ST,3,C
6ST,4,C
6ST,5,C
6ST,6,Cl
6ST,7,F
6ST,8,C
6ST,9,C
6ST,10,C
6ST,11,C
6ST,12,C
6ST,13,N
6ST,14,C
6ST,15,C
6ST,16,C
6ST,17,C
6ST,18,C
6ST,19,C
6ST,20,C
6ST,21,O
6ST,22,O
6ST,23,N
6ST,24,C
6ST,25,C
6ST,26,C
6ST,27,C
6ST,28,C
6ST,29,C
6ST,30,C
6ST,31,N
6ST,32,C
6ST,33,O
6ST,34,Cl
6ST,35,C
6ST,36,C
6ST,37,C
6ST,38,C
6Z3,0,C
6Z3,1,C
6Z3,2,C
6Z3,3,S
6Z3,4,C
6Z3,5,N
6Z3,6,C
6Z3,7,C
6Z3,8,C
6Z3,9,C
6Z3,10,C
6Z3,11,C
6Z3,12,C
6Z3,13,N
6Z3,14,C
6Z3,15,O
6Z3,16,C
6Z3,17,C
6Z3,18,C
6Z3,19,C
6Z3,20,N
6Z3,21,C
6Z3,22,O
6Z3,23,C
6Z3,24,C
6Z3,25,C
6Z3,26,C
6Z3,27,C
6Z3,28,N
6Z3,29,C
6Z3,30,O
6Z3,31,C
6Z3,32,C
6Z3,33,C
6Z3,34,C
6Z3,35,N
6Z3,36,O
6ZT,0,C
6ZT,1,C
6ZT,2,C
6ZT,3,C
6ZT,4,C
6ZT,5,C
6ZT,6,C
6ZT,7,C
6ZT,8,C
6ZT,9,C
6ZT,10,N
6ZT,11,N
6ZT,12,C
6ZT,13,C
6ZT,14,C
6ZT,15,C
6ZT,16,C
6ZT,17,C
6ZT,18,C
6ZT,19,C
6ZT,20,C
6ZT,21,C
6ZT,22,O
6ZT,23,C
6ZT,24,C
6ZT,25,O
6ZT,26,N
6ZT,27,C
6ZT,28,C
6ZT,29,C
6ZT,30,C
6ZT,31,C
6ZT,32,C
6ZT,33,O
6ZT,34,C
6ZT,35,C
6ZT,36,N
6ZT,37,C
6ZT,38,C
6ZT,39,Cl
6ZT,40,Cl
75K,0,C
75K,1,C
75K,2,N
75K,3,C
75K,4,C
75K,5,O
75K,6,C
75K,7,C
75K,8,O
75K,9,C
75K,10,O
75K,11,C
7H8,0,C
7H8,1,C
7H8,2,C
7H8,3,N
7H8,4,C
7H8,5,C
7H8,6,N
7H8,7,C
7H8,8,N
7H8,9,C
7H8,10,C
7H8,11,C
7H8,12,C
7H8,13,O
7H8,14,C
7H8,15,C
7H8,16,O
7H8,17,N
7H8,18,C
7H8,19,C
7H8,20,C
7H8,21,C
7H8,22,C
7H8,23,C
7H8,24,C
7H8,25,N
7H8,26,C
7H8,27,C
7H8,28,C
7H8,29,C
7H8,30,C
7H8,31,C
7H8,32,C
7H8,33,C
7H8,34,C
7HC,0,C
7HC,1,C
7HC,2,C
7HC,3,C
7HC,4,C
7HC,5,C
7HC,6,C
7HC,7,C
7HC,8,C
7HC,9,C
7HC,10,C
7HC,11,C
7HC,12,C
7HC,13,N
7HC,14,C
7HC,15,O
7HC,16,Cl
7HC,17,C
7HC,18,C
7HC,19,N
7HC,20,C
7HC,21,O
7HC,22,N
7HC,23,C
7HC,24,C
7HC,25,C
7HC,26,C
7HC,27,C
7HC,28,C
7HC,29,O
7HC,30,C
7HC,31,C
7HC,32,C
7HC,33,C
7HC,34,C
7HC,35,C
7HC,36,F
7HC,37,Cl
7HT,0,C
7HT,1,C
7HT,2,C
7HT,3,N
7HT,4,N
7HT,5,C
7HT,6,C
7HT,7,C
7HT,8,C
7HT,9,N
7HT,10,C
7HT,11,C
7HT,12,N
7HT,13,C
7HT,14,C
7HT,15,O
7HT,16,N
7HT,17,C
7HT,18,C
7HT,19,C
7HT,20,C
7HT,21,C
7HT,22,C
7HT,23,N
7HT,24,C
7HT,25,C
7HT,26,C
7HT,27,C
7HT,28,C
7HT,29,C
7HT,30,C
7HT,31,C
7HT,32,C
7HT,33,C
7HT,34,C
7HU,0,C
7HU,1,C
7HU,2,C
7HU,3,N
7HU,4,C
7HU,5,C
7HU,6,N
7HU,7,C
7HU,8,O
7HU,9,C
7HU,10,C
7HU,11,C
7HU,12,O
7HU,13,N
7HU,14,C
7HU,15,C
7HU,16,C
7HU,17,C
7HU,18,C
7HU,19,C
7HU,20,C
7HU,21,N
7HU,22,C
7HU,23,C
7HU,24,C
7HU,25,C
7HU,26,C
7HU,27,C
7HU,28,C
7HU,29,C
7HU,30,C
7J6,0,C
7J6,1,C
7J6,2,C
7J6,3,N
7J6,4,C
7J6,5,C
7J6,6,N
7J6,7,C
7J6,8,O
7J6,9,N
7J6,10,C
7J6,11,C
7J6,12,O
7J6,13,C
7J6,14,C
7J6,15,C
7J6,16,C
7J6,17,O
7J6,18,N
7J6,19,C
7J6,20,C
7J6,21,C
7J6,22,C
7J6,23,C
7J6,24,C
7J6,25,C
7J6,26,N
7J6,27,C
7J6,28,C
7J6,29,C
7J6,30,C
7J6,31,C
7J6,32,C
7J6,33,C
7J6,34,C
7J6,35,C
7SE,0,C
7SE,1,C
7SE,2,C
7SE,3,C
7SE,4,C
7SE,5,C
7SE,6,N
7SE,7,N
7SE,8,N
7SE,9,C
7SE,10,C
7SE,11,C
7SE,12,C
7SE,13,O
7SE,14,N
7SE,15,C
7SE,16,O
7YU,0,C
7YU,1,O
7YU,2,C
7YU,3,C
7YU,4,C
7YU,5,C
7YU,6,C
7YU,7,C
7YU,8,O
7YU,9,C
7YU,10,C
7YU,11,N
7YU,12,C
7YU,13,O
7YU,14,N
7YU,15,C
7YU,16,C
7YU,17,C
7YU,18,C
7YU,19,C
7YU,20,C
7YU,21,C
7YU,22,O
7YU,23,C
7YU,24,C
7YU,25,C
7YU,26,C
7YU,27,N
7YU,28,C
7YU,29,O
7YU,30,N
7YU,31,C
7YU,32,C
7YU,33,C
7YU,34,C
7YU,35,C
7YU,36,C
7YU,37,C
7YU,38,C
7YU,39,C
7YU,40,C
7YU,41,N
7YU,42,C
7YU,43,O
7YU,44,S
7YU,45,C
7YU,46,O
7YU,47,C
7YU,48,O
835,0,C
835,1,C
835,2,N
835,3,C
835,4,C
835,5,C
835,6,C
835,7,C
835,8,C
835,9,C
835,10,O
835,11,N
835,12,C
835,13,C
835,14,C
835,15,C
835,16,O
835,17,N
835,18,C
835,19,O
835,20,N
8ZL,0,C
8ZL,1,N
8ZL,2,C
8ZL,3,O
8ZL,4,C
8ZL,5,C
8ZL,6,C
8ZL,7,O
8ZL,8,N
8ZL,9,C
8ZL,10,C
8ZL,11,C
8ZL,12,C
8ZL,13,C
8ZL,14,O
8ZL,15,N
8ZL,16,C
8ZL,17,C
8ZL,18,O
8ZL,19,C
8ZL,20,O
8ZL,21,C
8ZL,22,C
8ZL,23,C
8ZL,24,C
8ZL,25,C
8ZL,26,C
8ZL,27,C
8ZL,28,S
8ZL,29,C
8ZL,30,C
8ZL,31,N
8ZL,32,C
8ZL,33,O
8ZL,34,C
8ZL,35,O
8ZL,36,N
8ZL,37,C
8ZL,38,C
91M,0,C
91M,1,C
91M,2,O
91M,3,N
91M,4,C
91M,5,C
91M,6,C
91M,7,C
91M,8,C
91M,9,O
91M,10,N
91M,11,C
91M,12,C
91M,13,O
91M,14,C
91M,15,O
91M,16,C
91M,17,C
91M,18,C
91M,19,C
91M,20,C
91M,21,C
91M,22,C
91M,23,S
91M,24,C
91M,25,C
91M,26,N
91M,27,C
91M,28,O
91M,29,C
91M,30,O
91M,31,N
91M,32,C
91M,33,C
91M,34,C
91M,35,C
91M,36,C
91M,37,C
91M,38,C
91M,39,C
91M,40,N
91M,41,O
91M,42,N
92I,0,C
92I,1,C
92I,2,O
92I,3,N
92I,4,C
92I,5,C
92I,6,C
92I,7,C
92I,8,C
92I,9,O
92I,10,N
92I,11,C
92I,12,C
92I,13,O
92I,14,C
92I,15,O
92I,16,C
92I,17,C
92I,18,C
92I,19,C
92I,20,C
92I,21,C
92I,22,C
92I,23,S
92I,24,O
92I,25,C
92I,26,C
92I,27,N
92I,28,C
92I,29,O
92I,30,C
92I,31,O
92I,32,N
92I,33,C
92I,34,C
997,0,C
997,1,C
997,2,C
997,3,O
997,4,N
997,5,C
997,6,C
997,7,O
997,8,N
997,9,C
997,10,C
997,11,C
997,12,C
997,13,C
997,14,O
997,15,N
997,16,C
997,17,C
997,18,C
997,19,C
997,20,C
997,21,C
997,22,C
997,23,C
997,24,C
997,25,C
997,26,O
997,27,C
997,28,C
997,29,C
997,30,C
997,31,C
997,32,C
997,33,C
997,34,C
997,35,C
997,36,C
997,37,N
997,38,C
998,0,C
998,1,C
998,2,C
998,3,O
998,4,N
998,5,C
998,6,C
998,7,O
998,8,N
998,9,C
998,10,C
998,11,C
998,12,C
998,13,C
998,14,O
998,15,N
998,16,C
998,17,C
998,18,C
998,19,C
998,20,C
998,21,C
998,22,C
998,23,C
998,24,C
998,25,C
998,26,C
998,27,C
998,28,C
998,29,C
998,30,N
998,31,C
9B5,0,C
9B5,1,C
9B5,2,C
9B5,3,S
9B5,4,C
9B5,5,N
9B5,6,C
9B5,7,C
9B5,8,C
9B5,9,C
9B5,10,C
9B5,11,C
9B5,12,C
9B5,13,N
9B5,14,C
9B5,15,O
9B5,16,C
9B5,17,C
9B5,18,C
9B5,19,C
9B5,20,N
9B5,21,C
9B5,22,O
9B5,23,C
9B5,24,C
9B5,25,N
9B5,26,C
9B5,27,O
9B5,28,C
9B5,29,O
9B8,0,C
9B8,1,C
9B8,2,C
9B8,3,S
9B8,4,C
9B8,5,N
9B8,6,C
9B8,7,C
9B8,8,C
9B8,9,C
9B8,10,C
9B8,11,C
9B8,12,C
9B8,13,N
9B8,14,C
9B8,15,O
9B8,16,C
9B8,17,C
9B8,18,C
9B8,19,C
9B8,20,N
9B8,21,C
9B8,22,O
9B8,23,C
9B8,24,C
9B8,25,C
9B8,26,C
9B8,27,C
9B8,28,N
9B8,29,C
9B8,30,O
9B8,31,C
9B8,32,C
9B8,33,O
9B8,34,C
9B8,35,O
9BH,0,C
9BH,1,C
9BH,2,C
9BH,3,S
9BH,4,C
9BH,5,N
9BH,6,C
9BH,7,C
9BH,8,C
9BH,9,C
9BH,10,C
9BH,11,C
9BH,12,C
9BH,13,N
9BH,14,C
9BH,15,O
9BH,16,C
9BH,17,C
9BH,18,C
9BH,19,C
9BH,20,N
9BH,21,C
9BH,22,O
9BH,23,C
9BH,24,C
9BH,25,C
9BH,26,C
9BH,27,C
9BH,28,N
9BH,29,C
9BH,30,O
9BH,31,C
9BH,32,C
9BH,33,C
9BH,34,C
9BH,35,O
9BK,0,C
9BK,1,C
9BK,2,C
9BK,3,S
9BK,4,C
9BK,5,N
9BK,6,C
9BK,7,C
9BK,8,C
9BK,9,C
9BK,10,C
9BK,11,C
9BK,12,C
9BK,13,N
9BK,14,C
9BK,15,O
9BK,16,C
9BK,17,C
9BK,18,C
9BK,19,C
9BK,20,N
9BK,21,C
9BK,22,O
9BK,23,C
9BK,24,C
9BK,25,C
9BK,26,C
9BK,27,C
9BK,28,N
9BK,29,C
9BK,30,O
9BK,31,C
9BK,32,C
9BK,33,C
9BK,34,N
9BK,35,C
9BK,36,O
9BK,37,C
9BK,38,O
9BN,0,C
9BN,1,C
9BN,2,C
9BN,3,S
9BN,4,C
9BN,5,N
9BN,6,C
9BN,7,C
9BN,8,C
9BN,9,C
9BN,10,C
9BN,11,C
9BN,12,C
9BN,13,N
9BN,14,C
9BN,15,O
9BN,16,C
9BN,17,C
9BN,18,C
9BN,19,C
9BN,20,N
9BN,21,C
9BN,22,O
9BN,23,C
9BN,24,C
9BN,25,C
9BN,26,C
9BN,27,C
9BN,28,N
9BN,29,C
9BN,30,O
9BN,31,C
9BN,32,C
9BN,33,C
9BN,34,C
9BN,35,O
9BN,36,C
9BN,37,O
9BT,0,C
9BT,1,C
9BT,2,C
9BT,3,S
9BT,4,C
9BT,5,N
9BT,6,C
9BT,7,C
9BT,8,C
9BT,9,C
9BT,10,C
9BT,11,C
9BT,12,C
9BT,13,N
9BT,14,C
9BT,15,O
9BT,16,C
9BT,17,C
9BT,18,C
9BT,19,C
9BT,20,N
9BT,21,C
9BT,22,O
9BT,23,C
9BT,24,C
9BT,25,C
9BT,26,C
9BT,27,C
9BT,28,N
9BT,29,C
9BT,30,O
9BT,31,C
9BT,32,O
9BT,33,O
9BW,0,C
9BW,1,C
9BW,2,C
9BW,3,S
9BW,4,C
9BW,5,N
9BW,6,C
9BW,7,C
9BW,8,C
9BW,9,C
9BW,10,C
9BW,11,C
9BW,12,C
9BW,13,N
9BW,14,C
9BW,15,O
9BW,16,C
9BW,17,C
9BW,18,C
9BW,19,C
9BW,20,N
9BW,21,C
9BW,22,O
9BW,23,C
9BW,24,C
9BW,25,C
9BW,26,C
9BW,27,C
9BW,28,N
9BW,29,C
9BW,30,O
9BW,31,C
9BW,32,C
9BW,33,C
9BW,34,O
9FT,0,C
9FT,1,O
9FT,2,C
9FT,3,C
9FT,4,C
9FT,5,C
9FT,6,C
9FT,7,C
9FT,8,C
9FT,9,C
9FT,10,C
9FT,11,C
9FT,12,O
9FT,13,N
9FT,14,C
9FT,15,O
9IB,0,C
9IB,1,C
9IB,2,O
9IB,3,N
9IB,4,C
9IB,5,C
9IB,6,C
9IB,7,C
9IB,8,C
9IB,9,O
9IB,10,N
9IB,11,C
9IB,12,C
9IB,13,O
9IB,14,C
9IB,15,O
9IB,16,C
9IB,17,C
9IB,18,C
9IB,19,C
9IB,20,C
9IB,21,C
9IB,22,C
9IB,23,S
9IB,24,C
9IB,25,C
9IB,26,N
9IB,27,C
9IB,28,O
9IB,29,C
9IB,30,O
9IB,31,N
9IB,32,C
9IB,33,C
9IB,34,C
9IB,35,C
9IB,36,C
9IB,37,C
9IB,38,C
9IB,39,C
9IB,40,C
9IB,41,O
9IB,42,O
9JZ,0,C
9JZ,1,C
9JZ,2,C
9JZ,3,C
9JZ,4,N
9JZ,5,C
9JZ,6,C
9JZ,7,O
9JZ,8,N
9JZ,9,C
9JZ,10,C
9JZ,11,C
9JZ,12,C
9JZ,13,C
9JZ,14,C
9JZ,15,C
9JZ,16,N
9JZ,17,C
9JZ,18,C
9JZ,19,C
9JZ,20,N
9JZ,21,C
9JZ,22,O
9JZ,23,C
9JZ,24,C
9JZ,25,C
9JZ,26,C
9JZ,27,C
9JZ,28,C
9JZ,29,C
9JZ,30,N
9JZ,31,C
9JZ,32,O
9JZ,33,C
9JZ,34,C
9JZ,35,N
9JZ,36,C
9P0,0,C
9P0,1,C
9P0,2,O
9P0,3,N
9P0,4,C
9P0,5,C
9P0,6,C
9P0,7,C
9P0,8,C
9P0,9,O
9P0,10,N
9P0,11,C
9P0,12,C
9P0,13,O
9P0,14,C
9P0,15,O
9P0,16,C
9P0,17,C
9P0,18,C
9P0,19,C
9P0,20,C
9P0,21,C
9P0,22,C
9P0,23,S
9P0,24,C
9P0,25,C
9P0,26,N
9P0,27,C
9P0,28,O
9P0,29,C
9P0,30,O
9P0,31,N
9P0,32,C
9P0,33,C
9P0,34,C
9P0,35,C
9P0,36,C
9P0,37,C
9P0,38,C
9P0,39,C
9P0,40,C
9P0,41,O
9P0,42,O
9QW,0,C
9QW,1,C
9QW,2,C
9QW,3,N
9QW,4,C
9QW,5,C
9QW,6,N
9QW,7,C
9QW,8,C
9QW,9,C
9QW,10,N
9QW,11,C
9QW,12,N
9QW,13,C
9QW,14,O
9QW,15,C
9QW,16,O
9QW,17,C
9QW,18,C
9QW,19,O
9QW,20,N
9QW,21,C
9QW,22,C
9QW,23,C
9QW,24,C
9QW,25,C
9QW,26,C
9QW,27,C
9QW,28,Cl
9QW,29,C
9QW,30,C
9QW,31,C
9QW,32,C
9QW,33,N
9QW,34,C
9QW,35,O
9QW,36,C
9QW,37,Cl
9UQ,0,C
9UQ,1,C
9UQ,2,C
9UQ,3,C
9UQ,4,C
9UQ,5,C
9UQ,6,O
9UQ,7,N
9UQ,8,C
9UQ,9,O
9UQ,10,C
9UQ,11,C
9UQ,12,C
9UQ,13,C
9UQ,14,C
9UQ,15,C
9UQ,16,N
A4E,0,C
A4E,1,C
A4E,2,C
A4E,3,N
A4E,4,C
A4E,5,C
A4E,6,N
A4E,7,C
A4E,8,N
A4E,9,C
A4E,10,C
A4E,11,O
A4E,12,C
A4E,13,C
A4E,14,C
A4E,15,C
A4E,16,C
A4E,17,O
A4E,18,N
A4E,19,C
A4E,20,C
A4E,21,C
A4E,22,C
A4E,23,C
A4E,24,C
A4E,25,C
A4E,26,N
A4E,27,C
A4E,28,O
A4E,29,C
A4E,30,C
A4E,31,C
A4E,32,C
A4E,33,C
A4E,34,C
A4E,35,C
A4E,36,F
A4E,37,C
A4E,38,C
AD3,0,C
AD3,1,C
AD3,2,N
AD3,3,C
AD3,4,C
AD3,5,C
AD3,6,N
AD3,7,C
AD3,8,N
AD3,9,C
AD3,10,C
AD3,11,C
AD3,12,C
AD3,13,O
AD3,14,C
AD3,15,O
AD3,16,O
AD3,17,O
AD3,18,N
ADI,0,C
ADI,1,N
ADI,2,C
ADI,3,C
ADI,4,C
ADI,5,N
ADI,6,N
ADI,7,C
ADI,8,N
ADI,9,C
ADI,10,C
ADI,11,C
ADI,12,C
ADI,13,O
ADI,14,C
ADI,15,O
ADI,16,P
ADI,17,O
ADI,18,O
ADI,19,O
ADI,20,P
ADI,21,O
ADI,22,O
ADI,23,O
ADI,24,N
AGV,0,C
AGV,1,C
AGV,2,C
AGV,3,C
AGV,4,N
AGV,5,C
AGV,6,N
AGV,7,C
AGV,8,N
AGV,9,N
AGV,10,C
AGV,11,N
AGV,12,C
AGV,13,C
AGV,14,C
AGV,15,C
AGV,16,C
AGV,17,O
AGV,18,O
AGV,19,O
AO7,0,C
AO7,1,C
AO7,2,C
AO7,3,C
AO7,4,C
AO7,5,C
AO7,6,C
AO7,7,O
AO7,8,C
AO7,9,C
AO7,10,O
AO7,11,C
AO7,12,O
AO7,13,O
AQP,0,C
AQP,1,N
AQP,2,C
AQP,3,C
AQP,4,C
AQP,5,N
AQP,6,N
AQP,7,C
AQP,8,N
AQP,9,C
AQP,10,C
AQP,11,C
AQP,12,C
AQP,13,O
AQP,14,C
AQP,15,O
AQP,16,P
AQP,17,O
AQP,18,O
AQP,19,O
AQP,20,P
AQP,21,O
AQP,22,O
AQP,23,O
AQP,24,P
AQP,25,O
AQP,26,O
AQP,27,O
AQP,28,P
AQP,29,O
AQP,30,O
AQP,31,O
AQP,32,O
AQP,33,O
AQP,34,N
AU0,0,C
AU0,1,C
AU0,2,C
AU0,3,O
AU0,4,C
AU0,5,C
AU0,6,C
AU0,7,C
AU0,8,C
AU0,9,C
AU0,10,C
AU0,11,N
AU0,12,C
AU0,13,C
AU0,14,N
AU0,15,C
AU0,16,O
AU0,17,N
AU0,18,C
AU0,19,C
AU0,20,N
AU0,21,C
AU0,22,O
AU0,23,C
AU0,24,C
AU0,25,C
AU0,26,C
AU0,27,C
AU0,28,C
AU0,29,C
AU0,30,Cl
AU0,31,Cl
AU0,32,C
AU0,33,C
AU0,34,C
AU0,35,C
AU0,36,C
AU0,37,C
AU0,38,Cl
AU0,39,Cl
AU0,40,O
AU0,41,C
B0A,0,C
B0A,1,C
B0A,2,C
B0A,3,C
B0A,4,C
B0A,5,C
B0A,6,O
B0A,7,C
B0A,8,C
B0A,9,O
B0A,10,N
B0A,11,C
B0A,12,C
B0A,13,C
B0A,14,C
B0A,15,C
B0A,16,C
B1I,0,C
B1I,1,C
B1I,2,C
B1I,3,C
B1I,4,C
B1I,5,C
B1I,6,F
B1I,7,N
B1I,8,C
B1I,9,C
B1I,10,C
B1I,11,C
B1I,12,C
B1I,13,N
B1I,14,C
B1I,15,C
B1I,16,C
B1I,17,N
B1I,18,C
B1I,19,N
B1I,20,N
B1I,21,C
B1I,22,C
B1I,23,O
B1I,24,C
B1I,25,C
B1J,0,C
B1J,1,C
B1J,2,C
B1J,3,C
B1J,4,C
B1J,5,C
B1J,6,N
B1J,7,C
B1J,8,C
B1J,9,N
B1J,10,N
B1J,11,C
B1J,12,O
B1J,13,Cl
B5K,0,C
B5K,1,C
B5K,2,C
B5K,3,C
B5K,4,N
B5K,5,C
B5K,6,O
B5K,7,C
B5K,8,C
B5K,9,C
B5K,10,C
B5K,11,C
B5K,12,C
B5K,13,C
B5K,14,C
B5K,15,N
B5K,16,C
B5K,17,C
B5K,18,O
B5K,19,O
B5K,20,Cl
B5K,21,N
B5K,22,C
B5K,23,C
B5K,24,C
B5K,25,C
B5K,26,C
B5K,27,C
B5K,28,C
B5K,29,F
B5K,30,F
B5K,31,F
B5K,32,C
B5K,33,O
BI6,0,C
BI6,1,C
BI6,2,C
BI6,3,C
BI6,4,O
BI6,5,N
BI6,6,C
BI6,7,C
BI6,8,C
BI6,9,C
BI6,10,C
BI6,11,C
BI6,12,C
BI6,13,C
BI6,14,C
BI6,15,N
BI6,16,C
BI6,17,O
BI6,18,C
BI6,19,O
BI6,20,N
BI6,21,C
BI6,22,C
BI6,23,C
BI6,24,C
BI6,25,C
BI6,26,C
BI6,27,C
BI6,28,C
BI6,29,C
BI6,30,C
BI6,31,C
BI6,32,C
BI6,33,C
BI6,34,N
BI6,35,C
BIF,0,C
BIF,1,C
BIF,2,C
BIF,3,C
BIF,4,C
BIF,5,C
BIF,6,C
BIF,7,C
BIF,8,C
BIF,9,C
BIF,10,C
BIF,11,C
BIF,12,C
BIF,13,C
BIF,14,C
BIF,15,O
BIF,16,O
BIF,17,N
BLF,0,C
BLF,1,C
BLF,2,C
BLF,3,C
BLF,4,C
BLF,5,C
BLF,6,C
BLF,7,C
BLF,8,N
BLF,9,C
BLF,10,N
BLF,11,C
BLF,12,C
BLF,13,C
BLF,14,C
BLF,15,C
BLF,16,C
BLF,17,C
BLF,18,Cl
BLF,19,C
BLF,20,C
BLF,21,C
BLF,22,C
BLF,23,C
BLF,24,C
BLF,25,C
BLF,26,N
BLF,27,C
BLF,28,C
BLF,29,O
BLF,30,N
BLF,31,C
BLF,32,C
BLF,33,N
BLF,34,C
BLF,35,C
BLF,36,O
BLF,37,C
BLF,38,C
BLF,39,Cl
BMB,0,C
BMB,1,C
BMB,2,C
BMB,3,C
BMB,4,O
BMB,5,N
BMB,6,C
BMB,7,C
BMB,8,C
BMB,9,C
BMB,10,C
BMB,11,C
BMB,12,C
BMB,13,C
BMB,14,N
BMB,15,C
BMB,16,O
BMB,17,C
BMB,18,O
BMB,19,N
BMB,20,C
BMB,21,C
BMB,22,C
BMB,23,C
BMB,24,C
BMB,25,C
BMB,26,C
BMB,27,C
BMB,28,C
BMB,29,C
BMB,30,C
BMB,31,C
BMB,32,C
BMB,33,C
BMB,34,C
BMB,35,N
BMB,36,C
BMB,37,C
BMB,38,C
BMB,39,C
BMB,40,C
BMB,41,C
BMB,42,C
BMB,43,N
BMB,44,C
BP4,0,C
BP4,1,C
BP4,2,C
BP4,3,C
BP4,4,C
BP4,5,C
BP4,6,C
BP4,7,C
BP4,8,C
BP4,9,C
BP4,10,C
BP4,11,C
BP4,12,C
BP4,13,C
BP4,14,O
BP4,15,O
BYA,0,C
BYA,1,C
BYA,2,C
BYA,3,C
BYA,4,C
BYA,5,C
BYA,6,C
BYA,7,O
BYA,8,N
BYA,9,C
BYA,10,C
BYA,11,C
BYA,12,O
BYA,13,O
C3K,0,C
C3K,1,C
C3K,2,C
C3K,3,O
C3K,4,N
C3K,5,C
C3K,6,C
C3K,7,C
C3K,8,C
C3K,9,C
C3K,10,C
C3K,11,C
C3K,12,C
C3K,13,N
C3K,14,C
C3K,15,O
C3K,16,C
C3K,17,N
C3K,18,C
C3K,19,O
C3K,20,C
C3K,21,C
C3K,22,N
C3K,23,C
C3K,24,C
C3K,25,O
C3K,26,N
C3K,27,C
C3K,28,C
C3K,29,C
C3K,30,C
C3K,31,C
C3K,32,C
C3K,33,C
C3T,0,C
C3T,1,C
C3T,2,C
C3T,3,C
C3T,4,O
C3T,5,N
C3T,6,C
C3T,7,C
C3T,8,C
C3T,9,C
C3T,10,C
C3T,11,C
C3T,12,C
C3T,13,C
C3T,14,N
C3T,15,C
C3T,16,O
C3T,17,C
C3T,18,O
C3T,19,N
C3T,20,C
C3T,21,C
C3T,22,C
C3T,23,C
C3T,24,C
C3T,25,C
C3T,26,C
C3T,27,C
C3T,28,C
C3T,29,C
C3T,30,C
C3T,31,C
C3T,32,O
C3T,33,N
C3T,34,C
C5P,0,C
C5P,1,C
C5P,2,N
C5P,3,C
C5P,4,O
C5P,5,N
C5P,6,C
C5P,7,N
C5P,8,C
C5P,9,C
C5P,10,C
C5P,11,C
C5P,12,O
C5P,13,C
C5P,14,O
C5P,15,P
C5P,16,O
C5P,17,O
C5P,18,O
C5P,19,O
C5P,20,O
CCS,0,C
CCS,1,C
CCS,2,C
CCS,3,O
CCS,4,O
CCS,5,N
CCS,6,S
CCS,7,C
CCS,8,C
CCS,9,O
CCS,10,O
CO9,0,C
CO9,1,C
CO9,2,C
CO9,3,N
CO9,4,C
CO9,5,C
CO9,6,O
CO9,7,C
CO9,8,O
CO9,9,N
CO9,10,C
CO9,11,C
CO9,12,C
CO9,13,C
CO9,14,C
CO9,15,O
CO9,16,N
CO9,17,C
CO9,18,C
CO9,19,C
CO9,20,C
CO9,21,N
CO9,22,C
CO9,23,C
CO9,24,C
CO9,25,C
CO9,26,C
CO9,27,C
CO9,28,C
CO9,29,O
CO9,30,O
CO9,31,N
CRO,0,C
CRO,1,C
CRO,2,C
CRO,3,C
CRO,4,N
CRO,5,C
CRO,6,C
CRO,7,C
CRO,8,C
CRO,9,C
CRO,10,C
CRO,11,C
CRO,12,C
CRO,13,O
CRO,14,C
CRO,15,O
CRO,16,N
CRO,17,C
CRO,18,C
CRO,19,O
CRO,20,O
CRO,21,N
CRO,22,O
CSU,0,C
CSU,1,C
CSU,2,C
CSU,3,O
CSU,4,O
CSU,5,N
CSU,6,S
CSU,7,S
CSU,8,O
CSU,9,O
CSU,10,O
D38,0,C
D38,1,C
D38,2,C
D38,3,C
D38,4,C
D38,5,C
D38,6,C
D38,7,N
D38,8,N
D38,9,N
D38,10,C
D38,11,C
D38,12,C
D38,13,C
D38,14,C
D38,15,C
D38,16,C
D38,17,C
D38,18,O
D38,19,O
D38,20,C
D38,21,O
D38,22,N
D38,23,C
D38,24,C
D38,25,C
D38,26,C
D38,27,C
D38,28,N
D38,29,C
D38,30,O
D38,31,O
D5M,0,C
D5M,1,N
D5M,2,C
D5M,3,C
D5M,4,C
D5M,5,N
D5M,6,N
D5M,7,C
D5M,8,N
D5M,9,C
D5M,10,C
D5M,11,C
D5M,12,C
D5M,13,O
D5M,14,C
D5M,15,O
D5M,16,P
D5M,17,O
D5M,18,O
D5M,19,O
D5M,20,O
D5M,21,N
D8N,0,C
D8N,1,C
D8N,2,O
D8N,3,N
D8N,4,C
D8N,5,C
D8N,6,C
D8N,7,C
D8N,8,C
D8N,9,C
D8N,10,C
D8N,11,C
D8N,12,C
D8N,13,N
D8N,14,O
D97,0,C
D97,1,C
D97,2,C
D97,3,C
D97,4,C
D97,5,C
D97,6,C
D97,7,C
D97,8,C
D97,9,N
D97,10,C
D97,11,N
D97,12,C
D97,13,C
D97,14,C
D97,15,O
D97,16,C
D97,17,O
D97,18,C
D97,19,C
D97,20,O
D97,21,N
D97,22,C
D97,23,C
D97,24,O
D97,25,C
D97,26,C
DHC,0,C
DHC,1,C
DHC,2,C
DHC,3,C
DHC,4,C
DHC,5,C
DHC,6,C
DHC,7,C
DHC,8,C
DHC,9,O
DHC,10,O
DHC,11,O
DHC,12,O
DIZ,0,C
DIZ,1,C
DIZ,2,C
DIZ,3,C
DIZ,4,C
DIZ,5,C
DIZ,6,C
DIZ,7,C
DIZ,8,O
DIZ,9,N
DIZ,10,C
DIZ,11,C
DIZ,12,C
DIZ,13,C
DIZ,14,C
DIZ,15,C
DIZ,16,C
DIZ,17,O
DIZ,18,N
DIZ,19,C
DIZ,20,C
DIZ,21,C
DIZ,22,C
DIZ,23,C
DIZ,24,C
DIZ,25,C
DIZ,26,Cl
DIZ,27,C
DIZ,28,O
DIZ,29,O
DIZ,30,I
DIZ,31,Cl
DTD,0,C
DTD,1,C
DTD,2,C
DTD,3,C
DTD,4,S
DTD,5,S
DTD,6,O
DTD,7,O
DUR,0,C
DUR,1,C
DUR,2,C
DUR,3,O
DUR,4,C
DUR,5,N
DUR,6,C
DUR,7,C
DUR,8,C
DUR,9,O
DUR,10,N
DUR,11,C
DUR,12,O
DUR,13,C
DUR,14,O
DUR,15,O
DV2,0,C
DV2,1,C
DV2,2,C
DV2,3,S
DV2,4,C
DV2,5,N
DV2,6,C
DV2,7,C
DV2,8,C
DV2,9,C
DV2,10,C
DV2,11,C
DV2,12,C
DV2,13,N
DV2,14,C
DV2,15,S
DV2,16,C
DV2,17,C
DV2,18,C
DV2,19,C
DV2,20,N
DV2,21,C
DV2,22,O
DV2,23,C
DV2,24,C
DV2,25,N
DV2,26,C
DV2,27,O
DV2,28,C
DV2,29,O
DV5,0,C
DV5,1,C
DV5,2,C
DV5,3,S
DV5,4,C
DV5,5,N
DV5,6,C
DV5,7,C
DV5,8,C
DV5,9,C
DV5,10,C
DV5,11,C
DV5,12,C
DV5,13,N
DV5,14,C
DV5,15,O
DV5,16,C
DV5,17,C
DV5,18,C
DV5,19,C
DV5,20,N
DV5,21,C
DV5,22,S
DV5,23,C
DV5,24,C
DV5,25,N
DV5,26,C
DV5,27,O
DV5,28,C
DV5,29,O
DV8,0,C
DV8,1,C
DV8,2,C
DV8,3,S
DV8,4,C
DV8,5,N
DV8,6,C
DV8,7,C
DV8,8,C
DV8,9,C
DV8,10,C
DV8,11,C
DV8,12,C
DV8,13,N
DV8,14,C
DV8,15,S
DV8,16,C
DV8,17,C
DV8,18,C
DV8,19,C
DV8,20,N
DV8,21,C
DV8,22,S
DV8,23,C
DV8,24,C
DV8,25,N
DV8,26,C
DV8,27,O
DV8,28,C
DV8,29,O
DYW,0,C
DYW,1,C
DYW,2,C
DYW,3,N
DYW,4,C
DYW,5,C
DYW,6,O
DYW,7,C
DYW,8,C
DYW,9,C
DYW,10,O
DYW,11,O
DYW,12,N
DYW,13,C
DYW,14,O
DYW,15,O
E03,0,C
E03,1,C
E03,2,C
E03,3,C
E03,4,C
E03,5,C
E03,6,F
E03,7,N
E03,8,C
E03,9,C
E03,10,C
E03,11,C
E03,12,C
E03,13,O
E03,14,O
E03,15,N
EB4,0,C
EB4,1,C
EB4,2,C
EB4,3,C
EB4,4,C
EB4,5,C
EB4,6,O
EB4,7,O
EB4,8,C
EB4,9,O
EB4,10,N
EB4,11,C
EB4,12,C
EB4,13,O
EB4,14,C
EB4,15,O
EB4,16,C
EB4,17,C
EB4,18,O
EB4,19,C
EB4,20,O
EB4,21,C
EB4,22,C
EB4,23,O
EB4,24,C
EB4,25,O
EB4,26,N
EB4,27,C
EB4,28,O
EB4,29,C
EB4,30,C
EB4,31,C
EB4,32,C
EB4,33,C
EB4,34,C
EB4,35,O
EB4,36,O
EB4,37,N
EB4,38,C
EB4,39,O
EB4,40,C
EB4,41,C
EB4,42,C
EB4,43,C
EB4,44,C
EB4,45,C
EB4,46,O
EB4,47,O
EFG,0,C
EFG,1,C
EFG,2,N
EFG,3,C
EFG,4,N
EFG,5,N
EFG,6,C
EFG,7,O
EFG,8,C
EFG,9,C
EFG,10,N
EFG,11,C
EFG,12,N
EFG,13,C
EFG,14,C
EFG,15,C
EFG,16,C
EFG,17,O
EFG,18,C
EFG,19,O
EFG,20,P
EFG,21,O
EFG,22,O
EFG,23,O
EFG,24,O
EFG,25,F
EQ7,0,C
EQ7,1,C
EQ7,2,C
EQ7,3,C
EQ7,4,C
EQ7,5,O
EQ7,6,C
EQ7,7,C
EQ7,8,N
EQ7,9,C
EQ7,10,C
EQ7,11,C
EQ7,12,C
EQ7,13,C
EQ7,14,C
EQ7,15,C
EQ7,16,O
EQ7,17,N
EQ7,18,O
EQ7,19,O
EQ7,20,Cl
EQ7,21,N
EQ7,22,C
EQ7,23,C
EQ7,24,C
EQ7,25,C
EQ7,26,C
EQ7,27,C
EQ7,28,Cl
EQ7,29,Cl
EXE,0,C
EXE,1,C
EXE,2,C
EXE,3,S
EXE,4,C
EXE,5,N
EXE,6,C
EXE,7,C
EXE,8,C
EXE,9,C
EXE,10,C
EXE,11,C
EXE,12,C
EXE,13,N
EXE,14,C
EXE,15,O
EXE,16,C
EXE,17,C
EXE,18,C
EXE,19,C
EXE,20,N
EXE,21,C
EXE,22,O
EXE,23,C
EXE,24,C
EXE,25,C
EXE,26,C
EXE,27,C
EXE,28,N
EXE,29,C
EXE,30,O
EXE,31,C
EXE,32,O
EXE,33,F
EXH,0,C
EXH,1,C
EXH,2,C
EXH,3,S
EXH,4,C
EXH,5,N
EXH,6,C
EXH,7,C
EXH,8,C
EXH,9,C
EXH,10,C
EXH,11,C
EXH,12,C
EXH,13,N
EXH,14,C
EXH,15,O
EXH,16,C
EXH,17,C
EXH,18,C
EXH,19,C
EXH,20,N
EXH,21,C
EXH,22,O
EXH,23,C
EXH,24,C
EXH,25,C
EXH,26,C
EXH,27,C
EXH,28,N
EXH,29,C
EXH,30,O
EXH,31,C
EXH,32,O
EXH,33,F
EYH,0,C
EYH,1,C
EYH,2,C
EYH,3,C
EYH,4,C
EYH,5,C
EYH,6,C
EYH,7,N
EYH,8,C
EYH,9,C
EYH,10,C
EYH,11,N
EYH,12,C
EYH,13,N
EYH,14,C
EYH,15,C
EYH,16,C
EYH,17,C
EYH,18,C
EYH,19,N
EYH,20,C
EYH,21,N
EYH,22,C
EYH,23,O
EYH,24,C
EYH,25,O
EYH,26,C
EYH,27,C
EYH,28,O
EYH,29,C
EYH,30,C
EYH,31,C
EYH,32,C
EYH,33,C
EYH,34,C
EYH,35,C
EYH,36,Cl
EYH,37,Cl
F06,0,H
F06,1,N
F06,2,C
F06,3,N
F06,4,S
F06,5,C
F06,6,C
F06,7,C
F06,8,C
F06,9,C
F06,10,C
F06,11,C
F06,12,Cl
F41,0,C
F41,1,C
F41,2,C
F41,3,C
F41,4,C
F41,5,C
F41,6,N
F41,7,C
F41,8,O
F41,9,C
F41,10,N
F41,11,C
F41,12,C
F41,13,C
F41,14,C
F41,15,C
F41,16,O
F41,17,C
F41,18,O
F4E,0,C
F4E,1,O
F4E,2,C
F4E,3,O
F4E,4,C
F4E,5,C
F4E,6,C
F4E,7,C
F4E,8,N
F4E,9,C
F4E,10,C
F4E,11,O
F4U,0,C
F4U,1,C
F4U,2,C
F4U,3,C
F4U,4,C
F4U,5,C
F4U,6,O
F4U,7,C
F4U,8,O
F4U,9,N
F4U,10,C
F4U,11,O
F4U,12,C
F4U,13,C
F4U,14,C
F4U,15,C
F4U,16,O
F4U,17,N
F4U,18,C
F4U,19,O
F5N,0,C
F5N,1,C
F5N,2,C
F5N,3,C
F5N,4,C
F5N,5,C
F5N,6,N
F5N,7,C
F5N,8,O
F5N,9,C
F5N,10,C
F5N,11,C
F5N,12,N
F5N,13,C
F5N,14,C
F5N,15,C
F5N,16,C
F5N,17,C
F5N,18,N
F63,0,C
F63,1,N
F63,2,C
F63,3,C
F63,4,C
F63,5,C
F63,6,C
F63,7,O
F63,8,O
F63,9,C
F63,10,C
F63,11,C
F63,12,C
F63,13,N
F63,14,C
F7B,0,C
F7B,1,C
F7B,2,C
F7B,3,C
F7B,4,C
F7B,5,C
F7B,6,Cl
F7B,7,C
F7B,8,O
F7B,9,C
F7B,10,C
F7B,11,S
F91,0,C
F91,1,C
F91,2,C
F91,3,C
F91,4,C
F91,5,C
F91,6,N
F91,7,C
F91,8,C
F91,9,C
F91,10,C
F91,11,N
F91,12,C
F91,13,C
F91,14,O
F91,15,C
F91,16,C
F91,17,O
FA0,0,C
FA0,1,C
FA0,2,C
FA0,3,C
FA0,4,C
FA0,5,C
FA0,6,F
FA0,7,N
FA0,8,C
FA0,9,O
FA0,10,O
FB2,0,C
FB2,1,C
FB2,2,C
FB2,3,C
FB2,4,C
FB2,5,C
FB2,6,S
FB2,7,O
FB2,8,O
FB2,9,N
FL5,0,C
FL5,1,C
FL5,2,N
FL5,3,C
FL5,4,C
FL5,5,N
FL5,6,N
FL5,7,C
FL5,8,C
FL5,9,C
FL5,10,C
FL5,11,C
FL5,12,C
FL5,13,C
FL5,14,C
FL5,15,N
FL5,16,N
FL5,17,N
FL5,18,C
FL5,19,C
FL5,20,C
FL5,21,C
FL5,22,C
FL5,23,C
FL5,24,C
FL5,25,C
FL5,26,N
FL5,27,C
FL5,28,C
FL5,29,N
FL5,30,C
FL5,31,C
FL5,32,C
FLK,0,C
FLK,1,C
FLK,2,N
FLK,3,C
FLK,4,N
FLK,5,N
FLK,6,N
FLK,7,C
FLK,8,O
FLK,9,C
FLK,10,C
FLK,11,Cl
FNR,0,C
FNR,1,C
FNR,2,C
FNR,3,C
FNR,4,C
FNR,5,C
FNR,6,C
FNR,7,C
FNR,8,N
FNR,9,C
FNR,10,C
FNR,11,N
FNR,12,C
FNR,13,O
FNR,14,N
FNR,15,C
FNR,16,O
FNR,17,N
FNR,18,C
FNR,19,C
FNR,20,C
FNR,21,C
FNR,22,C
FNR,23,O
FNR,24,P
FNR,25,O
FNR,26,O
FNR,27,O
FNR,28,O
FNR,29,O
FNR,30,O
FRU,0,C
FRU,1,C
FRU,2,C
FRU,3,C
FRU,4,C
FRU,5,O
FRU,6,C
FRU,7,O
FRU,8,O
FRU,9,O
FRU,10,O
FRU,11,O
FUE,0,C
FUE,1,C
FUE,2,C
FUE,3,N
FUE,4,C
FUE,5,C
FUE,6,N
FUE,7,C
FUE,8,N
FUE,9,C
FUE,10,C
FUE,11,C
FUE,12,C
FUE,13,C
FUE,14,C
FUE,15,C
FUE,16,C
FUE,17,O
FUE,18,C
FUE,19,C
FUE,20,O
FUE,21,N
FUE,22,C
FUE,23,C
FUE,24,C
FUE,25,C
FUE,26,C
FUE,27,C
FUE,28,C
FUE,29,N
FUE,30,C
FUE,31,C
FUE,32,C
FUE,33,C
FUE,34,C
FUE,35,C
FUE,36,C
FUE,37,F
FUE,38,C
FUE,39,C
FUK,0,C
FUK,1,C
FUK,2,C
FUK,3,N
FUK,4,C
FUK,5,C
FUK,6,N
FUK,7,C
FUK,8,N
FUK,9,C
FUK,10,C
FUK,11,O
FUK,12,C
FUK,13,C
FUK,14,C
FUK,15,C
FUK,16,C
FUK,17,C
FUK,18,O
FUK,19,N
FUK,20,C
FUK,21,C
FUK,22,C
FUK,23,C
FUK,24,C
FUK,25,C
FUK,26,C
FUK,27,N
FUK,28,C
FUK,29,C
FUK,30,C
FUK,31,C
FUK,32,C
FUK,33,C
FUK,34,C
FUK,35,F
FUK,36,O
FUK,37,C
FUK,38,C
GCP,0,C
GCP,1,N
GCP,2,C
GCP,3,C
GCP,4,N
GCP,5,C
GCP,6,C
GCP,7,C
GCP,8,C
GCP,9,O
GCP,10,C
GCP,11,O
GCP,12,P
GCP,13,O
GCP,14,O
GCP,15,O
GCP,16,P
GCP,17,O
GCP,18,C
GCP,19,P
GCP,20,O
GCP,21,O
GCP,22,O
GCP,23,O
GCP,24,O
GCP,25,O
GCP,26,N
GCP,27,C
GCP,28,N
GCP,29,C
GCP,30,O
GCP,31,N
GLO,0,C
GLO,1,C
GLO,2,C
GLO,3,C
GLO,4,C
GLO,5,C
GLO,6,O
GLO,7,O
GLO,8,O
GLO,9,O
GLO,10,O
GLO,11,O
GQJ,0,C
GQJ,1,O
GQJ,2,C
GQJ,3,O
GQJ,4,C
GQJ,5,C
GQJ,6,C
GQJ,7,C
GQJ,8,N
GQJ,9,C
GQJ,10,O
GQJ,11,C
GQJ,12,C
GQJ,13,C
GQJ,14,C
GQJ,15,O
GQJ,16,O
GTJ,0,C
GTJ,1,C
GTJ,2,C
GTJ,3,N
GTJ,4,C
GTJ,5,C
GTJ,6,C
GTJ,7,C
GTJ,8,C
GTJ,9,C
GTJ,10,N
GTJ,11,C
GTJ,12,N
GTJ,13,C
GTJ,14,O
GTJ,15,C
GTJ,16,C
GX4,0,C
GX4,1,C
GX4,2,C
GX4,3,C
GX4,4,C
GX4,5,C
GX4,6,N
GX4,7,C
GX4,8,C
GX4,9,N
GX4,10,C
GX4,11,C
GX4,12,C
GX4,13,O
GX4,14,C
GX4,15,C
GX4,16,C
GX4,17,F
GX8,0,C
GX8,1,O
GX8,2,C
GX8,3,C
GX8,4,C
GX8,5,C
GX8,6,C
GX8,7,C
GX8,8,S
GX8,9,O
GX8,10,O
GX8,11,N
GX8,12,C
GX8,13,C
GX8,14,O
GX8,15,O
GX8,16,C
GX8,17,C
GX8,18,C
GX8,19,C
GX8,20,C
GX8,21,C
GX8,22,O
GX8,23,C
GX8,24,C
GX8,25,C
GX8,26,C
GX8,27,C
GX8,28,C
GX8,29,C
GX8,30,N
GX8,31,C
GX8,32,C
GX8,33,O
GX8,34,O
GX8,35,S
GX8,36,O
GX8,37,O
GX8,38,C
GX8,39,C
GX8,40,C
GX8,41,C
GX8,42,C
GX8,43,C
GX8,44,O
GX8,45,C
H04,0,C
H04,1,C
H04,2,O
H04,3,C
H04,4,C
H04,5,C
H04,6,C
H04,7,C
H04,8,C
H04,9,N
H04,10,C
H04,11,C
H04,12,N
H04,13,C
H04,14,C
H28,0,C
H28,1,C
H28,2,C
H28,3,C
H28,4,C
H28,5,C
H28,6,Cl
H28,7,F
H28,8,C
H28,9,C
H28,10,C
H28,11,C
H28,12,N
H28,13,C
H28,14,O
H28,15,N
H28,16,C
H28,17,C
H28,18,C
H28,19,C
H28,20,C
H28,21,C
H28,22,C
H28,23,N
H28,24,C
H28,25,O
H28,26,Cl
H28,27,C
H28,28,C
H28,29,C
H28,30,C
HIA,0,C
HIA,1,C
HIA,2,N
HIA,3,C
HIA,4,N
HIA,5,C
HIA,6,C
HIA,7,C
HIA,8,O
HIA,9,N
HIA,10,N
HPP,0,C
HPP,1,C
HPP,2,C
HPP,3,C
HPP,4,C
HPP,5,C
HPP,6,C
HPP,7,C
HPP,8,C
HPP,9,O
HPP,10,O
HPP,11,O
HRG,0,C
HRG,1,C
HRG,2,C
HRG,3,N
HRG,4,C
HRG,5,N
HRG,6,N
HRG,7,C
HRG,8,C
HRG,9,C
HRG,10,O
HRG,11,O
HRG,12,N
HRH,0,C
HRH,1,C
HRH,2,C
HRH,3,C
HRH,4,C
HRH,5,C
HRH,6,C
HRH,7,C
HRH,8,C
HRH,9,C
HRH,10,N
HRH,11,N
HRH,12,C
HRH,13,C
HRH,14,C
HRH,15,C
HRH,16,C
HRH,17,O
HRH,18,N
HRH,19,C
HRH,20,C
HRH,21,C
HRH,22,C
HRH,23,C
HRH,24,C
HRH,25,F
HRH,26,Cl
HRH,27,Cl
HRQ,0,C
HRQ,1,C
HRQ,2,C
HRQ,3,C
HRQ,4,C
HRQ,5,C
HRQ,6,C
HRQ,7,N
HRQ,8,C
HRQ,9,C
HRQ,10,C
HRQ,11,C
HRQ,12,N
HRQ,13,C
HRQ,14,O
HRQ,15,C
HRQ,16,C
HRQ,17,N
HRQ,18,C
HRQ,19,C
HRQ,20,C
HRQ,21,C
HRQ,22,C
HRQ,23,C
HRQ,24,O
HRQ,25,C
HRT,0,C
HRT,1,C
HRT,2,C
HRT,3,C
HRT,4,C
HRT,5,C
HRT,6,C
HRT,7,C
HRT,8,Cl
HRT,9,N
HRT,10,C
HRT,11,C
HRT,12,C
HRT,13,N
HRT,14,C
HRT,15,N
HRT,16,C
HRT,17,C
HRT,18,C
HRT,19,C
HRT,20,C
HRT,21,N
HRT,22,C
HRT,23,N
HRT,24,C
HRT,25,O
HRT,26,C
HRT,27,O
HRT,28,C
HRT,29,C
HRT,30,O
HRT,31,C
HRT,32,C
HRT,33,C
HRT,34,C
HRT,35,C
HRT,36,C
HRT,37,Cl
HTZ,0,C
HTZ,1,N
HTZ,2,C
HTZ,3,C
HTZ,4,C
HTZ,5,C
HTZ,6,N
HTZ,7,C
HTZ,8,C
HTZ,9,C
HTZ,10,C
HTZ,11,N
HTZ,12,C
HTZ,13,C
HTZ,14,O
HTZ,15,C
HTZ,16,C
HTZ,17,C
HTZ,18,C
HTZ,19,C
HTZ,20,C
HTZ,21,C
HTZ,22,C
HTZ,23,N
HTZ,24,Cl
HTZ,25,C
HTZ,26,C
HTZ,27,N
HTZ,28,C
HTZ,29,N
HTZ,30,C
HTZ,31,C
HTZ,32,C
HTZ,33,C
HTZ,34,C
HTZ,35,C
HTZ,36,C
HTZ,37,C
HTZ,38,O
HTZ,39,Cl
HTZ,40,C
HTZ,41,C
HTZ,42,C
HTZ,43,C
HTZ,44,C
HTZ,45,C
HU8,0,C
HU8,1,C
HU8,2,C
HU8,3,C
HU8,4,N
HU8,5,C
HU8,6,O
HU8,7,C
HU8,8,C
HU8,9,C
HU8,10,C
HU8,11,C
HU8,12,C
HU8,13,C
HU8,14,N
HU8,15,C
HU8,16,C
HU8,17,N
HU8,18,C
HU8,19,C
HU8,20,C
HU8,21,C
HU8,22,C
HU8,23,C
HU8,24,C
HU8,25,C
HU8,26,N
HU8,27,N
HU8,28,N
HU8,29,N
HU8,30,C
HU8,31,C
HU8,32,C
HU8,33,C
HU8,34,C
HU8,35,C
HU8,36,Cl
HU8,37,F
HU8,38,Cl
HUE,0,C
HUE,1,C
HUE,2,C
HUE,3,C
HUE,4,C
HUE,5,C
HUE,6,C
HUE,7,C
HUE,8,Cl
HUE,9,N
HUE,10,C
HUE,11,N
HUE,12,C
HUE,13,C
HUE,14,C
HUE,15,C
HUE,16,C
HUE,17,C
HUE,18,C
HUE,19,C
HUE,20,C
HUE,21,N
HUE,22,C
HUE,23,C
HUE,24,O
HUE,25,N
HUE,26,C
HUE,27,C
HUE,28,N
HUE,29,C
HUE,30,C
HUE,31,N
HUE,32,C
HUE,33,C
HUE,34,C
HUE,35,C
HUE,36,C
HUE,37,C
HUE,38,C
HUE,39,C
HUE,40,Cl
HUE,41,C
HUE,42,C
HUE,43,C
HUE,44,C
HUE,45,C
HUE,46,C
HXA,0,C
HXA,1,C
HXA,2,C
HXA,3,C
HXA,4,C
HXA,5,C
HXA,6,C
HXA,7,C
HXA,8,C
HXA,9,C
HXA,10,C
HXA,11,C
HXA,12,C
HXA,13,C
HXA,14,C
HXA,15,C
HXA,16,C
HXA,17,C
HXA,18,C
HXA,19,C
HXA,20,C
HXA,21,C
HXA,22,O
HXA,23,O
I09,0,C
I09,1,C
I09,2,C
I09,3,C
I09,4,C
I09,5,C
I09,6,C
I09,7,C
I09,8,C
I09,9,N
I09,10,C
I09,11,O
I09,12,N
I09,13,C
I09,14,C
I09,15,C
I09,16,C
I09,17,O
I09,18,O
I09,19,C
I09,20,C
I09,21,C
I09,22,C
I09,23,C
I09,24,C
I09,25,Cl
I09,26,C
I09,27,N
I09,28,C
I09,29,C
I09,30,C
I09,31,C
I09,32,C
I09,33,C
I09,34,Cl
I18,0,C
I18,1,C
I18,2,N
I18,3,C
I18,4,C
I18,5,N
I18,6,C
I18,7,C
I18,8,C
I18,9,C
I18,10,C
I18,11,C
I18,12,Cl
I18,13,C
I18,14,C
I18,15,C
I18,16,C
I18,17,C
I18,18,C
I18,19,Cl
I29,0,C
I29,1,C
I29,2,N
I29,3,C
I29,4,C
I29,5,N
I29,6,C
I29,7,O
I29,8,N
I29,9,C
I29,10,C
I29,11,N
I29,12,C
I29,13,C
I29,14,C
I29,15,C
I29,16,C
I29,17,S
I29,18,O
I29,19,O
I29,20,C
I29,21,C
I29,22,C
I29,23,C
I29,24,C
I29,25,C
I29,26,C
I29,27,C
I29,28,Cl
I29,29,C
I29,30,C
I29,31,C
I29,32,C
I29,33,C
I29,34,C
I29,35,C
I29,36,Cl
I31,0,C
I31,1,C
I31,2,O
I31,3,C
I31,4,C
I31,5,C
I31,6,C
I31,7,C
I31,8,C
I31,9,C
I31,10,N
I31,11,C
I31,12,C
I31,13,N
I31,14,C
I31,15,C
I31,16,C
I31,17,C
I31,18,C
I31,19,C
I31,20,C
I31,21,Cl
I31,22,C
I31,23,C
I31,24,C
I31,25,C
I31,26,C
I31,27,C
I31,28,C
I31,29,Cl
I31,30,C
I31,31,C
I31,32,C
I31,33,C
IAC,0,C
IAC,1,C
IAC,2,C
IAC,3,C
IAC,4,C
IAC,5,C
IAC,6,C
IAC,7,C
IAC,8,N
IAC,9,C
IAC,10,C
IAC,11,O
IAC,12,O
IMI,0,C
IMI,1,C
IMI,2,C
IMI,3,C
IMI,4,S
IMI,5,C
IMI,6,C
IMI,7,C
IMI,8,C
IMI,9,C
IMI,10,O
IMI,11,O
IMI,12,N
IMI,13,C
IMI,14,N
IMI,15,N
IMY,0,C
IMY,1,C
IMY,2,C
IMY,3,O
IMY,4,C
IMY,5,C
IMY,6,C
IMY,7,C
IMY,8,C
IMY,9,C
IMY,10,C
IMY,11,N
IMY,12,C
IMY,13,C
IMY,14,N
IMY,15,C
IMY,16,O
IMY,17,N
IMY,18,C
IMY,19,C
IMY,20,N
IMY,21,C
IMY,22,C
IMY,23,C
IMY,24,C
IMY,25,C
IMY,26,C
IMY,27,C
IMY,28,C
IMY,29,Cl
IMY,30,C
IMY,31,C
IMY,32,C
IMY,33,C
IMY,34,C
IMY,35,C
IMY,36,Cl
IMY,37,O
IMY,38,C
IMZ,0,C
IMZ,1,C
IMZ,2,O
IMZ,3,C
IMZ,4,C
IMZ,5,C
IMZ,6,C
IMZ,7,C
IMZ,8,C
IMZ,9,C
IMZ,10,N
IMZ,11,C
IMZ,12,C
IMZ,13,N
IMZ,14,C
IMZ,15,O
IMZ,16,N
IMZ,17,C
IMZ,18,C
IMZ,19,N
IMZ,20,C
IMZ,21,C
IMZ,22,C
IMZ,23,C
IMZ,24,O
IMZ,25,C
IMZ,26,C
IMZ,27,C
IMZ,28,C
IMZ,29,C
IMZ,30,C
IMZ,31,Br
IMZ,32,C
IMZ,33,C
IMZ,34,C
IMZ,35,C
IMZ,36,C
IMZ,37,C
IMZ,38,Br
IMZ,39,O
IMZ,40,C
IQK,0,C
IQK,1,O
IQK,2,C
IQK,3,C
IQK,4,C
IQK,5,C
IQK,6,C
IQK,7,C
IQK,8,S
IQK,9,O
IQK,10,O
IQK,11,N
IQK,12,C
IQK,13,C
IQK,14,C
IQK,15,C
IQK,16,C
IQK,17,C
IQK,18,C
IQK,19,C
IQK,20,C
IQK,21,C
IQK,22,N
IQK,23,S
IQK,24,O
IQK,25,O
IQK,26,C
IQK,27,C
IQK,28,C
IQK,29,C
IQK,30,C
IQK,31,C
IQK,32,O
IQK,33,C
IUN,0,C
IUN,1,C
IUN,2,C
IUN,3,O
IUN,4,N
IUN,5,C
IUN,6,C
IUN,7,C
IUN,8,C
IUN,9,C
IUN,10,C
IUN,11,C
IUN,12,C
IUN,13,O
IUN,14,N
IUN,15,C
IUN,16,C
IUN,17,C
IUN,18,C
IUN,19,C
IUN,20,N
IUN,21,C
IUN,22,C
IUN,23,S
IUN,24,C
IUN,25,O
IUN,26,C
IUN,27,C
IUN,28,C
IUN,29,C
IUN,30,C
IUN,31,C
IUN,32,F
IUN,33,N
IUN,34,C
IXV,0,C
IXV,1,C
IXV,2,C
IXV,3,C
IXV,4,C
IXV,5,C
IXV,6,C
IXV,7,N
IXV,8,C
IXV,9,O
IXV,10,C
IXV,11,C
IXV,12,C
IXV,13,S
IXV,14,C
IXV,15,N
IXV,16,C
IXV,17,O
IXV,18,C
IXV,19,C
IXV,20,N
IXV,21,C
IXV,22,C
IXV,23,C
IXV,24,C
IXV,25,C
IXV,26,C
IXV,27,C
IXV,28,C
IXV,29,C
IXV,30,C
IXV,31,C
IXV,32,C
IXY,0,C
IXY,1,C
IXY,2,C
IXY,3,C
IXY,4,C
IXY,5,C
IXY,6,C
IXY,7,N
IXY,8,C
IXY,9,O
IXY,10,C
IXY,11,C
IXY,12,C
IXY,13,S
IXY,14,C
IXY,15,N
IXY,16,C
IXY,17,O
IXY,18,C
IXY,19,N
IXY,20,C
IXY,21,C
IXY,22,C
IXY,23,C
IXY,24,N
IXY,25,C
IXY,26,C
IXY,27,C
IXY,28,C
IXY,29,C
IXY,30,C
IXY,31,C
IXY,32,C
IXY,33,C
IXY,34,C
J4Q,0,C
J4Q,1,S
J4Q,2,O
J4Q,3,O
J4Q,4,C
J4Q,5,N
J4Q,6,C
J4Q,7,C
J4Q,8,N
J4Q,9,C
J4Q,10,C
J4Q,11,C
J4Q,12,S
J4Q,13,C
J4Q,14,N
J6H,0,C
J6H,1,C
J6H,2,C
J6H,3,C
J6H,4,C
J6H,5,C
J6H,6,C
J6H,7,C
J6H,8,C
J6H,9,O
J6H,10,O
J6H,11,C
J6H,12,C
J6H,13,C
J6H,14,O
J6H,15,N
J6H,16,C
J6H,17,C
J6H,18,Cl
J6K,0,C
J6K,1,C
J6K,2,C
J6K,3,C
J6K,4,C
J6K,5,C
J6K,6,C
J6K,7,C
J6K,8,N
J6K,9,C
J6K,10,S
J6K,11,O
J6K,12,O
J6K,13,C
J6K,14,C
J6K,15,C
J6K,16,C
J6K,17,C
J6K,18,C
J6K,19,C
J6K,20,C
J6K,21,C
J6K,22,O
J6K,23,O
J6K,24,C
J6K,25,C
J6K,26,C
J6K,27,C
J6K,28,C
J6K,29,C
J6K,30,O
J6K,31,C
J6K,32,N
J6K,33,N
J6K,34,N
J6K,35,C
J6N,0,C
J6N,1,N
J6N,2,C
J6N,3,C
J6N,4,C
J6N,5,C
J6N,6,C
J6N,7,C
J6N,8,N
J6N,9,N
J6N,10,C
J6N,11,C
J6N,12,C
J6N,13,O
J6N,14,O
J6N,15,C
J6N,16,C
J6N,17,C
J6N,18,C
J6N,19,C
J6N,20,C
J6N,21,Cl
J6Q,0,C
J6Q,1,C
J6Q,2,C
J6Q,3,C
J6Q,4,C
J6Q,5,C
J6Q,6,C
J6Q,7,Cl
J6Q,8,C
J6Q,9,C
J6Q,10,C
J6Q,11,O
J6Q,12,O
J6Q,13,C
J6Q,14,C
J6Q,15,C
J6Q,16,C
J6Q,17,C
J6Q,18,C
J6Q,19,N
J6Q,20,N
J6Q,21,N
J6Q,22,C
J8H,0,C
J8H,1,C
J8H,2,C
J8H,3,C
J8H,4,C
J8H,5,C
J8H,6,C
J8H,7,C
J8H,8,N
J8H,9,C
J8H,10,C
J8H,11,O
J8H,12,C
J8H,13,C
J8H,14,C
J8H,15,C
J8H,16,C
J8H,17,C
J8H,18,S
J8H,19,O
J8H,20,O
J8H,21,C
J8H,22,C
J8H,23,C
J8H,24,O
J8H,25,O
J8H,26,C
J8H,27,C
J8H,28,C
J8H,29,C
J8H,30,C
J8H,31,C
J8H,32,O
J8H,33,C
J8H,34,N
J8H,35,N
J8H,36,N
J8H,37,C
JFM,0,C
JFM,1,S
JFM,2,O
JFM,3,O
JFM,4,N
JFM,5,C
JFM,6,C
JFM,7,C
JFM,8,C
JFM,9,C
JFM,10,C
JFM,11,C
JFM,12,C
JFP,0,C
JFP,1,C
JFP,2,C
JFP,3,O
JFP,4,N
JFP,5,C
JFP,6,N
JFP,7,C
JFP,8,C
JFP,9,S
JFP,10,C
JFS,0,C
JFS,1,C
JFS,2,C
JFS,3,C
JFS,4,C
JFS,5,C
JFS,6,N
JFS,7,C
JFS,8,N
JFS,9,C
JFS,10,C
JFS,11,C
JFS,12,C
JFS,13,C
JFS,14,C
JFS,15,C
JFS,16,O
JGP,0,C
JGP,1,C
JGP,2,C
JGP,3,C
JGP,4,C
JGP,5,C
JGP,6,C
JGP,7,O
JGP,8,N
JGP,9,C
JGP,10,C
JGP,11,C
JGP,12,C
JGP,13,C
JGP,14,C
JGP,15,O
JGP,16,C
JGP,17,O
JHR,0,C
JHR,1,C
JHR,2,C
JHR,3,C
JHR,4,C
JHR,5,C
JHR,6,C
JHR,7,C
JHR,8,C
JHR,9,O
JHR,10,N
JHR,11,C
JHR,12,C
JHR,13,C
JHR,14,C
JHR,15,C
JHR,16,C
JHR,17,C
JHR,18,F
JHR,19,N
JHR,20,C
JHR,21,O
JHR,22,C
JHR,23,C
JHR,24,C
JHR,25,C
JHR,26,C
JHR,27,C
JHR,28,C
JHR,29,F
JHR,30,O
JHR,31,P
JHR,32,O
JHR,33,O
JHR,34,O
JI0,0,C
JI0,1,C
JI0,2,C
JI0,3,C
JI0,4,C
JI0,5,C
JI0,6,C
JI0,7,C
JI0,8,F
JI0,9,C
JI0,10,N
JI0,11,C
JI0,12,O
JI0,13,C
JI0,14,C
JI0,15,C
JI0,16,C
JI0,17,C
JI0,18,C
JI0,19,C
JI0,20,C
JI0,21,O
JI0,22,P
JI0,23,O
JI0,24,O
JI0,25,O
JI0,26,N
JI0,27,C
JI0,28,O
JI0,29,C
JI0,30,C
JI0,31,C
JI0,32,C
JI0,33,C
JI0,34,C
JI0,35,C
JI0,36,F
JI9,0,C
JI9,1,C
JI9,2,C
JI9,3,C
JI9,4,C
JI9,5,C
JI9,6,C
JI9,7,F
JI9,8,C
JI9,9,N
JI9,10,C
JI9,11,O
JI9,12,C
JI9,13,C
JI9,14,C
JI9,15,C
JI9,16,C
JI9,17,C
JI9,18,C
JI9,19,C
JI9,20,O
JI9,21,P
JI9,22,O
JI9,23,O
JI9,24,O
JI9,25,N
JI9,26,C
JI9,27,O
JI9,28,C
JI9,29,C
JI9,30,C
JI9,31,C
JI9,32,C
JI9,33,C
JI9,34,C
JI9,35,F
JIH,0,C
JIH,1,C
JIH,2,C
JIH,3,C
JIH,4,C
JIH,5,C
JIH,6,N
JIH,7,C
JIH,8,O
JIH,9,C
JIH,10,Cl
JIH,11,C
JIH,12,N
JIH,13,C
JIH,14,O
JIH,15,C
JIH,16,C
JIH,17,C
JIH,18,C
JIH,19,C
JIH,20,C
JIH,21,C
JIH,22,C
JIH,23,O
JIH,24,P
JIH,25,O
JIH,26,O
JIH,27,O
JIH,28,N
JIH,29,C
JIH,30,O
JIH,31,C
JIH,32,C
JIH,33,C
JIH,34,C
JIH,35,C
JIH,36,C
JIH,37,C
JIH,38,F
JMM,0,C
JMM,1,C
JMM,2,C
JMM,3,O
JMM,4,C
JMM,5,C
JMM,6,O
JMM,7,N
JMM,8,C
JMM,9,C
JMM,10,N
JMM,11,C
JMM,12,C
JMM,13,C
JMM,14,O
JMM,15,C
JMM,16,C
JMM,17,C
JNW,0,C
JNW,1,C
JNW,2,C
JNW,3,C
JNW,4,C
JNW,5,C
JNW,6,C
JNW,7,O
JNW,8,N
JNW,9,C
JNW,10,C
JNW,11,C
JNW,12,C
JNW,13,O
JNW,14,N
JNW,15,C
JNW,16,O
JNW,17,C
JNW,18,O
JNW,19,O
JO2,0,C
JO2,1,C
JO2,2,C
JO2,3,C
JO2,4,C
JO2,5,C
JO2,6,N
JO2,7,O
JO2,8,O
JO2,9,C
JO2,10,O
JO2,11,N
JO2,12,C
JO2,13,C
JO2,14,C
JO2,15,O
JO2,16,N
JO2,17,C
JO2,18,O
JO2,19,C
JO2,20,O
JO2,21,O
JO5,0,C
JO5,1,C
JO5,2,C
JO5,3,C
JO5,4,C
JO5,5,C
JO5,6,N
JO5,7,C
JO5,8,O
JO5,9,N
JO5,10,C
JO5,11,O
JO5,12,C
JO5,13,C
JO5,14,C
JO5,15,O
JO5,16,N
JO5,17,C
JO5,18,O
JO8,0,C
JO8,1,C
JO8,2,C
JO8,3,C
JO8,4,C
JO8,5,C
JO8,6,N
JO8,7,C
JO8,8,O
JO8,9,N
JO8,10,C
JO8,11,C
JO8,12,C
JO8,13,O
JO8,14,N
JO8,15,C
JO8,16,O
JO8,17,C
JO8,18,O
JO8,19,O
JOB,0,C
JOB,1,C
JOB,2,C
JOB,3,C
JOB,4,C
JOB,5,C
JOB,6,N
JOB,7,C
JOB,8,O
JOB,9,N
JOB,10,C
JOB,11,O
JOB,12,C
JOB,13,C
JOB,14,C
JOB,15,O
JOB,16,N
JOB,17,C
JOB,18,O
JOE,0,C
JOE,1,C
JOE,2,C
JOE,3,C
JOE,4,C
JOE,5,C
JOE,6,N
JOE,7,O
JOE,8,O
JOE,9,C
JOE,10,O
JOE,11,O
JOE,12,C
JOE,13,O
JOE,14,N
JOE,15,C
JOE,16,C
JOE,17,C
JOE,18,O
JOE,19,N
JOE,20,C
JOE,21,O
JOH,0,C
JOH,1,C
JOH,2,C
JOH,3,C
JOH,4,C
JOH,5,C
JOH,6,N
JOH,7,O
JOH,8,O
JOH,9,C
JOH,10,O
JOH,11,N
JOH,12,C
JOH,13,O
JOH,14,C
JOH,15,C
JOH,16,C
JOH,17,O
JOH,18,N
JOH,19,C
JOH,20,O
JOK,0,C
JOK,1,C
JOK,2,C
JOK,3,C
JOK,4,C
JOK,5,C
JOK,6,C
JOK,7,C
JOK,8,C
JOK,9,O
JOK,10,N
JOK,11,C
JOK,12,C
JOK,13,C
JOK,14,O
JOK,15,N
JOK,16,C
JOK,17,O
JON,0,C
JON,1,C
JON,2,C
JON,3,N
JON,4,C
JON,5,C
JON,6,O
JON,7,C
JON,8,O
JON,9,N
JON,10,C
JON,11,C
JON,12,C
JON,13,O
JON,14,N
JON,15,C
JON,16,O
JOQ,0,C
JOQ,1,C
JOQ,2,C
JOQ,3,C
JOQ,4,C
JOQ,5,C
JOQ,6,C
JOQ,7,N
JOQ,8,C
JOQ,9,O
JOQ,10,C
JOQ,11,O
JOQ,12,N
JOQ,13,C
JOQ,14,C
JOQ,15,C
JOQ,16,O
JOQ,17,N
JOQ,18,C
JOQ,19,O
JOT,0,C
JOT,1,C
JOT,2,C
JOT,3,C
JOT,4,C
JOT,5,C
JOT,6,C
JOT,7,C
JOT,8,O
JOT,9,N
JOT,10,C
JOT,11,C
JOT,12,C
JOT,13,O
JOT,14,N
JOT,15,C
JOT,16,O
JOW,0,C
JOW,1,C
JOW,2,C
JOW,3,C
JOW,4,C
JOW,5,C
JOW,6,C
JOW,7,N
JOW,8,C
JOW,9,O
JOW,10,C
JOW,11,C
JOW,12,C
JOW,13,O
JOW,14,O
JOW,15,C
JOW,16,O
JOW,17,C
JOW,18,O
JOW,19,N
JOW,20,C
JOW,21,C
JOW,22,C
JOW,23,O
JOW,24,N
JOW,25,C
JOW,26,O
JP5,0,C
JP5,1,C
JP5,2,C
JP5,3,C
JP5,4,C
JP5,5,C
JP5,6,C
JP5,7,O
JP5,8,C
JP5,9,O
JP5,10,N
JP5,11,C
JP5,12,C
JP5,13,C
JP5,14,O
JP5,15,N
JP5,16,C
JP5,17,O
JP8,0,C
JP8,1,C
JP8,2,C
JP8,3,N
JP8,4,C
JP8,5,C
JP8,6,O
JP8,7,C
JP8,8,O
JP8,9,N
JP8,10,C
JP8,11,C
JP8,12,C
JP8,13,C
JP8,14,O
JP8,15,N
JP8,16,C
JP8,17,O
JPB,0,C
JPB,1,C
JPB,2,C
JPB,3,C
JPB,4,C
JPB,5,C
JPB,6,Cl
JPB,7,C
JPB,8,O
JPB,9,N
JPB,10,C
JPB,11,C
JPB,12,C
JPB,13,O
JPB,14,N
JPB,15,C
JPB,16,O
JPB,17,Cl
JPB,18,Cl
JPQ,0,C
JPQ,1,C
JPQ,2,C
JPQ,3,C
JPQ,4,O
JPQ,5,N
JPQ,6,C
JPQ,7,C
JPQ,8,C
JPQ,9,O
JPQ,10,N
JPQ,11,C
JPQ,12,O
JPQ,13,C
JPW,0,C
JPW,1,C
JPW,2,C
JPW,3,O
JPW,4,N
JPW,5,C
JPW,6,O
JPW,7,C
JPW,8,N
JPW,9,C
JPW,10,O
JPW,11,O
JPW,12,C
JPW,13,C
JPW,14,C
JPW,15,C
JPW,16,C
JPW,17,C
JPW,18,C
JPW,19,N
K0G,0,C
K0G,1,C
K0G,2,C
K0G,3,C
K0G,4,C
K0G,5,C
K0G,6,N
K0G,7,C
K0G,8,O
K0G,9,N
K0G,10,C
K0G,11,C
K0G,12,C
K0G,13,C
K0G,14,N
K0G,15,C
K1G,0,C
K1G,1,C
K1G,2,C
K1G,3,N
K1G,4,C
K1G,5,C
K1G,6,C
K1G,7,C
K1G,8,N
K1G,9,N
K1G,10,C
K1G,11,N
K1G,12,C
K1G,13,N
K1G,14,C
K1P,0,C
K1P,1,C
K1P,2,N
K1P,3,C
K1P,4,S
K1P,5,N
K1P,6,N
K1P,7,C
K1P,8,C
K1P,9,C
K1P,10,N
K1P,11,C
K1P,12,C
K23,0,C
K23,1,C
K23,2,C
K23,3,C
K23,4,C
K23,5,C
K23,6,C
K23,7,C
K23,8,N
K23,9,C
K23,10,N
K23,11,C
K23,12,C
K23,13,C
K23,14,C
K23,15,C
K23,16,C
K23,17,C
K23,18,Cl
K23,19,C
K23,20,C
K23,21,C
K23,22,C
K23,23,C
K23,24,C
K23,25,C
K23,26,N
K23,27,C
K23,28,C
K23,29,O
K23,30,O
K23,31,Cl
K2M,0,C
K2M,1,C
K2M,2,C
K2M,3,O
K2M,4,C
K2M,5,C
K2M,6,O
K2M,7,N
K2M,8,C
K2M,9,C
K2M,10,N
K2M,11,C
K2M,12,C
K2M,13,C
K2M,14,O
K2M,15,N
K67,0,C
K67,1,C
K67,2,O
K67,3,C
K67,4,C
K67,5,C
K67,6,C
K67,7,C
K67,8,C
K67,9,S
K67,10,O
K67,11,O
K67,12,N
K67,13,C
K67,14,C
K67,15,C
K67,16,C
K67,17,C
K67,18,C
K67,19,C
K67,20,C
K67,21,C
K67,22,C
K67,23,N
K67,24,S
K67,25,O
K67,26,O
K67,27,C
K67,28,C
K67,29,C
K67,30,C
K67,31,C
K67,32,C
K67,33,O
K67,34,C
K67,35,C
K67,36,C
K67,37,C
K67,38,O
K67,39,C
K6U,0,C
K6U,1,O
K6U,2,C
K6U,3,C
K6U,4,C
K6U,5,C
K6U,6,C
K6U,7,C
K6U,8,C
K6U,9,N
K6U,10,N
K6U,11,C
K6U,12,O
L5F,0,C
L5F,1,C
L5F,2,C
L5F,3,C
L5F,4,C
L5F,5,C
L5F,6,C
L5F,7,C
L5F,8,N
L5F,9,C
L5F,10,C
L5F,11,C
L5F,12,C
L5F,13,C
L5F,14,C
L5F,15,C
L5F,16,O
L5F,17,S
L5F,18,O
L5F,19,O
L5F,20,O
L5F,21,C
L5F,22,C
L5F,23,O
L5F,24,C
L5F,25,C
L5F,26,N
L5F,27,C
L5F,28,C
L5F,29,C
L5F,30,C
L5F,31,C
L5F,32,C
L5F,33,N
L5F,34,N
L5F,35,C
L5F,36,C
L5F,37,C
L5F,38,C
L5F,39,O
L5F,40,O
L5F,41,C
L6I,0,C
L6I,1,C
L6I,2,C
L6I,3,C
L6I,4,C
L6I,5,C
L6I,6,C
L6I,7,C
L6I,8,N
L6I,9,C
L6I,10,C
L6I,11,O
L6I,12,C
L6I,13,C
L6I,14,C
L6I,15,C
L6I,16,C
L6I,17,C
L6I,18,S
L6I,19,O
L6I,20,O
L6I,21,C
L6I,22,C
L6I,23,C
L6I,24,C
L6I,25,O
L6I,26,O
L6I,27,C
L6I,28,C
L6I,29,C
L6I,30,C
L6I,31,C
L6I,32,C
L6I,33,O
L6I,34,C
L6I,35,N
L6I,36,N
L6I,37,N
L6I,38,C
L8B,0,C
L8B,1,C
L8B,2,C
L8B,3,C
L8B,4,O
L8B,5,N
L8B,6,C
L8B,7,C
L8B,8,O
L8B,9,N
L8B,10,C
L8B,11,C
L8B,12,C
L8B,13,C
L8B,14,C
L8B,15,O
L8B,16,N
L8B,17,C
L8B,18,C
L8B,19,C
L8B,20,C
L8B,21,C
L8B,22,C
L8B,23,C
L8B,24,C
L8B,25,C
L8B,26,N
L8B,27,C
L8B,28,O
L8B,29,O
LAY,0,C
LAY,1,C
LAY,2,C
LAY,3,C
LAY,4,C
LAY,5,C
LAY,6,O
LAY,7,O
LAY,8,N
LAY,9,C
LAY,10,O
LAY,11,C
LHR,0,C
LHR,1,C
LHR,2,O
LHR,3,N
LHR,4,C
LHR,5,C
LHR,6,C
LHR,7,C
LHR,8,C
LHR,9,N
LHR,10,N
LHR,11,C
LHR,12,C
LKU,0,C
LKU,1,C
LKU,2,C
LKU,3,C
LKU,4,C
LKU,5,C
LKU,6,C
LKU,7,O
LKU,8,N
LKU,9,C
LKU,10,O
LKU,11,C
LKU,12,C
LKU,13,C
LKU,14,C
LKU,15,C
LKU,16,C
LKU,17,F
LL0,0,C
LL0,1,C
LL0,2,C
LL0,3,C
LL0,4,C
LL0,5,C
LL0,6,O
LL0,7,C
LL0,8,F
LL0,9,F
LL0,10,S
LL0,11,O
LL0,12,O
LL0,13,N
LQ8,0,C
LQ8,1,C
LQ8,2,C
LQ8,3,C
LQ8,4,C
LQ8,5,C
LQ8,6,C
LQ8,7,O
LQ8,8,N
LQ8,9,C
LQ8,10,O
LQ8,11,C
LQ8,12,C
LQ8,13,C
LQ8,14,C
LQ8,15,C
LQ8,16,C
LQ8,17,C
LQ8,18,C
LQ8,19,C
LQ8,20,C
LQ8,21,N
LQ8,22,C
LQ8,23,O
LQ8,24,C
LQ8,25,C
LQ8,26,C
LQ8,27,C
LQ8,28,C
LQ8,29,C
LQ8,30,C
LQ8,31,O
LQ8,32,O
LQ8,33,O
LQ8,34,C
LQ8,35,C
LQ8,36,O
LQK,0,C
LQK,1,C
LQK,2,C
LQK,3,C
LQK,4,C
LQK,5,C
LQK,6,C
LQK,7,O
LQK,8,N
LQK,9,C
LQK,10,O
LQK,11,C
LQK,12,C
LQK,13,C
LQK,14,C
LQK,15,C
LQK,16,C
LQK,17,C
LQK,18,C
LQK,19,C
LQK,20,C
LQK,21,N
LQK,22,C
LQK,23,O
LQK,24,C
LQK,25,C
LQK,26,C
LQK,27,C
LQK,28,C
LQK,29,O
LQK,30,N
LQK,31,O
LQK,32,C
LQK,33,C
LQK,34,O
LQP,0,C
LQP,1,C
LQP,2,C
LQP,3,C
LQP,4,N
LQP,5,C
LQP,6,C
LQP,7,C
LQP,8,C
LQP,9,O
LQP,10,C
LQP,11,O
LQP,12,C
LQP,13,F
LQP,14,F
LTZ,0,C
LTZ,1,C
LTZ,2,C
LTZ,3,C
LTZ,4,C
LTZ,5,C
LTZ,6,N
LTZ,7,C
LTZ,8,O
LTZ,9,C
LTZ,10,C
LTZ,11,N
LTZ,12,C
LTZ,13,C
LTZ,14,N
LTZ,15,C
LTZ,16,S
LTZ,17,C
LTZ,18,C
LTZ,19,C
LTZ,20,C
LTZ,21,C
LTZ,22,C
LTZ,23,C
LTZ,24,Cl
LTZ,25,C
LTZ,26,C
LTZ,27,C
LTZ,28,C
LTZ,29,C
LTZ,30,C
LTZ,31,Cl
LTZ,32,C
LTZ,33,C
LTZ,34,C
LTZ,35,C
LTZ,36,O
LTZ,37,N
LTZ,38,C
LTZ,39,C
LTZ,40,N
LTZ,41,C
LTZ,42,C
LTZ,43,C
LTZ,44,C
LTZ,45,O
LTZ,46,C
LV4,0,C
LV4,1,C
LV4,2,C
LV4,3,C
LV4,4,C
LV4,5,C
LV4,6,N
LV4,7,C
LV4,8,S
LV4,9,N
LV4,10,O
LV4,11,C
LV4,12,F
LV4,13,F
LV4,14,F
LWD,0,C
LWD,1,C
LWD,2,C
LWD,3,C
LWD,4,C
LWD,5,C
LWD,6,C
LWD,7,O
LWD,8,N
LWD,9,C
LWD,10,C
LWD,11,C
LWD,12,C
LWD,13,C
LWD,14,C
LWD,15,C
LWD,16,C
LWD,17,C
LWD,18,N
M0L,0,C
M0L,1,C
M0L,2,C
M0L,3,O
M0L,4,C
M0L,5,C
M0L,6,C
M0L,7,C
M0L,8,C
M0L,9,C
M0L,10,C
M0L,11,N
M0L,12,C
M0L,13,C
M0L,14,N
M0L,15,C
M0L,16,O
M0L,17,N
M0L,18,C
M0L,19,C
M0L,20,N
M0L,21,C
M0L,22,O
M0L,23,C
M0L,24,C
M0L,25,C
M0L,26,C
M0L,27,C
M0L,28,C
M0L,29,C
M0L,30,C
M0L,31,Cl
M0L,32,C
M0L,33,C
M0L,34,C
M0L,35,C
M0L,36,C
M0L,37,C
M0L,38,Cl
M0L,39,O
M0L,40,C
M0N,0,C
M0N,1,C
M0N,2,C
M0N,3,N
M0N,4,C
M0N,5,C
M0N,6,N
M0N,7,C
M0N,8,C
M0N,9,C
M0N,10,C
M0N,11,O
M0N,12,P
M0N,13,O
M0N,14,O
M0N,15,O
M0N,16,P
M0N,17,O
M0N,18,O
M0N,19,O
M3S,0,C
M3S,1,C
M3S,2,C
M3S,3,C
M3S,4,C
M3S,5,C
M3S,6,C
M3S,7,O
M3S,8,C
M3S,9,O
M3S,10,C
M3S,11,C
M3S,12,O
M3S,13,O
M9E,0,C
M9E,1,N
M9E,2,C
M9E,3,C
M9E,4,O
M9E,5,N
M9E,6,C
M9E,7,C
M9E,8,C
M9E,9,C
M9E,10,C
M9E,11,C
M9E,12,C
M9E,13,C
M9E,14,N
M9E,15,C
M9E,16,O
M9E,17,C
M9E,18,N
M9E,19,C
M9H,0,C
M9H,1,N
M9H,2,C
M9H,3,C
M9H,4,O
M9H,5,N
M9H,6,C
M9H,7,C
M9H,8,C
M9H,9,C
M9H,10,C
M9H,11,C
M9H,12,C
M9H,13,C
M9H,14,N
M9H,15,C
M9H,16,O
M9H,17,C
M9H,18,N
M9H,19,C
MI6,0,C
MI6,1,C
MI6,2,C
MI6,3,C
MI6,4,C
MI6,5,C
MI6,6,C
MI6,7,C
MI6,8,C
MI6,9,C
MI6,10,C
MI6,11,C
MI6,12,C
MI6,13,N
MI6,14,C
MI6,15,O
MI6,16,Cl
MI6,17,C
MI6,18,C
MI6,19,N
MI6,20,C
MI6,21,O
MI6,22,N
MI6,23,C
MI6,24,C
MI6,25,N
MI6,26,C
MI6,27,C
MI6,28,O
MI6,29,C
MI6,30,C
MI6,31,C
MI6,32,C
MI6,33,C
MI6,34,C
MI6,35,C
MI6,36,C
MI6,37,F
MI6,38,Cl
MW6,0,C
MW6,1,C
MW6,2,C
MW6,3,C
MW6,4,C
MW6,5,C
MW6,6,S
MW6,7,C
MW6,8,C
MW6,9,C
MW6,10,C
MW6,11,C
MW6,12,O
MW6,13,N
MW6,14,C
MW6,15,O
MW6,16,N
N6O,0,C
N6O,1,C
N6O,2,C
N6O,3,C
N6O,4,C
N6O,5,C
N6O,6,C
N6O,7,C
N6O,8,C
N6O,9,N
N6O,10,N
N6O,11,C
N6O,12,O
N6O,13,N
N6O,14,C
N6O,15,C
N6O,16,C
N6O,17,O
N6O,18,N
N6O,19,C
N6O,20,C
N6O,21,C
N6O,22,C
N6O,23,C
N6O,24,C
N6O,25,Cl
N6O,26,F
N8F,0,C
N8F,1,C
N8F,2,C
N8F,3,C
N8F,4,C
N8F,5,C
N8F,6,S
N8F,7,O
N8F,8,O
N8F,9,C
N8F,10,C
N8F,11,C
N8F,12,C
N8F,13,C
N8F,14,O
N8F,15,N
N8F,16,C
N8F,17,O
NFU,0,C
NFU,1,O
NFU,2,Fe
NFU,3,C
NFU,4,N
NFU,5,C
NFU,6,N
NFU,7,Ni
NTV,0,C
NTV,1,C
NTV,2,C
NTV,3,C
NTV,4,C
NTV,5,C
NTV,6,C
NTV,7,Cl
NTV,8,N
NTV,9,C
NTV,10,O
NTV,11,C
NTV,12,C
NTV,13,C
NTV,14,C
NTV,15,O
NUA,0,C
NUA,1,C
NUA,2,N
NUA,3,C
NUA,4,C
NUA,5,C
NUA,6,N
NUA,7,N
NUA,8,C
NUA,9,O
NUA,10,C
NUA,11,C
NUA,12,C
NUA,13,C
NUM,0,C
NUM,1,C
NUM,2,C
NUM,3,N
NUM,4,C
NUM,5,C
NUM,6,C
NUM,7,O
NUM,8,N
NUM,9,C
NUM,10,C
NUM,11,C
NUM,12,C
NUM,13,C
NUM,14,C
NUM,15,C
NUM,16,C
NUM,17,O
NUY,0,C
NUY,1,C
NUY,2,C
NUY,3,N
NUY,4,C
NUY,5,C
NUY,6,N
NUY,7,C
NUY,8,C
NUY,9,C
NUY,10,O
NUY,11,C
NUY,12,C
NUY,13,C
NUY,14,C
NUY,15,S
NZ1,0,C
NZ1,1,O
NZ1,2,C
NZ1,3,C
NZ1,4,C
NZ1,5,C
NZ1,6,C
NZ1,7,C
NZ1,8,N
NZ1,9,C
NZ1,10,S
NZ1,11,N
NZJ,0,C
NZJ,1,C
NZJ,2,C
NZJ,3,C
NZJ,4,C
NZJ,5,C
NZJ,6,C
NZJ,7,C
NZJ,8,O
NZJ,9,N
NZJ,10,C
NZJ,11,C
NZJ,12,C
NZJ,13,C
NZJ,14,C
NZJ,15,C
NZJ,16,O
NZJ,17,N
O1J,0,C
O1J,1,C
O1J,2,C
O1J,3,C
O1J,4,C
O1J,5,C
O1J,6,C
O1J,7,O
O1J,8,C
O1J,9,C
O1J,10,O
O1J,11,O
O1M,0,C
O1M,1,C
O1M,2,C
O1M,3,C
O1M,4,C
O1M,5,C
O1M,6,N
O1M,7,C
O1M,8,C
O1M,9,N
O1M,10,C
O1M,11,C
O1M,12,C
O1M,13,O
O1M,14,N
O1M,15,F
O3D,0,C
O3D,1,C
O3D,2,C
O3D,3,O
O3D,4,C
O3D,5,C
O3D,6,N
O3D,7,C
O3D,8,C
O3D,9,S
O3D,10,O
O3D,11,O
O3D,12,C
O3D,13,C
O9E,0,C
O9E,1,C
O9E,2,C
O9E,3,N
O9E,4,C
O9E,5,C
O9E,6,N
O9E,7,N
O9E,8,C
O9E,9,N
O9E,10,C
O9E,11,C
O9E,12,O
O9E,13,C
O9E,14,C
O9E,15,C
O9E,16,C
O9E,17,S
O9E,18,C
O9E,19,C
O9E,20,C
O9E,21,C
O9E,22,C
O9E,23,C
O9E,24,C
O9E,25,C
O9E,26,C
O9E,27,S
O9E,28,C
O9E,29,C
O9E,30,C
O9E,31,O
O9E,32,N
O9E,33,C
O9E,34,C
O9E,35,C
O9E,36,C
O9E,37,N
O9E,38,N
O9E,39,N
O9E,40,C
O9E,41,C
P07,0,C
P07,1,C
P07,2,N
P07,3,C
P07,4,C
P07,5,N
P07,6,N
P07,7,C
P07,8,C
P07,9,C
P07,10,C
P07,11,C
P07,12,C
P07,13,C
P07,14,C
P07,15,N
P07,16,N
P07,17,N
P07,18,C
P07,19,C
P07,20,C
P07,21,C
P07,22,C
P07,23,C
P07,24,C
P07,25,C
P6G,0,C
P6G,1,C
P6G,2,O
P6G,3,C
P6G,4,C
P6G,5,O
P6G,6,C
P6G,7,C
P6G,8,O
P6G,9,C
P6G,10,C
P6G,11,O
P6G,12,C
P6G,13,C
P6G,14,O
P6G,15,C
P6G,16,C
P6G,17,O
P6G,18,O
P7M,0,C
P7M,1,C
P7M,2,C
P7M,3,C
P7M,4,C
P7M,5,C
P7M,6,Cl
P7M,7,Cl
P7M,8,C
P7M,9,O
P7M,10,N
P7M,11,S
P7M,12,O
P7M,13,O
P7M,14,C
P7M,15,C
P7M,16,C
P7M,17,C
P7M,18,S
P7M,19,Br
PHI,0,C
PHI,1,C
PHI,2,C
PHI,3,C
PHI,4,C
PHI,5,C
PHI,6,C
PHI,7,C
PHI,8,C
PHI,9,O
PHI,10,O
PHI,11,N
PHI,12,I
PKG,0,C
PKG,1,C
PKG,2,N
PKG,3,C
PKG,4,C
PKG,5,C
PKG,6,C
PKG,7,C
PKG,8,C
PKG,9,N
PKG,10,N
PKG,11,C
PKG,12,C
PKG,13,C
PKG,14,C
PKG,15,O
PKG,16,O
PKG,17,C
PKG,18,C
PKG,19,C
PKG,20,C
PKG,21,C
PKG,22,C
PKG,23,C
PKG,24,N
PKG,25,C
PKG,26,C
PKG,27,C
PKG,28,O
PKG,29,C
PKG,30,C
PKG,31,C
PKG,32,C
PKG,33,C
PKG,34,C
PMZ,0,C
PMZ,1,C
PMZ,2,O
PMZ,3,C
PMZ,4,C
PMZ,5,C
PMZ,6,C
PMZ,7,C
PMZ,8,C
PMZ,9,N
PMZ,10,C
PMZ,11,C
PMZ,12,C
PMZ,13,C
PMZ,14,C
PMZ,15,C
PMZ,16,S
PMZ,17,C
PMZ,18,C
PMZ,19,C
PMZ,20,N
PMZ,21,C
PMZ,22,C
PRF,0,C
PRF,1,C
PRF,2,C
PRF,3,C
PRF,4,N
PRF,5,N
PRF,6,C
PRF,7,N
PRF,8,C
PRF,9,O
PRF,10,N
PRF,11,C
PRF,12,N
Q49,0,C
Q49,1,N
Q49,2,C
Q49,3,C
Q49,4,C
Q49,5,C
Q49,6,O
Q49,7,O
Q49,8,C
Q49,9,C
Q49,10,C
Q49,11,C
Q49,12,C
Q49,13,C
Q49,14,F
Q4L,0,C
Q4L,1,O
Q4L,2,C
Q4L,3,O
Q4L,4,N
Q4L,5,C
Q4L,6,C
Q4L,7,N
Q4L,8,C
Q4L,9,C
Q4L,10,C
Q4L,11,C
Q4L,12,C
Q4L,13,C
Q4L,14,C
Q4L,15,C
Q4L,16,F
Q5J,0,C
Q5J,1,C
Q5J,2,C
Q5J,3,C
Q5J,4,C
Q5J,5,C
Q5J,6,C
Q5J,7,C
Q5J,8,C
Q5J,9,N
Q5J,10,C
Q5J,11,N
Q5J,12,N
Q5J,13,S
Q5J,14,O
Q5J,15,O
Q5J,16,C
Q5J,17,C
Q5J,18,C
Q5J,19,C
Q5J,20,C
Q5J,21,C
Q5J,22,C
Q5J,23,N
Q5V,0,C
Q5V,1,O
Q5V,2,C
Q5V,3,C
Q5V,4,C
Q5V,5,C
Q5V,6,C
Q5V,7,C
Q5V,8,S
Q5V,9,O
Q5V,10,O
Q5V,11,N
Q5V,12,C
Q5V,13,C
Q5V,14,O
Q5V,15,O
Q5V,16,C
Q5V,17,C
Q5V,18,C
Q5V,19,C
Q5V,20,C
Q5V,21,C
Q5V,22,C
Q5V,23,C
Q5V,24,C
Q5V,25,N
Q5V,26,N
Q5V,27,C
Q5V,28,C
Q5V,29,F
Q5V,30,F
Q5V,31,F
Q5V,32,S
Q5V,33,O
Q5V,34,O
Q5V,35,C
Q5V,36,C
Q5V,37,C
Q5V,38,C
Q5V,39,C
Q5V,40,C
Q5V,41,O
Q5V,42,C
Q9E,0,C
Q9E,1,C
Q9E,2,O
Q9E,3,N
Q9E,4,C
Q9E,5,C
Q9E,6,C
Q9E,7,C
Q9E,8,C
Q9E,9,O
Q9E,10,N
Q9E,11,C
Q9E,12,C
Q9E,13,O
Q9E,14,C
Q9E,15,O
Q9E,16,C
Q9E,17,C
Q9E,18,C
Q9E,19,C
Q9E,20,C
Q9E,21,C
Q9E,22,C
Q9E,23,S
Q9E,24,C
Q9E,25,C
Q9E,26,N
Q9E,27,C
Q9E,28,O
Q9E,29,C
Q9E,30,O
Q9E,31,N
Q9E,32,C
Q9E,33,C
QD0,0,C
QD0,1,C
QD0,2,C
QD0,3,C
QD0,4,O
QD0,5,N
QD0,6,C
QD0,7,C
QD0,8,O
QD0,9,N
QD0,10,C
QD0,11,C
QD0,12,C
QD0,13,C
QD0,14,C
QD0,15,O
QD0,16,N
QD0,17,C
QD0,18,O
QE0,0,C
QE0,1,C
QE0,2,C
QE0,3,C
QE0,4,O
QE0,5,N
QE0,6,C
QE0,7,C
QE0,8,C
QE0,9,C
QE0,10,C
QE0,11,O
QE0,12,N
QE0,13,C
QE0,14,C
QE0,15,C
QE0,16,C
QE0,17,C
QE0,18,O
QE0,19,N
QE0,20,C
QE0,21,C
QE0,22,C
QE0,23,C
QE0,24,C
QE0,25,C
QE0,26,C
QE0,27,C
QE0,28,O
QE0,29,C
QE0,30,C
QE0,31,O
QE0,32,C
QE0,33,Cl
QE0,34,O
QE9,0,C
QE9,1,C
QE9,2,C
QE9,3,C
QE9,4,O
QE9,5,N
QE9,6,C
QE9,7,C
QE9,8,C
QE9,9,C
QE9,10,C
QE9,11,O
QE9,12,N
QE9,13,C
QE9,14,C
QE9,15,C
QE9,16,C
QE9,17,C
QE9,18,O
QE9,19,N
QE9,20,C
QE9,21,C
QE9,22,C
QE9,23,C
QE9,24,C
QE9,25,C
QE9,26,C
QE9,27,O
QE9,28,C
QE9,29,C
QE9,30,O
QE9,31,C
QE9,32,C
QE9,33,C
QE9,34,N
QE9,35,C
QE9,36,S
QE9,37,C
QE9,38,O
QF3,0,C
QF3,1,C
QF3,2,C
QF3,3,C
QF3,4,O
QF3,5,N
QF3,6,C
QF3,7,C
QF3,8,C
QF3,9,C
QF3,10,C
QF3,11,O
QF3,12,N
QF3,13,C
QF3,14,C
QF3,15,C
QF3,16,C
QF3,17,C
QF3,18,O
QF3,19,N
QF3,20,C
QF3,21,C
QF3,22,C
QF3,23,C
QF3,24,C
QF3,25,C
QF3,26,C
QF3,27,C
QF3,28,O
QF3,29,C
QF3,30,C
QF3,31,O
QF3,32,C
QF3,33,C
QF3,34,C
QF3,35,N
QF3,36,C
QF3,37,S
QF3,38,C
QF3,39,O
QF7,0,C
QF7,1,C
QF7,2,C
QF7,3,S
QF7,4,C
QF7,5,N
QF7,6,C
QF7,7,C
QF7,8,C
QF7,9,C
QF7,10,C
QF7,11,C
QF7,12,C
QF7,13,C
QF7,14,C
QF7,15,O
QF7,16,N
QF7,17,C
QF7,18,N
QF7,19,C
QF7,20,O
QF7,21,C
QF7,22,C
QF7,23,C
QF7,24,C
QF7,25,N
QF7,26,C
QF7,27,O
QF7,28,C
QF7,29,C
QF7,30,C
QF7,31,C
QF7,32,C
QF7,33,N
QF7,34,C
QF7,35,O
QF7,36,C
QF7,37,C
QF7,38,C
QF7,39,F
QF7,40,O
QFF,0,C
QFF,1,C
QFF,2,C
QFF,3,C
QFF,4,O
QFF,5,N
QFF,6,C
QFF,7,C
QFF,8,C
QFF,9,C
QFF,10,C
QFF,11,O
QFF,12,N
QFF,13,C
QFF,14,C
QFF,15,C
QFF,16,C
QFF,17,C
QFF,18,O
QFF,19,N
QFF,20,O
QFF,21,C
QFF,22,C
QFF,23,C
QFF,24,C
QFF,25,C
QFF,26,C
QFF,27,C
QFF,28,C
QFF,29,N
QFF,30,C
QFF,31,S
QFF,32,C
QFF,33,O
QFR,0,C
QFR,1,C
QFR,2,C
QFR,3,C
QFR,4,O
QFR,5,N
QFR,6,C
QFR,7,C
QFR,8,C
QFR,9,C
QFR,10,C
QFR,11,O
QFR,12,N
QFR,13,C
QFR,14,C
QFR,15,C
QFR,16,C
QFR,17,C
QFR,18,N
QFR,19,O
QFR,20,C
QFR,21,N
QFR,22,C
QFR,23,C
QFR,24,C
QFR,25,C
QFR,26,C
QFR,27,C
QFR,28,C
QFR,29,C
QFR,30,C
QFR,31,N
QFR,32,C
QFR,33,S
QFR,34,C
QFR,35,O
QGZ,0,C
QGZ,1,C
QGZ,2,C
QGZ,3,C
QGZ,4,C
QGZ,5,C
QGZ,6,S
QGZ,7,O
QGZ,8,O
QGZ,9,N
QGZ,10,C
QGZ,11,C
QGZ,12,C
QGZ,13,C
QGZ,14,C
QGZ,15,C
QGZ,16,N
QGZ,17,C
QGZ,18,C
QGZ,19,C
QGZ,20,N
QGZ,21,C
QGZ,22,O
QGZ,23,O
QGZ,24,C
QGZ,25,C
QGZ,26,C
QH2,0,C
QH2,1,C
QH2,2,C
QH2,3,C
QH2,4,C
QH2,5,C
QH2,6,C
QH2,7,C
QH2,8,C
QH2,9,C
QH2,10,C
QH2,11,C
QH2,12,N
QH2,13,N
QH2,14,C
QH2,15,C
QH2,16,C
QH2,17,C
QH2,18,C
QH2,19,C
QH2,20,N
QH2,21,C
QH2,22,C
QH2,23,O
QH2,24,O
QH2,25,S
QH2,26,O
QH2,27,O
QH2,28,C
QH2,29,C
QH2,30,C
QH2,31,C
QH2,32,C
QH2,33,C
QH2,34,C
QH2,35,O
QH2,36,O
QH5,0,C
QH5,1,C
QH5,2,C
QH5,3,C
QH5,4,C
QH5,5,C
QH5,6,S
QH5,7,O
QH5,8,O
QH5,9,N
QH5,10,C
QH5,11,C
QH5,12,C
QH5,13,C
QH5,14,C
QH5,15,C
QH5,16,N
QH5,17,C
QH5,18,C
QH5,19,C
QH5,20,N
QH5,21,C
QH5,22,N
QH5,23,N
QH5,24,N
QH5,25,N
QH5,26,C
QH5,27,C
QH5,28,C
QH8,0,C
QH8,1,C
QH8,2,C
QH8,3,C
QH8,4,C
QH8,5,C
QH8,6,C
QH8,7,C
QH8,8,C
QH8,9,C
QH8,10,S
QH8,11,O
QH8,12,O
QH8,13,N
QH8,14,C
QH8,15,C
QH8,16,O
QH8,17,O
QH8,18,C
QH8,19,C
QH8,20,C
QH8,21,C
QH8,22,C
QH8,23,C
QH8,24,N
QH8,25,C
QH8,26,C
QH8,27,C
QH8,28,N
QH8,29,C
QH8,30,O
QH8,31,O
QH8,32,C
QH8,33,C
QH8,34,C
QHH,0,C
QHH,1,C
QHH,2,C
QHH,3,C
QHH,4,C
QHH,5,C
QHH,6,C
QHH,7,C
QHH,8,N
QHH,9,C
QHH,10,O
QHH,11,C
QHH,12,C
QHH,13,C
QHH,14,C
QHH,15,C
QHH,16,C
QHH,17,C
QHH,18,C
QHH,19,C
QHH,20,C
QHH,21,C
QHH,22,C
QHH,23,N
QHH,24,C
QHH,25,C
QHH,26,C
QHH,27,N
QHH,28,C
QHH,29,O
QHH,30,O
QHH,31,C
QHH,32,C
QHH,33,C
QHK,0,C
QHK,1,C
QHK,2,C
QHK,3,C
QHK,4,C
QHK,5,C
QHK,6,S
QHK,7,O
QHK,8,O
QHK,9,N
QHK,10,C
QHK,11,C
QHK,12,O
QHK,13,O
QHK,14,C
QHK,15,C
QHK,16,C
QHK,17,C
QHK,18,C
QHK,19,C
QHK,20,N
QHK,21,C
QHK,22,C
QHK,23,C
QHK,24,N
QHK,25,C
QHK,26,O
QHK,27,O
QHK,28,C
QHK,29,C
QHK,30,C
QHN,0,C
QHN,1,C
QHN,2,C
QHN,3,C
QHN,4,C
QHN,5,C
QHN,6,N
QHN,7,C
QHN,8,C
QHN,9,C
QHN,10,N
QHN,11,C
QHN,12,O
QHN,13,O
QHN,14,C
QHN,15,C
QHN,16,C
QHQ,0,C
QHQ,1,O
QHQ,2,C
QHQ,3,C
QHQ,4,C
QHQ,5,C
QHQ,6,C
QHQ,7,C
QHQ,8,S
QHQ,9,O
QHQ,10,O
QHQ,11,N
QHQ,12,C
QHQ,13,C
QHQ,14,O
QHQ,15,O
QHQ,16,C
QHQ,17,C
QHQ,18,C
QHQ,19,C
QHQ,20,C
QHQ,21,C
QHQ,22,N
QHQ,23,C
QHQ,24,C
QHQ,25,C
QHQ,26,N
QHQ,27,C
QHQ,28,O
QHQ,29,O
QHQ,30,C
QHQ,31,C
QHQ,32,C
QHT,0,C
QHT,1,C
QHT,2,C
QHT,3,C
QHT,4,C
QHT,5,C
QHT,6,C
QHT,7,C
QHT,8,S
QHT,9,O
QHT,10,O
QHT,11,N
QHT,12,C
QHT,13,C
QHT,14,C
QHT,15,C
QHT,16,C
QHT,17,C
QHT,18,N
QHT,19,C
QHT,20,C
QHT,21,C
QHT,22,N
QHT,23,C
QHT,24,O
QHT,25,O
QHT,26,C
QHT,27,C
QHT,28,C
QHT,29,C
QHT,30,C
QHW,0,C
QHW,1,C
QHW,2,C
QHW,3,C
QHW,4,C
QHW,5,C
QHW,6,C
QHW,7,C
QHW,8,S
QHW,9,O
QHW,10,O
QHW,11,N
QHW,12,C
QHW,13,C
QHW,14,O
QHW,15,O
QHW,16,C
QHW,17,C
QHW,18,C
QHW,19,C
QHW,20,C
QHW,21,C
QHW,22,N
QHW,23,C
QHW,24,C
QHW,25,C
QHW,26,N
QHW,27,C
QHW,28,O
QHW,29,O
QHW,30,C
QHW,31,C
QHW,32,C
QHW,33,C
QHW,34,C
QHZ,0,C
QHZ,1,O
QHZ,2,C
QHZ,3,C
QHZ,4,C
QHZ,5,C
QHZ,6,C
QHZ,7,C
QHZ,8,S
QHZ,9,O
QHZ,10,O
QHZ,11,N
QHZ,12,C
QHZ,13,C
QHZ,14,O
QHZ,15,O
QHZ,16,C
QHZ,17,C
QHZ,18,C
QHZ,19,C
QHZ,20,C
QHZ,21,C
QHZ,22,N
QHZ,23,C
QHZ,24,C
QHZ,25,C
QHZ,26,N
QHZ,27,C
QHZ,28,O
QHZ,29,O
QHZ,30,C
QHZ,31,C
QHZ,32,C
QHZ,33,C
QHZ,34,C
QHZ,35,C
QHZ,36,C
QHZ,37,C
QHZ,38,C
QJ5,0,C
QJ5,1,C
QJ5,2,C
QJ5,3,C
QJ5,4,C
QJ5,5,C
QJ5,6,C
QJ5,7,C
QJ5,8,C
QJ5,9,S
QJ5,10,O
QJ5,11,O
QJ5,12,N
QJ5,13,C
QJ5,14,C
QJ5,15,C
QJ5,16,C
QJ5,17,C
QJ5,18,C
QJ5,19,N
QJ5,20,C
QJ5,21,C
QJ5,22,C
QJ5,23,N
QJ5,24,C
QJ5,25,O
QJ5,26,O
QJ5,27,C
QJ5,28,C
QJ5,29,C
RAC,0,C
RAC,1,N
RAC,2,C
RAC,3,C
RAC,4,O
RAC,5,C
RAC,6,C
RAC,7,C
RAC,8,C
RAC,9,C
RAC,10,C
RAC,11,N
RAC,12,C
RAC,13,O
RAC,14,O
RAC,15,C
RAC,16,C
RAC,17,C
RAC,18,C
RAC,19,C
RAC,20,C
RAC,21,C
RAC,22,C
RAC,23,O
RAC,24,O
ROL,0,C
ROL,1,O
ROL,2,C
ROL,3,C
ROL,4,C
ROL,5,C
ROL,6,C
ROL,7,C
ROL,8,O
ROL,9,C
ROL,10,C
ROL,11,C
ROL,12,C
ROL,13,C
ROL,14,C
ROL,15,C
ROL,16,C
ROL,17,O
ROL,18,N
ROL,19,C
RV4,0,C
RV4,1,C
RV4,2,O
RV4,3,N
RV4,4,C
RV4,5,C
RV4,6,C
RV4,7,C
RV4,8,C
RV4,9,C
RV4,10,C
RV4,11,N
RV4,12,C
RV4,13,C
RV4,14,O
RV4,15,C
RV4,16,C
RWS,0,C
RWS,1,C
RWS,2,N
RWS,3,N
RWS,4,C
RWS,5,S
RWS,6,N
RWS,7,C
RWS,8,C
RWS,9,C
RWS,10,C
RWS,11,C
RXS,0,C
RXS,1,C
RXS,2,N
RXS,3,C
RXS,4,C
RXS,5,N
RXS,6,C
RXS,7,C
RXS,8,C
RXS,9,C
RXS,10,C
RXS,11,C
RXS,12,C
RXS,13,C
RXS,14,N
RZJ,0,C
RZJ,1,N
RZJ,2,C
RZJ,3,C
RZJ,4,C
RZJ,5,C
RZJ,6,C
RZJ,7,C
RZJ,8,C
RZJ,9,C
RZJ,10,C
RZJ,11,S
RZJ,12,O
RZJ,13,O
RZJ,14,N
S0V,0,C
S0V,1,C
S0V,2,N
S0V,3,N
S0V,4,S
S0V,5,C
S0V,6,O
S0V,7,N
S0V,8,C
S0V,9,C
S0V,10,O
S0V,11,C
S0V,12,C
S0W,0,C
S0W,1,C
S0W,2,C
S0W,3,C
S0W,4,C
S0W,5,C
S0W,6,C
S0W,7,C
S0W,8,C
S0W,9,O
S0W,10,O
S0W,11,Cl
S3B,0,C
S3B,1,C
S3B,2,C
S3B,3,O
S3B,4,O
S3B,5,C
S3B,6,C
S3B,7,C
S3B,8,C
S3B,9,C
S3B,10,C
S3B,11,C
S3B,12,O
S3B,13,O
S3B,14,C
S7B,0,C
S7B,1,C
S7B,2,C
S7B,3,C
S7B,4,C
S7B,5,C
S7B,6,C
S7B,7,O
S7B,8,C
S7B,9,O
S7B,10,C
S7B,11,C
S7B,12,C
S7B,13,C
S7B,14,O
S7B,15,O
S7G,0,C
S7G,1,C
S7G,2,O
S7G,3,N
S7G,4,C
S7G,5,C
S7G,6,C
S7G,7,C
S7G,8,C
S7G,9,C
S7G,10,C
S7G,11,C
S7G,12,N
S7G,13,C
S9S,0,C
S9S,1,S
S9S,2,O
S9S,3,O
S9S,4,N
S9S,5,C
S9S,6,C
S9S,7,C
S9S,8,C
S9S,9,C
S9S,10,C
S9S,11,C
S9S,12,C
S9S,13,F
SFY,0,C
SFY,1,C
SFY,2,C
SFY,3,N
SFY,4,C
SFY,5,C
SFY,6,N
SFY,7,S
SFY,8,O
SFY,9,O
SFY,10,C
SFY,11,C
SFY,12,C
SFY,13,C
SFY,14,C
SFY,15,C
SFY,16,N
SGO,0,C
SGO,1,C
SGO,2,C
SGO,3,C
SGO,4,C
SGO,5,C
SGO,6,C
SGO,7,C
SGO,8,C
SGO,9,C
SGO,10,O
SGO,11,O
SGO,12,N
SGO,13,C
SGO,14,O
SGO,15,C
SGO,16,C
SGO,17,C
SGO,18,C
SGO,19,C
SGO,20,C
SGO,21,C
SGO,22,C
SGO,23,C
SGO,24,C
SGO,25,C
SIU,0,C
SIU,1,C
SIU,2,C
SIU,3,C
SIU,4,C
SIU,5,C
SIU,6,C
SIU,7,C
SIU,8,C
SIU,9,C
SIU,10,C
SIU,11,O
SIU,12,O
SIU,13,N
SIU,14,C
SIU,15,O
SIU,16,C
SIU,17,C
SIU,18,C
SIU,19,C
SIU,20,C
SIU,21,C
SIU,22,C
SIU,23,C
SIU,24,C
SIU,25,C
SIU,26,C
SXJ,0,C
SXJ,1,C
SXJ,2,C
SXJ,3,C
SXJ,4,C
SXJ,5,C
SXJ,6,C
SXJ,7,C
SXJ,8,C
SXJ,9,C
SXJ,10,C
SXJ,11,C
SXJ,12,O
SXJ,13,C
SXJ,14,C
SXJ,15,C
SXJ,16,C
SXJ,17,C
SXJ,18,C
SXJ,19,C
SXJ,20,C
SXJ,21,C
SXJ,22,C
SXJ,23,C
SXJ,24,C
SXJ,25,C
SXJ,26,O
SXJ,27,C
SXJ,28,N
SXJ,29,C
SXJ,30,C
SXJ,31,C
SXJ,32,C
SXJ,33,C
SXJ,34,O
SXJ,35,O
T6I,0,C
T6I,1,C
T6I,2,C
T6I,3,C
T6I,4,C
T6I,5,C
T6I,6,C
T6I,7,C
T6I,8,C
T6I,9,C
T6I,10,C
T6I,11,O
T6I,12,O
T6I,13,N
T6I,14,C
T6I,15,O
T6I,16,C
T6I,17,C
T6I,18,C
T6I,19,C
T6I,20,C
T6I,21,C
T6I,22,C
T6I,23,C
T6I,24,C
T6I,25,C
T6I,26,C
T6I,27,F
T6J,0,C
T6J,1,S
T6J,2,O
T6J,3,O
T6J,4,C
T6J,5,C
T6J,6,N
T6J,7,C
T6J,8,C
T6J,9,C
T6J,10,C
T6J,11,C
T6J,12,C
T6J,13,N
T9Q,0,C
T9Q,1,O
T9Q,2,C
T9Q,3,C
T9Q,4,O
T9Q,5,N
T9Q,6,C
T9Q,7,C
T9Q,8,C
T9Q,9,C
T9Q,10,C
T9Q,11,C
T9Q,12,C
TG0,0,C
TG0,1,C
TG0,2,C
TG0,3,C
TG0,4,C
TG0,5,C
TG0,6,C
TG0,7,N
TG0,8,C
TG0,9,O
TG0,10,N
TG0,11,C
TG0,12,C
TG0,13,C
TG0,14,C
TG0,15,C
TG0,16,O
TG0,17,N
TG0,18,C
TG0,19,C
TG0,20,C
TG0,21,C
TG0,22,C
TG0,23,C
TG0,24,C
TG0,25,C
TG0,26,C
TG0,27,N
TG0,28,C
TG0,29,S
TG0,30,C
TG0,31,O
THC,0,C
THC,1,C
THC,2,C
THC,3,C
THC,4,O
THC,5,O
THC,6,N
THC,7,C
THC,8,O
THC,9,C
THC,10,O
TJ2,0,C
TJ2,1,C
TJ2,2,C
TJ2,3,C
TJ2,4,N
TJ2,5,C
TJ2,6,O
TJ2,7,C
TJ2,8,C
TJ2,9,C
TJ2,10,C
TJ2,11,C
TJ2,12,C
TJ2,13,C
TJ2,14,C
TJ2,15,N
TJ2,16,C
TJ2,17,C
TJ2,18,O
TJ2,19,O
TJ2,20,Cl
TJ2,21,N
TJ2,22,C
TJ2,23,C
TJ2,24,C
TJ2,25,C
TJ2,26,C
TJ2,27,C
TJ2,28,C
TJ2,29,Cl
TJ2,30,C
TJ2,31,O
TMG,0,C
TMG,1,C
TMG,2,C
TMG,3,C
TMG,4,C
TMG,5,C
TMG,6,N
TMG,7,C
TMG,8,N
TMG,9,C
TMG,10,C
TMG,11,S
TMG,12,C
TMG,13,N
TR0,0,C
TR0,1,C
TR0,2,C
TR0,3,C
TR0,4,O
TR0,5,N
TR0,6,C
TR0,7,C
TR0,8,O
TR0,9,N
TR0,10,C
TR0,11,C
TR0,12,C
TR0,13,C
TR0,14,C
TR0,15,O
TR0,16,N
TR0,17,C
TR0,18,C
TR0,19,C
TR0,20,C
TR0,21,C
TR0,22,C
TR0,23,C
TR0,24,C
TR0,25,C
TR0,26,C
TR0,27,C
TR0,28,C
TR0,29,C
TR0,30,O
TU6,0,C
TU6,1,C
TU6,2,C
TU6,3,C
TU6,4,N
TU6,5,C
TU6,6,N
TU6,7,C
TU6,8,O
TU6,9,N
TU6,10,C
TU6,11,C
TU6,12,C
TU6,13,C
TU6,14,C
TUW,0,C
TUW,1,C
TUW,2,C
TUW,3,C
TUW,4,C
TUW,5,C
TUW,6,C
TUW,7,C
TUW,8,C
TUW,9,F
TUW,10,C
TUW,11,N
TUW,12,C
TUW,13,O
TUW,14,C
TUW,15,C
TUW,16,C
TUW,17,C
TUW,18,C
TUW,19,C
TUW,20,N
TUW,21,C
TUW,22,N
TUW,23,C
TUW,24,C
TUW,25,C
TUW,26,C
TUW,27,C
TUW,28,C
TUW,29,Cl
TUW,30,O
TUW,31,C
TUW,32,C
TUW,33,C
TUW,34,C
TUW,35,C
TUW,36,O
TUW,37,O
TUZ,0,C
TUZ,1,C
TUZ,2,C
TUZ,3,C
TUZ,4,C
TUZ,5,C
TUZ,6,C
TUZ,7,C
TUZ,8,C
TUZ,9,F
TUZ,10,C
TUZ,11,N
TUZ,12,C
TUZ,13,O
TUZ,14,C
TUZ,15,C
TUZ,16,C
TUZ,17,C
TUZ,18,C
TUZ,19,C
TUZ,20,N
TUZ,21,Cl
TUZ,22,C
TUZ,23,C
TUZ,24,C
TUZ,25,C
TUZ,26,C
TUZ,27,C
TUZ,28,Cl
TUZ,29,O
TUZ,30,C
TUZ,31,C
TUZ,32,C
TUZ,33,C
TUZ,34,C
TUZ,35,O
TUZ,36,N
TUZ,37,O
TV5,0,C
TV5,1,C
TV5,2,C
TV5,3,C
TV5,4,C
TV5,5,C
TV5,6,C
TV5,7,C
TV5,8,C
TV5,9,F
TV5,10,C
TV5,11,N
TV5,12,C
TV5,13,O
TV5,14,C
TV5,15,C
TV5,16,C
TV5,17,C
TV5,18,C
TV5,19,C
TV5,20,N
TV5,21,Cl
TV5,22,C
TV5,23,C
TV5,24,C
TV5,25,C
TV5,26,C
TV5,27,C
TV5,28,Cl
TV5,29,O
TV5,30,C
TV5,31,C
TV5,32,C
TV5,33,C
TV5,34,O
TV5,35,O
TV9,0,C
TV9,1,C
TV9,2,C
TV9,3,C
TV9,4,C
TV9,5,C
TV9,6,N
TV9,7,C
TV9,8,N
TV9,9,C
TV9,10,O
TV9,11,C
TV9,12,C
TV9,13,C
TVH,0,C
TVH,1,C
TVH,2,C
TVH,3,C
TVH,4,C
TVH,5,C
TVH,6,Cl
TVH,7,C
TVH,8,N
TVH,9,C
TVH,10,O
TVH,11,C
TVH,12,C
TVH,13,C
TVH,14,C
TVH,15,C
TVH,16,C
TVH,17,C
TVH,18,N
TVH,19,O
TVH,20,O
TVH,21,C
TVH,22,C
TVH,23,C
TVH,24,C
TVH,25,C
TVH,26,C
TVH,27,Cl
TVH,28,O
TVH,29,C
TVH,30,C
TVH,31,C
TVH,32,C
TVH,33,C
TVH,34,O
TVK,0,C
TVK,1,C
TVK,2,C
TVK,3,C
TVK,4,C
TVK,5,C
TVK,6,C
TVK,7,C
TVK,8,C
TVK,9,F
TVK,10,C
TVK,11,N
TVK,12,C
TVK,13,O
TVK,14,C
TVK,15,C
TVK,16,C
TVK,17,C
TVK,18,C
TVK,19,C
TVK,20,N
TVK,21,Cl
TVK,22,C
TVK,23,C
TVK,24,C
TVK,25,C
TVK,26,C
TVK,27,C
TVK,28,Cl
TVK,29,O
TVK,30,C
TVK,31,C
TVK,32,C
TVK,33,C
TVK,34,C
TVK,35,O
TVK,36,O
TX6,0,C
TX6,1,C
TX6,2,N
TX6,3,C
TX6,4,C
TX6,5,C
TX6,6,N
TX6,7,O
TX6,8,C
TX6,9,C
TX6,10,C
TX6,11,C
TX6,12,C
TX6,13,C
TX6,14,C
TX6,15,C
TX6,16,C
TX6,17,C
TX6,18,O
TX6,19,C
TX6,20,N
TX6,21,C
U0S,0,C
U0S,1,C
U0S,2,N
U0S,3,C
U0S,4,C
U0S,5,N
U0S,6,N
U0S,7,C
U0S,8,C
U0S,9,C
U0S,10,C
U0S,11,C
U0S,12,C
U0S,13,O
U0S,14,C
U1H,0,C
U1H,1,C
U1H,2,C
U1H,3,C
U1H,4,C
U1H,5,C
U1H,6,C
U1H,7,N
U1H,8,C
U1H,9,F
U1H,10,F
U1H,11,F
U2R,0,C
U2R,1,C
U2R,2,C
U2R,3,C
U2R,4,C
U2R,5,C
U2R,6,O
U2R,7,C
U2R,8,C
U2R,9,O
U2R,10,O
U2R,11,F
U3I,0,C
U3I,1,C
U3I,2,N
U3I,3,C
U3I,4,C
U3I,5,C
U3I,6,C
U3I,7,C
U3I,8,C
U3I,9,C
U3I,10,O
U3I,11,C
U3I,12,C
U3I,13,C
U3I,14,C
U3I,15,C
U3I,16,C
U3I,17,C
U3I,18,N
U3I,19,C
U3I,20,O
U3I,21,C
U3I,22,C
U3I,23,C
U3I,24,C
U3I,25,O
U3I,26,N
U3I,27,C
U3I,28,O
U3Z,0,C
U3Z,1,C
U3Z,2,C
U3Z,3,C
U3Z,4,C
U3Z,5,C
U3Z,6,C
U3Z,7,C
U3Z,8,C
U3Z,9,C
U3Z,10,O
U3Z,11,N
U3Z,12,C
U3Z,13,C
U3Z,14,C
U3Z,15,C
U3Z,16,C
U3Z,17,C
U3Z,18,C
U3Z,19,Cl
U3Z,20,O
U3Z,21,C
U3Z,22,C
U3Z,23,C
U3Z,24,C
U3Z,25,C
U3Z,26,O
U3Z,27,C
U3Z,28,C
U3Z,29,C
U3Z,30,C
U3Z,31,C
U3Z,32,C
U3Z,33,C
U3Z,34,C
U3Z,35,C
U3Z,36,O
U78,0,C
U78,1,C
U78,2,C
U78,3,C
U78,4,C
U78,5,C
U78,6,C
U78,7,C
U78,8,C
U78,9,N
U78,10,C
U78,11,O
U78,12,C
UA2,0,C
UA2,1,C
UA2,2,C
UA2,3,C
UA2,4,N
UA2,5,C
UA2,6,N
UA2,7,C
UA2,8,N
UA2,9,N
UA2,10,C
UA2,11,C
UA2,12,C
UA2,13,C
UA2,14,N
UA2,15,C
UA2,16,O
UA2,17,O
UA2,18,O
UB2,0,C
UB2,1,C
UB2,2,C
UB2,3,C
UB2,4,C
UB2,5,C
UB2,6,O
UB2,7,O
UB2,8,N
UB2,9,C
UB2,10,O
UB2,11,C
UB2,12,C
UB2,13,N
UB2,14,P
UB2,15,O
UB2,16,C
UB2,17,N
UB2,18,C
UB2,19,O
UB2,20,O
UB2,21,C
UB2,22,C
UB2,23,C
UB2,24,C
UB2,25,C
UB2,26,C
UB2,27,C
UB2,28,O
UB3,0,C
UB3,1,C
UB3,2,C
UB3,3,C
UB3,4,C
UB3,5,C
UB3,6,O
UB3,7,O
UB3,8,N
UB3,9,C
UB3,10,O
UB3,11,C
UB3,12,C
UB3,13,C
UB3,14,C
UB3,15,N
UB3,16,P
UB3,17,O
UB3,18,C
UB3,19,N
UB3,20,C
UB3,21,O
UB3,22,O
UB3,23,C
UB3,24,C
UB3,25,C
UB3,26,C
UB3,27,C
UB3,28,C
UB3,29,C
UB3,30,O
UCK,0,C
UCK,1,C
UCK,2,C
UCK,3,C
UCK,4,C
UCK,5,C
UCK,6,C
UCK,7,O
UCK,8,N
UCK,9,C
UCK,10,C
UCK,11,C
UCK,12,C
UCK,13,C
UCK,14,O
UCK,15,N
UCK,16,C
UCK,17,C
UCK,18,C
UCK,19,C
UCK,20,C
UCK,21,C
UCK,22,C
UCK,23,Cl
UCK,24,O
UCK,25,Cl
UDP,0,C
UDP,1,C
UDP,2,N
UDP,3,C
UDP,4,O
UDP,5,N
UDP,6,C
UDP,7,O
UDP,8,C
UDP,9,C
UDP,10,C
UDP,11,C
UDP,12,O
UDP,13,C
UDP,14,O
UDP,15,P
UDP,16,O
UDP,17,O
UDP,18,O
UDP,19,P
UDP,20,O
UDP,21,O
UDP,22,O
UDP,23,O
UDP,24,O
UUM,0,C
UUM,1,C
UUM,2,C
UUM,3,C
UUM,4,N
UUM,5,O
UUM,6,C
UUM,7,O
UUM,8,N
UUM,9,C
UUM,10,C
UUM,11,N
UUM,12,N
UUM,13,C
UUM,14,C
UUP,0,C
UUP,1,C
UUP,2,N
UUP,3,C
UUP,4,C
UUP,5,C
UUP,6,N
UUP,7,N
UUP,8,C
UUP,9,C
UUP,10,O
UUP,11,N
UUP,12,C
UUP,13,C
UUP,14,C
UVA,0,C
UVA,1,N
UVA,2,C
UVA,3,C
UVA,4,C
UVA,5,C
UVA,6,C
UVA,7,C
UVA,8,S
UVA,9,O
UVA,10,O
UVA,11,C
UWS,0,C
UWS,1,C
UWS,2,C
UWS,3,C
UWS,4,O
UWS,5,N
UWS,6,C
UWS,7,N
UWS,8,C
UWS,9,O
UWS,10,C
UWS,11,C
UWS,12,C
UWS,13,N
UWS,14,C
UXA,0,C
UXA,1,C
UXA,2,C
UXA,3,C
UXA,4,C
UXA,5,C
UXA,6,C
UXA,7,O
UXA,8,N
UXA,9,C
UXA,10,C
UXA,11,C
UXA,12,O
UXA,13,C
UXA,14,O
UXD,0,C
UXD,1,C
UXD,2,C
UXD,3,N
UXD,4,N
UXD,5,C
UXD,6,O
UXD,7,N
UXD,8,C
UXD,9,C
UXD,10,C
UXD,11,C
UXG,0,C
UXG,1,C
UXG,2,C
UXG,3,C
UXG,4,C
UXG,5,C
UXG,6,C
UXG,7,C
UXG,8,C
UXG,9,C
UXG,10,C
UXG,11,C
UXG,12,C
UXG,13,N
UXG,14,C
UXG,15,C
UXG,16,C
UXG,17,O
V4M,0,C
V4M,1,C
V4M,2,C
V4M,3,C
V4M,4,C
V4M,5,C
V4M,6,C
V4M,7,C
V4M,8,O
V4M,9,N
V4M,10,C
V4M,11,C
V4M,12,C
V4M,13,C
V4M,14,C
V4M,15,C
V4M,16,C
V4M,17,C
V4M,18,N
V4M,19,C
V4M,20,O
V4M,21,C
V4M,22,C
V4M,23,C
V4M,24,C
V4M,25,O
V4M,26,N
V4M,27,C
V4M,28,O
V4M,29,F
V4M,30,F
V4M,31,Cl
V6F,0,C
V6F,1,C
V6F,2,O
V6F,3,N
V6F,4,C
V6F,5,C
V6F,6,C
V6F,7,C
V6F,8,C
V6F,9,O
V6F,10,N
V6F,11,C
V6F,12,O
V7J,0,C
V7J,1,C
V7J,2,C
V7J,3,O
V7J,4,N
V7J,5,C
V7J,6,O
V7J,7,C
V7J,8,C
V7J,9,O
V7J,10,N
VBK,0,C
VBK,1,C
VBK,2,S
VBK,3,C
VBK,4,C
VBK,5,C
VBK,6,O
VBK,7,C
VBK,8,C
VBK,9,C
VBK,10,N
VBQ,0,C
VBQ,1,C
VBQ,2,C
VBQ,3,C
VBQ,4,C
VBQ,5,C
VBQ,6,C
VBQ,7,C
VBQ,8,C
VBQ,9,C
VBQ,10,C
VBQ,11,C
VBQ,12,C
VBQ,13,O
VBQ,14,N
VBQ,15,C
VBQ,16,C
VBQ,17,O
VBQ,18,O
VBQ,19,C
VBQ,20,O
VBT,0,C
VBT,1,C
VBT,2,C
VBT,3,N
VBT,4,C
VBT,5,C
VBT,6,F
VBT,7,Cl
VBT,8,Cl
VBT,9,C
VBT,10,O
VBT,11,O
VBW,0,C
VBW,1,C
VBW,2,C
VBW,3,C
VBW,4,C
VBW,5,C
VBW,6,C
VBW,7,C
VBW,8,C
VBW,9,C
VBW,10,N
VBW,11,F
VBW,12,O
VCB,0,C
VCB,1,C
VCB,2,C
VCB,3,C
VCB,4,C
VCB,5,C
VCB,6,C
VCB,7,C
VCB,8,O
VCB,9,O
VCB,10,N
VCB,11,C
VCB,12,O
VCB,13,C
VCB,14,C
VCB,15,C
VCB,16,C
VCB,17,C
VCB,18,C
VCB,19,C
VCB,20,C
VCB,21,C
VCB,22,C
VCB,23,C
VCB,24,C
VCB,25,C
VCB,26,O
VCN,0,C
VCN,1,C
VCN,2,N
VCN,3,C
VCN,4,C
VCN,5,C
VCN,6,O
VCN,7,C
VCN,8,C
VCN,9,C
VCN,10,C
VCN,11,C
VCN,12,C
VCN,13,C
VCN,14,C
VCN,15,C
VCN,16,C
VCN,17,C
VCN,18,C
VCN,19,C
VCN,20,O
VCQ,0,C
VCQ,1,C
VCQ,2,C
VCQ,3,C
VCQ,4,C
VCQ,5,C
VCQ,6,C
VCQ,7,C
VCQ,8,C
VCQ,9,C
VCQ,10,C
VCQ,11,C
VCQ,12,C
VCQ,13,O
VCQ,14,O
VCQ,15,O
VCT,0,C
VCT,1,N
VCT,2,C
VCT,3,C
VCT,4,O
VCT,5,C
VCT,6,C
VCT,7,C
VCT,8,C
VCT,9,C
VCT,10,C
VCT,11,C
VCT,12,C
VCT,13,C
VCT,14,C
VCT,15,C
VCT,16,C
VCT,17,C
VCT,18,O
VFO,0,C
VFO,1,C
VFO,2,C
VFO,3,S
VFO,4,C
VFO,5,N
VFO,6,C
VFO,7,C
VFO,8,C
VFO,9,C
VFO,10,C
VFO,11,C
VFO,12,F
VFO,13,C
VFO,14,C
VFO,15,C
VFO,16,C
VFO,17,N
VFO,18,C
VFO,19,O
VFO,20,C
VFO,21,C
VFO,22,C
VFO,23,C
VFO,24,N
VFO,25,C
VFO,26,O
VFO,27,C
VFO,28,C
VFO,29,C
VFO,30,C
VFO,31,C
VFO,32,N
VFO,33,C
VFO,34,O
VFO,35,C
VFO,36,C
VFO,37,C
VFO,38,F
VFO,39,O
VH3,0,C
VH3,1,C
VH3,2,C
VH3,3,S
VH3,4,C
VH3,5,N
VH3,6,C
VH3,7,C
VH3,8,C
VH3,9,C
VH3,10,C
VH3,11,C
VH3,12,F
VH3,13,C
VH3,14,C
VH3,15,N
VH3,16,C
VH3,17,O
VH3,18,C
VH3,19,C
VH3,20,C
VH3,21,C
VH3,22,N
VH3,23,C
VH3,24,O
VH3,25,C
VH3,26,C
VH3,27,C
VH3,28,C
VH3,29,C
VH3,30,N
VH3,31,C
VH3,32,O
VH3,33,C
VH3,34,C
VH3,35,C
VH3,36,F
VH3,37,O
VH3,38,O
VH3,39,C
VL6,0,C
VL6,1,C
VL6,2,C
VL6,3,S
VL6,4,C
VL6,5,N
VL6,6,C
VL6,7,C
VL6,8,C
VL6,9,C
VL6,10,C
VL6,11,C
VL6,12,C
VL6,13,C
VL6,14,N
VL6,15,C
VL6,16,O
VL6,17,C
VL6,18,C
VL6,19,C
VL6,20,C
VL6,21,N
VL6,22,C
VL6,23,O
VL6,24,C
VL6,25,C
VL6,26,C
VL6,27,C
VL6,28,N
VL6,29,O
VL6,30,O
VL6,31,C
VL6,32,C
VL6,33,O
VL6,34,C
VL6,35,C
VL6,36,O
VL6,37,C
VL6,38,C
VL6,39,C
VL6,40,C
VL6,41,O
VLS,0,C
VLS,1,C
VLS,2,O
VLS,3,O
VLS,4,N
VLS,5,C
VLS,6,C
VLS,7,O
VLS,8,C
VLS,9,O
VLS,10,C
VLS,11,O
VLW,0,C
VLW,1,N
VLW,2,C
VLW,3,C
VLW,4,N
VLW,5,C
VLW,6,C
VLW,7,C
VLW,8,C
VLW,9,C
VLW,10,C
VLW,11,C
VLW,12,C
VLW,13,C
VLW,14,C
VLW,15,N
VLW,16,C
VLW,17,N
VLW,18,C
VLW,19,C
VLW,20,C
VLW,21,C
VLW,22,C
VLW,23,C
VLW,24,C
VLW,25,C
VLW,26,C
VLW,27,C
VLW,28,C
VLW,29,O
VLW,30,C
VM3,0,C
VM3,1,C
VM3,2,C
VM3,3,C
VM3,4,C
VM3,5,C
VM3,6,C
VM3,7,C
VM3,8,N
VM3,9,C
VM3,10,N
VM3,11,C
VM3,12,C
VM3,13,C
VM3,14,C
VM3,15,C
VM3,16,C
VM3,17,C
VM3,18,C
VM3,19,C
VM3,20,C
VM3,21,C
VM3,22,Cl
VM8,0,C
VM8,1,C
VM8,2,C
VM8,3,C
VM8,4,C
VM8,5,C
VM8,6,C
VM8,7,C
VM8,8,C
VM8,9,C
VM8,10,C
VM8,11,C
VM8,12,C
VM8,13,C
VM8,14,C
VM8,15,C
VM8,16,C
VM8,17,C
VM8,18,C
VM8,19,N
VM8,20,C
VM8,21,C
VM8,22,N
VMR,0,H
VMR,1,N
VMR,2,C
VMR,3,C
VMR,4,C
VMR,5,C
VMR,6,N
VMR,7,C
VMR,8,C
VMR,9,C
VMR,10,C
VMR,11,C
VMR,12,C
VMR,13,O
VMR,14,C
VMR,15,C
VMR,16,C
VMR,17,C
VMR,18,C
VMR,19,C
VMR,20,Cl
VMZ,0,C
VMZ,1,C
VMZ,2,O
VMZ,3,N
VMZ,4,C
VMZ,5,C
VMZ,6,N
VMZ,7,C
VMZ,8,C
VMZ,9,C
VMZ,10,C
VMZ,11,C
VMZ,12,C
VMZ,13,C
VMZ,14,C
VMZ,15,N
VMZ,16,C
VMZ,17,N
VMZ,18,C
VMZ,19,N
VMZ,20,C
VMZ,21,C
VMZ,22,N
VMZ,23,C
VMZ,24,C
VMZ,25,C
VMZ,26,C
VMZ,27,C
VMZ,28,C
VMZ,29,C
VMZ,30,C
VMZ,31,C
VMZ,32,C
VMZ,33,C
VMZ,34,Cl
VN5,0,C
VN5,1,N
VN5,2,C
VN5,3,C
VN5,4,N
VN5,5,C
VN5,6,C
VN5,7,C
VN5,8,C
VN5,9,C
VN5,10,C
VN5,11,C
VN5,12,C
VN5,13,N
VN5,14,C
VN5,15,N
VN5,16,C
VN5,17,N
VN5,18,C
VN5,19,C
VN5,20,N
VN5,21,C
VN5,22,C
VN5,23,C
VN5,24,C
VN5,25,C
VN5,26,C
VN5,27,C
VN5,28,C
VN5,29,C
VN5,30,O
VN5,31,C
VP9,0,C
VP9,1,O
VP9,2,C
VP9,3,C
VP9,4,C
VP9,5,C
VP9,6,C
VP9,7,C
VP9,8,C
VP9,9,O
VP9,10,N
VP9,11,C
VP9,12,O
VP9,13,C
VP9,14,C
VP9,15,C
VP9,16,C
VP9,17,O
VP9,18,N
VP9,19,C
VP9,20,O
VP9,21,N
VW4,0,C
VW4,1,C
VW4,2,C
VW4,3,S
VW4,4,O
VW4,5,O
VW4,6,N
VW4,7,C
VW4,8,C
VW4,9,C
VW4,10,C
VW4,11,C
VW4,12,C
VWV,0,C
VWV,1,C
VWV,2,O
VWV,3,C
VWV,4,O
VWV,5,C
VWV,6,N
VWV,7,C
VWV,8,C
VWV,9,S
VWV,10,O
VWV,11,O
VWV,12,C
VWV,13,C
VYQ,0,C
VYQ,1,C
VYQ,2,C
VYQ,3,C
VYQ,4,C
VYQ,5,C
VYQ,6,C
VYQ,7,C
VYQ,8,C
VYQ,9,N
VYQ,10,C
VYQ,11,O
VYQ,12,C
VYQ,13,C
VYQ,14,C
VYQ,15,C
VYQ,16,N
VYQ,17,C
VYQ,18,O
VYQ,19,C
VYQ,20,C
VYQ,21,C
VYQ,22,C
VYQ,23,C
VYQ,24,N
VYQ,25,C
VYQ,26,O
VYQ,27,C
VYQ,28,C
VYQ,29,C
VYQ,30,F
VYQ,31,O
VYQ,32,C
VYQ,33,C
VYQ,34,N
VYQ,35,C
VYQ,36,S
VYQ,37,C
VZV,0,C
VZV,1,C
VZV,2,C
VZV,3,C
VZV,4,C
VZV,5,S
VZV,6,C
VZV,7,N
VZV,8,C
VZV,9,C
VZV,10,N
VZV,11,C
VZV,12,C
VZV,13,C
VZV,14,C
VZV,15,C
VZV,16,C
VZV,17,Cl
VZV,18,C
VZV,19,C
VZV,20,C
VZV,21,C
VZV,22,C
VZV,23,C
VZV,24,C
VZV,25,Cl
VZV,26,C
VZV,27,O
VZV,28,N
VZV,29,C
VZV,30,C
VZV,31,C
VZV,32,C
VZV,33,C
VZV,34,O
VZV,35,N
VZV,36,C
VZV,37,C
VZY,0,C
VZY,1,C
VZY,2,C
VZY,3,C
VZY,4,C
VZY,5,C
VZY,6,C
VZY,7,C
VZY,8,O
VZY,9,N
VZY,10,C
VZY,11,C
VZY,12,O
VZY,13,O
W0Y,0,C
W0Y,1,N
W0Y,2,C
W0Y,3,O
W0Y,4,C
W0Y,5,C
W0Y,6,C
W0Y,7,C
W0Y,8,C
W0Y,9,C
W0Y,10,S
W0Y,11,O
W0Y,12,O
W0Y,13,N
W0Z,0,C
W0Z,1,O
W0Z,2,C
W0Z,3,C
W0Z,4,C
W0Z,5,C
W0Z,6,C
W0Z,7,C
W0Z,8,F
W0Z,9,C
W0Z,10,O
W0Z,11,N
W0Z,12,C
W0Z,13,C
W0Z,14,C
W0Z,15,C
W0Z,16,O
W0Z,17,N
W0Z,18,C
W0Z,19,O
W0Z,20,F
W0Z,21,N
W1A,0,C
W1A,1,S
W1A,2,O
W1A,3,O
W1A,4,N
W1A,5,C
W1A,6,C
W1A,7,C
W1A,8,C
W1A,9,N
W1A,10,C
W1A,11,C
W1B,0,C
W1B,1,C
W1B,2,C
W1B,3,C
W1B,4,C
W1B,5,C
W1B,6,N
W1B,7,O
W1B,8,C
W1B,9,O
W1B,10,N
W1B,11,C
W1B,12,C
W1B,13,C
W1B,14,C
W1B,15,O
W1B,16,N
W1B,17,C
W1B,18,O
W1F,0,C
W1F,1,O
W1F,2,C
W1F,3,C
W1F,4,C
W1F,5,C
W1F,6,C
W1F,7,C
W1F,8,C
W1F,9,O
W1F,10,N
W1F,11,C
W1F,12,C
W1F,13,C
W1F,14,C
W1F,15,O
W1F,16,N
W1F,17,C
W1F,18,O
W1F,19,N
W1T,0,C
W1T,1,C
W1T,2,C
W1T,3,C
W1T,4,C
W1T,5,C
W1T,6,N
W1T,7,F
W1T,8,C
W1T,9,O
W1T,10,N
W1T,11,C
W1T,12,C
W1T,13,C
W1T,14,C
W1T,15,O
W1T,16,N
W1T,17,C
W1T,18,O
W1X,0,C
W1X,1,C
W1X,2,C
W1X,3,C
W1X,4,C
W1X,5,C
W1X,6,N
W1X,7,C
W1X,8,F
W1X,9,F
W1X,10,F
W1X,11,C
W1X,12,O
W1X,13,N
W1X,14,C
W1X,15,C
W1X,16,C
W1X,17,C
W1X,18,O
W1X,19,N
W1X,20,C
W1X,21,O
W26,0,C
W26,1,C
W26,2,C
W26,3,C
W26,4,C
W26,5,C
W26,6,C
W26,7,C
W26,8,O
W26,9,N
W26,10,C
W26,11,C
W26,12,C
W26,13,C
W26,14,O
W26,15,N
W26,16,C
W26,17,O
W26,18,N
W2F,0,C
W2F,1,C
W2F,2,C
W2F,3,C
W2F,4,C
W2F,5,C
W2F,6,N
W2F,7,Cl
W2F,8,C
W2F,9,O
W2F,10,N
W2F,11,C
W2F,12,C
W2F,13,C
W2F,14,C
W2F,15,O
W2F,16,N
W2F,17,C
W2F,18,O
WBN,0,C
WBN,1,C
WBN,2,C
WBN,3,S
WBN,4,C
WBN,5,N
WBN,6,C
WBN,7,C
WBN,8,C
WBN,9,C
WBN,10,C
WBN,11,C
WBN,12,C
WBN,13,N
WBN,14,C
WBN,15,O
WBN,16,C
WBN,17,C
WBN,18,C
WBN,19,C
WBN,20,N
WBN,21,C
WBN,22,O
WBN,23,C
WBN,24,C
WBN,25,C
WBN,26,C
WBN,27,C
WBN,28,N
WBN,29,O
WGM,0,C
WGM,1,C
WGM,2,C
WGM,3,N
WGM,4,C
WGM,5,C
WGM,6,O
WGM,7,C
WGM,8,C
WGM,9,C
WGM,10,C
WGM,11,C
WGM,12,N
WGM,13,F
WGM,14,C
WHP,0,C
WHP,1,C
WHP,2,C
WHP,3,C
WHP,4,C
WHP,5,C
WHP,6,C
WHP,7,C
WHP,8,Cl
WHP,9,N
WHP,10,S
WHP,11,O
WHP,12,O
WHP,13,C
WJA,0,C
WJA,1,C
WJA,2,C
WJA,3,C
WJA,4,N
WJA,5,O
WJA,6,C
WJA,7,S
WJA,8,O
WJA,9,O
WJA,10,N
WJA,11,C
WKG,0,C
WKG,1,C
WKG,2,O
WKG,3,N
WKG,4,C
WKG,5,C
WKG,6,C
WKG,7,C
WKG,8,C
WKG,9,C
WKG,10,C
WKG,11,C
WKG,12,C
WKG,13,C
WKG,14,C
WKS,0,C
WKS,1,C
WKS,2,C
WKS,3,C
WKS,4,N
WKS,5,C
WKS,6,N
WKS,7,C
WKS,8,N
WKS,9,C
WKS,10,C
WKS,11,N
WKS,12,C
WKS,13,C
WNY,0,C
WNY,1,C
WNY,2,O
WNY,3,N
WNY,4,C
WNY,5,C
WNY,6,N
WNY,7,C
WNY,8,C
WNY,9,C
WNY,10,C
WNY,11,C
WNY,12,C
WNY,13,C
WNY,14,C
WNY,15,Cl
WW8,0,C
WW8,1,N
WW8,2,C
WW8,3,C
WW8,4,C
WW8,5,N
WW8,6,C
WW8,7,C
WW8,8,C
WW8,9,C
WW8,10,C
WW8,11,N
WW8,12,C
WW8,13,C
WW8,14,O
WW8,15,C
WW8,16,C
WW8,17,C
WW8,18,C
WW8,19,C
WW8,20,C
WW8,21,C
WW8,22,C
WW8,23,N
WW8,24,Cl
WW8,25,C
WW8,26,C
WW8,27,N
WW8,28,C
WW8,29,N
WW8,30,C
WW8,31,C
WW8,32,C
WW8,33,C
WW8,34,C
WW8,35,C
WW8,36,C
WW8,37,Cl
WW8,38,C
WW8,39,C
WW8,40,C
WW8,41,C
WW8,42,C
WW8,43,C
X1J,0,C
X1J,1,C
X1J,2,O
X1J,3,N
X1J,4,C
X1J,5,C
X1J,6,C
X1J,7,C
X1J,8,C
X1J,9,C
X1J,10,C
X1J,11,C
X1J,12,N
X23,0,C
X23,1,C
X23,2,C
X23,3,C
X23,4,O
X23,5,N
X23,6,C
X23,7,C
X23,8,C
X23,9,C
X23,10,C
X23,11,C
X23,12,C
X23,13,C
X23,14,N
X23,15,C
X23,16,O
X23,17,C
X23,18,O
X23,19,N
X23,20,C
X23,21,C
X23,22,C
X23,23,C
X23,24,C
X23,25,C
X23,26,C
X23,27,C
X23,28,C
X23,29,C
X23,30,C
X23,31,C
X23,32,C
X23,33,C
X23,34,N
X23,35,N
X6C,0,C
X6C,1,C
X6C,2,O
X6C,3,N
X6C,4,C
X6C,5,C
X6C,6,C
X6C,7,C
X6C,8,C
X6C,9,O
X6C,10,N
X6C,11,C
X6C,12,C
X6C,13,C
X6C,14,C
X6C,15,C
X6C,16,C
X6C,17,C
X6C,18,C
X6C,19,C
X6C,20,N
X6C,21,C
X6C,22,O
X6C,23,O
XJI,0,C
XJI,1,C
XJI,2,C
XJI,3,C
XJI,4,C
XJI,5,C
XJI,6,C
XJI,7,C
XJI,8,C
XJI,9,O
XJI,10,N
XJI,11,N
XJI,12,C
XJI,13,O
XJI,14,C
XJI,15,C
XJI,16,N
XJI,17,N
XJI,18,C
XJI,19,C
XJI,20,C
XJI,21,C
XJI,22,C
XJI,23,C
XJI,24,C
XJI,25,F
XJI,26,Cl
XJI,27,Cl
XJI,28,F
XMS,0,C
XMS,1,N
XMS,2,C
XMS,3,C
XMS,4,C
XMS,5,C
XMS,6,C
XMS,7,C
XMS,8,N
XMS,9,N
XMS,10,C
XMS,11,C
XMS,12,C
XMS,13,O
XMS,14,O
XMS,15,C
XMS,16,C
XMS,17,C
XMS,18,C
XMS,19,C
XMS,20,C
XMS,21,Cl
XXT,0,C
XXT,1,C
XXT,2,C
XXT,3,C
XXT,4,C
XXT,5,C
XXT,6,C
XXT,7,C
XXT,8,C
XXT,9,C
XXT,10,C
XXT,11,O
XXT,12,O
XXT,13,C
XXT,14,O
XXT,15,C
XXT,16,C
XXT,17,O
XXT,18,C
XXT,19,O
XXT,20,C
XXT,21,C
XXT,22,C
XXT,23,C
XXT,24,O
XXT,25,O
XYP,0,C
XYP,1,C
XYP,2,C
XYP,3,C
XYP,4,C
XYP,5,O
XYP,6,O
XYP,7,O
XYP,8,O
XYP,9,O
XYY,0,C
XYY,1,N
XYY,2,C
XYY,3,C
XYY,4,C
XYY,5,C
XYY,6,C
XYY,7,C
XYY,8,N
XYY,9,N
XYY,10,C
XYY,11,C
XYY,12,C
XYY,13,O
XYY,14,O
XYY,15,C
XYY,16,C
XYY,17,C
XYY,18,C
XYY,19,C
XYY,20,C
XYY,21,C
XYY,22,N
XYY,23,C
XYY,24,S
XYY,25,O
XYY,26,O
XYY,27,C
XYY,28,Cl
Y30,0,C
Y30,1,C
Y30,2,C
Y30,3,C
Y30,4,N
Y30,5,C
Y30,6,O
Y30,7,C
Y30,8,C
Y30,9,C
Y30,10,C
Y30,11,C
Y30,12,C
Y30,13,C
Y30,14,C
Y30,15,N
Y30,16,C
Y30,17,C
Y30,18,O
Y30,19,O
Y30,20,Cl
Y30,21,N
Y30,22,C
Y30,23,C
Y30,24,C
Y30,25,C
Y30,26,C
Y30,27,C
Y30,28,C
Y30,29,O
Y30,30,C
Y30,31,C
Y30,32,C
Y30,33,C
Y30,34,C
Y30,35,C
Y30,36,C
Y30,37,Cl
Y30,38,C
Y30,39,O
YIN,0,C
YIN,1,C
YIN,2,C
YIN,3,C
YIN,4,C
YIN,5,C
YIN,6,C
YIN,7,C
YIN,8,C
YIN,9,N
YIN,10,C
YIN,11,N
YIN,12,N
YIN,13,C
YIN,14,N
YIN,15,C
YIN,16,C
YIN,17,C
YIN,18,C
YIN,19,C
YIN,20,C
YIN,21,Br
YIN,22,C
YIN,23,O
YIN,24,C
YIN,25,C
YIN,26,C
YIN,27,C
YIN,28,C
YIN,29,C
YIN,30,Br
YK3,0,C
YK3,1,C
YK3,2,S
YK3,3,O
YK3,4,O
YK3,5,N
YK3,6,C
YK3,7,C
YK3,8,C
YK3,9,C
YK3,10,C
YK3,11,C
YK3,12,C
YK3,13,N
YK3,14,C
YK3,15,C
YK3,16,N
YK3,17,N
YK3,18,C
YK3,19,N
YK3,20,C
YK3,21,C
YK3,22,C
YK3,23,C
YK3,24,S
YK3,25,C
YK3,26,C
YK3,27,C
YK3,28,C
YK3,29,C
YK3,30,O
YK3,31,O
YK3,32,C
YK3,33,C
YK3,34,C
YK3,35,C
YOT,0,C
YOT,1,C
YOT,2,C
YOT,3,C
YOT,4,C
YOT,5,C
YOT,6,C
YOT,7,N
YOT,8,O
YOT,9,N
YOT,10,C
YOT,11,C
YOT,12,C
YOT,13,C
YOT,14,C
YOT,15,C
YOT,16,C
YOT,17,N
YOT,18,C
YOT,19,O
YOT,20,C
YOT,21,C
YOT,22,C
YOT,23,C
YOT,24,O
YOT,25,N
YOT,26,C
YOT,27,O
YQO,0,C
YQO,1,C
YQO,2,C
YQO,3,C
YQO,4,C
YQO,5,C
YQO,6,Cl
YQO,7,Cl
YQO,8,C
YQO,9,N
YQO,10,O
YQO,11,C
YQO,12,C
YQO,13,C
YQO,14,C
YQO,15,C
YQO,16,O
YQO,17,N
YQO,18,C
YQO,19,O
ZQA,0,C
ZQA,1,C
ZQA,2,C
ZQA,3,C
ZQA,4,S
ZQA,5,C
ZQA,6,N
ZQA,7,C
ZQA,8,C
ZQA,9,N
ZQA,10,C
ZQA,11,N
ZTD,0,C
ZTD,1,C
ZTD,2,C
ZTD,3,C
ZTD,4,O
ZTD,5,N
ZTD,6,C
ZTD,7,C
ZTD,8,O
ZTD,9,N
ZTD,10,C
ZTD,11,C
ZTD,12,C
ZTD,13,C
ZTD,14,C
ZTD,15,O
ZTD,16,N
ZTD,17,C
ZTD,18,C
ZTD,19,C
ZTD,20,C
ZTD,21,C
ZTD,22,C
ZTD,23,C
ZTD,24,C
ZTD,25,O
ZTD,26,O
ZTD,27,C
ZTD,28,O
ZTQ,0,C
ZTQ,1,C
ZTQ,2,C
ZTQ,3,O
ZTQ,4,O
ZTQ,5,O
ZTQ,6,C
ZTQ,7,C
ZTQ,8,C
ZTQ,9,C
ZTQ,10,C
ZTQ,11,C
ZTQ,12,C
ZTQ,13,C
ZTQ,14,C
ZTQ,15,C
ZTQ,16,C
ZTQ,17,C
ZUN,0,C
ZUN,1,C
ZUN,2,C
ZUN,3,C
ZUN,4,O
ZUN,5,N
ZUN,6,C
ZUN,7,C
ZUN,8,O
ZUN,9,N
ZUN,10,C
ZUN,11,C
ZUN,12,C
ZUN,13,C
ZUN,14,C
ZUN,15,O
ZUN,16,N
ZUN,17,C
ZUN,18,C
ZUN,19,C
ZUN,20,C
ZUN,21,C
ZUN,22,C
ZUN,23,C
ZUN,24,N
ZUN,25,O
ZUN,26,O
ZUN,27,O
