RECRUITER_CODE,smiles_atom_index,smile_atom
L00001,0,B
L00001,1,O
L00001,2,C
L00001,3,C
L00001,4,C
L00001,5,O
L00001,6,C
L00001,7,O
L00001,8,C
L00001,9,O
L00001,10,O
L00001,11,O
L00002,0,C
L00002,1,C
L00002,2,N
L00002,3,C
L00002,4,N
L00002,5,C
L00002,6,C
L00002,7,C
L00002,8,O
L00002,9,O
L00002,10,N
L00002,11,C
L00002,12,O
L00002,13,C
L00002,14,C
L00002,15,C
L00002,16,C
L00002,17,C
L00003,0,C
L00003,1,C
L00003,2,C
L00003,3,C
L00003,4,C
L00003,5,C
L00003,6,C
L00003,7,O
L00003,8,N
L00003,9,C
L00003,10,O
L00003,11,C
L00003,12,C
L00003,13,C
L00003,14,C
L00003,15,O
L00003,16,N
L00003,17,C
L00003,18,O
L00004,0,C
L00004,1,C
L00004,2,N
L00004,3,N
L00004,4,N
L00004,5,C
L00004,6,C
L00004,7,N
L00004,8,N
L00004,9,C
L00004,10,O
L00004,11,C
L00004,12,C
L00004,13,C
L00004,14,N
L00004,15,C
L00004,16,N
L00004,17,N
L00004,18,C
L00004,19,C
L00004,20,O
L00004,21,C
L00004,22,C
L00005,0,C
L00005,1,C
L00005,2,C
L00005,3,N
L00005,4,C
L00005,5,C
L00005,6,C
L00005,7,C
L00005,8,C
L00005,9,C
L00005,10,C
L00005,11,C
L00005,12,C
L00005,13,O
L00005,14,N
L00005,15,S
L00005,16,O
L00005,17,O
L00005,18,C
L00005,19,C
L00005,20,C
L00005,21,C
L00005,22,C
L00005,23,C
L00005,24,C
L00005,25,Cl
L00005,26,C
L00006,0,C
L00006,1,C
L00006,2,C
L00006,3,C
L00006,4,C
L00006,5,C
L00006,6,N
L00006,7,C
L00006,8,O
L00006,9,N
L00006,10,C
L00006,11,O
L00006,12,C
L00006,13,C
L00006,14,C
L00006,15,C
L00006,16,O
L00006,17,N
L00006,18,C
L00006,19,O
L00007,0,H
L00007,1,N
L00007,2,C
L00007,3,N
L00007,4,C
L00007,5,C
L00007,6,C
L00007,7,C
L00007,8,C
L00007,9,O
L00007,10,N
L00007,11,C
L00007,12,C
L00007,13,C
L00007,14,C
L00007,15,C
L00007,16,C
L00007,17,C
L00007,18,C
L00007,19,C
L00007,20,C
L00007,21,C
L00007,22,C
L00007,23,C
L00007,24,C
L00007,25,N
L00007,26,C
L00007,27,O
L00007,28,C
L00007,29,N
L00007,30,N
L00007,31,N
L00007,32,N
L00007,33,C
L00007,34,O
L00007,35,N
L00007,36,C
L00008,0,C
L00008,1,C
L00008,2,C
L00008,3,O
L00008,4,C
L00008,5,C
L00008,6,C
L00008,7,C
L00008,8,C
L00008,9,C
L00008,10,C
L00008,11,N
L00008,12,C
L00008,13,C
L00008,14,N
L00008,15,C
L00008,16,O
L00008,17,N
L00008,18,C
L00008,19,C
L00008,20,N
L00008,21,C
L00008,22,O
L00008,23,C
L00008,24,C
L00008,25,C
L00008,26,C
L00008,27,C
L00008,28,C
L00008,29,C
L00008,30,Cl
L00008,31,C
L00008,32,C
L00008,33,C
L00008,34,C
L00008,35,C
L00008,36,C
L00008,37,Cl
L00008,38,O
L00008,39,C
L00009,0,C
L00009,1,C
L00009,2,C
L00009,3,C
L00009,4,C
L00009,5,C
L00009,6,C
L00009,7,C
L00009,8,C
L00009,9,C
L00009,10,O
L00009,11,O
L00009,12,N
L00010,0,C
L00010,1,C
L00010,2,C
L00010,3,O
L00010,4,C
L00010,5,N
L00010,6,C
L00010,7,C
L00010,8,C
L00010,9,N
L00010,10,C
L00010,11,O
L00010,12,N
L00010,13,C
L00010,14,O
L00010,15,P
L00010,16,O
L00010,17,O
L00010,18,O
L00010,19,P
L00010,20,O
L00010,21,O
L00010,22,O
L00010,23,P
L00010,24,O
L00010,25,O
L00010,26,O
L00010,27,O
L00011,0,C
L00011,1,C
L00011,2,C
L00011,3,C
L00011,4,C
L00011,5,C
L00011,6,N
L00011,7,C
L00011,8,N
L00011,9,C
L00011,10,O
L00011,11,C
L00011,12,C
L00011,13,C
L00011,14,C
L00011,15,O
L00011,16,N
L00011,17,C
L00011,18,O
L00012,0,C
L00012,1,C
L00012,2,C
L00012,3,C
L00012,4,C
L00012,5,C
L00012,6,O
L00012,7,C
L00012,8,C
L00012,9,C
L00012,10,C
L00012,11,C
L00012,12,C
L00012,13,C
L00012,14,C
L00012,15,N
L00012,16,C
L00012,17,C
L00012,18,N
L00012,19,C
L00012,20,C
L00012,21,C
L00012,22,C
L00012,23,C
L00012,24,C
L00012,25,C
L00012,26,C
L00012,27,F
L00012,28,C
L00012,29,N
L00012,30,C
L00012,31,N
L00012,32,C
L00012,33,O
L00012,34,C
L00012,35,C
L00012,36,C
L00012,37,C
L00012,38,O
L00012,39,N
L00012,40,C
L00012,41,O
L00013,0,C
L00013,1,C
L00013,2,C
L00013,3,C
L00013,4,C
L00013,5,C
L00013,6,C
L00013,7,C
L00013,8,C
L00013,9,N
L00013,10,C
L00013,11,C
L00013,12,N
L00013,13,C
L00014,0,C
L00014,1,C
L00014,2,C
L00014,3,C
L00014,4,C
L00014,5,C
L00014,6,Cl
L00014,7,N
L00014,8,C
L00014,9,C
L00014,10,C
L00014,11,C
L00014,12,C
L00014,13,O
L00014,14,O
L00014,15,N
L00015,0,C
L00015,1,C
L00015,2,C
L00015,3,O
L00015,4,C
L00015,5,N
L00015,6,C
L00015,7,C
L00015,8,C
L00015,9,O
L00015,10,N
L00015,11,C
L00015,12,N
L00015,13,N
L00015,14,N
L00015,15,C
L00015,16,O
L00015,17,C
L00015,18,O
L00015,19,P
L00015,20,O
L00015,21,O
L00015,22,O
L00015,23,O
L00016,0,C
L00016,1,C
L00016,2,C
L00016,3,C
L00016,4,C
L00016,5,C
L00016,6,O
L00016,7,C
L00016,8,C
L00016,9,C
L00016,10,C
L00016,11,C
L00016,12,C
L00016,13,C
L00016,14,C
L00016,15,N
L00016,16,C
L00016,17,C
L00016,18,O
L00016,19,C
L00016,20,C
L00016,21,C
L00016,22,N
L00016,23,C
L00016,24,O
L00016,25,C
L00016,26,C
L00016,27,C
L00016,28,C
L00016,29,O
L00016,30,N
L00016,31,C
L00016,32,O
L00017,0,C
L00017,1,C
L00017,2,C
L00017,3,C
L00017,4,C
L00017,5,C
L00017,6,C
L00017,7,C
L00017,8,C
L00017,9,N
L00017,10,C
L00017,11,C
L00017,12,C
L00017,13,C
L00017,14,N
L00017,15,C
L00017,16,C
L00017,17,C
L00017,18,C
L00017,19,C
L00017,20,C
L00017,21,C
L00017,22,C
L00017,23,C
L00017,24,C
L00017,25,N
L00017,26,C
L00017,27,C
L00017,28,C
L00017,29,C
L00017,30,C
L00017,31,C
L00017,32,C
L00017,33,C
L00017,34,C
L00017,35,O
L00017,36,N
L00018,0,C
L00018,1,N
L00018,2,C
L00018,3,C
L00018,4,N
L00018,5,C
L00018,6,C
L00018,7,C
L00018,8,C
L00018,9,O
L00018,10,C
L00018,11,O
L00018,12,P
L00018,13,O
L00018,14,O
L00018,15,O
L00018,16,P
L00018,17,O
L00018,18,O
L00018,19,O
L00018,20,P
L00018,21,O
L00018,22,O
L00018,23,O
L00018,24,O
L00018,25,N
L00018,26,C
L00018,27,N
L00018,28,C
L00018,29,O
L00018,30,N
L00019,0,C
L00019,1,N
L00019,2,C
L00019,3,C
L00019,4,C
L00019,5,N
L00019,6,N
L00019,7,C
L00019,8,N
L00019,9,C
L00019,10,C
L00019,11,C
L00019,12,C
L00019,13,O
L00019,14,C
L00019,15,O
L00019,16,P
L00019,17,O
L00019,18,O
L00019,19,O
L00019,20,P
L00019,21,O
L00019,22,O
L00019,23,O
L00019,24,P
L00019,25,O
L00019,26,O
L00019,27,O
L00019,28,O
L00019,29,N
L00020,0,C
L00020,1,C
L00020,2,O
L00020,3,C
L00020,4,C
L00020,5,O
L00020,6,C
L00020,7,O
L00020,8,P
L00020,9,O
L00020,10,O
L00020,11,O
L00021,0,C
L00021,1,C
L00021,2,C
L00021,3,S
L00021,4,C
L00021,5,N
L00021,6,C
L00021,7,C
L00021,8,C
L00021,9,C
L00021,10,C
L00021,11,C
L00021,12,C
L00021,13,N
L00021,14,C
L00021,15,O
L00021,16,C
L00021,17,C
L00021,18,C
L00021,19,C
L00021,20,N
L00021,21,C
L00021,22,O
L00021,23,C
L00021,24,C
L00021,25,C
L00021,26,C
L00021,27,C
L00021,28,N
L00021,29,C
L00021,30,O
L00021,31,C
L00021,32,O
L00022,0,C
L00022,1,C
L00022,2,C
L00022,3,C
L00022,4,C
L00022,5,N
L00022,6,C
L00022,7,C
L00022,8,C
L00022,9,N
L00022,10,S
L00022,11,O
L00022,12,O
L00022,13,C
L00022,14,C
L00022,15,C
L00022,16,C
L00022,17,C
L00022,18,C
L00022,19,S
L00022,20,O
L00022,21,O
L00022,22,N
L00022,23,Cl
L00023,0,C
L00023,1,O
L00023,2,C
L00023,3,C
L00023,4,C
L00023,5,C
L00023,6,C
L00023,7,C
L00023,8,S
L00023,9,O
L00023,10,O
L00023,11,N
L00023,12,C
L00023,13,C
L00023,14,O
L00023,15,N
L00023,16,C
L00023,17,C
L00023,18,C
L00023,19,C
L00023,20,C
L00023,21,C
L00023,22,C
L00023,23,C
L00023,24,C
L00023,25,C
L00023,26,N
L00023,27,C
L00023,28,C
L00023,29,O
L00023,30,N
L00023,31,S
L00023,32,O
L00023,33,O
L00023,34,C
L00023,35,C
L00023,36,C
L00023,37,C
L00023,38,C
L00023,39,C
L00023,40,N
L00024,0,C
L00024,1,C
L00024,2,O
L00024,3,C
L00024,4,C
L00024,5,O
L00024,6,C
L00024,7,C
L00024,8,O
L00024,9,O
L00025,0,C
L00025,1,C
L00025,2,C
L00025,3,C
L00025,4,C
L00025,5,C
L00025,6,C
L00025,7,C
L00025,8,C
L00025,9,O
L00025,10,O
L00025,11,N
L00025,12,C
L00025,13,P
L00025,14,O
L00025,15,O
L00025,16,O
L00026,0,C
L00026,1,C
L00026,2,C
L00026,3,C
L00026,4,C
L00026,5,C
L00026,6,C
L00026,7,N
L00026,8,C
L00026,9,C
L00026,10,C
L00026,11,C
L00026,12,C
L00026,13,O
L00026,14,N
L00026,15,C
L00026,16,O
L00026,17,N
L00026,18,C
L00026,19,C
L00026,20,C
L00026,21,C
L00026,22,C
L00026,23,C
L00026,24,C
L00026,25,F
L00026,26,F
L00026,27,Cl
L00027,0,C
L00027,1,C
L00027,2,C
L00027,3,O
L00027,4,C
L00027,5,N
L00027,6,C
L00027,7,C
L00027,8,C
L00027,9,N
L00027,10,C
L00027,11,O
L00027,12,N
L00027,13,C
L00027,14,O
L00027,15,P
L00027,16,O
L00027,17,N
L00027,18,P
L00027,19,O
L00027,20,O
L00027,21,O
L00027,22,P
L00027,23,O
L00027,24,O
L00027,25,O
L00027,26,O
L00027,27,O
L00028,0,C
L00028,1,C
L00028,2,O
L00028,3,C
L00028,4,C
L00028,5,C
L00028,6,C
L00028,7,N
L00028,8,C
L00028,9,C
L00028,10,N
L00028,11,C
L00028,12,C
L00028,13,O
L00028,14,N
L00028,15,C
L00028,16,C
L00028,17,C
L00028,18,O
L00028,19,C
L00028,20,C
L00028,21,C
L00028,22,C
L00028,23,C
L00028,24,C
L00028,25,C
L00028,26,O
L00028,27,C
L00028,28,C
L00028,29,C
L00028,30,C
L00028,31,C
L00028,32,C
L00028,33,C
L00028,34,F
L00028,35,F
L00028,36,N
L00028,37,C
L00028,38,O
L00028,39,C
L00028,40,C
L00028,41,N
L00028,42,C
L00029,0,C
L00029,1,N
L00029,2,C
L00029,3,C
L00029,4,N
L00029,5,C
L00029,6,C
L00029,7,C
L00029,8,C
L00029,9,O
L00029,10,C
L00029,11,O
L00029,12,P
L00029,13,O
L00029,14,O
L00029,15,O
L00029,16,O
L00029,17,O
L00029,18,N
L00029,19,C
L00029,20,N
L00029,21,C
L00029,22,O
L00029,23,N
L00030,0,C
L00030,1,C
L00030,2,C
L00030,3,C
L00030,4,C
L00030,5,C
L00030,6,C
L00030,7,N
L00030,8,C
L00030,9,N
L00030,10,C
L00030,11,C
L00030,12,C
L00030,13,C
L00030,14,C
L00030,15,C
L00030,16,C
L00030,17,C
L00030,18,C
L00030,19,N
L00030,20,C
L00030,21,C
L00030,22,O
L00030,23,O
L00030,24,C
L00030,25,C
L00030,26,C
L00030,27,C
L00030,28,C
L00030,29,C
L00030,30,N
L00030,31,C
L00030,32,O
L00030,33,C
L00030,34,C
L00030,35,C
L00030,36,O
L00030,37,O
L00030,38,Cl
L00030,39,C
L00030,40,C
L00030,41,C
L00030,42,C
L00030,43,C
L00030,44,C
L00030,45,F
L00030,46,Cl
L00031,0,C
L00031,1,C
L00031,2,C
L00031,3,N
L00031,4,C
L00031,5,C
L00031,6,N
L00031,7,C
L00031,8,N
L00031,9,C
L00031,10,C
L00031,11,O
L00031,12,C
L00031,13,C
L00031,14,C
L00031,15,C
L00031,16,C
L00031,17,O
L00031,18,N
L00031,19,C
L00031,20,C
L00031,21,C
L00031,22,C
L00031,23,C
L00031,24,C
L00031,25,C
L00031,26,N
L00031,27,C
L00031,28,C
L00031,29,C
L00031,30,C
L00031,31,C
L00031,32,C
L00031,33,C
L00031,34,F
L00031,35,C
L00031,36,C
L00032,0,C
L00032,1,C
L00032,2,C
L00032,3,C
L00032,4,C
L00032,5,C
L00032,6,C
L00032,7,Cl
L00032,8,N
L00032,9,C
L00032,10,O
L00032,11,N
L00032,12,C
L00032,13,C
L00032,14,C
L00032,15,C
L00032,16,C
L00032,17,C
L00032,18,C
L00032,19,C
L00032,20,N
L00032,21,C
L00032,22,O
L00032,23,C
L00032,24,C
L00032,25,C
L00032,26,C
L00032,27,O
L00032,28,N
L00032,29,C
L00032,30,O
L00033,0,C
L00033,1,C
L00033,2,C
L00033,3,N
L00033,4,C
L00033,5,S
L00033,6,C
L00033,7,C
L00033,8,C
L00033,9,O
L00033,10,O
L00033,11,N
L00034,0,B
L00034,1,C
L00034,2,N
L00034,3,S
L00034,4,O
L00034,5,O
L00034,6,C
L00034,7,C
L00034,8,C
L00034,9,C
L00034,10,C
L00034,11,C
L00034,12,C
L00034,13,C
L00034,14,O
L00034,15,O
L00034,16,O
L00034,17,O
L00034,18,P
L00034,19,O
L00034,20,O
L00034,21,O
L00035,0,C
L00035,1,C
L00035,2,C
L00035,3,C
L00035,4,C
L00035,5,C
L00035,6,C
L00035,7,C
L00035,8,C
L00035,9,C
L00035,10,C
L00035,11,C
L00035,12,C
L00035,13,C
L00035,14,C
L00035,15,C
L00035,16,N
L00035,17,C
L00035,18,N
L00035,19,C
L00035,20,C
L00035,21,N
L00035,22,C
L00035,23,C
L00035,24,C
L00035,25,C
L00035,26,O
L00035,27,C
L00035,28,O
L00035,29,P
L00035,30,O
L00035,31,O
L00035,32,O
L00035,33,O
L00035,34,N
L00035,35,C
L00035,36,N
L00035,37,C
L00035,38,O
L00035,39,N
L00036,0,C
L00036,1,C
L00036,2,N
L00036,3,C
L00036,4,N
L00036,5,C
L00036,6,C
L00036,7,C
L00036,8,N
L00036,9,N
L00036,10,C
L00036,11,N
L00036,12,C
L00036,13,C
L00036,14,C
L00036,15,C
L00036,16,O
L00036,17,C
L00036,18,O
L00036,19,P
L00036,20,O
L00036,21,O
L00036,22,O
L00036,23,O
L00037,0,C
L00037,1,C
L00037,2,C
L00037,3,N
L00037,4,C
L00037,5,C
L00037,6,C
L00037,7,C
L00037,8,C
L00037,9,C
L00037,10,C
L00037,11,C
L00037,12,O
L00038,0,C
L00038,1,C
L00038,2,C
L00038,3,C
L00038,4,C
L00038,5,C
L00038,6,O
L00038,7,C
L00038,8,C
L00038,9,O
L00038,10,O
L00038,11,C
L00038,12,N
L00038,13,C
L00038,14,O
L00038,15,N
L00038,16,C
L00038,17,N
L00038,18,N
L00038,19,C
L00038,20,O
L00038,21,C
L00038,22,C
L00038,23,C
L00038,24,C
L00038,25,O
L00039,0,C
L00039,1,C
L00039,2,C
L00039,3,C
L00039,4,C
L00039,5,C
L00039,6,N
L00039,7,N
L00039,8,C
L00039,9,C
L00039,10,N
L00039,11,C
L00039,12,N
L00039,13,C
L00039,14,O
L00039,15,C
L00039,16,N
L00039,17,C
L00039,18,C
L00039,19,C
L00039,20,O
L00039,21,N
L00039,22,C
L00039,23,C
L00039,24,C
L00039,25,C
L00039,26,C
L00039,27,C
L00039,28,C
L00039,29,C
L00039,30,N
L00039,31,C
L00039,32,C
L00039,33,C
L00039,34,C
L00039,35,N
L00039,36,C
L00039,37,O
L00039,38,Cl
L00040,0,C
L00040,1,C
L00040,2,C
L00040,3,C
L00040,4,C
L00040,5,N
L00040,6,C
L00040,7,N
L00040,8,N
L00040,9,C
L00040,10,C
L00040,11,C
L00040,12,O
L00040,13,O
L00040,14,C
L00040,15,C
L00040,16,C
L00040,17,C
L00041,0,C
L00041,1,C
L00041,2,C
L00041,3,C
L00041,4,C
L00041,5,C
L00041,6,C
L00041,7,C
L00041,8,C
L00041,9,F
L00041,10,C
L00041,11,N
L00041,12,C
L00041,13,O
L00041,14,C
L00041,15,C
L00041,16,C
L00041,17,C
L00041,18,C
L00041,19,C
L00041,20,C
L00041,21,C
L00041,22,O
L00041,23,P
L00041,24,O
L00041,25,O
L00041,26,O
L00041,27,N
L00041,28,C
L00041,29,O
L00041,30,C
L00041,31,C
L00041,32,C
L00041,33,C
L00041,34,C
L00041,35,C
L00041,36,C
L00041,37,F
L00042,0,C
L00042,1,C
L00042,2,C
L00042,3,C
L00042,4,C
L00042,5,C
L00042,6,C
L00042,7,C
L00042,8,N
L00042,9,C
L00042,10,N
L00042,11,C
L00042,12,C
L00042,13,C
L00042,14,C
L00042,15,C
L00042,16,C
L00042,17,C
L00042,18,C
L00042,19,F
L00043,0,C
L00043,1,C
L00043,2,C
L00043,3,C
L00043,4,C
L00043,5,C
L00043,6,C
L00043,7,N
L00043,8,C
L00043,9,C
L00043,10,C
L00043,11,C
L00043,12,C
L00043,13,C
L00043,14,C
L00043,15,C
L00043,16,C
L00043,17,C
L00043,18,C
L00043,19,C
L00043,20,N
L00043,21,C
L00043,22,O
L00043,23,C
L00043,24,C
L00043,25,C
L00043,26,C
L00043,27,O
L00043,28,N
L00043,29,C
L00043,30,O
L00044,0,C
L00044,1,C
L00044,2,C
L00044,3,C
L00044,4,S
L00044,5,C
L00044,6,N
L00044,7,C
L00044,8,N
L00044,9,O
L00044,10,C
L00044,11,N
L00044,12,C
L00044,13,C
L00044,14,C
L00044,15,C
L00044,16,C
L00044,17,O
L00044,18,O
L00044,19,O
L00045,0,C
L00045,1,C
L00045,2,C
L00045,3,C
L00045,4,C
L00045,5,C
L00045,6,N
L00045,7,C
L00045,8,C
L00045,9,O
L00045,10,C
L00045,11,C
L00045,12,C
L00045,13,O
L00045,14,N
L00045,15,C
L00045,16,O
L00045,17,C
L00045,18,C
L00045,19,C
L00045,20,C
L00045,21,O
L00045,22,N
L00045,23,C
L00045,24,O
L00046,0,C
L00046,1,C
L00046,2,O
L00046,3,C
L00046,4,C
L00046,5,N
L00046,6,C
L00046,7,C
L00046,8,C
L00046,9,S
L00046,10,O
L00046,11,O
L00046,12,O
L00047,0,C
L00047,1,C
L00047,2,C
L00047,3,C
L00047,4,C
L00047,5,C
L00047,6,C
L00047,7,C
L00047,8,C
L00047,9,N
L00047,10,C
L00047,11,N
L00047,12,N
L00047,13,S
L00047,14,O
L00047,15,O
L00047,16,C
L00047,17,C
L00047,18,C
L00047,19,C
L00047,20,C
L00047,21,C
L00047,22,C
L00047,23,N
L00048,0,C
L00048,1,O
L00048,2,C
L00048,3,C
L00048,4,C
L00048,5,C
L00048,6,C
L00048,7,C
L00048,8,S
L00048,9,O
L00048,10,O
L00048,11,N
L00048,12,C
L00048,13,C
L00048,14,C
L00048,15,C
L00048,16,C
L00048,17,C
L00048,18,C
L00048,19,C
L00048,20,C
L00048,21,C
L00048,22,N
L00048,23,C
L00048,24,C
L00048,25,O
L00048,26,O
L00048,27,S
L00048,28,O
L00048,29,O
L00048,30,C
L00048,31,C
L00048,32,C
L00048,33,C
L00048,34,C
L00048,35,C
L00048,36,O
L00048,37,C
L00049,0,C
L00049,1,C
L00049,2,N
L00049,3,C
L00049,4,N
L00049,5,Re
L00049,6,C
L00049,7,O
L00049,8,C
L00049,9,O
L00049,10,C
L00049,11,O
L00049,12,O
L00050,0,C
L00050,1,C
L00050,2,N
L00050,3,C
L00050,4,C
L00050,5,C
L00050,6,C
L00050,7,C
L00050,8,C
L00050,9,C
L00050,10,C
L00050,11,C
L00050,12,N
L00050,13,C
L00050,14,Re
L00050,15,C
L00050,16,O
L00050,17,C
L00050,18,O
L00050,19,C
L00050,20,O
L00051,0,C
L00051,1,C
L00051,2,C
L00051,3,C
L00051,4,C
L00051,5,C
L00051,6,C
L00051,7,Cl
L00051,8,N
L00051,9,C
L00051,10,O
L00051,11,C
L00051,12,C
L00051,13,C
L00051,14,C
L00051,15,C
L00051,16,C
L00051,17,C
L00051,18,C
L00051,19,N
L00051,20,C
L00051,21,C
L00051,22,C
L00051,23,O
L00051,24,N
L00051,25,C
L00051,26,O
L00051,27,C
L00051,28,C
L00051,29,C
L00051,30,C
L00051,31,O
L00051,32,N
L00051,33,C
L00051,34,O
L00052,0,C
L00052,1,C
L00052,2,C
L00052,3,C
L00052,4,O
L00052,5,N
L00052,6,C
L00052,7,C
L00052,8,C
L00052,9,C
L00052,10,C
L00052,11,C
L00052,12,C
L00052,13,C
L00052,14,N
L00052,15,C
L00052,16,O
L00052,17,C
L00052,18,O
L00052,19,N
L00052,20,C
L00052,21,C
L00052,22,C
L00052,23,C
L00052,24,C
L00052,25,C
L00052,26,C
L00052,27,C
L00052,28,C
L00052,29,C
L00052,30,C
L00052,31,C
L00052,32,C
L00052,33,C
L00052,34,C
L00052,35,N
L00052,36,N
L00053,0,C
L00053,1,N
L00053,2,C
L00053,3,C
L00053,4,C
L00053,5,C
L00053,6,C
L00053,7,C
L00053,8,C
L00053,9,C
L00053,10,C
L00053,11,C
L00053,12,C
L00053,13,N
L00053,14,C
L00053,15,C
L00054,0,C
L00054,1,C
L00054,2,C
L00054,3,C
L00054,4,C
L00054,5,C
L00054,6,N
L00054,7,C
L00054,8,O
L00054,9,O
L00054,10,N
L00055,0,C
L00055,1,C
L00055,2,N
L00055,3,C
L00055,4,N
L00055,5,Re
L00055,6,C
L00055,7,O
L00055,8,C
L00055,9,O
L00055,10,C
L00055,11,O
L00055,12,N
L00055,13,C
L00055,14,C
L00055,15,N
L00055,16,C
L00056,0,C
L00056,1,C
L00056,2,C
L00056,3,C
L00056,4,O
L00056,5,N
L00056,6,C
L00056,7,C
L00056,8,C
L00056,9,C
L00056,10,C
L00056,11,C
L00056,12,C
L00056,13,C
L00056,14,N
L00056,15,C
L00056,16,O
L00056,17,C
L00056,18,O
L00056,19,N
L00056,20,C
L00056,21,C
L00056,22,C
L00056,23,C
L00056,24,C
L00056,25,C
L00056,26,C
L00056,27,C
L00056,28,C
L00056,29,C
L00056,30,C
L00056,31,C
L00056,32,C
L00056,33,C
L00056,34,O
L00056,35,N
L00057,0,C
L00057,1,C
L00057,2,C
L00057,3,C
L00057,4,N
L00057,5,C
L00057,6,O
L00057,7,C
L00057,8,C
L00057,9,C
L00057,10,C
L00057,11,C
L00057,12,C
L00057,13,C
L00057,14,C
L00057,15,N
L00057,16,C
L00057,17,C
L00057,18,O
L00057,19,O
L00057,20,Cl
L00057,21,N
L00057,22,C
L00057,23,C
L00057,24,C
L00057,25,C
L00057,26,C
L00057,27,C
L00057,28,C
L00057,29,F
L00057,30,F
L00057,31,C
L00057,32,O
L00058,0,C
L00058,1,C
L00058,2,N
L00058,3,C
L00058,4,C
L00058,5,C
L00058,6,C
L00058,7,C
L00058,8,C
L00058,9,N
L00058,10,N
L00058,11,C
L00058,12,C
L00058,13,C
L00058,14,C
L00058,15,O
L00058,16,O
L00058,17,C
L00058,18,C
L00058,19,C
L00058,20,C
L00058,21,C
L00058,22,C
L00058,23,C
L00058,24,N
L00058,25,C
L00058,26,C
L00058,27,C
L00058,28,O
L00058,29,C
L00058,30,C
L00058,31,C
L00058,32,C
L00058,33,C
L00058,34,C
L00058,35,C
L00059,0,C
L00059,1,N
L00059,2,C
L00059,3,C
L00059,4,C
L00059,5,N
L00059,6,N
L00059,7,C
L00059,8,N
L00059,9,C
L00059,10,C
L00059,11,C
L00059,12,C
L00059,13,C
L00059,14,C
L00059,15,C
L00059,16,O
L00059,17,P
L00059,18,O
L00059,19,O
L00059,20,O
L00059,21,P
L00059,22,O
L00059,23,O
L00059,24,O
L00059,25,P
L00059,26,O
L00059,27,O
L00059,28,O
L00059,29,O
L00059,30,N
L00060,0,C
L00060,1,N
L00060,2,C
L00060,3,C
L00060,4,C
L00060,5,N
L00060,6,N
L00060,7,C
L00060,8,N
L00060,9,C
L00060,10,C
L00060,11,C
L00060,12,C
L00060,13,C
L00060,14,C
L00060,15,O
L00060,16,C
L00060,17,O
L00060,18,P
L00060,19,O
L00060,20,O
L00060,21,O
L00060,22,P
L00060,23,O
L00060,24,O
L00060,25,O
L00060,26,P
L00060,27,O
L00060,28,O
L00060,29,O
L00060,30,N
L00061,0,C
L00061,1,N
L00061,2,C
L00061,3,C
L00061,4,C
L00061,5,C
L00061,6,C
L00061,7,C
L00061,8,N
L00061,9,N
L00061,10,C
L00061,11,C
L00061,12,C
L00061,13,O
L00061,14,O
L00061,15,C
L00061,16,C
L00061,17,C
L00061,18,C
L00061,19,C
L00061,20,C
L00061,21,C
L00061,22,N
L00061,23,C
L00061,24,S
L00061,25,O
L00061,26,O
L00061,27,C
L00061,28,C
L00061,29,C
L00061,30,C
L00061,31,C
L00061,32,C
L00061,33,Cl
L00062,0,C
L00062,1,C
L00062,2,C
L00062,3,C
L00062,4,O
L00062,5,O
L00062,6,C
L00062,7,C
L00062,8,C
L00062,9,C
L00062,10,N
L00062,11,C
L00062,12,C
L00062,13,C
L00062,14,C
L00062,15,C
L00062,16,O
L00062,17,C
L00062,18,C
L00062,19,O
L00062,20,O
L00062,21,C
L00062,22,C
L00062,23,C
L00062,24,C
L00062,25,C
L00062,26,C
L00062,27,Cl
L00062,28,C
L00062,29,C
L00062,30,C
L00062,31,C
L00062,32,C
L00062,33,C
L00062,34,Cl
L00063,0,C
L00063,1,C
L00063,2,C
L00063,3,C
L00063,4,C
L00063,5,O
L00063,6,N
L00063,7,C
L00063,8,C
L00063,9,C
L00063,10,C
L00063,11,C
L00063,12,O
L00063,13,C
L00063,14,C
L00063,15,C
L00063,16,O
L00063,17,O
L00063,18,C
L00063,19,C
L00063,20,C
L00063,21,C
L00063,22,C
L00063,23,C
L00063,24,Cl
L00063,25,C
L00063,26,C
L00063,27,C
L00063,28,C
L00063,29,C
L00063,30,C
L00063,31,Cl
L00064,0,C
L00064,1,C
L00064,2,C
L00064,3,C
L00064,4,O
L00064,5,N
L00064,6,C
L00064,7,C
L00064,8,C
L00064,9,C
L00064,10,C
L00064,11,O
L00064,12,C
L00064,13,C
L00064,14,O
L00064,15,O
L00064,16,C
L00064,17,C
L00064,18,C
L00064,19,C
L00064,20,C
L00064,21,C
L00064,22,Cl
L00064,23,C
L00064,24,C
L00064,25,C
L00064,26,C
L00064,27,C
L00064,28,C
L00064,29,Cl
L00065,0,C
L00065,1,C
L00065,2,C
L00065,3,C
L00065,4,C
L00065,5,C
L00065,6,C
L00065,7,C
L00065,8,N
L00065,9,C
L00065,10,C
L00065,11,N
L00065,12,C
L00065,13,O
L00065,14,C
L00065,15,C
L00065,16,C
L00065,17,C
L00065,18,C
L00065,19,C
L00065,20,C
L00065,21,O
L00065,22,C
L00065,23,O
L00065,24,C
L00065,25,C
L00065,26,C
L00065,27,C
L00065,28,C
L00065,29,C
L00065,30,C
L00065,31,O
L00065,32,O
L00066,0,C
L00066,1,C
L00066,2,C
L00066,3,C
L00066,4,C
L00066,5,C
L00066,6,Cl
L00066,7,C
L00066,8,C
L00066,9,C
L00066,10,C
L00066,11,O
L00066,12,N
L00066,13,C
L00066,14,C
L00066,15,C
L00066,16,C
L00066,17,C
L00066,18,C
L00066,19,C
L00066,20,Cl
L00066,21,C
L00066,22,C
L00066,23,C
L00066,24,C
L00066,25,C
L00066,26,C
L00066,27,O
L00066,28,O
L00067,0,C
L00067,1,C
L00067,2,C
L00067,3,O
L00067,4,N
L00067,5,C
L00067,6,C
L00067,7,C
L00067,8,C
L00067,9,C
L00067,10,C
L00067,11,C
L00067,12,C
L00067,13,O
L00067,14,N
L00067,15,C
L00067,16,C
L00067,17,C
L00067,18,C
L00067,19,C
L00067,20,N
L00067,21,C
L00067,22,C
L00067,23,C
L00067,24,O
L00067,25,N
L00067,26,C
L00067,27,C
L00067,28,C
L00067,29,C
L00067,30,C
L00067,31,C
L00067,32,C
L00067,33,C
L00067,34,C
L00067,35,C
L00067,36,N
L00067,37,C
L00068,0,C
L00068,1,C
L00068,2,C
L00068,3,N
L00068,4,C
L00068,5,C
L00068,6,N
L00068,7,C
L00068,8,C
L00068,9,P
L00068,10,O
L00068,11,O
L00068,12,O
L00068,13,P
L00068,14,O
L00068,15,O
L00068,16,O
L00069,0,C
L00069,1,C
L00069,2,C
L00069,3,O
L00069,4,C
L00069,5,N
L00069,6,C
L00069,7,C
L00069,8,C
L00069,9,N
L00069,10,C
L00069,11,O
L00069,12,N
L00069,13,C
L00069,14,O
L00069,15,O
L00069,16,C
L00069,17,O
L00069,18,P
L00069,19,O
L00069,20,O
L00069,21,O
L00069,22,O
L00070,0,C
L00070,1,C
L00070,2,C
L00070,3,C
L00070,4,C
L00070,5,N
L00070,6,C
L00070,7,C
L00070,8,C
L00070,9,N
L00070,10,C
L00070,11,N
L00070,12,C
L00070,13,C
L00070,14,C
L00070,15,C
L00070,16,C
L00070,17,C
L00070,18,C
L00070,19,Cl
L00070,20,C
L00070,21,C
L00070,22,C
L00070,23,C
L00070,24,C
L00070,25,C
L00070,26,C
L00070,27,C
L00070,28,S
L00070,29,N
L00070,30,C
L00070,31,N
L00070,32,C
L00070,33,O
L00070,34,O
L00071,0,C
L00071,1,C
L00071,2,C
L00071,3,C
L00071,4,C
L00071,5,C
L00071,6,C
L00071,7,C
L00071,8,N
L00071,9,C
L00071,10,C
L00071,11,C
L00071,12,C
L00071,13,N
L00071,14,C
L00071,15,C
L00071,16,C
L00071,17,C
L00071,18,C
L00071,19,N
L00071,20,C
L00071,21,Cl
L00071,22,C
L00071,23,N
L00071,24,O
L00071,25,C
L00071,26,O
L00071,27,N
L00071,28,N
L00071,29,C
L00071,30,N
L00071,31,C
L00071,32,C
L00071,33,O
L00071,34,C
L00071,35,C
L00071,36,C
L00071,37,C
L00071,38,C
L00072,0,C
L00072,1,C
L00072,2,C
L00072,3,C
L00072,4,C
L00072,5,C
L00072,6,C
L00072,7,C
L00072,8,C
L00072,9,N
L00072,10,C
L00072,11,C
L00072,12,C
L00072,13,C
L00072,14,N
L00072,15,C
L00072,16,C
L00072,17,C
L00072,18,C
L00072,19,C
L00072,20,N
L00072,21,C
L00072,22,Cl
L00072,23,C
L00072,24,N
L00072,25,O
L00072,26,C
L00072,27,O
L00072,28,N
L00072,29,N
L00072,30,C
L00072,31,C
L00072,32,C
L00072,33,C
L00072,34,O
L00072,35,C
L00073,0,C
L00073,1,C
L00073,2,O
L00073,3,C
L00073,4,C
L00073,5,N
L00073,6,C
L00073,7,C
L00073,8,C
L00073,9,N
L00073,10,C
L00073,11,C
L00073,12,N
L00073,13,C
L00073,14,C
L00073,15,C
L00073,16,C
L00073,17,C
L00073,18,C
L00073,19,C
L00073,20,C
L00073,21,C
L00073,22,C
L00073,23,C
L00073,24,C
L00073,25,C
L00073,26,N
L00073,27,C
L00073,28,Cl
L00073,29,C
L00073,30,N
L00073,31,O
L00073,32,C
L00073,33,O
L00073,34,N
L00073,35,C
L00073,36,C
L00073,37,C
L00074,0,C
L00074,1,N
L00074,2,C
L00074,3,C
L00074,4,O
L00074,5,C
L00074,6,C
L00074,7,O
L00074,8,C
L00074,9,C
L00074,10,C
L00074,11,C
L00074,12,C
L00074,13,C
L00074,14,C
L00074,15,C
L00074,16,C
L00074,17,C
L00074,18,C
L00074,19,C
L00074,20,C
L00074,21,Br
L00074,22,C
L00074,23,C
L00074,24,C
L00074,25,C
L00074,26,C
L00074,27,C
L00074,28,Br
L00075,0,C
L00075,1,N
L00075,2,C
L00075,3,C
L00075,4,O
L00075,5,C
L00075,6,C
L00075,7,O
L00075,8,C
L00075,9,C
L00075,10,C
L00075,11,C
L00075,12,C
L00075,13,C
L00075,14,C
L00075,15,C
L00075,16,C
L00075,17,C
L00075,18,C
L00075,19,C
L00075,20,C
L00075,21,Cl
L00075,22,C
L00075,23,C
L00075,24,C
L00075,25,C
L00075,26,C
L00075,27,C
L00075,28,Cl
L00076,0,C
L00076,1,C
L00076,2,C
L00076,3,C
L00076,4,C
L00076,5,O
L00076,6,O
L00076,7,N
L00076,8,C
L00076,9,C
L00076,10,O
L00076,11,C
L00076,12,C
L00076,13,O
L00076,14,C
L00076,15,C
L00076,16,C
L00076,17,C
L00076,18,C
L00076,19,C
L00076,20,C
L00076,21,F
L00076,22,C
L00076,23,C
L00076,24,C
L00076,25,C
L00076,26,C
L00076,27,C
L00076,28,Cl
L00076,29,C
L00076,30,C
L00076,31,C
L00076,32,C
L00076,33,C
L00076,34,C
L00076,35,Cl
L00077,0,C
L00077,1,C
L00077,2,C
L00077,3,C
L00077,4,C
L00077,5,C
L00077,6,C
L00077,7,C
L00077,8,C
L00077,9,C
L00077,10,C
L00077,11,C
L00077,12,C
L00077,13,N
L00077,14,C
L00077,15,O
L00077,16,Cl
L00077,17,C
L00077,18,C
L00077,19,N
L00077,20,C
L00077,21,O
L00077,22,N
L00077,23,C
L00077,24,C
L00077,25,N
L00077,26,C
L00077,27,C
L00077,28,C
L00077,29,C
L00077,30,C
L00077,31,C
L00077,32,F
L00077,33,Cl
L00078,0,C
L00078,1,C
L00078,2,C
L00078,3,C
L00078,4,O
L00078,5,N
L00078,6,C
L00078,7,C
L00078,8,O
L00078,9,C
L00078,10,C
L00078,11,O
L00078,12,C
L00078,13,C
L00078,14,O
L00078,15,O
L00078,16,C
L00078,17,C
L00078,18,C
L00078,19,C
L00078,20,C
L00078,21,C
L00078,22,Cl
L00078,23,C
L00078,24,C
L00078,25,C
L00078,26,C
L00078,27,C
L00078,28,C
L00078,29,Cl
L00079,0,C
L00079,1,C
L00079,2,C
L00079,3,C
L00079,4,C
L00079,5,C
L00079,6,C
L00079,7,C
L00079,8,C
L00079,9,N
L00079,10,C
L00079,11,O
L00079,12,N
L00079,13,C
L00079,14,C
L00079,15,C
L00079,16,C
L00079,17,O
L00079,18,O
L00079,19,C
L00079,20,C
L00079,21,C
L00079,22,C
L00079,23,C
L00079,24,C
L00079,25,F
L00079,26,Cl
L00079,27,C
L00079,28,N
L00079,29,C
L00079,30,C
L00079,31,C
L00079,32,C
L00079,33,C
L00079,34,C
L00079,35,F
L00079,36,Cl
L00080,0,C
L00080,1,C
L00080,2,C
L00080,3,O
L00080,4,N
L00080,5,C
L00080,6,C
L00080,7,N
L00080,8,C
L00080,9,C
L00080,10,C
L00080,11,C
L00080,12,C
L00080,13,C
L00080,14,N
L00080,15,C
L00080,16,O
L00080,17,C
L00080,18,C
L00080,19,C
L00080,20,C
L00080,21,C
L00080,22,C
L00080,23,C
L00080,24,C
L00080,25,C
L00080,26,C
L00080,27,C
L00080,28,O
L00080,29,C
L00080,30,C
L00080,31,O
L00080,32,C
L00080,33,C
L00080,34,C
L00080,35,C
L00080,36,C
L00080,37,C
L00080,38,N
L00080,39,N
L00080,40,C
L00081,0,C
L00081,1,C
L00081,2,C
L00081,3,O
L00081,4,N
L00081,5,C
L00081,6,C
L00081,7,O
L00081,8,N
L00081,9,C
L00081,10,C
L00081,11,C
L00081,12,C
L00081,13,C
L00081,14,C
L00081,15,O
L00081,16,C
L00081,17,C
L00081,18,C
L00081,19,O
L00081,20,C
L00081,21,C
L00081,22,C
L00081,23,C
L00081,24,C
L00081,25,C
L00081,26,C
L00081,27,C
L00081,28,C
L00081,29,C
L00081,30,C
L00081,31,C
L00081,32,C
L00081,33,O
L00081,34,C
L00081,35,C
L00081,36,O
L00081,37,O
L00081,38,N
L00081,39,C
L00082,0,C
L00082,1,C
L00082,2,C
L00082,3,C
L00082,4,C
L00082,5,C
L00082,6,O
L00082,7,O
L00082,8,N
L00082,9,C
L00082,10,O
L00082,11,C
L00082,12,C
L00082,13,C
L00082,14,C
L00082,15,C
L00082,16,C
L00082,17,C
L00082,18,C
L00082,19,N
L00082,20,P
L00082,21,O
L00082,22,C
L00082,23,N
L00082,24,C
L00082,25,O
L00082,26,O
L00082,27,C
L00082,28,C
L00082,29,C
L00082,30,C
L00082,31,C
L00082,32,C
L00082,33,C
L00082,34,O
L00083,0,C
L00083,1,C
L00083,2,C
L00083,3,C
L00083,4,C
L00083,5,C
L00083,6,C
L00083,7,C
L00083,8,N
L00083,9,C
L00083,10,C
L00083,11,N
L00083,12,C
L00083,13,O
L00083,14,C
L00083,15,C
L00083,16,C
L00083,17,C
L00083,18,C
L00083,19,C
L00083,20,C
L00083,21,O
L00083,22,C
L00083,23,O
L00083,24,C
L00083,25,C
L00083,26,C
L00083,27,C
L00083,28,C
L00083,29,C
L00083,30,C
L00083,31,O
L00083,32,O
L00084,0,C
L00084,1,C
L00084,2,C
L00084,3,C
L00084,4,C
L00084,5,C
L00084,6,C
L00084,7,C
L00084,8,N
L00084,9,C
L00084,10,C
L00084,11,N
L00084,12,C
L00084,13,O
L00084,14,C
L00084,15,C
L00084,16,C
L00084,17,C
L00084,18,C
L00084,19,C
L00084,20,C
L00084,21,O
L00084,22,C
L00084,23,O
L00084,24,C
L00084,25,C
L00084,26,C
L00084,27,C
L00084,28,C
L00084,29,C
L00084,30,C
L00084,31,N
L00084,32,N
L00084,33,N
L00084,34,N
L00085,0,C
L00085,1,C
L00085,2,C
L00085,3,C
L00085,4,C
L00085,5,C
L00085,6,C
L00085,7,C
L00085,8,C
L00085,9,N
L00085,10,C
L00085,11,C
L00085,12,N
L00085,13,C
L00085,14,C
L00085,15,C
L00085,16,C
L00085,17,C
L00085,18,C
L00085,19,C
L00085,20,C
L00085,21,O
L00085,22,C
L00085,23,O
L00085,24,C
L00085,25,C
L00085,26,C
L00085,27,C
L00085,28,C
L00085,29,C
L00085,30,C
L00085,31,O
L00085,32,O
L00086,0,C
L00086,1,C
L00086,2,C
L00086,3,N
L00086,4,N
L00086,5,N
L00086,6,C
L00086,7,S
L00086,8,N
L00086,9,C
L00086,10,N
L00087,0,C
L00087,1,C
L00087,2,C
L00087,3,O
L00087,4,N
L00087,5,C
L00087,6,C
L00087,7,C
L00087,8,C
L00087,9,C
L00087,10,C
L00087,11,C
L00087,12,C
L00087,13,O
L00087,14,N
L00087,15,C
L00087,16,C
L00087,17,C
L00087,18,C
L00087,19,C
L00087,20,C
L00087,21,N
L00087,22,C
L00087,23,C
L00087,24,C
L00087,25,O
L00087,26,N
L00087,27,C
L00087,28,C
L00087,29,C
L00087,30,O
L00087,31,C
L00087,32,C
L00087,33,C
L00087,34,C
L00087,35,C
L00087,36,C
L00087,37,N
L00087,38,C
L00088,0,C
L00088,1,C
L00088,2,C
L00088,3,O
L00088,4,N
L00088,5,C
L00088,6,C
L00088,7,C
L00088,8,C
L00088,9,C
L00088,10,C
L00088,11,C
L00088,12,C
L00088,13,O
L00088,14,N
L00088,15,C
L00088,16,C
L00088,17,C
L00088,18,C
L00088,19,C
L00088,20,N
L00088,21,C
L00088,22,C
L00088,23,C
L00088,24,O
L00088,25,N
L00088,26,C
L00088,27,C
L00088,28,C
L00088,29,O
L00088,30,C
L00088,31,C
L00088,32,C
L00088,33,C
L00088,34,C
L00088,35,C
L00088,36,N
L00088,37,C
L00089,0,C
L00089,1,C
L00089,2,O
L00089,3,N
L00089,4,C
L00089,5,C
L00089,6,C
L00089,7,C
L00089,8,C
L00089,9,C
L00089,10,C
L00089,11,C
L00089,12,C
L00089,13,C
L00089,14,C
L00089,15,C
L00089,16,N
L00089,17,C
L00089,18,O
L00089,19,Cl
L00089,20,C
L00089,21,C
L00089,22,C
L00089,23,C
L00089,24,C
L00089,25,C
L00089,26,C
L00089,27,Cl
L00090,0,C
L00090,1,C
L00090,2,C
L00090,3,C
L00090,4,C
L00090,5,C
L00090,6,C
L00090,7,C
L00090,8,C
L00090,9,C
L00090,10,C
L00090,11,C
L00090,12,C
L00090,13,N
L00090,14,C
L00090,15,O
L00090,16,Cl
L00090,17,C
L00090,18,C
L00090,19,N
L00090,20,C
L00090,21,O
L00090,22,N
L00090,23,C
L00090,24,C
L00090,25,C
L00090,26,C
L00090,27,C
L00090,28,C
L00090,29,C
L00090,30,O
L00090,31,N
L00090,32,C
L00090,33,C
L00090,34,C
L00090,35,C
L00090,36,C
L00090,37,C
L00090,38,F
L00090,39,Cl
L00091,0,C
L00091,1,C
L00091,2,C
L00091,3,C
L00091,4,C
L00091,5,C
L00091,6,C
L00091,7,C
L00091,8,C
L00091,9,C
L00091,10,C
L00091,11,S
L00091,12,Cl
L00091,13,N
L00091,14,C
L00091,15,O
L00091,16,C
L00091,17,C
L00091,18,N
L00091,19,C
L00091,20,O
L00091,21,N
L00091,22,C
L00091,23,C
L00091,24,C
L00091,25,C
L00091,26,C
L00091,27,C
L00091,28,O
L00091,29,C
L00091,30,C
L00091,31,O
L00091,32,N
L00091,33,C
L00091,34,C
L00091,35,C
L00091,36,C
L00091,37,C
L00091,38,C
L00091,39,F
L00091,40,Cl
L00092,0,C
L00092,1,C
L00092,2,C
L00092,3,C
L00092,4,C
L00092,5,C
L00092,6,O
L00092,7,N
L00092,8,O
L00092,9,N
L00092,10,C
L00092,11,C
L00092,12,C
L00092,13,C
L00092,14,C
L00092,15,C
L00092,16,C
L00092,17,C
L00092,18,N
L00092,19,C
L00092,20,C
L00092,21,O
L00092,22,N
L00092,23,O
L00092,24,Cl
L00092,25,C
L00092,26,O
L00092,27,N
L00092,28,C
L00092,29,C
L00092,30,C
L00092,31,C
L00092,32,C
L00092,33,C
L00092,34,C
L00093,0,C
L00093,1,C
L00093,2,C
L00093,3,C
L00093,4,O
L00093,5,N
L00093,6,C
L00093,7,C
L00093,8,C
L00093,9,C
L00093,10,C
L00093,11,C
L00093,12,C
L00093,13,C
L00093,14,O
L00093,15,N
L00093,16,C
L00093,17,C
L00093,18,C
L00093,19,C
L00093,20,C
L00093,21,N
L00093,22,C
L00093,23,C
L00093,24,C
L00093,25,O
L00093,26,N
L00093,27,C
L00093,28,C
L00093,29,C
L00093,30,O
L00093,31,C
L00093,32,C
L00093,33,C
L00093,34,C
L00093,35,C
L00093,36,C
L00093,37,N
L00093,38,C
L00094,0,C
L00094,1,C
L00094,2,C
L00094,3,C
L00094,4,O
L00094,5,N
L00094,6,C
L00094,7,C
L00094,8,C
L00094,9,C
L00094,10,C
L00094,11,C
L00094,12,C
L00094,13,C
L00094,14,O
L00094,15,N
L00094,16,C
L00094,17,C
L00094,18,C
L00094,19,C
L00094,20,C
L00094,21,C
L00094,22,C
L00094,23,C
L00094,24,C
L00094,25,N
L00094,26,C
L00094,27,C
L00094,28,C
L00094,29,O
L00094,30,N
L00094,31,C
L00094,32,C
L00094,33,C
L00094,34,O
L00094,35,C
L00094,36,C
L00094,37,C
L00094,38,C
L00094,39,C
L00094,40,C
L00094,41,N
L00094,42,C
L00095,0,C
L00095,1,C
L00095,2,C
L00095,3,C
L00095,4,C
L00095,5,C
L00095,6,C
L00095,7,C
L00095,8,N
L00095,9,C
L00095,10,C
L00095,11,N
L00095,12,C
L00095,13,C
L00095,14,C
L00095,15,C
L00095,16,C
L00095,17,C
L00095,18,C
L00095,19,C
L00095,20,O
L00095,21,C
L00095,22,O
L00095,23,C
L00095,24,C
L00095,25,C
L00095,26,C
L00095,27,C
L00095,28,C
L00095,29,C
L00095,30,O
L00095,31,O
L00096,0,C
L00096,1,C
L00096,2,O
L00096,3,C
L00096,4,C
L00096,5,O
L00096,6,C
L00096,7,C
L00096,8,O
L00096,9,C
L00096,10,C
L00096,11,O
L00096,12,C
L00096,13,C
L00096,14,O
L00096,15,C
L00096,16,C
L00096,17,O
L00096,18,C
L00096,19,C
L00096,20,O
L00096,21,C
L00096,22,C
L00096,23,O
L00096,24,C
L00096,25,C
L00096,26,O
L00096,27,O
L00097,0,C
L00097,1,C
L00097,2,C
L00097,3,C
L00097,4,S
L00097,5,O
L00097,6,O
L00097,7,C
L00097,8,C
L00097,9,C
L00097,10,C
L00097,11,N
L00097,12,C
L00097,13,C
L00097,14,C
L00097,15,C
L00097,16,C
L00097,17,O
L00097,18,C
L00097,19,C
L00097,20,C
L00097,21,O
L00097,22,O
L00097,23,C
L00097,24,C
L00097,25,C
L00097,26,C
L00097,27,C
L00097,28,C
L00097,29,Cl
L00097,30,C
L00097,31,C
L00097,32,C
L00097,33,C
L00097,34,C
L00097,35,C
L00097,36,Cl
L00098,0,C
L00098,1,C
L00098,2,C
L00098,3,C
L00098,4,S
L00098,5,O
L00098,6,O
L00098,7,C
L00098,8,C
L00098,9,C
L00098,10,C
L00098,11,C
L00098,12,N
L00098,13,C
L00098,14,C
L00098,15,O
L00098,16,C
L00098,17,C
L00098,18,O
L00098,19,C
L00098,20,C
L00098,21,O
L00098,22,O
L00098,23,C
L00098,24,C
L00098,25,C
L00098,26,C
L00098,27,C
L00098,28,C
L00098,29,Cl
L00098,30,C
L00098,31,C
L00098,32,C
L00098,33,C
L00098,34,C
L00098,35,C
L00098,36,Cl
L00099,0,C
L00099,1,C
L00099,2,C
L00099,3,C
L00099,4,S
L00099,5,O
L00099,6,O
L00099,7,C
L00099,8,C
L00099,9,C
L00099,10,C
L00099,11,N
L00099,12,C
L00099,13,C
L00099,14,O
L00099,15,C
L00099,16,C
L00099,17,O
L00099,18,C
L00099,19,C
L00099,20,O
L00099,21,O
L00099,22,C
L00099,23,C
L00099,24,C
L00099,25,C
L00099,26,C
L00099,27,C
L00099,28,Cl
L00099,29,C
L00099,30,C
L00099,31,C
L00099,32,C
L00099,33,C
L00099,34,C
L00099,35,Cl
L00100,0,C
L00100,1,C
L00100,2,C
L00100,3,C
L00100,4,C
L00100,5,N
L00100,6,C
L00100,7,O
L00100,8,C
L00100,9,C
L00100,10,S
L00100,11,O
L00100,12,O
L00100,13,C
L00100,14,C
L00100,15,C
L00100,16,C
L00100,17,C
L00100,18,C
L00100,19,C
L00100,20,C
L00100,21,C
L00100,22,C
L00100,23,C
L00100,24,C
L00100,25,C
L00100,26,F
L00100,27,Cl
L00100,28,C
L00100,29,C
L00100,30,C
L00100,31,C
L00100,32,C
L00100,33,C
L00100,34,Cl
L00100,35,C
L00100,36,C
L00100,37,N
L00100,38,C
L00100,39,C
L00100,40,S
L00100,41,C
L00100,42,C
L00100,43,O
L00100,44,O
L00101,0,C
L00101,1,C
L00101,2,C
L00101,3,O
L00101,4,N
L00101,5,C
L00101,6,C
L00101,7,O
L00101,8,C
L00101,9,C
L00101,10,C
L00101,11,C
L00101,12,C
L00101,13,C
L00101,14,Cl
L00101,15,C
L00101,16,C
L00101,17,C
L00101,18,C
L00101,19,C
L00101,20,C
L00101,21,Cl
L00101,22,C
L00101,23,C
L00101,24,S
L00101,25,O
L00101,26,O
L00101,27,C
L00101,28,C
L00101,29,C
L00101,30,C
L00101,31,C
L00101,32,C
L00101,33,C
L00101,34,C
L00101,35,C
L00101,36,C
L00101,37,C
L00101,38,C
L00101,39,C
L00101,40,N
L00101,41,C
L00101,42,O
L00101,43,O
L00102,0,C
L00102,1,C
L00102,2,C
L00102,3,C
L00102,4,C
L00102,5,N
L00102,6,C
L00102,7,O
L00102,8,C
L00102,9,C
L00102,10,S
L00102,11,O
L00102,12,O
L00102,13,C
L00102,14,C
L00102,15,C
L00102,16,C
L00102,17,C
L00102,18,C
L00102,19,C
L00102,20,C
L00102,21,C
L00102,22,C
L00102,23,C
L00102,24,C
L00102,25,C
L00102,26,Cl
L00102,27,C
L00102,28,C
L00102,29,C
L00102,30,C
L00102,31,C
L00102,32,C
L00102,33,Cl
L00102,34,C
L00102,35,C
L00102,36,C
L00102,37,C
L00102,38,C
L00102,39,C
L00102,40,N
L00102,41,C
L00102,42,O
L00102,43,O
L00103,0,C
L00103,1,C
L00103,2,C
L00103,3,O
L00103,4,N
L00103,5,C
L00103,6,C
L00103,7,O
L00103,8,C
L00103,9,C
L00103,10,C
L00103,11,C
L00103,12,C
L00103,13,C
L00103,14,Cl
L00103,15,C
L00103,16,C
L00103,17,C
L00103,18,C
L00103,19,C
L00103,20,C
L00103,21,Cl
L00103,22,C
L00103,23,C
L00103,24,S
L00103,25,O
L00103,26,O
L00103,27,C
L00103,28,C
L00103,29,C
L00103,30,C
L00103,31,C
L00103,32,C
L00103,33,C
L00103,34,C
L00103,35,C
L00103,36,C
L00103,37,C
L00103,38,C
L00103,39,C
L00103,40,N
L00103,41,C
L00103,42,O
L00103,43,O
L00104,0,C
L00104,1,C
L00104,2,C
L00104,3,C
L00104,4,S
L00104,5,O
L00104,6,O
L00104,7,C
L00104,8,C
L00104,9,C
L00104,10,C
L00104,11,N
L00104,12,C
L00104,13,C
L00104,14,O
L00104,15,C
L00104,16,C
L00104,17,O
L00104,18,C
L00104,19,C
L00104,20,O
L00104,21,O
L00104,22,C
L00104,23,C
L00104,24,C
L00104,25,C
L00104,26,C
L00104,27,C
L00104,28,Cl
L00104,29,C
L00104,30,C
L00104,31,C
L00104,32,C
L00104,33,C
L00104,34,C
L00104,35,Cl
L00105,0,C
L00105,1,C
L00105,2,C
L00105,3,C
L00105,4,C
L00105,5,C
L00105,6,C
L00105,7,C
L00105,8,N
L00105,9,C
L00105,10,C
L00105,11,N
L00105,12,C
L00105,13,C
L00105,14,C
L00105,15,C
L00105,16,C
L00105,17,C
L00105,18,C
L00105,19,Cl
L00105,20,C
L00105,21,C
L00105,22,C
L00105,23,C
L00105,24,C
L00105,25,C
L00105,26,Cl
L00105,27,C
L00105,28,O
L00105,29,O
L00106,0,C
L00106,1,C
L00106,2,C
L00106,3,C
L00106,4,C
L00106,5,C
L00106,6,C
L00106,7,C
L00106,8,N
L00106,9,C
L00106,10,C
L00106,11,C
L00106,12,N
L00106,13,C
L00106,14,C
L00106,15,C
L00106,16,C
L00106,17,C
L00106,18,O
L00106,19,C
L00106,20,C
L00106,21,C
L00106,22,O
L00106,23,O
L00106,24,C
L00106,25,C
L00106,26,C
L00106,27,C
L00106,28,C
L00106,29,C
L00106,30,Cl
L00106,31,C
L00106,32,C
L00106,33,C
L00106,34,C
L00106,35,C
L00106,36,C
L00106,37,Cl
L00107,0,C
L00107,1,C
L00107,2,C
L00107,3,C
L00107,4,C
L00107,5,N
L00107,6,C
L00107,7,O
L00107,8,C
L00107,9,C
L00107,10,S
L00107,11,O
L00107,12,O
L00107,13,N
L00107,14,C
L00107,15,C
L00107,16,C
L00107,17,C
L00107,18,C
L00107,19,C
L00107,20,C
L00107,21,C
L00107,22,C
L00107,23,C
L00107,24,C
L00107,25,C
L00107,26,C
L00107,27,Cl
L00107,28,C
L00107,29,C
L00107,30,C
L00107,31,C
L00107,32,C
L00107,33,C
L00107,34,Cl
L00107,35,C
L00107,36,C
L00107,37,O
L00107,38,O
L00108,0,C
L00108,1,C
L00108,2,C
L00108,3,O
L00108,4,N
L00108,5,C
L00108,6,C
L00108,7,C
L00108,8,C
L00108,9,C
L00108,10,O
L00108,11,N
L00108,12,C
L00108,13,C
L00108,14,C
L00108,15,C
L00108,16,C
L00108,17,O
L00108,18,N
L00108,19,C
L00108,20,C
L00108,21,C
L00108,22,C
L00108,23,C
L00108,24,C
L00108,25,C
L00108,26,C
L00108,27,C
L00108,28,C
L00108,29,C
L00108,30,C
L00108,31,C
L00108,32,C
L00108,33,N
L00109,0,C
L00109,1,C
L00109,2,C
L00109,3,C
L00109,4,C
L00109,5,C
L00109,6,C
L00109,7,O
L00109,8,C
L00109,9,C
L00109,10,C
L00109,11,C
L00109,12,C
L00109,13,O
L00109,14,N
L00109,15,C
L00109,16,C
L00109,17,C
L00109,18,N
L00109,19,C
L00109,20,N
L00109,21,N
L00109,22,N
L00109,23,C
L00109,24,N
L00109,25,C
L00109,26,C
L00109,27,C
L00109,28,C
L00109,29,C
L00109,30,C
L00109,31,C
L00109,32,Cl
L00109,33,Cl
L00109,34,O
L00109,35,O
L00109,36,C
L00109,37,N
L00110,0,C
L00110,1,C
L00110,2,C
L00110,3,C
L00110,4,C
L00110,5,C
L00110,6,O
L00110,7,N
L00110,8,C
L00110,9,C
L00110,10,C
L00110,11,C
L00110,12,C
L00110,13,O
L00110,14,N
L00110,15,C
L00110,16,C
L00110,17,C
L00110,18,C
L00110,19,C
L00110,20,C
L00110,21,C
L00110,22,C
L00110,23,C
L00110,24,N
L00110,25,C
L00110,26,O
L00110,27,O
L00111,0,C
L00111,1,C
L00111,2,C
L00111,3,S
L00111,4,C
L00111,5,N
L00111,6,C
L00111,7,C
L00111,8,C
L00111,9,C
L00111,10,C
L00111,11,C
L00111,12,C
L00111,13,N
L00111,14,C
L00111,15,O
L00111,16,C
L00111,17,C
L00111,18,C
L00111,19,C
L00111,20,N
L00111,21,C
L00111,22,O
L00111,23,C
L00111,24,C
L00111,25,C
L00111,26,C
L00111,27,C
L00111,28,N
L00111,29,C
L00111,30,O
L00111,31,C
L00111,32,C
L00111,33,C
L00111,34,C
L00111,35,C
L00111,36,N
L00111,37,C
L00111,38,O
L00111,39,C
L00111,40,O
L00112,0,C
L00112,1,C
L00112,2,C
L00112,3,S
L00112,4,C
L00112,5,N
L00112,6,C
L00112,7,C
L00112,8,C
L00112,9,C
L00112,10,C
L00112,11,C
L00112,12,C
L00112,13,N
L00112,14,C
L00112,15,O
L00112,16,C
L00112,17,C
L00112,18,C
L00112,19,C
L00112,20,N
L00112,21,C
L00112,22,O
L00112,23,C
L00112,24,C
L00112,25,C
L00112,26,C
L00112,27,C
L00112,28,N
L00112,29,C
L00112,30,O
L00112,31,C
L00112,32,C
L00112,33,C
L00112,34,C
L00112,35,C
L00112,36,N
L00112,37,C
L00112,38,O
L00112,39,C
L00112,40,O
L00113,0,C
L00113,1,C
L00113,2,C
L00113,3,O
L00113,4,C
L00113,5,N
L00113,6,C
L00113,7,C
L00113,8,C
L00113,9,C
L00113,10,C
L00113,11,C
L00113,12,C
L00113,13,N
L00113,14,C
L00113,15,O
L00113,16,C
L00113,17,C
L00113,18,C
L00113,19,C
L00113,20,N
L00113,21,C
L00113,22,O
L00113,23,C
L00113,24,C
L00113,25,C
L00113,26,C
L00113,27,C
L00113,28,O
L00114,0,C
L00114,1,C
L00114,2,C
L00114,3,S
L00114,4,C
L00114,5,N
L00114,6,C
L00114,7,C
L00114,8,C
L00114,9,C
L00114,10,C
L00114,11,C
L00114,12,C
L00114,13,N
L00114,14,C
L00114,15,O
L00114,16,C
L00114,17,C
L00114,18,C
L00114,19,C
L00114,20,N
L00114,21,C
L00114,22,O
L00114,23,C
L00114,24,C
L00114,25,C
L00114,26,C
L00114,27,C
L00114,28,N
L00114,29,C
L00114,30,O
L00114,31,C
L00114,32,C
L00114,33,C
L00114,34,C
L00114,35,C
L00114,36,C
L00114,37,C
L00114,38,C
L00114,39,N
L00114,40,C
L00114,41,O
L00114,42,C
L00114,43,O
L00115,0,C
L00115,1,C
L00115,2,C
L00115,3,S
L00115,4,C
L00115,5,N
L00115,6,C
L00115,7,C
L00115,8,C
L00115,9,C
L00115,10,C
L00115,11,C
L00115,12,C
L00115,13,N
L00115,14,C
L00115,15,O
L00115,16,C
L00115,17,C
L00115,18,C
L00115,19,C
L00115,20,N
L00115,21,C
L00115,22,O
L00115,23,C
L00115,24,C
L00115,25,C
L00115,26,C
L00115,27,N
L00115,28,C
L00115,29,O
L00115,30,C
L00115,31,O
L00115,32,O
L00116,0,C
L00116,1,C
L00116,2,C
L00116,3,C
L00116,4,C
L00116,5,C
L00116,6,O
L00116,7,N
L00116,8,C
L00116,9,C
L00116,10,C
L00116,11,C
L00116,12,C
L00116,13,O
L00116,14,N
L00116,15,C
L00116,16,C
L00116,17,C
L00116,18,C
L00116,19,C
L00116,20,C
L00116,21,C
L00116,22,C
L00116,23,C
L00116,24,N
L00116,25,C
L00116,26,S
L00116,27,O
L00117,0,C
L00117,1,C
L00117,2,C
L00117,3,S
L00117,4,C
L00117,5,N
L00117,6,C
L00117,7,C
L00117,8,C
L00117,9,C
L00117,10,C
L00117,11,C
L00117,12,C
L00117,13,N
L00117,14,C
L00117,15,O
L00117,16,C
L00117,17,C
L00117,18,C
L00117,19,C
L00117,20,N
L00117,21,C
L00117,22,O
L00117,23,C
L00117,24,C
L00117,25,C
L00117,26,C
L00117,27,C
L00117,28,O
L00118,0,C
L00118,1,C
L00118,2,C
L00118,3,C
L00118,4,C
L00118,5,C
L00118,6,C
L00118,7,C
L00118,8,C
L00118,9,N
L00118,10,C
L00118,11,S
L00118,12,C
L00118,13,N
L00118,14,C
L00118,15,O
L00118,16,C
L00118,17,C
L00118,18,C
L00118,19,C
L00118,20,N
L00118,21,C
L00118,22,O
L00118,23,C
L00118,24,C
L00118,25,C
L00118,26,C
L00118,27,C
L00118,28,O
L00119,0,C
L00119,1,C
L00119,2,N
L00119,3,N
L00119,4,N
L00119,5,C
L00119,6,C
L00119,7,C
L00119,8,O
L00119,9,C
L00119,10,O
L00120,0,C
L00120,1,O
L00120,2,C
L00120,3,C
L00120,4,C
L00120,5,C
L00120,6,C
L00120,7,C
L00120,8,S
L00120,9,O
L00120,10,O
L00120,11,N
L00120,12,C
L00120,13,C
L00120,14,O
L00120,15,N
L00120,16,C
L00120,17,C
L00120,18,C
L00120,19,C
L00120,20,C
L00120,21,C
L00120,22,C
L00120,23,C
L00120,24,C
L00120,25,C
L00120,26,N
L00120,27,C
L00120,28,C
L00120,29,O
L00120,30,N
L00120,31,S
L00120,32,O
L00120,33,O
L00120,34,C
L00120,35,C
L00120,36,C
L00120,37,C
L00120,38,C
L00120,39,C
L00120,40,O
L00120,41,C
L00121,0,C
L00121,1,C
L00121,2,C
L00121,3,O
L00121,4,C
L00121,5,C
L00121,6,C
L00121,7,C
L00121,8,C
L00121,9,C
L00121,10,C
L00121,11,N
L00121,12,C
L00121,13,C
L00121,14,N
L00121,15,C
L00121,16,O
L00121,17,N
L00121,18,C
L00121,19,C
L00121,20,N
L00121,21,C
L00121,22,O
L00121,23,C
L00121,24,C
L00121,25,C
L00121,26,C
L00121,27,C
L00121,28,C
L00121,29,C
L00121,30,Cl
L00121,31,C
L00121,32,C
L00121,33,C
L00121,34,C
L00121,35,C
L00121,36,C
L00121,37,O
L00121,38,C
L00121,39,O
L00121,40,C
L00122,0,C
L00122,1,C
L00122,2,C
L00122,3,O
L00122,4,C
L00122,5,C
L00122,6,C
L00122,7,C
L00122,8,C
L00122,9,C
L00122,10,C
L00122,11,N
L00122,12,C
L00122,13,C
L00122,14,N
L00122,15,C
L00122,16,O
L00122,17,N
L00122,18,C
L00122,19,C
L00122,20,N
L00122,21,C
L00122,22,O
L00122,23,C
L00122,24,C
L00122,25,C
L00122,26,C
L00122,27,C
L00122,28,C
L00122,29,C
L00122,30,Cl
L00122,31,C
L00122,32,C
L00122,33,C
L00122,34,C
L00122,35,C
L00122,36,C
L00122,37,F
L00122,38,Br
L00122,39,O
L00122,40,C
L00123,0,C
L00123,1,C
L00123,2,C
L00123,3,O
L00123,4,C
L00123,5,C
L00123,6,C
L00123,7,C
L00123,8,C
L00123,9,C
L00123,10,C
L00123,11,N
L00123,12,C
L00123,13,C
L00123,14,N
L00123,15,C
L00123,16,O
L00123,17,N
L00123,18,C
L00123,19,C
L00123,20,N
L00123,21,C
L00123,22,O
L00123,23,C
L00123,24,C
L00123,25,C
L00123,26,C
L00123,27,C
L00123,28,C
L00123,29,C
L00123,30,Cl
L00123,31,C
L00123,32,C
L00123,33,C
L00123,34,C
L00123,35,C
L00123,36,C
L00123,37,Cl
L00123,38,C
L00123,39,N
L00124,0,C
L00124,1,C
L00124,2,C
L00124,3,O
L00124,4,C
L00124,5,C
L00124,6,C
L00124,7,C
L00124,8,C
L00124,9,C
L00124,10,C
L00124,11,N
L00124,12,C
L00124,13,C
L00124,14,N
L00124,15,C
L00124,16,O
L00124,17,N
L00124,18,C
L00124,19,C
L00124,20,N
L00124,21,C
L00124,22,O
L00124,23,C
L00124,24,C
L00124,25,C
L00124,26,C
L00124,27,C
L00124,28,C
L00124,29,C
L00124,30,Cl
L00124,31,C
L00124,32,C
L00124,33,C
L00124,34,C
L00124,35,C
L00124,36,C
L00124,37,Cl
L00124,38,O
L00124,39,C
L00125,0,C
L00125,1,C
L00125,2,C
L00125,3,C
L00125,4,C
L00125,5,C
L00125,6,C
L00125,7,C
L00125,8,S
L00125,9,O
L00125,10,O
L00125,11,C
L00125,12,C
L00125,13,N
L00125,14,C
L00125,15,N
L00125,16,C
L00125,17,O
L00125,18,S
L00125,19,C
L00125,20,C
L00125,21,O
L00125,22,N
L00125,23,C
L00125,24,C
L00125,25,C
L00125,26,C
L00125,27,C
L00125,28,C
L00125,29,C
L00125,30,F
L00125,31,F
L00125,32,F
L00126,0,C
L00126,1,C
L00126,2,C
L00126,3,C
L00126,4,C
L00126,5,C
L00126,6,C
L00126,7,C
L00126,8,C
L00126,9,O
L00126,10,O
L00126,11,N
L00126,12,O
L00126,13,C
L00126,14,C
L00126,15,N
L00126,16,N
L00126,17,N
L00127,0,C
L00127,1,N
L00127,2,C
L00127,3,O
L00127,4,C
L00127,5,C
L00127,6,C
L00127,7,C
L00127,8,C
L00127,9,C
L00127,10,C
L00127,11,C
L00127,12,C
L00127,13,C
L00127,14,Cl
L00127,15,O
L00127,16,C
L00127,17,C
L00127,18,N
L00127,19,C
L00127,20,C
L00127,21,C
L00127,22,C
L00127,23,C
L00127,24,C
L00127,25,Cl
L00127,26,C
L00127,27,C
L00127,28,C
L00127,29,C
L00127,30,C
L00127,31,C
L00127,32,C
L00127,33,Cl
L00128,0,C
L00128,1,C
L00128,2,C
L00128,3,C
L00128,4,C
L00128,5,C
L00128,6,C
L00128,7,C
L00128,8,C
L00128,9,C
L00128,10,O
L00128,11,C
L00128,12,O
L00128,13,C
L00128,14,C
L00128,15,C
L00128,16,C
L00128,17,C
L00128,18,C
L00128,19,C
L00128,20,Cl
L00128,21,O
L00128,22,C
L00128,23,C
L00128,24,N
L00128,25,C
L00128,26,C
L00128,27,C
L00128,28,C
L00128,29,C
L00128,30,C
L00128,31,Cl
L00128,32,Cl
L00129,0,C
L00129,1,C
L00129,2,O
L00129,3,C
L00129,4,C
L00129,5,C
L00129,6,C
L00129,7,C
L00129,8,C
L00129,9,O
L00129,10,C
L00129,11,C
L00129,12,C
L00129,13,N
L00129,14,C
L00129,15,O
L00129,16,C
L00129,17,C
L00129,18,C
L00129,19,C
L00129,20,C
L00129,21,C
L00129,22,C
L00129,23,O
L00129,24,C
L00129,25,C
L00129,26,N
L00129,27,N
L00129,28,N
L00129,29,N
L00129,30,C
L00129,31,C
L00129,32,C
L00129,33,C
L00129,34,C
L00129,35,C
L00129,36,C
L00129,37,Cl
L00130,0,C
L00130,1,C
L00130,2,C
L00130,3,O
L00130,4,C
L00130,5,C
L00130,6,C
L00130,7,C
L00130,8,C
L00130,9,C
L00130,10,O
L00130,11,C
L00130,12,C
L00130,13,C
L00130,14,O
L00130,15,N
L00130,16,C
L00130,17,C
L00130,18,C
L00130,19,C
L00130,20,C
L00130,21,C
L00130,22,C
L00130,23,Cl
L00130,24,C
L00130,25,C
L00130,26,C
L00130,27,C
L00130,28,C
L00130,29,C
L00130,30,N
L00130,31,C
L00130,32,C
L00130,33,C
L00130,34,C
L00130,35,C
L00130,36,C
L00130,37,C
L00130,38,C
L00130,39,N
L00130,40,C
L00130,41,C
L00130,42,N
L00130,43,C
L00130,44,O
L00130,45,C
L00130,46,C
L00131,0,C
L00131,1,C
L00131,2,C
L00131,3,C
L00131,4,O
L00131,5,C
L00131,6,C
L00131,7,C
L00131,8,C
L00131,9,C
L00131,10,C
L00131,11,O
L00131,12,C
L00131,13,C
L00131,14,C
L00131,15,O
L00131,16,N
L00131,17,C
L00131,18,C
L00131,19,C
L00131,20,C
L00131,21,C
L00131,22,C
L00131,23,C
L00131,24,Cl
L00131,25,C
L00131,26,C
L00131,27,C
L00131,28,C
L00131,29,C
L00131,30,C
L00131,31,N
L00131,32,C
L00131,33,C
L00131,34,C
L00131,35,C
L00131,36,C
L00131,37,N
L00131,38,C
L00131,39,C
L00132,0,C
L00132,1,C
L00132,2,C
L00132,3,N
L00132,4,N
L00132,5,C
L00132,6,C
L00132,7,C
L00132,8,N
L00132,9,C
L00132,10,C
L00132,11,Br
L00133,0,C
L00133,1,C
L00133,2,C
L00133,3,O
L00133,4,N
L00133,5,C
L00133,6,C
L00133,7,C
L00133,8,C
L00133,9,C
L00133,10,O
L00133,11,N
L00133,12,N
L00134,0,C
L00134,1,C
L00134,2,C
L00134,3,N
L00134,4,C
L00134,5,C
L00134,6,C
L00134,7,O
L00134,8,C
L00134,9,N
L00134,10,C
L00134,11,C
L00134,12,N
L00134,13,C
L00134,14,C
L00135,0,C
L00135,1,C
L00135,2,C
L00135,3,O
L00135,4,N
L00135,5,C
L00135,6,C
L00135,7,C
L00135,8,C
L00135,9,C
L00135,10,N
L00135,11,N
L00135,12,N
L00136,0,C
L00136,1,C
L00136,2,C
L00136,3,N
L00136,4,C
L00136,5,C
L00136,6,N
L00136,7,C
L00136,8,C
L00136,9,O
L00136,10,N
L00136,11,C
L00136,12,C
L00136,13,C
L00136,14,C
L00136,15,C
L00136,16,C
L00136,17,C
L00136,18,C
L00136,19,Cl
L00136,20,C
L00136,21,C
L00137,0,C
L00137,1,C
L00137,2,C
L00137,3,N
L00137,4,C
L00137,5,C
L00137,6,N
L00137,7,C
L00137,8,C
L00137,9,O
L00137,10,N
L00137,11,C
L00137,12,C
L00137,13,C
L00137,14,C
L00138,0,C
L00138,1,C
L00138,2,C
L00138,3,N
L00138,4,C
L00138,5,C
L00138,6,N
L00138,7,C
L00138,8,C
L00138,9,O
L00138,10,N
L00138,11,C
L00138,12,C
L00138,13,C
L00138,14,C
L00138,15,C
L00138,16,C
L00138,17,C
L00138,18,C
L00139,0,C
L00139,1,C
L00139,2,C
L00139,3,N
L00139,4,C
L00139,5,C
L00139,6,N
L00139,7,C
L00139,8,C
L00139,9,O
L00139,10,N
L00139,11,C
L00139,12,C
L00139,13,C
L00139,14,C
L00139,15,C
L00139,16,C
L00139,17,N
L00139,18,C
L00139,19,Cl
L00140,0,C
L00140,1,C
L00140,2,C
L00140,3,N
L00140,4,C
L00140,5,C
L00140,6,N
L00140,7,C
L00140,8,O
L00140,9,C
L00140,10,C
L00140,11,C
L00140,12,O
L00140,13,N
L00140,14,C
L00140,15,C
L00140,16,C
L00140,17,C
L00140,18,C
L00140,19,C
L00140,20,N
L00140,21,C
L00140,22,Cl
L00140,23,C
L00140,24,C
L00141,0,C
L00141,1,C
L00141,2,C
L00141,3,N
L00141,4,C
L00141,5,C
L00141,6,N
L00141,7,C
L00141,8,O
L00141,9,C
L00141,10,C
L00141,11,C
L00141,12,O
L00141,13,N
L00141,14,C
L00141,15,C
L00141,16,C
L00141,17,C
L00141,18,C
L00141,19,C
L00141,20,N
L00141,21,C
L00141,22,C
L00141,23,C
L00141,24,C
L00141,25,C
L00141,26,C
L00141,27,C
L00141,28,C
L00141,29,C
L00141,30,C
L00142,0,C
L00142,1,C
L00142,2,C
L00142,3,S
L00142,4,C
L00142,5,N
L00142,6,C
L00142,7,C
L00142,8,C
L00142,9,C
L00142,10,C
L00142,11,C
L00142,12,C
L00142,13,N
L00142,14,C
L00142,15,O
L00142,16,C
L00142,17,C
L00142,18,C
L00142,19,C
L00142,20,N
L00142,21,C
L00142,22,O
L00142,23,C
L00142,24,C
L00142,25,C
L00142,26,C
L00142,27,C
L00142,28,N
L00142,29,C
L00142,30,O
L00142,31,C
L00142,32,C
L00142,33,C
L00142,34,F
L00142,35,O
L00143,0,C
L00143,1,C
L00143,2,C
L00143,3,O
L00143,4,N
L00143,5,C
L00143,6,C
L00143,7,C
L00143,8,C
L00143,9,C
L00143,10,C
L00143,11,C
L00143,12,C
L00143,13,O
L00143,14,N
L00143,15,C
L00143,16,C
L00143,17,C
L00143,18,C
L00143,19,C
L00143,20,N
L00143,21,C
L00143,22,C
L00143,23,S
L00143,24,C
L00143,25,C
L00143,26,C
L00143,27,C
L00143,28,C
L00143,29,C
L00143,30,C
L00143,31,C
L00143,32,C
L00143,33,C
L00143,34,N
L00143,35,C
L00144,0,C
L00144,1,C
L00144,2,C
L00144,3,C
L00144,4,C
L00144,5,C
L00144,6,C
L00144,7,C
L00144,8,S
L00144,9,O
L00144,10,O
L00144,11,N
L00144,12,C
L00144,13,C
L00144,14,C
L00144,15,C
L00144,16,C
L00144,17,C
L00144,18,C
L00144,19,C
L00144,20,C
L00144,21,C
L00144,22,N
L00144,23,C
L00144,24,C
L00144,25,C
L00144,26,C
L00144,27,C
L00144,28,O
L00144,29,O
L00144,30,C
L00144,31,C
L00145,0,C
L00145,1,C
L00145,2,C
L00145,3,C
L00145,4,C
L00145,5,C
L00145,6,C
L00145,7,N
L00145,8,N
L00145,9,C
L00145,10,C
L00145,11,C
L00145,12,C
L00145,13,C
L00145,14,O
L00145,15,C
L00145,16,N
L00145,17,C
L00145,18,C
L00145,19,C
L00145,20,C
L00145,21,C
L00145,22,C
L00145,23,N
L00145,24,C
L00146,0,C
L00146,1,N
L00146,2,C
L00146,3,C
L00146,4,O
L00146,5,C
L00146,6,C
L00146,7,C
L00146,8,C
L00146,9,C
L00146,10,C
L00146,11,C
L00146,12,C
L00146,13,C
L00146,14,C
L00146,15,C
L00146,16,C
L00146,17,N
L00146,18,C
L00146,19,C
L00146,20,C
L00146,21,N
L00146,22,C
L00146,23,O
L00146,24,O
L00146,25,C
L00146,26,C
L00146,27,C
L00147,0,C
L00147,1,C
L00147,2,C
L00147,3,C
L00147,4,C
L00147,5,C
L00147,6,C
L00147,7,C
L00147,8,N
L00147,9,C
L00147,10,O
L00147,11,C
L00147,12,C
L00147,13,C
L00147,14,C
L00147,15,C
L00147,16,C
L00147,17,C
L00147,18,C
L00147,19,C
L00147,20,C
L00147,21,C
L00147,22,C
L00147,23,N
L00147,24,C
L00147,25,C
L00147,26,C
L00147,27,N
L00147,28,C
L00147,29,O
L00147,30,O
L00147,31,C
L00147,32,C
L00147,33,C
L00147,34,C
L00147,35,C
L00147,36,N
L00147,37,N
L00147,38,N
L00147,39,C
L00148,0,C
L00148,1,C
L00148,2,C
L00148,3,C
L00148,4,C
L00148,5,C
L00148,6,C
L00148,7,C
L00148,8,N
L00148,9,C
L00148,10,O
L00148,11,C
L00148,12,C
L00148,13,C
L00148,14,C
L00148,15,C
L00148,16,C
L00148,17,C
L00148,18,C
L00148,19,C
L00148,20,C
L00148,21,C
L00148,22,C
L00148,23,N
L00148,24,C
L00148,25,C
L00148,26,C
L00148,27,N
L00148,28,C
L00148,29,O
L00148,30,O
L00148,31,C
L00148,32,C
L00148,33,C
L00149,0,C
L00149,1,C
L00149,2,C
L00149,3,O
L00149,4,C
L00149,5,C
L00149,6,C
L00149,7,C
L00149,8,C
L00149,9,C
L00149,10,C
L00149,11,C
L00149,12,C
L00149,13,C
L00149,14,C
L00149,15,N
L00149,16,N
L00149,17,C
L00149,18,C
L00149,19,C
L00149,20,N
L00149,21,C
L00149,22,O
L00149,23,O
L00149,24,C
L00149,25,F
L00149,26,F
L00149,27,F
L00150,0,C
L00150,1,C
L00150,2,C
L00150,3,C
L00150,4,C
L00150,5,C
L00150,6,C
L00150,7,C
L00150,8,N
L00150,9,C
L00150,10,O
L00150,11,C
L00150,12,C
L00150,13,C
L00150,14,C
L00150,15,C
L00150,16,C
L00150,17,F
L00150,18,C
L00150,19,C
L00150,20,C
L00150,21,C
L00150,22,C
L00150,23,C
L00150,24,N
L00150,25,C
L00150,26,C
L00150,27,C
L00150,28,N
L00150,29,C
L00150,30,O
L00150,31,O
L00150,32,C
L00150,33,C
L00150,34,C
L00151,0,C
L00151,1,N
L00151,2,C
L00151,3,C
L00151,4,O
L00151,5,C
L00151,6,C
L00151,7,C
L00151,8,C
L00151,9,C
L00151,10,C
L00151,11,C
L00151,12,C
L00151,13,C
L00151,14,C
L00151,15,C
L00151,16,N
L00151,17,N
L00151,18,C
L00151,19,C
L00151,20,C
L00151,21,N
L00151,22,C
L00151,23,O
L00151,24,O
L00151,25,C
L00151,26,F
L00151,27,F
L00151,28,F
L00152,0,C
L00152,1,N
L00152,2,C
L00152,3,C
L00152,4,N
L00152,5,N
L00152,6,C
L00152,7,C
L00152,8,C
L00152,9,C
L00152,10,C
L00152,11,C
L00152,12,N
L00152,13,N
L00152,14,C
L00152,15,C
L00152,16,C
L00152,17,C
L00152,18,C
L00152,19,C
L00152,20,C
L00152,21,C
L00152,22,C
L00152,23,C
L00152,24,C
L00152,25,C
L00152,26,C
L00152,27,O
L00152,28,N
L00152,29,C
L00152,30,C
L00152,31,C
L00152,32,O
L00152,33,O
L00153,0,C
L00153,1,C
L00153,2,C
L00153,3,C
L00153,4,C
L00153,5,C
L00153,6,C
L00153,7,O
L00153,8,N
L00153,9,C
L00153,10,O
L00153,11,C
L00153,12,C
L00153,13,C
L00153,14,C
L00153,15,O
L00153,16,N
L00153,17,C
L00153,18,O
L00154,0,C
L00154,1,O
L00154,2,C
L00154,3,C
L00154,4,C
L00154,5,N
L00154,6,C
L00154,7,N
L00154,8,N
L00154,9,N
L00154,10,C
L00154,11,N
L00154,12,C
L00154,13,C
L00154,14,C
L00154,15,C
L00154,16,O
L00154,17,C
L00154,18,O
L00154,19,P
L00154,20,O
L00154,21,O
L00154,22,O
L00154,23,O
L00155,0,C
L00155,1,C
L00155,2,C
L00155,3,C
L00155,4,C
L00155,5,C
L00155,6,Cl
L00155,7,C
L00155,8,C
L00155,9,C
L00155,10,C
L00155,11,C
L00155,12,N
L00155,13,C
L00155,14,C
L00155,15,O
L00155,16,O
L00155,17,N
L00155,18,C
L00155,19,C
L00155,20,C
L00155,21,C
L00155,22,C
L00155,23,C
L00155,24,C
L00155,25,N
L00155,26,C
L00155,27,O
L00155,28,Cl
L00155,29,C
L00155,30,C
L00155,31,C
L00155,32,C
L00156,0,C
L00156,1,C
L00156,2,C
L00156,3,C
L00156,4,C
L00156,5,N
L00156,6,C
L00156,7,C
L00156,8,C
L00156,9,C
L00156,10,C
L00156,11,C
L00156,12,C
L00156,13,C
L00156,14,C
L00156,15,C
L00156,16,N
L00156,17,C
L00156,18,O
L00156,19,Cl
L00156,20,C
L00156,21,C
L00156,22,C
L00156,23,C
L00156,24,C
L00156,25,C
L00156,26,Cl
L00156,27,N
L00157,0,C
L00157,1,C
L00157,2,O
L00157,3,C
L00157,4,C
L00157,5,C
L00157,6,C
L00157,7,C
L00157,8,C
L00157,9,C
L00157,10,N
L00157,11,C
L00157,12,C
L00157,13,C
L00157,14,C
L00157,15,C
L00157,16,C
L00157,17,C
L00157,18,C
L00157,19,C
L00157,20,C
L00157,21,N
L00157,22,C
L00157,23,O
L00157,24,Cl
L00157,25,C
L00157,26,C
L00157,27,C
L00157,28,C
L00157,29,C
L00157,30,C
L00157,31,F
L00157,32,Cl
L00157,33,N
L00157,34,C
L00158,0,C
L00158,1,C
L00158,2,C
L00158,3,C
L00158,4,C
L00158,5,C
L00158,6,Cl
L00158,7,F
L00158,8,C
L00158,9,C
L00158,10,C
L00158,11,C
L00158,12,C
L00158,13,N
L00158,14,C
L00158,15,C
L00158,16,C
L00158,17,C
L00158,18,C
L00158,19,C
L00158,20,C
L00158,21,O
L00158,22,O
L00158,23,N
L00158,24,C
L00158,25,C
L00158,26,C
L00158,27,C
L00158,28,C
L00158,29,C
L00158,30,C
L00158,31,N
L00158,32,C
L00158,33,O
L00158,34,Cl
L00158,35,C
L00158,36,C
L00158,37,C
L00158,38,C
L00159,0,C
L00159,1,C
L00159,2,C
L00159,3,S
L00159,4,C
L00159,5,N
L00159,6,C
L00159,7,C
L00159,8,C
L00159,9,C
L00159,10,C
L00159,11,C
L00159,12,C
L00159,13,N
L00159,14,C
L00159,15,O
L00159,16,C
L00159,17,C
L00159,18,C
L00159,19,C
L00159,20,N
L00159,21,C
L00159,22,O
L00159,23,C
L00159,24,C
L00159,25,C
L00159,26,C
L00159,27,C
L00159,28,N
L00159,29,C
L00159,30,O
L00159,31,C
L00159,32,C
L00159,33,C
L00159,34,C
L00159,35,N
L00159,36,O
L00160,0,C
L00160,1,C
L00160,2,C
L00160,3,C
L00160,4,C
L00160,5,C
L00160,6,C
L00160,7,C
L00160,8,C
L00160,9,C
L00160,10,N
L00160,11,N
L00160,12,C
L00160,13,C
L00160,14,C
L00160,15,C
L00160,16,C
L00160,17,C
L00160,18,C
L00160,19,C
L00160,20,C
L00160,21,C
L00160,22,O
L00160,23,C
L00160,24,C
L00160,25,O
L00160,26,N
L00160,27,C
L00160,28,C
L00160,29,C
L00160,30,C
L00160,31,C
L00160,32,C
L00160,33,O
L00160,34,C
L00160,35,C
L00160,36,N
L00160,37,C
L00160,38,C
L00160,39,Cl
L00160,40,Cl
L00161,0,C
L00161,1,C
L00161,2,N
L00161,3,C
L00161,4,C
L00161,5,O
L00161,6,C
L00161,7,C
L00161,8,O
L00161,9,C
L00161,10,O
L00161,11,C
L00162,0,C
L00162,1,C
L00162,2,C
L00162,3,N
L00162,4,C
L00162,5,C
L00162,6,N
L00162,7,C
L00162,8,N
L00162,9,C
L00162,10,C
L00162,11,C
L00162,12,C
L00162,13,O
L00162,14,C
L00162,15,C
L00162,16,O
L00162,17,N
L00162,18,C
L00162,19,C
L00162,20,C
L00162,21,C
L00162,22,C
L00162,23,C
L00162,24,C
L00162,25,N
L00162,26,C
L00162,27,C
L00162,28,C
L00162,29,C
L00162,30,C
L00162,31,C
L00162,32,C
L00162,33,C
L00162,34,C
L00163,0,C
L00163,1,C
L00163,2,C
L00163,3,C
L00163,4,C
L00163,5,C
L00163,6,C
L00163,7,C
L00163,8,C
L00163,9,C
L00163,10,C
L00163,11,C
L00163,12,C
L00163,13,N
L00163,14,C
L00163,15,O
L00163,16,Cl
L00163,17,C
L00163,18,C
L00163,19,N
L00163,20,C
L00163,21,O
L00163,22,N
L00163,23,C
L00163,24,C
L00163,25,C
L00163,26,C
L00163,27,C
L00163,28,C
L00163,29,O
L00163,30,C
L00163,31,C
L00163,32,C
L00163,33,C
L00163,34,C
L00163,35,C
L00163,36,F
L00163,37,Cl
L00164,0,C
L00164,1,C
L00164,2,C
L00164,3,N
L00164,4,N
L00164,5,C
L00164,6,C
L00164,7,C
L00164,8,C
L00164,9,N
L00164,10,C
L00164,11,C
L00164,12,N
L00164,13,C
L00164,14,C
L00164,15,O
L00164,16,N
L00164,17,C
L00164,18,C
L00164,19,C
L00164,20,C
L00164,21,C
L00164,22,C
L00164,23,N
L00164,24,C
L00164,25,C
L00164,26,C
L00164,27,C
L00164,28,C
L00164,29,C
L00164,30,C
L00164,31,C
L00164,32,C
L00164,33,C
L00164,34,C
L00165,0,C
L00165,1,C
L00165,2,C
L00165,3,N
L00165,4,C
L00165,5,C
L00165,6,N
L00165,7,C
L00165,8,O
L00165,9,C
L00165,10,C
L00165,11,C
L00165,12,O
L00165,13,N
L00165,14,C
L00165,15,C
L00165,16,C
L00165,17,C
L00165,18,C
L00165,19,C
L00165,20,C
L00165,21,N
L00165,22,C
L00165,23,C
L00165,24,C
L00165,25,C
L00165,26,C
L00165,27,C
L00165,28,C
L00165,29,C
L00165,30,C
L00166,0,C
L00166,1,C
L00166,2,C
L00166,3,N
L00166,4,C
L00166,5,C
L00166,6,N
L00166,7,C
L00166,8,O
L00166,9,N
L00166,10,C
L00166,11,C
L00166,12,O
L00166,13,C
L00166,14,C
L00166,15,C
L00166,16,C
L00166,17,O
L00166,18,N
L00166,19,C
L00166,20,C
L00166,21,C
L00166,22,C
L00166,23,C
L00166,24,C
L00166,25,C
L00166,26,N
L00166,27,C
L00166,28,C
L00166,29,C
L00166,30,C
L00166,31,C
L00166,32,C
L00166,33,C
L00166,34,C
L00166,35,C
L00167,0,C
L00167,1,C
L00167,2,C
L00167,3,C
L00167,4,C
L00167,5,C
L00167,6,N
L00167,7,N
L00167,8,N
L00167,9,C
L00167,10,C
L00167,11,C
L00167,12,C
L00167,13,O
L00167,14,N
L00167,15,C
L00167,16,O
L00168,0,C
L00168,1,O
L00168,2,C
L00168,3,C
L00168,4,C
L00168,5,C
L00168,6,C
L00168,7,C
L00168,8,O
L00168,9,C
L00168,10,C
L00168,11,N
L00168,12,C
L00168,13,O
L00168,14,N
L00168,15,C
L00168,16,C
L00168,17,C
L00168,18,C
L00168,19,C
L00168,20,C
L00168,21,C
L00168,22,O
L00168,23,C
L00168,24,C
L00168,25,C
L00168,26,C
L00168,27,N
L00168,28,C
L00168,29,O
L00168,30,N
L00168,31,C
L00168,32,C
L00168,33,C
L00168,34,C
L00168,35,C
L00168,36,C
L00168,37,C
L00168,38,C
L00168,39,C
L00168,40,C
L00168,41,N
L00168,42,C
L00168,43,O
L00168,44,S
L00168,45,C
L00168,46,O
L00168,47,C
L00168,48,O
L00169,0,C
L00169,1,C
L00169,2,N
L00169,3,C
L00169,4,C
L00169,5,C
L00169,6,C
L00169,7,C
L00169,8,C
L00169,9,C
L00169,10,O
L00169,11,N
L00169,12,C
L00169,13,C
L00169,14,C
L00169,15,C
L00169,16,O
L00169,17,N
L00169,18,C
L00169,19,O
L00169,20,N
L00170,0,C
L00170,1,N
L00170,2,C
L00170,3,O
L00170,4,C
L00170,5,C
L00170,6,C
L00170,7,O
L00170,8,N
L00170,9,C
L00170,10,C
L00170,11,C
L00170,12,C
L00170,13,C
L00170,14,O
L00170,15,N
L00170,16,C
L00170,17,C
L00170,18,O
L00170,19,C
L00170,20,O
L00170,21,C
L00170,22,C
L00170,23,C
L00170,24,C
L00170,25,C
L00170,26,C
L00170,27,C
L00170,28,S
L00170,29,C
L00170,30,C
L00170,31,N
L00170,32,C
L00170,33,O
L00170,34,C
L00170,35,O
L00170,36,N
L00170,37,C
L00170,38,C
L00171,0,C
L00171,1,C
L00171,2,O
L00171,3,N
L00171,4,C
L00171,5,C
L00171,6,C
L00171,7,C
L00171,8,C
L00171,9,O
L00171,10,N
L00171,11,C
L00171,12,C
L00171,13,O
L00171,14,C
L00171,15,O
L00171,16,C
L00171,17,C
L00171,18,C
L00171,19,C
L00171,20,C
L00171,21,C
L00171,22,C
L00171,23,S
L00171,24,C
L00171,25,C
L00171,26,N
L00171,27,C
L00171,28,O
L00171,29,C
L00171,30,O
L00171,31,N
L00171,32,C
L00171,33,C
L00171,34,C
L00171,35,C
L00171,36,C
L00171,37,C
L00171,38,C
L00171,39,C
L00171,40,N
L00171,41,O
L00171,42,N
L00172,0,C
L00172,1,C
L00172,2,O
L00172,3,N
L00172,4,C
L00172,5,C
L00172,6,C
L00172,7,C
L00172,8,C
L00172,9,O
L00172,10,N
L00172,11,C
L00172,12,C
L00172,13,O
L00172,14,C
L00172,15,O
L00172,16,C
L00172,17,C
L00172,18,C
L00172,19,C
L00172,20,C
L00172,21,C
L00172,22,C
L00172,23,S
L00172,24,O
L00172,25,C
L00172,26,C
L00172,27,N
L00172,28,C
L00172,29,O
L00172,30,C
L00172,31,O
L00172,32,N
L00172,33,C
L00172,34,C
L00173,0,C
L00173,1,C
L00173,2,C
L00173,3,O
L00173,4,N
L00173,5,C
L00173,6,C
L00173,7,O
L00173,8,N
L00173,9,C
L00173,10,C
L00173,11,C
L00173,12,C
L00173,13,C
L00173,14,O
L00173,15,N
L00173,16,C
L00173,17,C
L00173,18,C
L00173,19,C
L00173,20,C
L00173,21,C
L00173,22,C
L00173,23,C
L00173,24,C
L00173,25,C
L00173,26,O
L00173,27,C
L00173,28,C
L00173,29,C
L00173,30,C
L00173,31,C
L00173,32,C
L00173,33,C
L00173,34,C
L00173,35,C
L00173,36,C
L00173,37,N
L00173,38,C
L00174,0,C
L00174,1,C
L00174,2,C
L00174,3,O
L00174,4,N
L00174,5,C
L00174,6,C
L00174,7,O
L00174,8,N
L00174,9,C
L00174,10,C
L00174,11,C
L00174,12,C
L00174,13,C
L00174,14,O
L00174,15,N
L00174,16,C
L00174,17,C
L00174,18,C
L00174,19,C
L00174,20,C
L00174,21,C
L00174,22,C
L00174,23,C
L00174,24,C
L00174,25,C
L00174,26,C
L00174,27,C
L00174,28,C
L00174,29,C
L00174,30,N
L00174,31,C
L00175,0,C
L00175,1,C
L00175,2,C
L00175,3,S
L00175,4,C
L00175,5,N
L00175,6,C
L00175,7,C
L00175,8,C
L00175,9,C
L00175,10,C
L00175,11,C
L00175,12,C
L00175,13,N
L00175,14,C
L00175,15,O
L00175,16,C
L00175,17,C
L00175,18,C
L00175,19,C
L00175,20,N
L00175,21,C
L00175,22,O
L00175,23,C
L00175,24,C
L00175,25,N
L00175,26,C
L00175,27,O
L00175,28,C
L00175,29,O
L00176,0,C
L00176,1,C
L00176,2,C
L00176,3,S
L00176,4,C
L00176,5,N
L00176,6,C
L00176,7,C
L00176,8,C
L00176,9,C
L00176,10,C
L00176,11,C
L00176,12,C
L00176,13,N
L00176,14,C
L00176,15,O
L00176,16,C
L00176,17,C
L00176,18,C
L00176,19,C
L00176,20,N
L00176,21,C
L00176,22,O
L00176,23,C
L00176,24,C
L00176,25,C
L00176,26,C
L00176,27,C
L00176,28,N
L00176,29,C
L00176,30,O
L00176,31,C
L00176,32,C
L00176,33,O
L00176,34,C
L00176,35,O
L00177,0,C
L00177,1,C
L00177,2,C
L00177,3,S
L00177,4,C
L00177,5,N
L00177,6,C
L00177,7,C
L00177,8,C
L00177,9,C
L00177,10,C
L00177,11,C
L00177,12,C
L00177,13,N
L00177,14,C
L00177,15,O
L00177,16,C
L00177,17,C
L00177,18,C
L00177,19,C
L00177,20,N
L00177,21,C
L00177,22,O
L00177,23,C
L00177,24,C
L00177,25,C
L00177,26,C
L00177,27,C
L00177,28,N
L00177,29,C
L00177,30,O
L00177,31,C
L00177,32,C
L00177,33,C
L00177,34,C
L00177,35,O
L00178,0,C
L00178,1,C
L00178,2,C
L00178,3,S
L00178,4,C
L00178,5,N
L00178,6,C
L00178,7,C
L00178,8,C
L00178,9,C
L00178,10,C
L00178,11,C
L00178,12,C
L00178,13,N
L00178,14,C
L00178,15,O
L00178,16,C
L00178,17,C
L00178,18,C
L00178,19,C
L00178,20,N
L00178,21,C
L00178,22,O
L00178,23,C
L00178,24,C
L00178,25,C
L00178,26,C
L00178,27,C
L00178,28,N
L00178,29,C
L00178,30,O
L00178,31,C
L00178,32,C
L00178,33,C
L00178,34,N
L00178,35,C
L00178,36,O
L00178,37,C
L00178,38,O
L00179,0,C
L00179,1,C
L00179,2,C
L00179,3,S
L00179,4,C
L00179,5,N
L00179,6,C
L00179,7,C
L00179,8,C
L00179,9,C
L00179,10,C
L00179,11,C
L00179,12,C
L00179,13,N
L00179,14,C
L00179,15,O
L00179,16,C
L00179,17,C
L00179,18,C
L00179,19,C
L00179,20,N
L00179,21,C
L00179,22,O
L00179,23,C
L00179,24,C
L00179,25,C
L00179,26,C
L00179,27,C
L00179,28,N
L00179,29,C
L00179,30,O
L00179,31,C
L00179,32,C
L00179,33,C
L00179,34,C
L00179,35,O
L00179,36,C
L00179,37,O
L00180,0,C
L00180,1,C
L00180,2,C
L00180,3,S
L00180,4,C
L00180,5,N
L00180,6,C
L00180,7,C
L00180,8,C
L00180,9,C
L00180,10,C
L00180,11,C
L00180,12,C
L00180,13,N
L00180,14,C
L00180,15,O
L00180,16,C
L00180,17,C
L00180,18,C
L00180,19,C
L00180,20,N
L00180,21,C
L00180,22,O
L00180,23,C
L00180,24,C
L00180,25,C
L00180,26,C
L00180,27,C
L00180,28,N
L00180,29,C
L00180,30,O
L00180,31,C
L00180,32,O
L00180,33,O
L00181,0,C
L00181,1,C
L00181,2,C
L00181,3,S
L00181,4,C
L00181,5,N
L00181,6,C
L00181,7,C
L00181,8,C
L00181,9,C
L00181,10,C
L00181,11,C
L00181,12,C
L00181,13,N
L00181,14,C
L00181,15,O
L00181,16,C
L00181,17,C
L00181,18,C
L00181,19,C
L00181,20,N
L00181,21,C
L00181,22,O
L00181,23,C
L00181,24,C
L00181,25,C
L00181,26,C
L00181,27,C
L00181,28,N
L00181,29,C
L00181,30,O
L00181,31,C
L00181,32,C
L00181,33,C
L00181,34,O
L00182,0,C
L00182,1,O
L00182,2,C
L00182,3,C
L00182,4,C
L00182,5,C
L00182,6,C
L00182,7,C
L00182,8,C
L00182,9,C
L00182,10,C
L00182,11,C
L00182,12,O
L00182,13,N
L00182,14,C
L00182,15,O
L00183,0,C
L00183,1,C
L00183,2,O
L00183,3,N
L00183,4,C
L00183,5,C
L00183,6,C
L00183,7,C
L00183,8,C
L00183,9,O
L00183,10,N
L00183,11,C
L00183,12,C
L00183,13,O
L00183,14,C
L00183,15,O
L00183,16,C
L00183,17,C
L00183,18,C
L00183,19,C
L00183,20,C
L00183,21,C
L00183,22,C
L00183,23,S
L00183,24,C
L00183,25,C
L00183,26,N
L00183,27,C
L00183,28,O
L00183,29,C
L00183,30,O
L00183,31,N
L00183,32,C
L00183,33,C
L00183,34,C
L00183,35,C
L00183,36,C
L00183,37,C
L00183,38,C
L00183,39,C
L00183,40,C
L00183,41,O
L00183,42,O
L00184,0,C
L00184,1,C
L00184,2,C
L00184,3,C
L00184,4,N
L00184,5,C
L00184,6,C
L00184,7,O
L00184,8,N
L00184,9,C
L00184,10,C
L00184,11,C
L00184,12,C
L00184,13,C
L00184,14,C
L00184,15,C
L00184,16,N
L00184,17,C
L00184,18,C
L00184,19,C
L00184,20,N
L00184,21,C
L00184,22,O
L00184,23,C
L00184,24,C
L00184,25,C
L00184,26,C
L00184,27,C
L00184,28,C
L00184,29,C
L00184,30,N
L00184,31,C
L00184,32,O
L00184,33,C
L00184,34,C
L00184,35,N
L00184,36,C
L00185,0,C
L00185,1,C
L00185,2,O
L00185,3,N
L00185,4,C
L00185,5,C
L00185,6,C
L00185,7,C
L00185,8,C
L00185,9,O
L00185,10,N
L00185,11,C
L00185,12,C
L00185,13,O
L00185,14,C
L00185,15,O
L00185,16,C
L00185,17,C
L00185,18,C
L00185,19,C
L00185,20,C
L00185,21,C
L00185,22,C
L00185,23,S
L00185,24,C
L00185,25,C
L00185,26,N
L00185,27,C
L00185,28,O
L00185,29,C
L00185,30,O
L00185,31,N
L00185,32,C
L00185,33,C
L00185,34,C
L00185,35,C
L00185,36,C
L00185,37,C
L00185,38,C
L00185,39,C
L00185,40,C
L00185,41,O
L00185,42,O
L00186,0,C
L00186,1,C
L00186,2,C
L00186,3,N
L00186,4,C
L00186,5,C
L00186,6,N
L00186,7,C
L00186,8,C
L00186,9,C
L00186,10,N
L00186,11,C
L00186,12,N
L00186,13,C
L00186,14,O
L00186,15,C
L00186,16,O
L00186,17,C
L00186,18,C
L00186,19,O
L00186,20,N
L00186,21,C
L00186,22,C
L00186,23,C
L00186,24,C
L00186,25,C
L00186,26,C
L00186,27,C
L00186,28,Cl
L00186,29,C
L00186,30,C
L00186,31,C
L00186,32,C
L00186,33,N
L00186,34,C
L00186,35,O
L00186,36,C
L00186,37,Cl
L00187,0,C
L00187,1,C
L00187,2,C
L00187,3,C
L00187,4,C
L00187,5,C
L00187,6,O
L00187,7,N
L00187,8,C
L00187,9,O
L00187,10,C
L00187,11,C
L00187,12,C
L00187,13,C
L00187,14,C
L00187,15,C
L00187,16,N
L00188,0,C
L00188,1,C
L00188,2,C
L00188,3,N
L00188,4,C
L00188,5,C
L00188,6,N
L00188,7,C
L00188,8,N
L00188,9,C
L00188,10,C
L00188,11,O
L00188,12,C
L00188,13,C
L00188,14,C
L00188,15,C
L00188,16,C
L00188,17,O
L00188,18,N
L00188,19,C
L00188,20,C
L00188,21,C
L00188,22,C
L00188,23,C
L00188,24,C
L00188,25,C
L00188,26,N
L00188,27,C
L00188,28,O
L00188,29,C
L00188,30,C
L00188,31,C
L00188,32,C
L00188,33,C
L00188,34,C
L00188,35,C
L00188,36,F
L00188,37,C
L00188,38,C
L00189,0,C
L00189,1,C
L00189,2,N
L00189,3,C
L00189,4,C
L00189,5,C
L00189,6,N
L00189,7,C
L00189,8,N
L00189,9,C
L00189,10,C
L00189,11,C
L00189,12,C
L00189,13,O
L00189,14,C
L00189,15,O
L00189,16,O
L00189,17,O
L00189,18,N
L00190,0,C
L00190,1,N
L00190,2,C
L00190,3,C
L00190,4,C
L00190,5,N
L00190,6,N
L00190,7,C
L00190,8,N
L00190,9,C
L00190,10,C
L00190,11,C
L00190,12,C
L00190,13,O
L00190,14,C
L00190,15,O
L00190,16,P
L00190,17,O
L00190,18,O
L00190,19,O
L00190,20,P
L00190,21,O
L00190,22,O
L00190,23,O
L00190,24,N
L00191,0,C
L00191,1,C
L00191,2,C
L00191,3,C
L00191,4,N
L00191,5,C
L00191,6,N
L00191,7,C
L00191,8,N
L00191,9,N
L00191,10,C
L00191,11,N
L00191,12,C
L00191,13,C
L00191,14,C
L00191,15,C
L00191,16,C
L00191,17,O
L00191,18,O
L00191,19,O
L00192,0,C
L00192,1,C
L00192,2,C
L00192,3,C
L00192,4,C
L00192,5,C
L00192,6,C
L00192,7,O
L00192,8,C
L00192,9,C
L00192,10,O
L00192,11,C
L00192,12,O
L00192,13,O
L00193,0,C
L00193,1,N
L00193,2,C
L00193,3,C
L00193,4,C
L00193,5,N
L00193,6,N
L00193,7,C
L00193,8,N
L00193,9,C
L00193,10,C
L00193,11,C
L00193,12,C
L00193,13,O
L00193,14,C
L00193,15,O
L00193,16,P
L00193,17,O
L00193,18,O
L00193,19,O
L00193,20,P
L00193,21,O
L00193,22,O
L00193,23,O
L00193,24,P
L00193,25,O
L00193,26,O
L00193,27,O
L00193,28,P
L00193,29,O
L00193,30,O
L00193,31,O
L00193,32,O
L00193,33,O
L00193,34,N
L00194,0,C
L00194,1,C
L00194,2,C
L00194,3,O
L00194,4,C
L00194,5,C
L00194,6,C
L00194,7,C
L00194,8,C
L00194,9,C
L00194,10,C
L00194,11,N
L00194,12,C
L00194,13,C
L00194,14,N
L00194,15,C
L00194,16,O
L00194,17,N
L00194,18,C
L00194,19,C
L00194,20,N
L00194,21,C
L00194,22,O
L00194,23,C
L00194,24,C
L00194,25,C
L00194,26,C
L00194,27,C
L00194,28,C
L00194,29,C
L00194,30,Cl
L00194,31,Cl
L00194,32,C
L00194,33,C
L00194,34,C
L00194,35,C
L00194,36,C
L00194,37,C
L00194,38,Cl
L00194,39,Cl
L00194,40,O
L00194,41,C
L00195,0,C
L00195,1,C
L00195,2,C
L00195,3,C
L00195,4,C
L00195,5,C
L00195,6,O
L00195,7,C
L00195,8,C
L00195,9,O
L00195,10,N
L00195,11,C
L00195,12,C
L00195,13,C
L00195,14,C
L00195,15,C
L00195,16,C
L00196,0,C
L00196,1,C
L00196,2,C
L00196,3,C
L00196,4,C
L00196,5,C
L00196,6,F
L00196,7,N
L00196,8,C
L00196,9,C
L00196,10,C
L00196,11,C
L00196,12,C
L00196,13,N
L00196,14,C
L00196,15,C
L00196,16,C
L00196,17,N
L00196,18,C
L00196,19,N
L00196,20,N
L00196,21,C
L00196,22,C
L00196,23,O
L00196,24,C
L00196,25,C
L00197,0,C
L00197,1,C
L00197,2,C
L00197,3,C
L00197,4,C
L00197,5,C
L00197,6,N
L00197,7,C
L00197,8,C
L00197,9,N
L00197,10,N
L00197,11,C
L00197,12,O
L00197,13,Cl
L00198,0,C
L00198,1,C
L00198,2,C
L00198,3,C
L00198,4,N
L00198,5,C
L00198,6,O
L00198,7,C
L00198,8,C
L00198,9,C
L00198,10,C
L00198,11,C
L00198,12,C
L00198,13,C
L00198,14,C
L00198,15,N
L00198,16,C
L00198,17,C
L00198,18,O
L00198,19,O
L00198,20,Cl
L00198,21,N
L00198,22,C
L00198,23,C
L00198,24,C
L00198,25,C
L00198,26,C
L00198,27,C
L00198,28,C
L00198,29,F
L00198,30,F
L00198,31,F
L00198,32,C
L00198,33,O
L00199,0,C
L00199,1,C
L00199,2,C
L00199,3,C
L00199,4,O
L00199,5,N
L00199,6,C
L00199,7,C
L00199,8,C
L00199,9,C
L00199,10,C
L00199,11,C
L00199,12,C
L00199,13,C
L00199,14,C
L00199,15,N
L00199,16,C
L00199,17,O
L00199,18,C
L00199,19,O
L00199,20,N
L00199,21,C
L00199,22,C
L00199,23,C
L00199,24,C
L00199,25,C
L00199,26,C
L00199,27,C
L00199,28,C
L00199,29,C
L00199,30,C
L00199,31,C
L00199,32,C
L00199,33,C
L00199,34,N
L00199,35,C
L00200,0,C
L00200,1,C
L00200,2,C
L00200,3,C
L00200,4,C
L00200,5,C
L00200,6,C
L00200,7,C
L00200,8,C
L00200,9,C
L00200,10,C
L00200,11,C
L00200,12,C
L00200,13,C
L00200,14,C
L00200,15,O
L00200,16,O
L00200,17,N
L00201,0,C
L00201,1,C
L00201,2,C
L00201,3,C
L00201,4,C
L00201,5,C
L00201,6,C
L00201,7,C
L00201,8,N
L00201,9,C
L00201,10,N
L00201,11,C
L00201,12,C
L00201,13,C
L00201,14,C
L00201,15,C
L00201,16,C
L00201,17,C
L00201,18,Cl
L00201,19,C
L00201,20,C
L00201,21,C
L00201,22,C
L00201,23,C
L00201,24,C
L00201,25,C
L00201,26,N
L00201,27,C
L00201,28,C
L00201,29,O
L00201,30,N
L00201,31,C
L00201,32,C
L00201,33,N
L00201,34,C
L00201,35,C
L00201,36,O
L00201,37,C
L00201,38,C
L00201,39,Cl
L00202,0,C
L00202,1,C
L00202,2,C
L00202,3,C
L00202,4,O
L00202,5,N
L00202,6,C
L00202,7,C
L00202,8,C
L00202,9,C
L00202,10,C
L00202,11,C
L00202,12,C
L00202,13,C
L00202,14,N
L00202,15,C
L00202,16,O
L00202,17,C
L00202,18,O
L00202,19,N
L00202,20,C
L00202,21,C
L00202,22,C
L00202,23,C
L00202,24,C
L00202,25,C
L00202,26,C
L00202,27,C
L00202,28,C
L00202,29,C
L00202,30,C
L00202,31,C
L00202,32,C
L00202,33,C
L00202,34,C
L00202,35,N
L00202,36,C
L00202,37,C
L00202,38,C
L00202,39,C
L00202,40,C
L00202,41,C
L00202,42,C
L00202,43,N
L00202,44,C
L00203,0,C
L00203,1,C
L00203,2,C
L00203,3,C
L00203,4,C
L00203,5,C
L00203,6,C
L00203,7,C
L00203,8,C
L00203,9,C
L00203,10,C
L00203,11,C
L00203,12,C
L00203,13,C
L00203,14,O
L00203,15,O
L00204,0,C
L00204,1,C
L00204,2,C
L00204,3,C
L00204,4,C
L00204,5,C
L00204,6,C
L00204,7,O
L00204,8,N
L00204,9,C
L00204,10,C
L00204,11,C
L00204,12,O
L00204,13,O
L00205,0,C
L00205,1,C
L00205,2,C
L00205,3,O
L00205,4,N
L00205,5,C
L00205,6,C
L00205,7,C
L00205,8,C
L00205,9,C
L00205,10,C
L00205,11,C
L00205,12,C
L00205,13,N
L00205,14,C
L00205,15,O
L00205,16,C
L00205,17,N
L00205,18,C
L00205,19,O
L00205,20,C
L00205,21,C
L00205,22,N
L00205,23,C
L00205,24,C
L00205,25,O
L00205,26,N
L00205,27,C
L00205,28,C
L00205,29,C
L00205,30,C
L00205,31,C
L00205,32,C
L00205,33,C
L00206,0,C
L00206,1,C
L00206,2,C
L00206,3,C
L00206,4,O
L00206,5,N
L00206,6,C
L00206,7,C
L00206,8,C
L00206,9,C
L00206,10,C
L00206,11,C
L00206,12,C
L00206,13,C
L00206,14,N
L00206,15,C
L00206,16,O
L00206,17,C
L00206,18,O
L00206,19,N
L00206,20,C
L00206,21,C
L00206,22,C
L00206,23,C
L00206,24,C
L00206,25,C
L00206,26,C
L00206,27,C
L00206,28,C
L00206,29,C
L00206,30,C
L00206,31,C
L00206,32,O
L00206,33,N
L00206,34,C
L00207,0,C
L00207,1,C
L00207,2,N
L00207,3,C
L00207,4,O
L00207,5,N
L00207,6,C
L00207,7,N
L00207,8,C
L00207,9,C
L00207,10,C
L00207,11,C
L00207,12,O
L00207,13,C
L00207,14,O
L00207,15,P
L00207,16,O
L00207,17,O
L00207,18,O
L00207,19,O
L00207,20,O
L00208,0,C
L00208,1,C
L00208,2,C
L00208,3,O
L00208,4,O
L00208,5,N
L00208,6,S
L00208,7,C
L00208,8,C
L00208,9,O
L00208,10,O
L00209,0,C
L00209,1,C
L00209,2,C
L00209,3,N
L00209,4,C
L00209,5,C
L00209,6,O
L00209,7,C
L00209,8,O
L00209,9,N
L00209,10,C
L00209,11,C
L00209,12,C
L00209,13,C
L00209,14,C
L00209,15,O
L00209,16,N
L00209,17,C
L00209,18,C
L00209,19,C
L00209,20,C
L00209,21,N
L00209,22,C
L00209,23,C
L00209,24,C
L00209,25,C
L00209,26,C
L00209,27,C
L00209,28,C
L00209,29,O
L00209,30,O
L00209,31,N
L00210,0,C
L00210,1,C
L00210,2,C
L00210,3,C
L00210,4,N
L00210,5,C
L00210,6,C
L00210,7,C
L00210,8,C
L00210,9,C
L00210,10,C
L00210,11,C
L00210,12,C
L00210,13,O
L00210,14,C
L00210,15,O
L00210,16,N
L00210,17,C
L00210,18,C
L00210,19,O
L00210,20,O
L00210,21,N
L00210,22,O
L00211,0,C
L00211,1,C
L00211,2,C
L00211,3,O
L00211,4,O
L00211,5,N
L00211,6,S
L00211,7,S
L00211,8,O
L00211,9,O
L00211,10,O
L00212,0,C
L00212,1,C
L00212,2,C
L00212,3,C
L00212,4,C
L00212,5,C
L00212,6,C
L00212,7,N
L00212,8,N
L00212,9,N
L00212,10,C
L00212,11,C
L00212,12,C
L00212,13,C
L00212,14,C
L00212,15,C
L00212,16,C
L00212,17,C
L00212,18,O
L00212,19,O
L00212,20,C
L00212,21,O
L00212,22,N
L00212,23,C
L00212,24,C
L00212,25,C
L00212,26,C
L00212,27,C
L00212,28,N
L00212,29,C
L00212,30,O
L00212,31,O
L00213,0,C
L00213,1,N
L00213,2,C
L00213,3,C
L00213,4,C
L00213,5,N
L00213,6,N
L00213,7,C
L00213,8,N
L00213,9,C
L00213,10,C
L00213,11,C
L00213,12,C
L00213,13,O
L00213,14,C
L00213,15,O
L00213,16,P
L00213,17,O
L00213,18,O
L00213,19,O
L00213,20,O
L00213,21,N
L00214,0,C
L00214,1,C
L00214,2,O
L00214,3,N
L00214,4,C
L00214,5,C
L00214,6,C
L00214,7,C
L00214,8,C
L00214,9,C
L00214,10,C
L00214,11,C
L00214,12,C
L00214,13,N
L00214,14,O
L00215,0,C
L00215,1,C
L00215,2,C
L00215,3,C
L00215,4,C
L00215,5,C
L00215,6,C
L00215,7,C
L00215,8,C
L00215,9,N
L00215,10,C
L00215,11,N
L00215,12,C
L00215,13,C
L00215,14,C
L00215,15,O
L00215,16,C
L00215,17,O
L00215,18,C
L00215,19,C
L00215,20,O
L00215,21,N
L00215,22,C
L00215,23,C
L00215,24,O
L00215,25,C
L00215,26,C
L00216,0,C
L00216,1,C
L00216,2,C
L00216,3,C
L00216,4,C
L00216,5,C
L00216,6,C
L00216,7,C
L00216,8,C
L00216,9,O
L00216,10,O
L00216,11,O
L00216,12,O
L00217,0,C
L00217,1,C
L00217,2,C
L00217,3,C
L00217,4,C
L00217,5,C
L00217,6,C
L00217,7,C
L00217,8,O
L00217,9,N
L00217,10,C
L00217,11,C
L00217,12,C
L00217,13,C
L00217,14,C
L00217,15,C
L00217,16,C
L00217,17,O
L00217,18,N
L00217,19,C
L00217,20,C
L00217,21,C
L00217,22,C
L00217,23,C
L00217,24,C
L00217,25,C
L00217,26,Cl
L00217,27,C
L00217,28,O
L00217,29,O
L00217,30,I
L00217,31,Cl
L00218,0,C
L00218,1,C
L00218,2,C
L00218,3,C
L00218,4,S
L00218,5,S
L00218,6,O
L00218,7,O
L00219,0,C
L00219,1,C
L00219,2,C
L00219,3,O
L00219,4,C
L00219,5,N
L00219,6,C
L00219,7,C
L00219,8,C
L00219,9,O
L00219,10,N
L00219,11,C
L00219,12,O
L00219,13,C
L00219,14,O
L00219,15,O
L00220,0,C
L00220,1,C
L00220,2,C
L00220,3,S
L00220,4,C
L00220,5,N
L00220,6,C
L00220,7,C
L00220,8,C
L00220,9,C
L00220,10,C
L00220,11,C
L00220,12,C
L00220,13,N
L00220,14,C
L00220,15,S
L00220,16,C
L00220,17,C
L00220,18,C
L00220,19,C
L00220,20,N
L00220,21,C
L00220,22,O
L00220,23,C
L00220,24,C
L00220,25,N
L00220,26,C
L00220,27,O
L00220,28,C
L00220,29,O
L00221,0,C
L00221,1,C
L00221,2,C
L00221,3,S
L00221,4,C
L00221,5,N
L00221,6,C
L00221,7,C
L00221,8,C
L00221,9,C
L00221,10,C
L00221,11,C
L00221,12,C
L00221,13,N
L00221,14,C
L00221,15,O
L00221,16,C
L00221,17,C
L00221,18,C
L00221,19,C
L00221,20,N
L00221,21,C
L00221,22,S
L00221,23,C
L00221,24,C
L00221,25,N
L00221,26,C
L00221,27,O
L00221,28,C
L00221,29,O
L00222,0,C
L00222,1,C
L00222,2,C
L00222,3,S
L00222,4,C
L00222,5,N
L00222,6,C
L00222,7,C
L00222,8,C
L00222,9,C
L00222,10,C
L00222,11,C
L00222,12,C
L00222,13,N
L00222,14,C
L00222,15,S
L00222,16,C
L00222,17,C
L00222,18,C
L00222,19,C
L00222,20,N
L00222,21,C
L00222,22,S
L00222,23,C
L00222,24,C
L00222,25,N
L00222,26,C
L00222,27,O
L00222,28,C
L00222,29,O
L00223,0,C
L00223,1,C
L00223,2,C
L00223,3,N
L00223,4,C
L00223,5,C
L00223,6,O
L00223,7,C
L00223,8,C
L00223,9,C
L00223,10,O
L00223,11,O
L00223,12,N
L00223,13,C
L00223,14,O
L00223,15,O
L00224,0,C
L00224,1,C
L00224,2,C
L00224,3,C
L00224,4,C
L00224,5,C
L00224,6,F
L00224,7,N
L00224,8,C
L00224,9,C
L00224,10,C
L00224,11,C
L00224,12,C
L00224,13,O
L00224,14,O
L00224,15,N
L00225,0,C
L00225,1,C
L00225,2,C
L00225,3,C
L00225,4,C
L00225,5,C
L00225,6,O
L00225,7,O
L00225,8,C
L00225,9,O
L00225,10,N
L00225,11,C
L00225,12,C
L00225,13,O
L00225,14,C
L00225,15,O
L00225,16,C
L00225,17,C
L00225,18,O
L00225,19,C
L00225,20,O
L00225,21,C
L00225,22,C
L00225,23,O
L00225,24,C
L00225,25,O
L00225,26,N
L00225,27,C
L00225,28,O
L00225,29,C
L00225,30,C
L00225,31,C
L00225,32,C
L00225,33,C
L00225,34,C
L00225,35,O
L00225,36,O
L00225,37,N
L00225,38,C
L00225,39,O
L00225,40,C
L00225,41,C
L00225,42,C
L00225,43,C
L00225,44,C
L00225,45,C
L00225,46,O
L00225,47,O
L00226,0,C
L00226,1,C
L00226,2,N
L00226,3,C
L00226,4,N
L00226,5,N
L00226,6,C
L00226,7,O
L00226,8,C
L00226,9,C
L00226,10,N
L00226,11,C
L00226,12,N
L00226,13,C
L00226,14,C
L00226,15,C
L00226,16,C
L00226,17,O
L00226,18,C
L00226,19,O
L00226,20,P
L00226,21,O
L00226,22,O
L00226,23,O
L00226,24,O
L00226,25,F
L00227,0,C
L00227,1,C
L00227,2,C
L00227,3,C
L00227,4,C
L00227,5,O
L00227,6,C
L00227,7,C
L00227,8,N
L00227,9,C
L00227,10,C
L00227,11,C
L00227,12,C
L00227,13,C
L00227,14,C
L00227,15,C
L00227,16,O
L00227,17,N
L00227,18,O
L00227,19,O
L00227,20,Cl
L00227,21,N
L00227,22,C
L00227,23,C
L00227,24,C
L00227,25,C
L00227,26,C
L00227,27,C
L00227,28,Cl
L00227,29,Cl
L00228,0,C
L00228,1,C
L00228,2,C
L00228,3,S
L00228,4,C
L00228,5,N
L00228,6,C
L00228,7,C
L00228,8,C
L00228,9,C
L00228,10,C
L00228,11,C
L00228,12,C
L00228,13,N
L00228,14,C
L00228,15,O
L00228,16,C
L00228,17,C
L00228,18,C
L00228,19,C
L00228,20,N
L00228,21,C
L00228,22,O
L00228,23,C
L00228,24,C
L00228,25,C
L00228,26,C
L00228,27,C
L00228,28,N
L00228,29,C
L00228,30,O
L00228,31,C
L00228,32,O
L00228,33,F
L00229,0,C
L00229,1,C
L00229,2,C
L00229,3,S
L00229,4,C
L00229,5,N
L00229,6,C
L00229,7,C
L00229,8,C
L00229,9,C
L00229,10,C
L00229,11,C
L00229,12,C
L00229,13,N
L00229,14,C
L00229,15,O
L00229,16,C
L00229,17,C
L00229,18,C
L00229,19,C
L00229,20,N
L00229,21,C
L00229,22,O
L00229,23,C
L00229,24,C
L00229,25,C
L00229,26,C
L00229,27,C
L00229,28,N
L00229,29,C
L00229,30,O
L00229,31,C
L00229,32,O
L00229,33,F
L00230,0,C
L00230,1,C
L00230,2,C
L00230,3,C
L00230,4,C
L00230,5,C
L00230,6,C
L00230,7,N
L00230,8,C
L00230,9,C
L00230,10,C
L00230,11,N
L00230,12,C
L00230,13,N
L00230,14,C
L00230,15,C
L00230,16,C
L00230,17,C
L00230,18,C
L00230,19,N
L00230,20,C
L00230,21,N
L00230,22,C
L00230,23,O
L00230,24,C
L00230,25,O
L00230,26,C
L00230,27,C
L00230,28,O
L00230,29,C
L00230,30,C
L00230,31,C
L00230,32,C
L00230,33,C
L00230,34,C
L00230,35,C
L00230,36,Cl
L00230,37,Cl
L00231,0,H
L00231,1,N
L00231,2,C
L00231,3,N
L00231,4,S
L00231,5,C
L00231,6,C
L00231,7,C
L00231,8,C
L00231,9,C
L00231,10,C
L00231,11,C
L00231,12,Cl
L00232,0,C
L00232,1,C
L00232,2,C
L00232,3,C
L00232,4,C
L00232,5,C
L00232,6,N
L00232,7,C
L00232,8,O
L00232,9,C
L00232,10,N
L00232,11,C
L00232,12,C
L00232,13,C
L00232,14,C
L00232,15,C
L00232,16,O
L00232,17,C
L00232,18,O
L00233,0,C
L00233,1,O
L00233,2,C
L00233,3,O
L00233,4,C
L00233,5,C
L00233,6,C
L00233,7,C
L00233,8,N
L00233,9,C
L00233,10,C
L00233,11,O
L00234,0,C
L00234,1,C
L00234,2,C
L00234,3,C
L00234,4,C
L00234,5,C
L00234,6,O
L00234,7,C
L00234,8,O
L00234,9,N
L00234,10,C
L00234,11,O
L00234,12,C
L00234,13,C
L00234,14,C
L00234,15,C
L00234,16,O
L00234,17,N
L00234,18,C
L00234,19,O
L00235,0,C
L00235,1,C
L00235,2,C
L00235,3,C
L00235,4,C
L00235,5,C
L00235,6,N
L00235,7,C
L00235,8,O
L00235,9,C
L00235,10,C
L00235,11,C
L00235,12,N
L00235,13,C
L00235,14,C
L00235,15,C
L00235,16,C
L00235,17,C
L00235,18,N
L00236,0,C
L00236,1,N
L00236,2,C
L00236,3,C
L00236,4,C
L00236,5,C
L00236,6,C
L00236,7,O
L00236,8,O
L00236,9,C
L00236,10,C
L00236,11,C
L00236,12,C
L00236,13,N
L00236,14,C
L00237,0,C
L00237,1,C
L00237,2,C
L00237,3,C
L00237,4,C
L00237,5,C
L00237,6,Cl
L00237,7,C
L00237,8,O
L00237,9,C
L00237,10,C
L00237,11,S
L00238,0,C
L00238,1,C
L00238,2,C
L00238,3,C
L00238,4,C
L00238,5,C
L00238,6,N
L00238,7,C
L00238,8,C
L00238,9,C
L00238,10,C
L00238,11,N
L00238,12,C
L00238,13,C
L00238,14,O
L00238,15,C
L00238,16,C
L00238,17,O
L00239,0,C
L00239,1,C
L00239,2,C
L00239,3,C
L00239,4,C
L00239,5,C
L00239,6,F
L00239,7,N
L00239,8,C
L00239,9,O
L00239,10,O
L00240,0,C
L00240,1,C
L00240,2,C
L00240,3,C
L00240,4,C
L00240,5,C
L00240,6,S
L00240,7,O
L00240,8,O
L00240,9,N
L00241,0,C
L00241,1,C
L00241,2,N
L00241,3,C
L00241,4,C
L00241,5,N
L00241,6,N
L00241,7,C
L00241,8,C
L00241,9,C
L00241,10,C
L00241,11,C
L00241,12,C
L00241,13,C
L00241,14,C
L00241,15,N
L00241,16,N
L00241,17,N
L00241,18,C
L00241,19,C
L00241,20,C
L00241,21,C
L00241,22,C
L00241,23,C
L00241,24,C
L00241,25,C
L00241,26,N
L00241,27,C
L00241,28,C
L00241,29,N
L00241,30,C
L00241,31,C
L00241,32,C
L00242,0,C
L00242,1,C
L00242,2,N
L00242,3,C
L00242,4,N
L00242,5,N
L00242,6,N
L00242,7,C
L00242,8,O
L00242,9,C
L00242,10,C
L00242,11,Cl
L00243,0,C
L00243,1,C
L00243,2,C
L00243,3,C
L00243,4,C
L00243,5,C
L00243,6,C
L00243,7,C
L00243,8,N
L00243,9,C
L00243,10,C
L00243,11,N
L00243,12,C
L00243,13,O
L00243,14,N
L00243,15,C
L00243,16,O
L00243,17,N
L00243,18,C
L00243,19,C
L00243,20,C
L00243,21,C
L00243,22,C
L00243,23,O
L00243,24,P
L00243,25,O
L00243,26,O
L00243,27,O
L00243,28,O
L00243,29,O
L00243,30,O
L00244,0,C
L00244,1,C
L00244,2,C
L00244,3,C
L00244,4,C
L00244,5,O
L00244,6,C
L00244,7,O
L00244,8,O
L00244,9,O
L00244,10,O
L00244,11,O
L00245,0,C
L00245,1,C
L00245,2,C
L00245,3,N
L00245,4,C
L00245,5,C
L00245,6,N
L00245,7,C
L00245,8,N
L00245,9,C
L00245,10,C
L00245,11,C
L00245,12,C
L00245,13,C
L00245,14,C
L00245,15,C
L00245,16,C
L00245,17,O
L00245,18,C
L00245,19,C
L00245,20,O
L00245,21,N
L00245,22,C
L00245,23,C
L00245,24,C
L00245,25,C
L00245,26,C
L00245,27,C
L00245,28,C
L00245,29,N
L00245,30,C
L00245,31,C
L00245,32,C
L00245,33,C
L00245,34,C
L00245,35,C
L00245,36,C
L00245,37,F
L00245,38,C
L00245,39,C
L00246,0,C
L00246,1,C
L00246,2,C
L00246,3,N
L00246,4,C
L00246,5,C
L00246,6,N
L00246,7,C
L00246,8,N
L00246,9,C
L00246,10,C
L00246,11,O
L00246,12,C
L00246,13,C
L00246,14,C
L00246,15,C
L00246,16,C
L00246,17,C
L00246,18,O
L00246,19,N
L00246,20,C
L00246,21,C
L00246,22,C
L00246,23,C
L00246,24,C
L00246,25,C
L00246,26,C
L00246,27,N
L00246,28,C
L00246,29,C
L00246,30,C
L00246,31,C
L00246,32,C
L00246,33,C
L00246,34,C
L00246,35,F
L00246,36,O
L00246,37,C
L00246,38,C
L00247,0,C
L00247,1,N
L00247,2,C
L00247,3,C
L00247,4,N
L00247,5,C
L00247,6,C
L00247,7,C
L00247,8,C
L00247,9,O
L00247,10,C
L00247,11,O
L00247,12,P
L00247,13,O
L00247,14,O
L00247,15,O
L00247,16,P
L00247,17,O
L00247,18,C
L00247,19,P
L00247,20,O
L00247,21,O
L00247,22,O
L00247,23,O
L00247,24,O
L00247,25,O
L00247,26,N
L00247,27,C
L00247,28,N
L00247,29,C
L00247,30,O
L00247,31,N
L00248,0,C
L00248,1,C
L00248,2,C
L00248,3,C
L00248,4,C
L00248,5,C
L00248,6,O
L00248,7,O
L00248,8,O
L00248,9,O
L00248,10,O
L00248,11,O
L00249,0,C
L00249,1,O
L00249,2,C
L00249,3,O
L00249,4,C
L00249,5,C
L00249,6,C
L00249,7,C
L00249,8,N
L00249,9,C
L00249,10,O
L00249,11,C
L00249,12,C
L00249,13,C
L00249,14,C
L00249,15,O
L00249,16,O
L00250,0,C
L00250,1,C
L00250,2,C
L00250,3,N
L00250,4,C
L00250,5,C
L00250,6,C
L00250,7,C
L00250,8,C
L00250,9,C
L00250,10,N
L00250,11,C
L00250,12,N
L00250,13,C
L00250,14,O
L00250,15,C
L00250,16,C
L00251,0,C
L00251,1,C
L00251,2,C
L00251,3,C
L00251,4,C
L00251,5,C
L00251,6,N
L00251,7,C
L00251,8,C
L00251,9,N
L00251,10,C
L00251,11,C
L00251,12,C
L00251,13,O
L00251,14,C
L00251,15,C
L00251,16,C
L00251,17,F
L00252,0,C
L00252,1,O
L00252,2,C
L00252,3,C
L00252,4,C
L00252,5,C
L00252,6,C
L00252,7,C
L00252,8,S
L00252,9,O
L00252,10,O
L00252,11,N
L00252,12,C
L00252,13,C
L00252,14,O
L00252,15,O
L00252,16,C
L00252,17,C
L00252,18,C
L00252,19,C
L00252,20,C
L00252,21,C
L00252,22,O
L00252,23,C
L00252,24,C
L00252,25,C
L00252,26,C
L00252,27,C
L00252,28,C
L00252,29,C
L00252,30,N
L00252,31,C
L00252,32,C
L00252,33,O
L00252,34,O
L00252,35,S
L00252,36,O
L00252,37,O
L00252,38,C
L00252,39,C
L00252,40,C
L00252,41,C
L00252,42,C
L00252,43,C
L00252,44,O
L00252,45,C
L00253,0,C
L00253,1,C
L00253,2,O
L00253,3,C
L00253,4,C
L00253,5,C
L00253,6,C
L00253,7,C
L00253,8,C
L00253,9,N
L00253,10,C
L00253,11,C
L00253,12,N
L00253,13,C
L00253,14,C
L00254,0,C
L00254,1,C
L00254,2,C
L00254,3,C
L00254,4,C
L00254,5,C
L00254,6,Cl
L00254,7,F
L00254,8,C
L00254,9,C
L00254,10,C
L00254,11,C
L00254,12,N
L00254,13,C
L00254,14,O
L00254,15,N
L00254,16,C
L00254,17,C
L00254,18,C
L00254,19,C
L00254,20,C
L00254,21,C
L00254,22,C
L00254,23,N
L00254,24,C
L00254,25,O
L00254,26,Cl
L00254,27,C
L00254,28,C
L00254,29,C
L00254,30,C
L00255,0,C
L00255,1,C
L00255,2,N
L00255,3,C
L00255,4,N
L00255,5,C
L00255,6,C
L00255,7,C
L00255,8,O
L00255,9,N
L00255,10,N
L00256,0,C
L00256,1,C
L00256,2,C
L00256,3,C
L00256,4,C
L00256,5,C
L00256,6,C
L00256,7,C
L00256,8,C
L00256,9,O
L00256,10,O
L00256,11,O
L00257,0,C
L00257,1,C
L00257,2,C
L00257,3,N
L00257,4,C
L00257,5,N
L00257,6,N
L00257,7,C
L00257,8,C
L00257,9,C
L00257,10,O
L00257,11,O
L00257,12,N
L00258,0,C
L00258,1,C
L00258,2,C
L00258,3,C
L00258,4,C
L00258,5,C
L00258,6,C
L00258,7,C
L00258,8,C
L00258,9,C
L00258,10,N
L00258,11,N
L00258,12,C
L00258,13,C
L00258,14,C
L00258,15,C
L00258,16,C
L00258,17,O
L00258,18,N
L00258,19,C
L00258,20,C
L00258,21,C
L00258,22,C
L00258,23,C
L00258,24,C
L00258,25,F
L00258,26,Cl
L00258,27,Cl
L00259,0,C
L00259,1,C
L00259,2,C
L00259,3,C
L00259,4,C
L00259,5,C
L00259,6,C
L00259,7,N
L00259,8,C
L00259,9,C
L00259,10,C
L00259,11,C
L00259,12,N
L00259,13,C
L00259,14,O
L00259,15,C
L00259,16,C
L00259,17,N
L00259,18,C
L00259,19,C
L00259,20,C
L00259,21,C
L00259,22,C
L00259,23,C
L00259,24,O
L00259,25,C
L00260,0,C
L00260,1,C
L00260,2,C
L00260,3,C
L00260,4,C
L00260,5,C
L00260,6,C
L00260,7,C
L00260,8,Cl
L00260,9,N
L00260,10,C
L00260,11,C
L00260,12,C
L00260,13,N
L00260,14,C
L00260,15,N
L00260,16,C
L00260,17,C
L00260,18,C
L00260,19,C
L00260,20,C
L00260,21,N
L00260,22,C
L00260,23,N
L00260,24,C
L00260,25,O
L00260,26,C
L00260,27,O
L00260,28,C
L00260,29,C
L00260,30,O
L00260,31,C
L00260,32,C
L00260,33,C
L00260,34,C
L00260,35,C
L00260,36,C
L00260,37,Cl
L00261,0,C
L00261,1,N
L00261,2,C
L00261,3,C
L00261,4,C
L00261,5,C
L00261,6,N
L00261,7,C
L00261,8,C
L00261,9,C
L00261,10,C
L00261,11,N
L00261,12,C
L00261,13,C
L00261,14,O
L00261,15,C
L00261,16,C
L00261,17,C
L00261,18,C
L00261,19,C
L00261,20,C
L00261,21,C
L00261,22,C
L00261,23,N
L00261,24,Cl
L00261,25,C
L00261,26,C
L00261,27,N
L00261,28,C
L00261,29,N
L00261,30,C
L00261,31,C
L00261,32,C
L00261,33,C
L00261,34,C
L00261,35,C
L00261,36,C
L00261,37,C
L00261,38,O
L00261,39,Cl
L00261,40,C
L00261,41,C
L00261,42,C
L00261,43,C
L00261,44,C
L00261,45,C
L00262,0,C
L00262,1,C
L00262,2,C
L00262,3,C
L00262,4,N
L00262,5,C
L00262,6,O
L00262,7,C
L00262,8,C
L00262,9,C
L00262,10,C
L00262,11,C
L00262,12,C
L00262,13,C
L00262,14,N
L00262,15,C
L00262,16,C
L00262,17,N
L00262,18,C
L00262,19,C
L00262,20,C
L00262,21,C
L00262,22,C
L00262,23,C
L00262,24,C
L00262,25,C
L00262,26,N
L00262,27,N
L00262,28,N
L00262,29,N
L00262,30,C
L00262,31,C
L00262,32,C
L00262,33,C
L00262,34,C
L00262,35,C
L00262,36,Cl
L00262,37,F
L00262,38,Cl
L00263,0,C
L00263,1,C
L00263,2,C
L00263,3,C
L00263,4,C
L00263,5,C
L00263,6,C
L00263,7,C
L00263,8,Cl
L00263,9,N
L00263,10,C
L00263,11,N
L00263,12,C
L00263,13,C
L00263,14,C
L00263,15,C
L00263,16,C
L00263,17,C
L00263,18,C
L00263,19,C
L00263,20,C
L00263,21,N
L00263,22,C
L00263,23,C
L00263,24,O
L00263,25,N
L00263,26,C
L00263,27,C
L00263,28,N
L00263,29,C
L00263,30,C
L00263,31,N
L00263,32,C
L00263,33,C
L00263,34,C
L00263,35,C
L00263,36,C
L00263,37,C
L00263,38,C
L00263,39,C
L00263,40,Cl
L00263,41,C
L00263,42,C
L00263,43,C
L00263,44,C
L00263,45,C
L00263,46,C
L00264,0,C
L00264,1,C
L00264,2,C
L00264,3,C
L00264,4,C
L00264,5,C
L00264,6,C
L00264,7,C
L00264,8,C
L00264,9,C
L00264,10,C
L00264,11,C
L00264,12,C
L00264,13,C
L00264,14,C
L00264,15,C
L00264,16,C
L00264,17,C
L00264,18,C
L00264,19,C
L00264,20,C
L00264,21,C
L00264,22,O
L00264,23,O
L00265,0,C
L00265,1,C
L00265,2,C
L00265,3,C
L00265,4,C
L00265,5,C
L00265,6,C
L00265,7,C
L00265,8,C
L00265,9,N
L00265,10,C
L00265,11,O
L00265,12,N
L00265,13,C
L00265,14,C
L00265,15,C
L00265,16,C
L00265,17,O
L00265,18,O
L00265,19,C
L00265,20,C
L00265,21,C
L00265,22,C
L00265,23,C
L00265,24,C
L00265,25,Cl
L00265,26,C
L00265,27,N
L00265,28,C
L00265,29,C
L00265,30,C
L00265,31,C
L00265,32,C
L00265,33,C
L00265,34,Cl
L00266,0,C
L00266,1,C
L00266,2,N
L00266,3,C
L00266,4,C
L00266,5,N
L00266,6,C
L00266,7,C
L00266,8,C
L00266,9,C
L00266,10,C
L00266,11,C
L00266,12,Cl
L00266,13,C
L00266,14,C
L00266,15,C
L00266,16,C
L00266,17,C
L00266,18,C
L00266,19,Cl
L00267,0,C
L00267,1,C
L00267,2,N
L00267,3,C
L00267,4,C
L00267,5,N
L00267,6,C
L00267,7,O
L00267,8,N
L00267,9,C
L00267,10,C
L00267,11,N
L00267,12,C
L00267,13,C
L00267,14,C
L00267,15,C
L00267,16,C
L00267,17,S
L00267,18,O
L00267,19,O
L00267,20,C
L00267,21,C
L00267,22,C
L00267,23,C
L00267,24,C
L00267,25,C
L00267,26,C
L00267,27,C
L00267,28,Cl
L00267,29,C
L00267,30,C
L00267,31,C
L00267,32,C
L00267,33,C
L00267,34,C
L00267,35,C
L00267,36,Cl
L00268,0,C
L00268,1,C
L00268,2,O
L00268,3,C
L00268,4,C
L00268,5,C
L00268,6,C
L00268,7,C
L00268,8,C
L00268,9,C
L00268,10,N
L00268,11,C
L00268,12,C
L00268,13,N
L00268,14,C
L00268,15,C
L00268,16,C
L00268,17,C
L00268,18,C
L00268,19,C
L00268,20,C
L00268,21,Cl
L00268,22,C
L00268,23,C
L00268,24,C
L00268,25,C
L00268,26,C
L00268,27,C
L00268,28,C
L00268,29,Cl
L00268,30,C
L00268,31,C
L00268,32,C
L00268,33,C
L00269,0,C
L00269,1,C
L00269,2,C
L00269,3,C
L00269,4,C
L00269,5,C
L00269,6,C
L00269,7,C
L00269,8,N
L00269,9,C
L00269,10,C
L00269,11,O
L00269,12,O
L00270,0,C
L00270,1,C
L00270,2,C
L00270,3,C
L00270,4,S
L00270,5,C
L00270,6,C
L00270,7,C
L00270,8,C
L00270,9,C
L00270,10,O
L00270,11,O
L00270,12,N
L00270,13,C
L00270,14,N
L00270,15,N
L00271,0,C
L00271,1,C
L00271,2,C
L00271,3,O
L00271,4,C
L00271,5,C
L00271,6,C
L00271,7,C
L00271,8,C
L00271,9,C
L00271,10,C
L00271,11,N
L00271,12,C
L00271,13,C
L00271,14,N
L00271,15,C
L00271,16,O
L00271,17,N
L00271,18,C
L00271,19,C
L00271,20,N
L00271,21,C
L00271,22,C
L00271,23,C
L00271,24,C
L00271,25,C
L00271,26,C
L00271,27,C
L00271,28,C
L00271,29,Cl
L00271,30,C
L00271,31,C
L00271,32,C
L00271,33,C
L00271,34,C
L00271,35,C
L00271,36,Cl
L00271,37,O
L00271,38,C
L00272,0,C
L00272,1,C
L00272,2,O
L00272,3,C
L00272,4,C
L00272,5,C
L00272,6,C
L00272,7,C
L00272,8,C
L00272,9,C
L00272,10,N
L00272,11,C
L00272,12,C
L00272,13,N
L00272,14,C
L00272,15,O
L00272,16,N
L00272,17,C
L00272,18,C
L00272,19,N
L00272,20,C
L00272,21,C
L00272,22,C
L00272,23,C
L00272,24,O
L00272,25,C
L00272,26,C
L00272,27,C
L00272,28,C
L00272,29,C
L00272,30,C
L00272,31,Br
L00272,32,C
L00272,33,C
L00272,34,C
L00272,35,C
L00272,36,C
L00272,37,C
L00272,38,Br
L00272,39,O
L00272,40,C
L00273,0,C
L00273,1,O
L00273,2,C
L00273,3,C
L00273,4,C
L00273,5,C
L00273,6,C
L00273,7,C
L00273,8,S
L00273,9,O
L00273,10,O
L00273,11,N
L00273,12,C
L00273,13,C
L00273,14,C
L00273,15,C
L00273,16,C
L00273,17,C
L00273,18,C
L00273,19,C
L00273,20,C
L00273,21,C
L00273,22,N
L00273,23,S
L00273,24,O
L00273,25,O
L00273,26,C
L00273,27,C
L00273,28,C
L00273,29,C
L00273,30,C
L00273,31,C
L00273,32,O
L00273,33,C
L00274,0,C
L00274,1,C
L00274,2,C
L00274,3,O
L00274,4,N
L00274,5,C
L00274,6,C
L00274,7,C
L00274,8,C
L00274,9,C
L00274,10,C
L00274,11,C
L00274,12,C
L00274,13,O
L00274,14,N
L00274,15,C
L00274,16,C
L00274,17,C
L00274,18,C
L00274,19,C
L00274,20,N
L00274,21,C
L00274,22,C
L00274,23,S
L00274,24,C
L00274,25,O
L00274,26,C
L00274,27,C
L00274,28,C
L00274,29,C
L00274,30,C
L00274,31,C
L00274,32,F
L00274,33,N
L00274,34,C
L00275,0,C
L00275,1,C
L00275,2,C
L00275,3,C
L00275,4,C
L00275,5,C
L00275,6,C
L00275,7,N
L00275,8,C
L00275,9,O
L00275,10,C
L00275,11,C
L00275,12,C
L00275,13,S
L00275,14,C
L00275,15,N
L00275,16,C
L00275,17,O
L00275,18,C
L00275,19,C
L00275,20,N
L00275,21,C
L00275,22,C
L00275,23,C
L00275,24,C
L00275,25,C
L00275,26,C
L00275,27,C
L00275,28,C
L00275,29,C
L00275,30,C
L00275,31,C
L00275,32,C
L00276,0,C
L00276,1,C
L00276,2,C
L00276,3,C
L00276,4,C
L00276,5,C
L00276,6,C
L00276,7,N
L00276,8,C
L00276,9,O
L00276,10,C
L00276,11,C
L00276,12,C
L00276,13,S
L00276,14,C
L00276,15,N
L00276,16,C
L00276,17,O
L00276,18,C
L00276,19,N
L00276,20,C
L00276,21,C
L00276,22,C
L00276,23,C
L00276,24,N
L00276,25,C
L00276,26,C
L00276,27,C
L00276,28,C
L00276,29,C
L00276,30,C
L00276,31,C
L00276,32,C
L00276,33,C
L00276,34,C
L00277,0,C
L00277,1,S
L00277,2,O
L00277,3,O
L00277,4,C
L00277,5,N
L00277,6,C
L00277,7,C
L00277,8,N
L00277,9,C
L00277,10,C
L00277,11,C
L00277,12,S
L00277,13,C
L00277,14,N
L00278,0,C
L00278,1,C
L00278,2,C
L00278,3,C
L00278,4,C
L00278,5,C
L00278,6,C
L00278,7,C
L00278,8,C
L00278,9,O
L00278,10,O
L00278,11,C
L00278,12,C
L00278,13,C
L00278,14,O
L00278,15,N
L00278,16,C
L00278,17,C
L00278,18,Cl
L00279,0,C
L00279,1,C
L00279,2,C
L00279,3,C
L00279,4,C
L00279,5,C
L00279,6,C
L00279,7,C
L00279,8,N
L00279,9,C
L00279,10,S
L00279,11,O
L00279,12,O
L00279,13,C
L00279,14,C
L00279,15,C
L00279,16,C
L00279,17,C
L00279,18,C
L00279,19,C
L00279,20,C
L00279,21,C
L00279,22,O
L00279,23,O
L00279,24,C
L00279,25,C
L00279,26,C
L00279,27,C
L00279,28,C
L00279,29,C
L00279,30,O
L00279,31,C
L00279,32,N
L00279,33,N
L00279,34,N
L00279,35,C
L00280,0,C
L00280,1,N
L00280,2,C
L00280,3,C
L00280,4,C
L00280,5,C
L00280,6,C
L00280,7,C
L00280,8,N
L00280,9,N
L00280,10,C
L00280,11,C
L00280,12,C
L00280,13,O
L00280,14,O
L00280,15,C
L00280,16,C
L00280,17,C
L00280,18,C
L00280,19,C
L00280,20,C
L00280,21,Cl
L00281,0,C
L00281,1,C
L00281,2,C
L00281,3,C
L00281,4,C
L00281,5,C
L00281,6,C
L00281,7,Cl
L00281,8,C
L00281,9,C
L00281,10,C
L00281,11,O
L00281,12,O
L00281,13,C
L00281,14,C
L00281,15,C
L00281,16,C
L00281,17,C
L00281,18,C
L00281,19,N
L00281,20,N
L00281,21,N
L00281,22,C
L00282,0,C
L00282,1,C
L00282,2,C
L00282,3,C
L00282,4,C
L00282,5,C
L00282,6,C
L00282,7,C
L00282,8,N
L00282,9,C
L00282,10,C
L00282,11,O
L00282,12,C
L00282,13,C
L00282,14,C
L00282,15,C
L00282,16,C
L00282,17,C
L00282,18,S
L00282,19,O
L00282,20,O
L00282,21,C
L00282,22,C
L00282,23,C
L00282,24,O
L00282,25,O
L00282,26,C
L00282,27,C
L00282,28,C
L00282,29,C
L00282,30,C
L00282,31,C
L00282,32,O
L00282,33,C
L00282,34,N
L00282,35,N
L00282,36,N
L00282,37,C
L00283,0,C
L00283,1,S
L00283,2,O
L00283,3,O
L00283,4,N
L00283,5,C
L00283,6,C
L00283,7,C
L00283,8,C
L00283,9,C
L00283,10,C
L00283,11,C
L00283,12,C
L00284,0,C
L00284,1,C
L00284,2,C
L00284,3,O
L00284,4,N
L00284,5,C
L00284,6,N
L00284,7,C
L00284,8,C
L00284,9,S
L00284,10,C
L00285,0,C
L00285,1,C
L00285,2,C
L00285,3,C
L00285,4,C
L00285,5,C
L00285,6,N
L00285,7,C
L00285,8,N
L00285,9,C
L00285,10,C
L00285,11,C
L00285,12,C
L00285,13,C
L00285,14,C
L00285,15,C
L00285,16,O
L00286,0,C
L00286,1,C
L00286,2,C
L00286,3,C
L00286,4,C
L00286,5,C
L00286,6,C
L00286,7,O
L00286,8,N
L00286,9,C
L00286,10,C
L00286,11,C
L00286,12,C
L00286,13,C
L00286,14,C
L00286,15,O
L00286,16,C
L00286,17,O
L00287,0,C
L00287,1,C
L00287,2,C
L00287,3,C
L00287,4,C
L00287,5,C
L00287,6,C
L00287,7,C
L00287,8,C
L00287,9,O
L00287,10,N
L00287,11,C
L00287,12,C
L00287,13,C
L00287,14,C
L00287,15,C
L00287,16,C
L00287,17,C
L00287,18,F
L00287,19,N
L00287,20,C
L00287,21,O
L00287,22,C
L00287,23,C
L00287,24,C
L00287,25,C
L00287,26,C
L00287,27,C
L00287,28,C
L00287,29,F
L00287,30,O
L00287,31,P
L00287,32,O
L00287,33,O
L00287,34,O
L00288,0,C
L00288,1,C
L00288,2,C
L00288,3,C
L00288,4,C
L00288,5,C
L00288,6,C
L00288,7,C
L00288,8,F
L00288,9,C
L00288,10,N
L00288,11,C
L00288,12,O
L00288,13,C
L00288,14,C
L00288,15,C
L00288,16,C
L00288,17,C
L00288,18,C
L00288,19,C
L00288,20,C
L00288,21,O
L00288,22,P
L00288,23,O
L00288,24,O
L00288,25,O
L00288,26,N
L00288,27,C
L00288,28,O
L00288,29,C
L00288,30,C
L00288,31,C
L00288,32,C
L00288,33,C
L00288,34,C
L00288,35,C
L00288,36,F
L00289,0,C
L00289,1,C
L00289,2,C
L00289,3,C
L00289,4,C
L00289,5,C
L00289,6,C
L00289,7,F
L00289,8,C
L00289,9,N
L00289,10,C
L00289,11,O
L00289,12,C
L00289,13,C
L00289,14,C
L00289,15,C
L00289,16,C
L00289,17,C
L00289,18,C
L00289,19,C
L00289,20,O
L00289,21,P
L00289,22,O
L00289,23,O
L00289,24,O
L00289,25,N
L00289,26,C
L00289,27,O
L00289,28,C
L00289,29,C
L00289,30,C
L00289,31,C
L00289,32,C
L00289,33,C
L00289,34,C
L00289,35,F
L00290,0,C
L00290,1,C
L00290,2,C
L00290,3,C
L00290,4,C
L00290,5,C
L00290,6,N
L00290,7,C
L00290,8,O
L00290,9,C
L00290,10,Cl
L00290,11,C
L00290,12,N
L00290,13,C
L00290,14,O
L00290,15,C
L00290,16,C
L00290,17,C
L00290,18,C
L00290,19,C
L00290,20,C
L00290,21,C
L00290,22,C
L00290,23,O
L00290,24,P
L00290,25,O
L00290,26,O
L00290,27,O
L00290,28,N
L00290,29,C
L00290,30,O
L00290,31,C
L00290,32,C
L00290,33,C
L00290,34,C
L00290,35,C
L00290,36,C
L00290,37,C
L00290,38,F
L00291,0,C
L00291,1,C
L00291,2,C
L00291,3,O
L00291,4,C
L00291,5,C
L00291,6,O
L00291,7,N
L00291,8,C
L00291,9,C
L00291,10,N
L00291,11,C
L00291,12,C
L00291,13,C
L00291,14,O
L00291,15,C
L00291,16,C
L00291,17,C
L00292,0,C
L00292,1,C
L00292,2,C
L00292,3,C
L00292,4,C
L00292,5,C
L00292,6,C
L00292,7,O
L00292,8,N
L00292,9,C
L00292,10,C
L00292,11,C
L00292,12,C
L00292,13,O
L00292,14,N
L00292,15,C
L00292,16,O
L00292,17,C
L00292,18,O
L00292,19,O
L00293,0,C
L00293,1,C
L00293,2,C
L00293,3,C
L00293,4,C
L00293,5,C
L00293,6,N
L00293,7,O
L00293,8,O
L00293,9,C
L00293,10,O
L00293,11,N
L00293,12,C
L00293,13,C
L00293,14,C
L00293,15,O
L00293,16,N
L00293,17,C
L00293,18,O
L00293,19,C
L00293,20,O
L00293,21,O
L00294,0,C
L00294,1,C
L00294,2,C
L00294,3,C
L00294,4,C
L00294,5,C
L00294,6,N
L00294,7,C
L00294,8,O
L00294,9,N
L00294,10,C
L00294,11,O
L00294,12,C
L00294,13,C
L00294,14,C
L00294,15,O
L00294,16,N
L00294,17,C
L00294,18,O
L00295,0,C
L00295,1,C
L00295,2,C
L00295,3,C
L00295,4,C
L00295,5,C
L00295,6,N
L00295,7,C
L00295,8,O
L00295,9,N
L00295,10,C
L00295,11,C
L00295,12,C
L00295,13,O
L00295,14,N
L00295,15,C
L00295,16,O
L00295,17,C
L00295,18,O
L00295,19,O
L00296,0,C
L00296,1,C
L00296,2,C
L00296,3,C
L00296,4,C
L00296,5,C
L00296,6,N
L00296,7,C
L00296,8,O
L00296,9,N
L00296,10,C
L00296,11,O
L00296,12,C
L00296,13,C
L00296,14,C
L00296,15,O
L00296,16,N
L00296,17,C
L00296,18,O
L00297,0,C
L00297,1,C
L00297,2,C
L00297,3,C
L00297,4,C
L00297,5,C
L00297,6,N
L00297,7,O
L00297,8,O
L00297,9,C
L00297,10,O
L00297,11,O
L00297,12,C
L00297,13,O
L00297,14,N
L00297,15,C
L00297,16,C
L00297,17,C
L00297,18,O
L00297,19,N
L00297,20,C
L00297,21,O
L00298,0,C
L00298,1,C
L00298,2,C
L00298,3,C
L00298,4,C
L00298,5,C
L00298,6,N
L00298,7,O
L00298,8,O
L00298,9,C
L00298,10,O
L00298,11,N
L00298,12,C
L00298,13,O
L00298,14,C
L00298,15,C
L00298,16,C
L00298,17,O
L00298,18,N
L00298,19,C
L00298,20,O
L00299,0,C
L00299,1,C
L00299,2,C
L00299,3,C
L00299,4,C
L00299,5,C
L00299,6,C
L00299,7,C
L00299,8,C
L00299,9,O
L00299,10,N
L00299,11,C
L00299,12,C
L00299,13,C
L00299,14,O
L00299,15,N
L00299,16,C
L00299,17,O
L00300,0,C
L00300,1,C
L00300,2,C
L00300,3,N
L00300,4,C
L00300,5,C
L00300,6,O
L00300,7,C
L00300,8,O
L00300,9,N
L00300,10,C
L00300,11,C
L00300,12,C
L00300,13,O
L00300,14,N
L00300,15,C
L00300,16,O
L00301,0,C
L00301,1,C
L00301,2,C
L00301,3,C
L00301,4,C
L00301,5,C
L00301,6,C
L00301,7,N
L00301,8,C
L00301,9,O
L00301,10,C
L00301,11,O
L00301,12,N
L00301,13,C
L00301,14,C
L00301,15,C
L00301,16,O
L00301,17,N
L00301,18,C
L00301,19,O
L00302,0,C
L00302,1,C
L00302,2,C
L00302,3,C
L00302,4,C
L00302,5,C
L00302,6,C
L00302,7,C
L00302,8,O
L00302,9,N
L00302,10,C
L00302,11,C
L00302,12,C
L00302,13,O
L00302,14,N
L00302,15,C
L00302,16,O
L00303,0,C
L00303,1,C
L00303,2,C
L00303,3,C
L00303,4,C
L00303,5,C
L00303,6,C
L00303,7,N
L00303,8,C
L00303,9,O
L00303,10,C
L00303,11,C
L00303,12,C
L00303,13,O
L00303,14,O
L00303,15,C
L00303,16,O
L00303,17,C
L00303,18,O
L00303,19,N
L00303,20,C
L00303,21,C
L00303,22,C
L00303,23,O
L00303,24,N
L00303,25,C
L00303,26,O
L00304,0,C
L00304,1,C
L00304,2,C
L00304,3,C
L00304,4,C
L00304,5,C
L00304,6,C
L00304,7,O
L00304,8,C
L00304,9,O
L00304,10,N
L00304,11,C
L00304,12,C
L00304,13,C
L00304,14,O
L00304,15,N
L00304,16,C
L00304,17,O
L00305,0,C
L00305,1,C
L00305,2,C
L00305,3,N
L00305,4,C
L00305,5,C
L00305,6,O
L00305,7,C
L00305,8,O
L00305,9,N
L00305,10,C
L00305,11,C
L00305,12,C
L00305,13,C
L00305,14,O
L00305,15,N
L00305,16,C
L00305,17,O
L00306,0,C
L00306,1,C
L00306,2,C
L00306,3,C
L00306,4,C
L00306,5,C
L00306,6,Cl
L00306,7,C
L00306,8,O
L00306,9,N
L00306,10,C
L00306,11,C
L00306,12,C
L00306,13,O
L00306,14,N
L00306,15,C
L00306,16,O
L00306,17,Cl
L00306,18,Cl
L00307,0,C
L00307,1,C
L00307,2,C
L00307,3,C
L00307,4,O
L00307,5,N
L00307,6,C
L00307,7,C
L00307,8,C
L00307,9,O
L00307,10,N
L00307,11,C
L00307,12,O
L00307,13,C
L00308,0,C
L00308,1,C
L00308,2,C
L00308,3,O
L00308,4,N
L00308,5,C
L00308,6,O
L00308,7,C
L00308,8,N
L00308,9,C
L00308,10,O
L00308,11,O
L00308,12,C
L00308,13,C
L00308,14,C
L00308,15,C
L00308,16,C
L00308,17,C
L00308,18,C
L00308,19,N
L00309,0,C
L00309,1,C
L00309,2,C
L00309,3,C
L00309,4,C
L00309,5,C
L00309,6,N
L00309,7,C
L00309,8,O
L00309,9,N
L00309,10,C
L00309,11,C
L00309,12,C
L00309,13,C
L00309,14,N
L00309,15,C
L00310,0,C
L00310,1,C
L00310,2,C
L00310,3,N
L00310,4,C
L00310,5,C
L00310,6,C
L00310,7,C
L00310,8,N
L00310,9,N
L00310,10,C
L00310,11,N
L00310,12,C
L00310,13,N
L00310,14,C
L00311,0,C
L00311,1,C
L00311,2,N
L00311,3,C
L00311,4,S
L00311,5,N
L00311,6,N
L00311,7,C
L00311,8,C
L00311,9,C
L00311,10,N
L00311,11,C
L00311,12,C
L00312,0,C
L00312,1,C
L00312,2,C
L00312,3,C
L00312,4,C
L00312,5,C
L00312,6,C
L00312,7,C
L00312,8,N
L00312,9,C
L00312,10,N
L00312,11,C
L00312,12,C
L00312,13,C
L00312,14,C
L00312,15,C
L00312,16,C
L00312,17,C
L00312,18,Cl
L00312,19,C
L00312,20,C
L00312,21,C
L00312,22,C
L00312,23,C
L00312,24,C
L00312,25,C
L00312,26,N
L00312,27,C
L00312,28,C
L00312,29,O
L00312,30,O
L00312,31,Cl
L00313,0,C
L00313,1,C
L00313,2,C
L00313,3,O
L00313,4,C
L00313,5,C
L00313,6,O
L00313,7,N
L00313,8,C
L00313,9,C
L00313,10,N
L00313,11,C
L00313,12,C
L00313,13,C
L00313,14,O
L00313,15,N
L00314,0,C
L00314,1,C
L00314,2,O
L00314,3,C
L00314,4,C
L00314,5,C
L00314,6,C
L00314,7,C
L00314,8,C
L00314,9,S
L00314,10,O
L00314,11,O
L00314,12,N
L00314,13,C
L00314,14,C
L00314,15,C
L00314,16,C
L00314,17,C
L00314,18,C
L00314,19,C
L00314,20,C
L00314,21,C
L00314,22,C
L00314,23,N
L00314,24,S
L00314,25,O
L00314,26,O
L00314,27,C
L00314,28,C
L00314,29,C
L00314,30,C
L00314,31,C
L00314,32,C
L00314,33,O
L00314,34,C
L00314,35,C
L00314,36,C
L00314,37,C
L00314,38,O
L00314,39,C
L00315,0,C
L00315,1,O
L00315,2,C
L00315,3,C
L00315,4,C
L00315,5,C
L00315,6,C
L00315,7,C
L00315,8,C
L00315,9,N
L00315,10,N
L00315,11,C
L00315,12,O
L00316,0,C
L00316,1,C
L00316,2,C
L00316,3,C
L00316,4,C
L00316,5,C
L00316,6,C
L00316,7,C
L00316,8,N
L00316,9,C
L00316,10,C
L00316,11,C
L00316,12,C
L00316,13,C
L00316,14,C
L00316,15,C
L00316,16,O
L00316,17,S
L00316,18,O
L00316,19,O
L00316,20,O
L00316,21,C
L00316,22,C
L00316,23,O
L00316,24,C
L00316,25,C
L00316,26,N
L00316,27,C
L00316,28,C
L00316,29,C
L00316,30,C
L00316,31,C
L00316,32,C
L00316,33,N
L00316,34,N
L00316,35,C
L00316,36,C
L00316,37,C
L00316,38,C
L00316,39,O
L00316,40,O
L00316,41,C
L00317,0,C
L00317,1,C
L00317,2,C
L00317,3,C
L00317,4,C
L00317,5,C
L00317,6,C
L00317,7,C
L00317,8,N
L00317,9,C
L00317,10,C
L00317,11,O
L00317,12,C
L00317,13,C
L00317,14,C
L00317,15,C
L00317,16,C
L00317,17,C
L00317,18,S
L00317,19,O
L00317,20,O
L00317,21,C
L00317,22,C
L00317,23,C
L00317,24,C
L00317,25,O
L00317,26,O
L00317,27,C
L00317,28,C
L00317,29,C
L00317,30,C
L00317,31,C
L00317,32,C
L00317,33,O
L00317,34,C
L00317,35,N
L00317,36,N
L00317,37,N
L00317,38,C
L00318,0,C
L00318,1,C
L00318,2,C
L00318,3,C
L00318,4,O
L00318,5,N
L00318,6,C
L00318,7,C
L00318,8,O
L00318,9,N
L00318,10,C
L00318,11,C
L00318,12,C
L00318,13,C
L00318,14,C
L00318,15,O
L00318,16,N
L00318,17,C
L00318,18,C
L00318,19,C
L00318,20,C
L00318,21,C
L00318,22,C
L00318,23,C
L00318,24,C
L00318,25,C
L00318,26,N
L00318,27,C
L00318,28,O
L00318,29,O
L00319,0,C
L00319,1,C
L00319,2,C
L00319,3,C
L00319,4,C
L00319,5,C
L00319,6,O
L00319,7,O
L00319,8,N
L00319,9,C
L00319,10,O
L00319,11,C
L00320,0,C
L00320,1,C
L00320,2,O
L00320,3,N
L00320,4,C
L00320,5,C
L00320,6,C
L00320,7,C
L00320,8,C
L00320,9,N
L00320,10,N
L00320,11,C
L00320,12,C
L00321,0,C
L00321,1,C
L00321,2,C
L00321,3,C
L00321,4,C
L00321,5,C
L00321,6,C
L00321,7,O
L00321,8,N
L00321,9,C
L00321,10,O
L00321,11,C
L00321,12,C
L00321,13,C
L00321,14,C
L00321,15,C
L00321,16,C
L00321,17,F
L00322,0,C
L00322,1,C
L00322,2,C
L00322,3,C
L00322,4,C
L00322,5,C
L00322,6,O
L00322,7,C
L00322,8,F
L00322,9,F
L00322,10,S
L00322,11,O
L00322,12,O
L00322,13,N
L00323,0,C
L00323,1,C
L00323,2,C
L00323,3,C
L00323,4,C
L00323,5,C
L00323,6,C
L00323,7,O
L00323,8,N
L00323,9,C
L00323,10,O
L00323,11,C
L00323,12,C
L00323,13,C
L00323,14,C
L00323,15,C
L00323,16,C
L00323,17,C
L00323,18,C
L00323,19,C
L00323,20,C
L00323,21,N
L00323,22,C
L00323,23,O
L00323,24,C
L00323,25,C
L00323,26,C
L00323,27,C
L00323,28,C
L00323,29,C
L00323,30,C
L00323,31,O
L00323,32,O
L00323,33,O
L00323,34,C
L00323,35,C
L00323,36,O
L00324,0,C
L00324,1,C
L00324,2,C
L00324,3,C
L00324,4,C
L00324,5,C
L00324,6,C
L00324,7,O
L00324,8,N
L00324,9,C
L00324,10,O
L00324,11,C
L00324,12,C
L00324,13,C
L00324,14,C
L00324,15,C
L00324,16,C
L00324,17,C
L00324,18,C
L00324,19,C
L00324,20,C
L00324,21,N
L00324,22,C
L00324,23,O
L00324,24,C
L00324,25,C
L00324,26,C
L00324,27,C
L00324,28,C
L00324,29,O
L00324,30,N
L00324,31,O
L00324,32,C
L00324,33,C
L00324,34,O
L00325,0,C
L00325,1,C
L00325,2,C
L00325,3,C
L00325,4,N
L00325,5,C
L00325,6,C
L00325,7,C
L00325,8,C
L00325,9,O
L00325,10,C
L00325,11,O
L00325,12,C
L00325,13,F
L00325,14,F
L00326,0,C
L00326,1,C
L00326,2,C
L00326,3,C
L00326,4,C
L00326,5,C
L00326,6,N
L00326,7,C
L00326,8,O
L00326,9,C
L00326,10,C
L00326,11,N
L00326,12,C
L00326,13,C
L00326,14,N
L00326,15,C
L00326,16,S
L00326,17,C
L00326,18,C
L00326,19,C
L00326,20,C
L00326,21,C
L00326,22,C
L00326,23,C
L00326,24,Cl
L00326,25,C
L00326,26,C
L00326,27,C
L00326,28,C
L00326,29,C
L00326,30,C
L00326,31,Cl
L00326,32,C
L00326,33,C
L00326,34,C
L00326,35,C
L00326,36,O
L00326,37,N
L00326,38,C
L00326,39,C
L00326,40,N
L00326,41,C
L00326,42,C
L00326,43,C
L00326,44,C
L00326,45,O
L00326,46,C
L00327,0,C
L00327,1,C
L00327,2,C
L00327,3,C
L00327,4,C
L00327,5,C
L00327,6,N
L00327,7,C
L00327,8,S
L00327,9,N
L00327,10,O
L00327,11,C
L00327,12,F
L00327,13,F
L00327,14,F
L00328,0,C
L00328,1,C
L00328,2,C
L00328,3,C
L00328,4,C
L00328,5,C
L00328,6,C
L00328,7,O
L00328,8,N
L00328,9,C
L00328,10,C
L00328,11,C
L00328,12,C
L00328,13,C
L00328,14,C
L00328,15,C
L00328,16,C
L00328,17,C
L00328,18,N
L00329,0,C
L00329,1,C
L00329,2,C
L00329,3,O
L00329,4,C
L00329,5,C
L00329,6,C
L00329,7,C
L00329,8,C
L00329,9,C
L00329,10,C
L00329,11,N
L00329,12,C
L00329,13,C
L00329,14,N
L00329,15,C
L00329,16,O
L00329,17,N
L00329,18,C
L00329,19,C
L00329,20,N
L00329,21,C
L00329,22,O
L00329,23,C
L00329,24,C
L00329,25,C
L00329,26,C
L00329,27,C
L00329,28,C
L00329,29,C
L00329,30,C
L00329,31,Cl
L00329,32,C
L00329,33,C
L00329,34,C
L00329,35,C
L00329,36,C
L00329,37,C
L00329,38,Cl
L00329,39,O
L00329,40,C
L00330,0,C
L00330,1,C
L00330,2,C
L00330,3,N
L00330,4,C
L00330,5,C
L00330,6,N
L00330,7,C
L00330,8,C
L00330,9,C
L00330,10,C
L00330,11,O
L00330,12,P
L00330,13,O
L00330,14,O
L00330,15,O
L00330,16,P
L00330,17,O
L00330,18,O
L00330,19,O
L00331,0,C
L00331,1,C
L00331,2,C
L00331,3,C
L00331,4,C
L00331,5,C
L00331,6,C
L00331,7,O
L00331,8,C
L00331,9,O
L00331,10,C
L00331,11,C
L00331,12,O
L00331,13,O
L00332,0,C
L00332,1,N
L00332,2,C
L00332,3,C
L00332,4,O
L00332,5,N
L00332,6,C
L00332,7,C
L00332,8,C
L00332,9,C
L00332,10,C
L00332,11,C
L00332,12,C
L00332,13,C
L00332,14,N
L00332,15,C
L00332,16,O
L00332,17,C
L00332,18,N
L00332,19,C
L00333,0,C
L00333,1,N
L00333,2,C
L00333,3,C
L00333,4,O
L00333,5,N
L00333,6,C
L00333,7,C
L00333,8,C
L00333,9,C
L00333,10,C
L00333,11,C
L00333,12,C
L00333,13,C
L00333,14,N
L00333,15,C
L00333,16,O
L00333,17,C
L00333,18,N
L00333,19,C
L00334,0,C
L00334,1,C
L00334,2,C
L00334,3,C
L00334,4,C
L00334,5,C
L00334,6,C
L00334,7,C
L00334,8,C
L00334,9,C
L00334,10,C
L00334,11,C
L00334,12,C
L00334,13,N
L00334,14,C
L00334,15,O
L00334,16,Cl
L00334,17,C
L00334,18,C
L00334,19,N
L00334,20,C
L00334,21,O
L00334,22,N
L00334,23,C
L00334,24,C
L00334,25,N
L00334,26,C
L00334,27,C
L00334,28,O
L00334,29,C
L00334,30,C
L00334,31,C
L00334,32,C
L00334,33,C
L00334,34,C
L00334,35,C
L00334,36,C
L00334,37,F
L00334,38,Cl
L00335,0,C
L00335,1,C
L00335,2,C
L00335,3,C
L00335,4,C
L00335,5,C
L00335,6,S
L00335,7,C
L00335,8,C
L00335,9,C
L00335,10,C
L00335,11,C
L00335,12,O
L00335,13,N
L00335,14,C
L00335,15,O
L00335,16,N
L00336,0,C
L00336,1,C
L00336,2,C
L00336,3,C
L00336,4,C
L00336,5,C
L00336,6,C
L00336,7,C
L00336,8,C
L00336,9,N
L00336,10,N
L00336,11,C
L00336,12,O
L00336,13,N
L00336,14,C
L00336,15,C
L00336,16,C
L00336,17,O
L00336,18,N
L00336,19,C
L00336,20,C
L00336,21,C
L00336,22,C
L00336,23,C
L00336,24,C
L00336,25,Cl
L00336,26,F
L00337,0,C
L00337,1,C
L00337,2,C
L00337,3,C
L00337,4,C
L00337,5,C
L00337,6,S
L00337,7,O
L00337,8,O
L00337,9,C
L00337,10,C
L00337,11,C
L00337,12,C
L00337,13,C
L00337,14,O
L00337,15,N
L00337,16,C
L00337,17,O
L00338,0,C
L00338,1,O
L00338,2,Fe
L00338,3,C
L00338,4,N
L00338,5,C
L00338,6,N
L00338,7,Ni
L00339,0,C
L00339,1,C
L00339,2,C
L00339,3,C
L00339,4,C
L00339,5,C
L00339,6,C
L00339,7,Cl
L00339,8,N
L00339,9,C
L00339,10,O
L00339,11,C
L00339,12,C
L00339,13,C
L00339,14,C
L00339,15,O
L00340,0,C
L00340,1,C
L00340,2,N
L00340,3,C
L00340,4,C
L00340,5,C
L00340,6,N
L00340,7,N
L00340,8,C
L00340,9,O
L00340,10,C
L00340,11,C
L00340,12,C
L00340,13,C
L00341,0,C
L00341,1,C
L00341,2,C
L00341,3,N
L00341,4,C
L00341,5,C
L00341,6,C
L00341,7,O
L00341,8,N
L00341,9,C
L00341,10,C
L00341,11,C
L00341,12,C
L00341,13,C
L00341,14,C
L00341,15,C
L00341,16,C
L00341,17,O
L00342,0,C
L00342,1,C
L00342,2,C
L00342,3,N
L00342,4,C
L00342,5,C
L00342,6,N
L00342,7,C
L00342,8,C
L00342,9,C
L00342,10,O
L00342,11,C
L00342,12,C
L00342,13,C
L00342,14,C
L00342,15,S
L00343,0,C
L00343,1,O
L00343,2,C
L00343,3,C
L00343,4,C
L00343,5,C
L00343,6,C
L00343,7,C
L00343,8,N
L00343,9,C
L00343,10,S
L00343,11,N
L00344,0,C
L00344,1,C
L00344,2,C
L00344,3,C
L00344,4,C
L00344,5,C
L00344,6,C
L00344,7,C
L00344,8,O
L00344,9,N
L00344,10,C
L00344,11,C
L00344,12,C
L00344,13,C
L00344,14,C
L00344,15,C
L00344,16,O
L00344,17,N
L00345,0,C
L00345,1,C
L00345,2,C
L00345,3,C
L00345,4,C
L00345,5,C
L00345,6,C
L00345,7,O
L00345,8,C
L00345,9,C
L00345,10,O
L00345,11,O
L00346,0,C
L00346,1,C
L00346,2,C
L00346,3,C
L00346,4,C
L00346,5,C
L00346,6,N
L00346,7,C
L00346,8,C
L00346,9,N
L00346,10,C
L00346,11,C
L00346,12,C
L00346,13,O
L00346,14,N
L00346,15,F
L00347,0,C
L00347,1,C
L00347,2,C
L00347,3,O
L00347,4,C
L00347,5,C
L00347,6,N
L00347,7,C
L00347,8,C
L00347,9,S
L00347,10,O
L00347,11,O
L00347,12,C
L00347,13,C
L00348,0,C
L00348,1,C
L00348,2,C
L00348,3,N
L00348,4,C
L00348,5,C
L00348,6,N
L00348,7,N
L00348,8,C
L00348,9,N
L00348,10,C
L00348,11,C
L00348,12,O
L00348,13,C
L00348,14,C
L00348,15,C
L00348,16,C
L00348,17,S
L00348,18,C
L00348,19,C
L00348,20,C
L00348,21,C
L00348,22,C
L00348,23,C
L00348,24,C
L00348,25,C
L00348,26,C
L00348,27,S
L00348,28,C
L00348,29,C
L00348,30,C
L00348,31,O
L00348,32,N
L00348,33,C
L00348,34,C
L00348,35,C
L00348,36,C
L00348,37,N
L00348,38,N
L00348,39,N
L00348,40,C
L00348,41,C
L00349,0,C
L00349,1,C
L00349,2,N
L00349,3,C
L00349,4,C
L00349,5,N
L00349,6,N
L00349,7,C
L00349,8,C
L00349,9,C
L00349,10,C
L00349,11,C
L00349,12,C
L00349,13,C
L00349,14,C
L00349,15,N
L00349,16,N
L00349,17,N
L00349,18,C
L00349,19,C
L00349,20,C
L00349,21,C
L00349,22,C
L00349,23,C
L00349,24,C
L00349,25,C
L00350,0,C
L00350,1,C
L00350,2,O
L00350,3,C
L00350,4,C
L00350,5,O
L00350,6,C
L00350,7,C
L00350,8,O
L00350,9,C
L00350,10,C
L00350,11,O
L00350,12,C
L00350,13,C
L00350,14,O
L00350,15,C
L00350,16,C
L00350,17,O
L00350,18,O
L00351,0,C
L00351,1,C
L00351,2,C
L00351,3,C
L00351,4,C
L00351,5,C
L00351,6,Cl
L00351,7,Cl
L00351,8,C
L00351,9,O
L00351,10,N
L00351,11,S
L00351,12,O
L00351,13,O
L00351,14,C
L00351,15,C
L00351,16,C
L00351,17,C
L00351,18,S
L00351,19,Br
L00352,0,C
L00352,1,C
L00352,2,C
L00352,3,C
L00352,4,C
L00352,5,C
L00352,6,C
L00352,7,C
L00352,8,C
L00352,9,O
L00352,10,O
L00352,11,N
L00352,12,I
L00353,0,C
L00353,1,C
L00353,2,N
L00353,3,C
L00353,4,C
L00353,5,C
L00353,6,C
L00353,7,C
L00353,8,C
L00353,9,N
L00353,10,N
L00353,11,C
L00353,12,C
L00353,13,C
L00353,14,C
L00353,15,O
L00353,16,O
L00353,17,C
L00353,18,C
L00353,19,C
L00353,20,C
L00353,21,C
L00353,22,C
L00353,23,C
L00353,24,N
L00353,25,C
L00353,26,C
L00353,27,C
L00353,28,O
L00353,29,C
L00353,30,C
L00353,31,C
L00353,32,C
L00353,33,C
L00353,34,C
L00354,0,C
L00354,1,C
L00354,2,O
L00354,3,C
L00354,4,C
L00354,5,C
L00354,6,C
L00354,7,C
L00354,8,C
L00354,9,N
L00354,10,C
L00354,11,C
L00354,12,C
L00354,13,C
L00354,14,C
L00354,15,C
L00354,16,S
L00354,17,C
L00354,18,C
L00354,19,C
L00354,20,N
L00354,21,C
L00354,22,C
L00355,0,C
L00355,1,C
L00355,2,C
L00355,3,C
L00355,4,N
L00355,5,N
L00355,6,C
L00355,7,N
L00355,8,C
L00355,9,O
L00355,10,N
L00355,11,C
L00355,12,N
L00356,0,C
L00356,1,N
L00356,2,C
L00356,3,C
L00356,4,C
L00356,5,C
L00356,6,O
L00356,7,O
L00356,8,C
L00356,9,C
L00356,10,C
L00356,11,C
L00356,12,C
L00356,13,C
L00356,14,F
L00357,0,C
L00357,1,O
L00357,2,C
L00357,3,O
L00357,4,N
L00357,5,C
L00357,6,C
L00357,7,N
L00357,8,C
L00357,9,C
L00357,10,C
L00357,11,C
L00357,12,C
L00357,13,C
L00357,14,C
L00357,15,C
L00357,16,F
L00358,0,C
L00358,1,C
L00358,2,C
L00358,3,C
L00358,4,C
L00358,5,C
L00358,6,C
L00358,7,C
L00358,8,C
L00358,9,N
L00358,10,C
L00358,11,N
L00358,12,N
L00358,13,S
L00358,14,O
L00358,15,O
L00358,16,C
L00358,17,C
L00358,18,C
L00358,19,C
L00358,20,C
L00358,21,C
L00358,22,C
L00358,23,N
L00359,0,C
L00359,1,O
L00359,2,C
L00359,3,C
L00359,4,C
L00359,5,C
L00359,6,C
L00359,7,C
L00359,8,S
L00359,9,O
L00359,10,O
L00359,11,N
L00359,12,C
L00359,13,C
L00359,14,O
L00359,15,O
L00359,16,C
L00359,17,C
L00359,18,C
L00359,19,C
L00359,20,C
L00359,21,C
L00359,22,C
L00359,23,C
L00359,24,C
L00359,25,N
L00359,26,N
L00359,27,C
L00359,28,C
L00359,29,F
L00359,30,F
L00359,31,F
L00359,32,S
L00359,33,O
L00359,34,O
L00359,35,C
L00359,36,C
L00359,37,C
L00359,38,C
L00359,39,C
L00359,40,C
L00359,41,O
L00359,42,C
L00360,0,C
L00360,1,C
L00360,2,O
L00360,3,N
L00360,4,C
L00360,5,C
L00360,6,C
L00360,7,C
L00360,8,C
L00360,9,O
L00360,10,N
L00360,11,C
L00360,12,C
L00360,13,O
L00360,14,C
L00360,15,O
L00360,16,C
L00360,17,C
L00360,18,C
L00360,19,C
L00360,20,C
L00360,21,C
L00360,22,C
L00360,23,S
L00360,24,C
L00360,25,C
L00360,26,N
L00360,27,C
L00360,28,O
L00360,29,C
L00360,30,O
L00360,31,N
L00360,32,C
L00360,33,C
L00361,0,C
L00361,1,C
L00361,2,C
L00361,3,C
L00361,4,O
L00361,5,N
L00361,6,C
L00361,7,C
L00361,8,O
L00361,9,N
L00361,10,C
L00361,11,C
L00361,12,C
L00361,13,C
L00361,14,C
L00361,15,O
L00361,16,N
L00361,17,C
L00361,18,O
L00362,0,C
L00362,1,C
L00362,2,C
L00362,3,C
L00362,4,O
L00362,5,N
L00362,6,C
L00362,7,C
L00362,8,C
L00362,9,C
L00362,10,C
L00362,11,O
L00362,12,N
L00362,13,C
L00362,14,C
L00362,15,C
L00362,16,C
L00362,17,C
L00362,18,O
L00362,19,N
L00362,20,C
L00362,21,C
L00362,22,C
L00362,23,C
L00362,24,C
L00362,25,C
L00362,26,C
L00362,27,C
L00362,28,O
L00362,29,C
L00362,30,C
L00362,31,O
L00362,32,C
L00362,33,Cl
L00362,34,O
L00363,0,C
L00363,1,C
L00363,2,C
L00363,3,C
L00363,4,O
L00363,5,N
L00363,6,C
L00363,7,C
L00363,8,C
L00363,9,C
L00363,10,C
L00363,11,O
L00363,12,N
L00363,13,C
L00363,14,C
L00363,15,C
L00363,16,C
L00363,17,C
L00363,18,O
L00363,19,N
L00363,20,C
L00363,21,C
L00363,22,C
L00363,23,C
L00363,24,C
L00363,25,C
L00363,26,C
L00363,27,O
L00363,28,C
L00363,29,C
L00363,30,O
L00363,31,C
L00363,32,C
L00363,33,C
L00363,34,N
L00363,35,C
L00363,36,S
L00363,37,C
L00363,38,O
L00364,0,C
L00364,1,C
L00364,2,C
L00364,3,C
L00364,4,O
L00364,5,N
L00364,6,C
L00364,7,C
L00364,8,C
L00364,9,C
L00364,10,C
L00364,11,O
L00364,12,N
L00364,13,C
L00364,14,C
L00364,15,C
L00364,16,C
L00364,17,C
L00364,18,O
L00364,19,N
L00364,20,C
L00364,21,C
L00364,22,C
L00364,23,C
L00364,24,C
L00364,25,C
L00364,26,C
L00364,27,C
L00364,28,O
L00364,29,C
L00364,30,C
L00364,31,O
L00364,32,C
L00364,33,C
L00364,34,C
L00364,35,N
L00364,36,C
L00364,37,S
L00364,38,C
L00364,39,O
L00365,0,C
L00365,1,C
L00365,2,C
L00365,3,S
L00365,4,C
L00365,5,N
L00365,6,C
L00365,7,C
L00365,8,C
L00365,9,C
L00365,10,C
L00365,11,C
L00365,12,C
L00365,13,C
L00365,14,C
L00365,15,O
L00365,16,N
L00365,17,C
L00365,18,N
L00365,19,C
L00365,20,O
L00365,21,C
L00365,22,C
L00365,23,C
L00365,24,C
L00365,25,N
L00365,26,C
L00365,27,O
L00365,28,C
L00365,29,C
L00365,30,C
L00365,31,C
L00365,32,C
L00365,33,N
L00365,34,C
L00365,35,O
L00365,36,C
L00365,37,C
L00365,38,C
L00365,39,F
L00365,40,O
L00366,0,C
L00366,1,C
L00366,2,C
L00366,3,C
L00366,4,O
L00366,5,N
L00366,6,C
L00366,7,C
L00366,8,C
L00366,9,C
L00366,10,C
L00366,11,O
L00366,12,N
L00366,13,C
L00366,14,C
L00366,15,C
L00366,16,C
L00366,17,C
L00366,18,O
L00366,19,N
L00366,20,O
L00366,21,C
L00366,22,C
L00366,23,C
L00366,24,C
L00366,25,C
L00366,26,C
L00366,27,C
L00366,28,C
L00366,29,N
L00366,30,C
L00366,31,S
L00366,32,C
L00366,33,O
L00367,0,C
L00367,1,C
L00367,2,C
L00367,3,C
L00367,4,O
L00367,5,N
L00367,6,C
L00367,7,C
L00367,8,C
L00367,9,C
L00367,10,C
L00367,11,O
L00367,12,N
L00367,13,C
L00367,14,C
L00367,15,C
L00367,16,C
L00367,17,C
L00367,18,N
L00367,19,O
L00367,20,C
L00367,21,N
L00367,22,C
L00367,23,C
L00367,24,C
L00367,25,C
L00367,26,C
L00367,27,C
L00367,28,C
L00367,29,C
L00367,30,C
L00367,31,N
L00367,32,C
L00367,33,S
L00367,34,C
L00367,35,O
L00368,0,C
L00368,1,C
L00368,2,C
L00368,3,C
L00368,4,C
L00368,5,C
L00368,6,S
L00368,7,O
L00368,8,O
L00368,9,N
L00368,10,C
L00368,11,C
L00368,12,C
L00368,13,C
L00368,14,C
L00368,15,C
L00368,16,N
L00368,17,C
L00368,18,C
L00368,19,C
L00368,20,N
L00368,21,C
L00368,22,O
L00368,23,O
L00368,24,C
L00368,25,C
L00368,26,C
L00369,0,C
L00369,1,C
L00369,2,C
L00369,3,C
L00369,4,C
L00369,5,C
L00369,6,C
L00369,7,C
L00369,8,C
L00369,9,C
L00369,10,C
L00369,11,C
L00369,12,N
L00369,13,N
L00369,14,C
L00369,15,C
L00369,16,C
L00369,17,C
L00369,18,C
L00369,19,C
L00369,20,N
L00369,21,C
L00369,22,C
L00369,23,O
L00369,24,O
L00369,25,S
L00369,26,O
L00369,27,O
L00369,28,C
L00369,29,C
L00369,30,C
L00369,31,C
L00369,32,C
L00369,33,C
L00369,34,C
L00369,35,O
L00369,36,O
L00370,0,C
L00370,1,C
L00370,2,C
L00370,3,C
L00370,4,C
L00370,5,C
L00370,6,S
L00370,7,O
L00370,8,O
L00370,9,N
L00370,10,C
L00370,11,C
L00370,12,C
L00370,13,C
L00370,14,C
L00370,15,C
L00370,16,N
L00370,17,C
L00370,18,C
L00370,19,C
L00370,20,N
L00370,21,C
L00370,22,N
L00370,23,N
L00370,24,N
L00370,25,N
L00370,26,C
L00370,27,C
L00370,28,C
L00371,0,C
L00371,1,C
L00371,2,C
L00371,3,C
L00371,4,C
L00371,5,C
L00371,6,C
L00371,7,C
L00371,8,C
L00371,9,C
L00371,10,S
L00371,11,O
L00371,12,O
L00371,13,N
L00371,14,C
L00371,15,C
L00371,16,O
L00371,17,O
L00371,18,C
L00371,19,C
L00371,20,C
L00371,21,C
L00371,22,C
L00371,23,C
L00371,24,N
L00371,25,C
L00371,26,C
L00371,27,C
L00371,28,N
L00371,29,C
L00371,30,O
L00371,31,O
L00371,32,C
L00371,33,C
L00371,34,C
L00372,0,C
L00372,1,C
L00372,2,C
L00372,3,C
L00372,4,C
L00372,5,C
L00372,6,C
L00372,7,C
L00372,8,N
L00372,9,C
L00372,10,O
L00372,11,C
L00372,12,C
L00372,13,C
L00372,14,C
L00372,15,C
L00372,16,C
L00372,17,C
L00372,18,C
L00372,19,C
L00372,20,C
L00372,21,C
L00372,22,C
L00372,23,N
L00372,24,C
L00372,25,C
L00372,26,C
L00372,27,N
L00372,28,C
L00372,29,O
L00372,30,O
L00372,31,C
L00372,32,C
L00372,33,C
L00373,0,C
L00373,1,C
L00373,2,C
L00373,3,C
L00373,4,C
L00373,5,C
L00373,6,S
L00373,7,O
L00373,8,O
L00373,9,N
L00373,10,C
L00373,11,C
L00373,12,O
L00373,13,O
L00373,14,C
L00373,15,C
L00373,16,C
L00373,17,C
L00373,18,C
L00373,19,C
L00373,20,N
L00373,21,C
L00373,22,C
L00373,23,C
L00373,24,N
L00373,25,C
L00373,26,O
L00373,27,O
L00373,28,C
L00373,29,C
L00373,30,C
L00374,0,C
L00374,1,C
L00374,2,C
L00374,3,C
L00374,4,C
L00374,5,C
L00374,6,N
L00374,7,C
L00374,8,C
L00374,9,C
L00374,10,N
L00374,11,C
L00374,12,O
L00374,13,O
L00374,14,C
L00374,15,C
L00374,16,C
L00375,0,C
L00375,1,O
L00375,2,C
L00375,3,C
L00375,4,C
L00375,5,C
L00375,6,C
L00375,7,C
L00375,8,S
L00375,9,O
L00375,10,O
L00375,11,N
L00375,12,C
L00375,13,C
L00375,14,O
L00375,15,O
L00375,16,C
L00375,17,C
L00375,18,C
L00375,19,C
L00375,20,C
L00375,21,C
L00375,22,N
L00375,23,C
L00375,24,C
L00375,25,C
L00375,26,N
L00375,27,C
L00375,28,O
L00375,29,O
L00375,30,C
L00375,31,C
L00375,32,C
L00376,0,C
L00376,1,C
L00376,2,C
L00376,3,C
L00376,4,C
L00376,5,C
L00376,6,C
L00376,7,C
L00376,8,S
L00376,9,O
L00376,10,O
L00376,11,N
L00376,12,C
L00376,13,C
L00376,14,C
L00376,15,C
L00376,16,C
L00376,17,C
L00376,18,N
L00376,19,C
L00376,20,C
L00376,21,C
L00376,22,N
L00376,23,C
L00376,24,O
L00376,25,O
L00376,26,C
L00376,27,C
L00376,28,C
L00376,29,C
L00376,30,C
L00377,0,C
L00377,1,C
L00377,2,C
L00377,3,C
L00377,4,C
L00377,5,C
L00377,6,C
L00377,7,C
L00377,8,S
L00377,9,O
L00377,10,O
L00377,11,N
L00377,12,C
L00377,13,C
L00377,14,O
L00377,15,O
L00377,16,C
L00377,17,C
L00377,18,C
L00377,19,C
L00377,20,C
L00377,21,C
L00377,22,N
L00377,23,C
L00377,24,C
L00377,25,C
L00377,26,N
L00377,27,C
L00377,28,O
L00377,29,O
L00377,30,C
L00377,31,C
L00377,32,C
L00377,33,C
L00377,34,C
L00378,0,C
L00378,1,O
L00378,2,C
L00378,3,C
L00378,4,C
L00378,5,C
L00378,6,C
L00378,7,C
L00378,8,S
L00378,9,O
L00378,10,O
L00378,11,N
L00378,12,C
L00378,13,C
L00378,14,O
L00378,15,O
L00378,16,C
L00378,17,C
L00378,18,C
L00378,19,C
L00378,20,C
L00378,21,C
L00378,22,N
L00378,23,C
L00378,24,C
L00378,25,C
L00378,26,N
L00378,27,C
L00378,28,O
L00378,29,O
L00378,30,C
L00378,31,C
L00378,32,C
L00378,33,C
L00378,34,C
L00378,35,C
L00378,36,C
L00378,37,C
L00378,38,C
L00379,0,C
L00379,1,C
L00379,2,C
L00379,3,C
L00379,4,C
L00379,5,C
L00379,6,C
L00379,7,C
L00379,8,C
L00379,9,S
L00379,10,O
L00379,11,O
L00379,12,N
L00379,13,C
L00379,14,C
L00379,15,C
L00379,16,C
L00379,17,C
L00379,18,C
L00379,19,N
L00379,20,C
L00379,21,C
L00379,22,C
L00379,23,N
L00379,24,C
L00379,25,O
L00379,26,O
L00379,27,C
L00379,28,C
L00379,29,C
L00380,0,C
L00380,1,N
L00380,2,C
L00380,3,C
L00380,4,O
L00380,5,C
L00380,6,C
L00380,7,C
L00380,8,C
L00380,9,C
L00380,10,C
L00380,11,N
L00380,12,C
L00380,13,O
L00380,14,O
L00380,15,C
L00380,16,C
L00380,17,C
L00380,18,C
L00380,19,C
L00380,20,C
L00380,21,C
L00380,22,C
L00380,23,O
L00380,24,O
L00381,0,C
L00381,1,O
L00381,2,C
L00381,3,C
L00381,4,C
L00381,5,C
L00381,6,C
L00381,7,C
L00381,8,O
L00381,9,C
L00381,10,C
L00381,11,C
L00381,12,C
L00381,13,C
L00381,14,C
L00381,15,C
L00381,16,C
L00381,17,O
L00381,18,N
L00381,19,C
L00382,0,C
L00382,1,C
L00382,2,O
L00382,3,N
L00382,4,C
L00382,5,C
L00382,6,C
L00382,7,C
L00382,8,C
L00382,9,C
L00382,10,C
L00382,11,N
L00382,12,C
L00382,13,C
L00382,14,O
L00382,15,C
L00382,16,C
L00383,0,C
L00383,1,C
L00383,2,N
L00383,3,N
L00383,4,C
L00383,5,S
L00383,6,N
L00383,7,C
L00383,8,C
L00383,9,C
L00383,10,C
L00383,11,C
L00384,0,C
L00384,1,C
L00384,2,N
L00384,3,C
L00384,4,C
L00384,5,N
L00384,6,C
L00384,7,C
L00384,8,C
L00384,9,C
L00384,10,C
L00384,11,C
L00384,12,C
L00384,13,C
L00384,14,N
L00385,0,C
L00385,1,N
L00385,2,C
L00385,3,C
L00385,4,C
L00385,5,C
L00385,6,C
L00385,7,C
L00385,8,C
L00385,9,C
L00385,10,C
L00385,11,S
L00385,12,O
L00385,13,O
L00385,14,N
L00386,0,C
L00386,1,C
L00386,2,N
L00386,3,N
L00386,4,S
L00386,5,C
L00386,6,O
L00386,7,N
L00386,8,C
L00386,9,C
L00386,10,O
L00386,11,C
L00386,12,C
L00387,0,C
L00387,1,C
L00387,2,C
L00387,3,C
L00387,4,C
L00387,5,C
L00387,6,C
L00387,7,C
L00387,8,C
L00387,9,O
L00387,10,O
L00387,11,Cl
L00388,0,C
L00388,1,C
L00388,2,C
L00388,3,O
L00388,4,O
L00388,5,C
L00388,6,C
L00388,7,C
L00388,8,C
L00388,9,C
L00388,10,C
L00388,11,C
L00388,12,O
L00388,13,O
L00388,14,C
L00389,0,C
L00389,1,C
L00389,2,C
L00389,3,C
L00389,4,C
L00389,5,C
L00389,6,C
L00389,7,O
L00389,8,C
L00389,9,O
L00389,10,C
L00389,11,C
L00389,12,C
L00389,13,C
L00389,14,O
L00389,15,O
L00390,0,C
L00390,1,C
L00390,2,O
L00390,3,N
L00390,4,C
L00390,5,C
L00390,6,C
L00390,7,C
L00390,8,C
L00390,9,C
L00390,10,C
L00390,11,C
L00390,12,N
L00390,13,C
L00391,0,C
L00391,1,S
L00391,2,O
L00391,3,O
L00391,4,N
L00391,5,C
L00391,6,C
L00391,7,C
L00391,8,C
L00391,9,C
L00391,10,C
L00391,11,C
L00391,12,C
L00391,13,F
L00392,0,C
L00392,1,C
L00392,2,C
L00392,3,N
L00392,4,C
L00392,5,C
L00392,6,N
L00392,7,S
L00392,8,O
L00392,9,O
L00392,10,C
L00392,11,C
L00392,12,C
L00392,13,C
L00392,14,C
L00392,15,C
L00392,16,N
L00393,0,C
L00393,1,C
L00393,2,C
L00393,3,C
L00393,4,C
L00393,5,C
L00393,6,C
L00393,7,C
L00393,8,C
L00393,9,C
L00393,10,O
L00393,11,O
L00393,12,N
L00393,13,C
L00393,14,O
L00393,15,C
L00393,16,C
L00393,17,C
L00393,18,C
L00393,19,C
L00393,20,C
L00393,21,C
L00393,22,C
L00393,23,C
L00393,24,C
L00393,25,C
L00394,0,C
L00394,1,C
L00394,2,C
L00394,3,C
L00394,4,C
L00394,5,C
L00394,6,C
L00394,7,C
L00394,8,C
L00394,9,C
L00394,10,C
L00394,11,O
L00394,12,O
L00394,13,N
L00394,14,C
L00394,15,O
L00394,16,C
L00394,17,C
L00394,18,C
L00394,19,C
L00394,20,C
L00394,21,C
L00394,22,C
L00394,23,C
L00394,24,C
L00394,25,C
L00394,26,C
L00395,0,C
L00395,1,C
L00395,2,C
L00395,3,C
L00395,4,C
L00395,5,C
L00395,6,C
L00395,7,C
L00395,8,C
L00395,9,C
L00395,10,C
L00395,11,C
L00395,12,O
L00395,13,C
L00395,14,C
L00395,15,C
L00395,16,C
L00395,17,C
L00395,18,C
L00395,19,C
L00395,20,C
L00395,21,C
L00395,22,C
L00395,23,C
L00395,24,C
L00395,25,C
L00395,26,O
L00395,27,C
L00395,28,N
L00395,29,C
L00395,30,C
L00395,31,C
L00395,32,C
L00395,33,C
L00395,34,O
L00395,35,O
L00396,0,C
L00396,1,C
L00396,2,C
L00396,3,C
L00396,4,C
L00396,5,C
L00396,6,C
L00396,7,C
L00396,8,C
L00396,9,C
L00396,10,C
L00396,11,O
L00396,12,O
L00396,13,N
L00396,14,C
L00396,15,O
L00396,16,C
L00396,17,C
L00396,18,C
L00396,19,C
L00396,20,C
L00396,21,C
L00396,22,C
L00396,23,C
L00396,24,C
L00396,25,C
L00396,26,C
L00396,27,F
L00397,0,C
L00397,1,S
L00397,2,O
L00397,3,O
L00397,4,C
L00397,5,C
L00397,6,N
L00397,7,C
L00397,8,C
L00397,9,C
L00397,10,C
L00397,11,C
L00397,12,C
L00397,13,N
L00398,0,C
L00398,1,O
L00398,2,C
L00398,3,C
L00398,4,O
L00398,5,N
L00398,6,C
L00398,7,C
L00398,8,C
L00398,9,C
L00398,10,C
L00398,11,C
L00398,12,C
L00399,0,C
L00399,1,C
L00399,2,C
L00399,3,C
L00399,4,C
L00399,5,C
L00399,6,C
L00399,7,N
L00399,8,C
L00399,9,O
L00399,10,N
L00399,11,C
L00399,12,C
L00399,13,C
L00399,14,C
L00399,15,C
L00399,16,O
L00399,17,N
L00399,18,C
L00399,19,C
L00399,20,C
L00399,21,C
L00399,22,C
L00399,23,C
L00399,24,C
L00399,25,C
L00399,26,C
L00399,27,N
L00399,28,C
L00399,29,S
L00399,30,C
L00399,31,O
L00400,0,C
L00400,1,C
L00400,2,C
L00400,3,C
L00400,4,O
L00400,5,O
L00400,6,N
L00400,7,C
L00400,8,O
L00400,9,C
L00400,10,O
L00401,0,C
L00401,1,C
L00401,2,C
L00401,3,C
L00401,4,N
L00401,5,C
L00401,6,O
L00401,7,C
L00401,8,C
L00401,9,C
L00401,10,C
L00401,11,C
L00401,12,C
L00401,13,C
L00401,14,C
L00401,15,N
L00401,16,C
L00401,17,C
L00401,18,O
L00401,19,O
L00401,20,Cl
L00401,21,N
L00401,22,C
L00401,23,C
L00401,24,C
L00401,25,C
L00401,26,C
L00401,27,C
L00401,28,C
L00401,29,Cl
L00401,30,C
L00401,31,O
L00402,0,C
L00402,1,C
L00402,2,C
L00402,3,C
L00402,4,C
L00402,5,C
L00402,6,N
L00402,7,C
L00402,8,N
L00402,9,C
L00402,10,C
L00402,11,S
L00402,12,C
L00402,13,N
L00403,0,C
L00403,1,C
L00403,2,C
L00403,3,C
L00403,4,O
L00403,5,N
L00403,6,C
L00403,7,C
L00403,8,O
L00403,9,N
L00403,10,C
L00403,11,C
L00403,12,C
L00403,13,C
L00403,14,C
L00403,15,O
L00403,16,N
L00403,17,C
L00403,18,C
L00403,19,C
L00403,20,C
L00403,21,C
L00403,22,C
L00403,23,C
L00403,24,C
L00403,25,C
L00403,26,C
L00403,27,C
L00403,28,C
L00403,29,C
L00403,30,O
L00404,0,C
L00404,1,C
L00404,2,C
L00404,3,C
L00404,4,N
L00404,5,C
L00404,6,N
L00404,7,C
L00404,8,O
L00404,9,N
L00404,10,C
L00404,11,C
L00404,12,C
L00404,13,C
L00404,14,C
L00405,0,C
L00405,1,C
L00405,2,C
L00405,3,C
L00405,4,C
L00405,5,C
L00405,6,C
L00405,7,C
L00405,8,C
L00405,9,F
L00405,10,C
L00405,11,N
L00405,12,C
L00405,13,O
L00405,14,C
L00405,15,C
L00405,16,C
L00405,17,C
L00405,18,C
L00405,19,C
L00405,20,N
L00405,21,C
L00405,22,N
L00405,23,C
L00405,24,C
L00405,25,C
L00405,26,C
L00405,27,C
L00405,28,C
L00405,29,Cl
L00405,30,O
L00405,31,C
L00405,32,C
L00405,33,C
L00405,34,C
L00405,35,C
L00405,36,O
L00405,37,O
L00406,0,C
L00406,1,C
L00406,2,C
L00406,3,C
L00406,4,C
L00406,5,C
L00406,6,C
L00406,7,C
L00406,8,C
L00406,9,F
L00406,10,C
L00406,11,N
L00406,12,C
L00406,13,O
L00406,14,C
L00406,15,C
L00406,16,C
L00406,17,C
L00406,18,C
L00406,19,C
L00406,20,N
L00406,21,Cl
L00406,22,C
L00406,23,C
L00406,24,C
L00406,25,C
L00406,26,C
L00406,27,C
L00406,28,Cl
L00406,29,O
L00406,30,C
L00406,31,C
L00406,32,C
L00406,33,C
L00406,34,C
L00406,35,O
L00406,36,N
L00406,37,O
L00407,0,C
L00407,1,C
L00407,2,C
L00407,3,C
L00407,4,C
L00407,5,C
L00407,6,C
L00407,7,C
L00407,8,C
L00407,9,F
L00407,10,C
L00407,11,N
L00407,12,C
L00407,13,O
L00407,14,C
L00407,15,C
L00407,16,C
L00407,17,C
L00407,18,C
L00407,19,C
L00407,20,N
L00407,21,Cl
L00407,22,C
L00407,23,C
L00407,24,C
L00407,25,C
L00407,26,C
L00407,27,C
L00407,28,Cl
L00407,29,O
L00407,30,C
L00407,31,C
L00407,32,C
L00407,33,C
L00407,34,O
L00407,35,O
L00408,0,C
L00408,1,C
L00408,2,C
L00408,3,C
L00408,4,C
L00408,5,C
L00408,6,N
L00408,7,C
L00408,8,N
L00408,9,C
L00408,10,O
L00408,11,C
L00408,12,C
L00408,13,C
L00409,0,C
L00409,1,C
L00409,2,C
L00409,3,C
L00409,4,C
L00409,5,C
L00409,6,Cl
L00409,7,C
L00409,8,N
L00409,9,C
L00409,10,O
L00409,11,C
L00409,12,C
L00409,13,C
L00409,14,C
L00409,15,C
L00409,16,C
L00409,17,C
L00409,18,N
L00409,19,O
L00409,20,O
L00409,21,C
L00409,22,C
L00409,23,C
L00409,24,C
L00409,25,C
L00409,26,C
L00409,27,Cl
L00409,28,O
L00409,29,C
L00409,30,C
L00409,31,C
L00409,32,C
L00409,33,C
L00409,34,O
L00410,0,C
L00410,1,C
L00410,2,C
L00410,3,C
L00410,4,C
L00410,5,C
L00410,6,C
L00410,7,C
L00410,8,C
L00410,9,F
L00410,10,C
L00410,11,N
L00410,12,C
L00410,13,O
L00410,14,C
L00410,15,C
L00410,16,C
L00410,17,C
L00410,18,C
L00410,19,C
L00410,20,N
L00410,21,Cl
L00410,22,C
L00410,23,C
L00410,24,C
L00410,25,C
L00410,26,C
L00410,27,C
L00410,28,Cl
L00410,29,O
L00410,30,C
L00410,31,C
L00410,32,C
L00410,33,C
L00410,34,C
L00410,35,O
L00410,36,O
L00411,0,C
L00411,1,C
L00411,2,N
L00411,3,C
L00411,4,C
L00411,5,C
L00411,6,N
L00411,7,O
L00411,8,C
L00411,9,C
L00411,10,C
L00411,11,C
L00411,12,C
L00411,13,C
L00411,14,C
L00411,15,C
L00411,16,C
L00411,17,C
L00411,18,O
L00411,19,C
L00411,20,N
L00411,21,C
L00412,0,C
L00412,1,C
L00412,2,N
L00412,3,C
L00412,4,C
L00412,5,N
L00412,6,N
L00412,7,C
L00412,8,C
L00412,9,C
L00412,10,C
L00412,11,C
L00412,12,C
L00412,13,O
L00412,14,C
L00413,0,C
L00413,1,C
L00413,2,C
L00413,3,C
L00413,4,C
L00413,5,C
L00413,6,C
L00413,7,N
L00413,8,C
L00413,9,F
L00413,10,F
L00413,11,F
L00414,0,C
L00414,1,C
L00414,2,C
L00414,3,C
L00414,4,C
L00414,5,C
L00414,6,O
L00414,7,C
L00414,8,C
L00414,9,O
L00414,10,O
L00414,11,F
L00415,0,C
L00415,1,C
L00415,2,N
L00415,3,C
L00415,4,C
L00415,5,C
L00415,6,C
L00415,7,C
L00415,8,C
L00415,9,C
L00415,10,O
L00415,11,C
L00415,12,C
L00415,13,C
L00415,14,C
L00415,15,C
L00415,16,C
L00415,17,C
L00415,18,N
L00415,19,C
L00415,20,O
L00415,21,C
L00415,22,C
L00415,23,C
L00415,24,C
L00415,25,O
L00415,26,N
L00415,27,C
L00415,28,O
L00416,0,C
L00416,1,C
L00416,2,C
L00416,3,C
L00416,4,C
L00416,5,C
L00416,6,C
L00416,7,C
L00416,8,C
L00416,9,C
L00416,10,O
L00416,11,N
L00416,12,C
L00416,13,C
L00416,14,C
L00416,15,C
L00416,16,C
L00416,17,C
L00416,18,C
L00416,19,Cl
L00416,20,O
L00416,21,C
L00416,22,C
L00416,23,C
L00416,24,C
L00416,25,C
L00416,26,O
L00416,27,C
L00416,28,C
L00416,29,C
L00416,30,C
L00416,31,C
L00416,32,C
L00416,33,C
L00416,34,C
L00416,35,C
L00416,36,O
L00417,0,C
L00417,1,C
L00417,2,C
L00417,3,C
L00417,4,C
L00417,5,C
L00417,6,C
L00417,7,C
L00417,8,C
L00417,9,N
L00417,10,C
L00417,11,O
L00417,12,C
L00418,0,C
L00418,1,C
L00418,2,C
L00418,3,C
L00418,4,N
L00418,5,C
L00418,6,N
L00418,7,C
L00418,8,N
L00418,9,N
L00418,10,C
L00418,11,C
L00418,12,C
L00418,13,C
L00418,14,N
L00418,15,C
L00418,16,O
L00418,17,O
L00418,18,O
L00419,0,C
L00419,1,C
L00419,2,C
L00419,3,C
L00419,4,C
L00419,5,C
L00419,6,O
L00419,7,O
L00419,8,N
L00419,9,C
L00419,10,O
L00419,11,C
L00419,12,C
L00419,13,N
L00419,14,P
L00419,15,O
L00419,16,C
L00419,17,N
L00419,18,C
L00419,19,O
L00419,20,O
L00419,21,C
L00419,22,C
L00419,23,C
L00419,24,C
L00419,25,C
L00419,26,C
L00419,27,C
L00419,28,O
L00420,0,C
L00420,1,C
L00420,2,C
L00420,3,C
L00420,4,C
L00420,5,C
L00420,6,O
L00420,7,O
L00420,8,N
L00420,9,C
L00420,10,O
L00420,11,C
L00420,12,C
L00420,13,C
L00420,14,C
L00420,15,N
L00420,16,P
L00420,17,O
L00420,18,C
L00420,19,N
L00420,20,C
L00420,21,O
L00420,22,O
L00420,23,C
L00420,24,C
L00420,25,C
L00420,26,C
L00420,27,C
L00420,28,C
L00420,29,C
L00420,30,O
L00421,0,C
L00421,1,C
L00421,2,C
L00421,3,C
L00421,4,C
L00421,5,C
L00421,6,C
L00421,7,O
L00421,8,N
L00421,9,C
L00421,10,C
L00421,11,C
L00421,12,C
L00421,13,C
L00421,14,O
L00421,15,N
L00421,16,C
L00421,17,C
L00421,18,C
L00421,19,C
L00421,20,C
L00421,21,C
L00421,22,C
L00421,23,Cl
L00421,24,O
L00421,25,Cl
L00422,0,C
L00422,1,C
L00422,2,N
L00422,3,C
L00422,4,O
L00422,5,N
L00422,6,C
L00422,7,O
L00422,8,C
L00422,9,C
L00422,10,C
L00422,11,C
L00422,12,O
L00422,13,C
L00422,14,O
L00422,15,P
L00422,16,O
L00422,17,O
L00422,18,O
L00422,19,P
L00422,20,O
L00422,21,O
L00422,22,O
L00422,23,O
L00422,24,O
L00423,0,C
L00423,1,C
L00423,2,C
L00423,3,C
L00423,4,N
L00423,5,O
L00423,6,C
L00423,7,O
L00423,8,N
L00423,9,C
L00423,10,C
L00423,11,N
L00423,12,N
L00423,13,C
L00423,14,C
L00424,0,C
L00424,1,C
L00424,2,N
L00424,3,C
L00424,4,C
L00424,5,C
L00424,6,N
L00424,7,N
L00424,8,C
L00424,9,C
L00424,10,O
L00424,11,N
L00424,12,C
L00424,13,C
L00424,14,C
L00425,0,C
L00425,1,N
L00425,2,C
L00425,3,C
L00425,4,C
L00425,5,C
L00425,6,C
L00425,7,C
L00425,8,S
L00425,9,O
L00425,10,O
L00425,11,C
L00426,0,C
L00426,1,C
L00426,2,C
L00426,3,C
L00426,4,O
L00426,5,N
L00426,6,C
L00426,7,N
L00426,8,C
L00426,9,O
L00426,10,C
L00426,11,C
L00426,12,C
L00426,13,N
L00426,14,C
L00427,0,C
L00427,1,C
L00427,2,C
L00427,3,C
L00427,4,C
L00427,5,C
L00427,6,C
L00427,7,O
L00427,8,N
L00427,9,C
L00427,10,C
L00427,11,C
L00427,12,O
L00427,13,C
L00427,14,O
L00428,0,C
L00428,1,C
L00428,2,C
L00428,3,N
L00428,4,N
L00428,5,C
L00428,6,O
L00428,7,N
L00428,8,C
L00428,9,C
L00428,10,C
L00428,11,C
L00429,0,C
L00429,1,C
L00429,2,C
L00429,3,C
L00429,4,C
L00429,5,C
L00429,6,C
L00429,7,C
L00429,8,C
L00429,9,C
L00429,10,C
L00429,11,C
L00429,12,C
L00429,13,N
L00429,14,C
L00429,15,C
L00429,16,C
L00429,17,O
L00430,0,C
L00430,1,C
L00430,2,C
L00430,3,C
L00430,4,C
L00430,5,C
L00430,6,C
L00430,7,C
L00430,8,O
L00430,9,N
L00430,10,C
L00430,11,C
L00430,12,C
L00430,13,C
L00430,14,C
L00430,15,C
L00430,16,C
L00430,17,C
L00430,18,N
L00430,19,C
L00430,20,O
L00430,21,C
L00430,22,C
L00430,23,C
L00430,24,C
L00430,25,O
L00430,26,N
L00430,27,C
L00430,28,O
L00430,29,F
L00430,30,F
L00430,31,Cl
L00431,0,C
L00431,1,C
L00431,2,O
L00431,3,N
L00431,4,C
L00431,5,C
L00431,6,C
L00431,7,C
L00431,8,C
L00431,9,O
L00431,10,N
L00431,11,C
L00431,12,O
L00432,0,C
L00432,1,C
L00432,2,C
L00432,3,O
L00432,4,N
L00432,5,C
L00432,6,O
L00432,7,C
L00432,8,C
L00432,9,O
L00432,10,N
L00433,0,C
L00433,1,C
L00433,2,S
L00433,3,C
L00433,4,C
L00433,5,C
L00433,6,O
L00433,7,C
L00433,8,C
L00433,9,C
L00433,10,N
L00434,0,C
L00434,1,C
L00434,2,C
L00434,3,C
L00434,4,C
L00434,5,C
L00434,6,C
L00434,7,C
L00434,8,C
L00434,9,C
L00434,10,C
L00434,11,C
L00434,12,C
L00434,13,O
L00434,14,N
L00434,15,C
L00434,16,C
L00434,17,O
L00434,18,O
L00434,19,C
L00434,20,O
L00435,0,C
L00435,1,C
L00435,2,C
L00435,3,N
L00435,4,C
L00435,5,C
L00435,6,F
L00435,7,Cl
L00435,8,Cl
L00435,9,C
L00435,10,O
L00435,11,O
L00436,0,C
L00436,1,C
L00436,2,C
L00436,3,C
L00436,4,C
L00436,5,C
L00436,6,C
L00436,7,C
L00436,8,C
L00436,9,C
L00436,10,N
L00436,11,F
L00436,12,O
L00437,0,C
L00437,1,C
L00437,2,C
L00437,3,C
L00437,4,C
L00437,5,C
L00437,6,C
L00437,7,C
L00437,8,O
L00437,9,O
L00437,10,N
L00437,11,C
L00437,12,O
L00437,13,C
L00437,14,C
L00437,15,C
L00437,16,C
L00437,17,C
L00437,18,C
L00437,19,C
L00437,20,C
L00437,21,C
L00437,22,C
L00437,23,C
L00437,24,C
L00437,25,C
L00437,26,O
L00438,0,C
L00438,1,C
L00438,2,N
L00438,3,C
L00438,4,C
L00438,5,C
L00438,6,O
L00438,7,C
L00438,8,C
L00438,9,C
L00438,10,C
L00438,11,C
L00438,12,C
L00438,13,C
L00438,14,C
L00438,15,C
L00438,16,C
L00438,17,C
L00438,18,C
L00438,19,C
L00438,20,O
L00439,0,C
L00439,1,C
L00439,2,C
L00439,3,C
L00439,4,C
L00439,5,C
L00439,6,C
L00439,7,C
L00439,8,C
L00439,9,C
L00439,10,C
L00439,11,C
L00439,12,C
L00439,13,O
L00439,14,O
L00439,15,O
L00440,0,C
L00440,1,N
L00440,2,C
L00440,3,C
L00440,4,O
L00440,5,C
L00440,6,C
L00440,7,C
L00440,8,C
L00440,9,C
L00440,10,C
L00440,11,C
L00440,12,C
L00440,13,C
L00440,14,C
L00440,15,C
L00440,16,C
L00440,17,C
L00440,18,O
L00441,0,C
L00441,1,C
L00441,2,C
L00441,3,S
L00441,4,C
L00441,5,N
L00441,6,C
L00441,7,C
L00441,8,C
L00441,9,C
L00441,10,C
L00441,11,C
L00441,12,F
L00441,13,C
L00441,14,C
L00441,15,C
L00441,16,C
L00441,17,N
L00441,18,C
L00441,19,O
L00441,20,C
L00441,21,C
L00441,22,C
L00441,23,C
L00441,24,N
L00441,25,C
L00441,26,O
L00441,27,C
L00441,28,C
L00441,29,C
L00441,30,C
L00441,31,C
L00441,32,N
L00441,33,C
L00441,34,O
L00441,35,C
L00441,36,C
L00441,37,C
L00441,38,F
L00441,39,O
L00442,0,C
L00442,1,C
L00442,2,C
L00442,3,S
L00442,4,C
L00442,5,N
L00442,6,C
L00442,7,C
L00442,8,C
L00442,9,C
L00442,10,C
L00442,11,C
L00442,12,F
L00442,13,C
L00442,14,C
L00442,15,N
L00442,16,C
L00442,17,O
L00442,18,C
L00442,19,C
L00442,20,C
L00442,21,C
L00442,22,N
L00442,23,C
L00442,24,O
L00442,25,C
L00442,26,C
L00442,27,C
L00442,28,C
L00442,29,C
L00442,30,N
L00442,31,C
L00442,32,O
L00442,33,C
L00442,34,C
L00442,35,C
L00442,36,F
L00442,37,O
L00442,38,O
L00442,39,C
L00443,0,C
L00443,1,C
L00443,2,C
L00443,3,S
L00443,4,C
L00443,5,N
L00443,6,C
L00443,7,C
L00443,8,C
L00443,9,C
L00443,10,C
L00443,11,C
L00443,12,C
L00443,13,C
L00443,14,N
L00443,15,C
L00443,16,O
L00443,17,C
L00443,18,C
L00443,19,C
L00443,20,C
L00443,21,N
L00443,22,C
L00443,23,O
L00443,24,C
L00443,25,C
L00443,26,C
L00443,27,C
L00443,28,N
L00443,29,O
L00443,30,O
L00443,31,C
L00443,32,C
L00443,33,O
L00443,34,C
L00443,35,C
L00443,36,O
L00443,37,C
L00443,38,C
L00443,39,C
L00443,40,C
L00443,41,O
L00444,0,C
L00444,1,C
L00444,2,O
L00444,3,O
L00444,4,N
L00444,5,C
L00444,6,C
L00444,7,O
L00444,8,C
L00444,9,O
L00444,10,C
L00444,11,O
L00445,0,C
L00445,1,N
L00445,2,C
L00445,3,C
L00445,4,N
L00445,5,C
L00445,6,C
L00445,7,C
L00445,8,C
L00445,9,C
L00445,10,C
L00445,11,C
L00445,12,C
L00445,13,C
L00445,14,C
L00445,15,N
L00445,16,C
L00445,17,N
L00445,18,C
L00445,19,C
L00445,20,C
L00445,21,C
L00445,22,C
L00445,23,C
L00445,24,C
L00445,25,C
L00445,26,C
L00445,27,C
L00445,28,C
L00445,29,O
L00445,30,C
L00446,0,C
L00446,1,C
L00446,2,C
L00446,3,C
L00446,4,C
L00446,5,C
L00446,6,C
L00446,7,C
L00446,8,N
L00446,9,C
L00446,10,N
L00446,11,C
L00446,12,C
L00446,13,C
L00446,14,C
L00446,15,C
L00446,16,C
L00446,17,C
L00446,18,C
L00446,19,C
L00446,20,C
L00446,21,C
L00446,22,Cl
L00447,0,C
L00447,1,C
L00447,2,C
L00447,3,C
L00447,4,C
L00447,5,C
L00447,6,C
L00447,7,C
L00447,8,C
L00447,9,C
L00447,10,C
L00447,11,C
L00447,12,C
L00447,13,C
L00447,14,C
L00447,15,C
L00447,16,C
L00447,17,C
L00447,18,C
L00447,19,N
L00447,20,C
L00447,21,C
L00447,22,N
L00448,0,H
L00448,1,N
L00448,2,C
L00448,3,C
L00448,4,C
L00448,5,C
L00448,6,N
L00448,7,C
L00448,8,C
L00448,9,C
L00448,10,C
L00448,11,C
L00448,12,C
L00448,13,O
L00448,14,C
L00448,15,C
L00448,16,C
L00448,17,C
L00448,18,C
L00448,19,C
L00448,20,Cl
L00449,0,C
L00449,1,C
L00449,2,O
L00449,3,N
L00449,4,C
L00449,5,C
L00449,6,N
L00449,7,C
L00449,8,C
L00449,9,C
L00449,10,C
L00449,11,C
L00449,12,C
L00449,13,C
L00449,14,C
L00449,15,N
L00449,16,C
L00449,17,N
L00449,18,C
L00449,19,N
L00449,20,C
L00449,21,C
L00449,22,N
L00449,23,C
L00449,24,C
L00449,25,C
L00449,26,C
L00449,27,C
L00449,28,C
L00449,29,C
L00449,30,C
L00449,31,C
L00449,32,C
L00449,33,C
L00449,34,Cl
L00450,0,C
L00450,1,N
L00450,2,C
L00450,3,C
L00450,4,N
L00450,5,C
L00450,6,C
L00450,7,C
L00450,8,C
L00450,9,C
L00450,10,C
L00450,11,C
L00450,12,C
L00450,13,N
L00450,14,C
L00450,15,N
L00450,16,C
L00450,17,N
L00450,18,C
L00450,19,C
L00450,20,N
L00450,21,C
L00450,22,C
L00450,23,C
L00450,24,C
L00450,25,C
L00450,26,C
L00450,27,C
L00450,28,C
L00450,29,C
L00450,30,O
L00450,31,C
L00451,0,C
L00451,1,O
L00451,2,C
L00451,3,C
L00451,4,C
L00451,5,C
L00451,6,C
L00451,7,C
L00451,8,C
L00451,9,O
L00451,10,N
L00451,11,C
L00451,12,O
L00451,13,C
L00451,14,C
L00451,15,C
L00451,16,C
L00451,17,O
L00451,18,N
L00451,19,C
L00451,20,O
L00451,21,N
L00452,0,C
L00452,1,C
L00452,2,C
L00452,3,S
L00452,4,O
L00452,5,O
L00452,6,N
L00452,7,C
L00452,8,C
L00452,9,C
L00452,10,C
L00452,11,C
L00452,12,C
L00453,0,C
L00453,1,C
L00453,2,O
L00453,3,C
L00453,4,O
L00453,5,C
L00453,6,N
L00453,7,C
L00453,8,C
L00453,9,S
L00453,10,O
L00453,11,O
L00453,12,C
L00453,13,C
L00454,0,C
L00454,1,C
L00454,2,C
L00454,3,C
L00454,4,C
L00454,5,C
L00454,6,C
L00454,7,C
L00454,8,C
L00454,9,N
L00454,10,C
L00454,11,O
L00454,12,C
L00454,13,C
L00454,14,C
L00454,15,C
L00454,16,N
L00454,17,C
L00454,18,O
L00454,19,C
L00454,20,C
L00454,21,C
L00454,22,C
L00454,23,C
L00454,24,N
L00454,25,C
L00454,26,O
L00454,27,C
L00454,28,C
L00454,29,C
L00454,30,F
L00454,31,O
L00454,32,C
L00454,33,C
L00454,34,N
L00454,35,C
L00454,36,S
L00454,37,C
L00455,0,C
L00455,1,C
L00455,2,C
L00455,3,C
L00455,4,C
L00455,5,S
L00455,6,C
L00455,7,N
L00455,8,C
L00455,9,C
L00455,10,N
L00455,11,C
L00455,12,C
L00455,13,C
L00455,14,C
L00455,15,C
L00455,16,C
L00455,17,Cl
L00455,18,C
L00455,19,C
L00455,20,C
L00455,21,C
L00455,22,C
L00455,23,C
L00455,24,C
L00455,25,Cl
L00455,26,C
L00455,27,O
L00455,28,N
L00455,29,C
L00455,30,C
L00455,31,C
L00455,32,C
L00455,33,C
L00455,34,O
L00455,35,N
L00455,36,C
L00455,37,C
L00456,0,C
L00456,1,C
L00456,2,C
L00456,3,C
L00456,4,C
L00456,5,C
L00456,6,C
L00456,7,C
L00456,8,O
L00456,9,N
L00456,10,C
L00456,11,C
L00456,12,O
L00456,13,O
L00457,0,C
L00457,1,N
L00457,2,C
L00457,3,O
L00457,4,C
L00457,5,C
L00457,6,C
L00457,7,C
L00457,8,C
L00457,9,C
L00457,10,S
L00457,11,O
L00457,12,O
L00457,13,N
L00458,0,C
L00458,1,O
L00458,2,C
L00458,3,C
L00458,4,C
L00458,5,C
L00458,6,C
L00458,7,C
L00458,8,F
L00458,9,C
L00458,10,O
L00458,11,N
L00458,12,C
L00458,13,C
L00458,14,C
L00458,15,C
L00458,16,O
L00458,17,N
L00458,18,C
L00458,19,O
L00458,20,F
L00458,21,N
L00459,0,C
L00459,1,S
L00459,2,O
L00459,3,O
L00459,4,N
L00459,5,C
L00459,6,C
L00459,7,C
L00459,8,C
L00459,9,N
L00459,10,C
L00459,11,C
L00460,0,C
L00460,1,C
L00460,2,C
L00460,3,C
L00460,4,C
L00460,5,C
L00460,6,N
L00460,7,O
L00460,8,C
L00460,9,O
L00460,10,N
L00460,11,C
L00460,12,C
L00460,13,C
L00460,14,C
L00460,15,O
L00460,16,N
L00460,17,C
L00460,18,O
L00461,0,C
L00461,1,O
L00461,2,C
L00461,3,C
L00461,4,C
L00461,5,C
L00461,6,C
L00461,7,C
L00461,8,C
L00461,9,O
L00461,10,N
L00461,11,C
L00461,12,C
L00461,13,C
L00461,14,C
L00461,15,O
L00461,16,N
L00461,17,C
L00461,18,O
L00461,19,N
L00462,0,C
L00462,1,C
L00462,2,C
L00462,3,C
L00462,4,C
L00462,5,C
L00462,6,N
L00462,7,F
L00462,8,C
L00462,9,O
L00462,10,N
L00462,11,C
L00462,12,C
L00462,13,C
L00462,14,C
L00462,15,O
L00462,16,N
L00462,17,C
L00462,18,O
L00463,0,C
L00463,1,C
L00463,2,C
L00463,3,C
L00463,4,C
L00463,5,C
L00463,6,N
L00463,7,C
L00463,8,F
L00463,9,F
L00463,10,F
L00463,11,C
L00463,12,O
L00463,13,N
L00463,14,C
L00463,15,C
L00463,16,C
L00463,17,C
L00463,18,O
L00463,19,N
L00463,20,C
L00463,21,O
L00464,0,C
L00464,1,C
L00464,2,C
L00464,3,C
L00464,4,C
L00464,5,C
L00464,6,C
L00464,7,C
L00464,8,O
L00464,9,N
L00464,10,C
L00464,11,C
L00464,12,C
L00464,13,C
L00464,14,O
L00464,15,N
L00464,16,C
L00464,17,O
L00464,18,N
L00465,0,C
L00465,1,C
L00465,2,C
L00465,3,C
L00465,4,C
L00465,5,C
L00465,6,N
L00465,7,Cl
L00465,8,C
L00465,9,O
L00465,10,N
L00465,11,C
L00465,12,C
L00465,13,C
L00465,14,C
L00465,15,O
L00465,16,N
L00465,17,C
L00465,18,O
L00466,0,C
L00466,1,C
L00466,2,C
L00466,3,S
L00466,4,C
L00466,5,N
L00466,6,C
L00466,7,C
L00466,8,C
L00466,9,C
L00466,10,C
L00466,11,C
L00466,12,C
L00466,13,N
L00466,14,C
L00466,15,O
L00466,16,C
L00466,17,C
L00466,18,C
L00466,19,C
L00466,20,N
L00466,21,C
L00466,22,O
L00466,23,C
L00466,24,C
L00466,25,C
L00466,26,C
L00466,27,C
L00466,28,N
L00466,29,O
L00467,0,C
L00467,1,C
L00467,2,C
L00467,3,N
L00467,4,C
L00467,5,C
L00467,6,O
L00467,7,C
L00467,8,C
L00467,9,C
L00467,10,C
L00467,11,C
L00467,12,N
L00467,13,F
L00467,14,C
L00468,0,C
L00468,1,C
L00468,2,C
L00468,3,C
L00468,4,C
L00468,5,C
L00468,6,C
L00468,7,C
L00468,8,Cl
L00468,9,N
L00468,10,S
L00468,11,O
L00468,12,O
L00468,13,C
L00469,0,C
L00469,1,C
L00469,2,C
L00469,3,C
L00469,4,N
L00469,5,O
L00469,6,C
L00469,7,S
L00469,8,O
L00469,9,O
L00469,10,N
L00469,11,C
L00470,0,C
L00470,1,C
L00470,2,O
L00470,3,N
L00470,4,C
L00470,5,C
L00470,6,C
L00470,7,C
L00470,8,C
L00470,9,C
L00470,10,C
L00470,11,C
L00470,12,C
L00470,13,C
L00470,14,C
L00471,0,C
L00471,1,C
L00471,2,C
L00471,3,C
L00471,4,N
L00471,5,C
L00471,6,N
L00471,7,C
L00471,8,N
L00471,9,C
L00471,10,C
L00471,11,N
L00471,12,C
L00471,13,C
L00472,0,C
L00472,1,C
L00472,2,O
L00472,3,N
L00472,4,C
L00472,5,C
L00472,6,N
L00472,7,C
L00472,8,C
L00472,9,C
L00472,10,C
L00472,11,C
L00472,12,C
L00472,13,C
L00472,14,C
L00472,15,Cl
L00473,0,C
L00473,1,N
L00473,2,C
L00473,3,C
L00473,4,C
L00473,5,N
L00473,6,C
L00473,7,C
L00473,8,C
L00473,9,C
L00473,10,C
L00473,11,N
L00473,12,C
L00473,13,C
L00473,14,O
L00473,15,C
L00473,16,C
L00473,17,C
L00473,18,C
L00473,19,C
L00473,20,C
L00473,21,C
L00473,22,C
L00473,23,N
L00473,24,Cl
L00473,25,C
L00473,26,C
L00473,27,N
L00473,28,C
L00473,29,N
L00473,30,C
L00473,31,C
L00473,32,C
L00473,33,C
L00473,34,C
L00473,35,C
L00473,36,C
L00473,37,Cl
L00473,38,C
L00473,39,C
L00473,40,C
L00473,41,C
L00473,42,C
L00473,43,C
L00474,0,C
L00474,1,C
L00474,2,O
L00474,3,N
L00474,4,C
L00474,5,C
L00474,6,C
L00474,7,C
L00474,8,C
L00474,9,C
L00474,10,C
L00474,11,C
L00474,12,N
L00475,0,C
L00475,1,C
L00475,2,C
L00475,3,C
L00475,4,O
L00475,5,N
L00475,6,C
L00475,7,C
L00475,8,C
L00475,9,C
L00475,10,C
L00475,11,C
L00475,12,C
L00475,13,C
L00475,14,N
L00475,15,C
L00475,16,O
L00475,17,C
L00475,18,O
L00475,19,N
L00475,20,C
L00475,21,C
L00475,22,C
L00475,23,C
L00475,24,C
L00475,25,C
L00475,26,C
L00475,27,C
L00475,28,C
L00475,29,C
L00475,30,C
L00475,31,C
L00475,32,C
L00475,33,C
L00475,34,N
L00475,35,N
L00476,0,C
L00476,1,C
L00476,2,O
L00476,3,N
L00476,4,C
L00476,5,C
L00476,6,C
L00476,7,C
L00476,8,C
L00476,9,O
L00476,10,N
L00476,11,C
L00476,12,C
L00476,13,C
L00476,14,C
L00476,15,C
L00476,16,C
L00476,17,C
L00476,18,C
L00476,19,C
L00476,20,N
L00476,21,C
L00476,22,O
L00476,23,O
L00477,0,C
L00477,1,C
L00477,2,C
L00477,3,C
L00477,4,C
L00477,5,C
L00477,6,C
L00477,7,C
L00477,8,C
L00477,9,O
L00477,10,N
L00477,11,N
L00477,12,C
L00477,13,O
L00477,14,C
L00477,15,C
L00477,16,N
L00477,17,N
L00477,18,C
L00477,19,C
L00477,20,C
L00477,21,C
L00477,22,C
L00477,23,C
L00477,24,C
L00477,25,F
L00477,26,Cl
L00477,27,Cl
L00477,28,F
L00478,0,C
L00478,1,N
L00478,2,C
L00478,3,C
L00478,4,C
L00478,5,C
L00478,6,C
L00478,7,C
L00478,8,N
L00478,9,N
L00478,10,C
L00478,11,C
L00478,12,C
L00478,13,O
L00478,14,O
L00478,15,C
L00478,16,C
L00478,17,C
L00478,18,C
L00478,19,C
L00478,20,C
L00478,21,Cl
L00479,0,C
L00479,1,C
L00479,2,C
L00479,3,C
L00479,4,C
L00479,5,C
L00479,6,C
L00479,7,C
L00479,8,C
L00479,9,C
L00479,10,C
L00479,11,O
L00479,12,O
L00479,13,C
L00479,14,O
L00479,15,C
L00479,16,C
L00479,17,O
L00479,18,C
L00479,19,O
L00479,20,C
L00479,21,C
L00479,22,C
L00479,23,C
L00479,24,O
L00479,25,O
L00480,0,C
L00480,1,C
L00480,2,C
L00480,3,C
L00480,4,C
L00480,5,O
L00480,6,O
L00480,7,O
L00480,8,O
L00480,9,O
L00481,0,C
L00481,1,N
L00481,2,C
L00481,3,C
L00481,4,C
L00481,5,C
L00481,6,C
L00481,7,C
L00481,8,N
L00481,9,N
L00481,10,C
L00481,11,C
L00481,12,C
L00481,13,O
L00481,14,O
L00481,15,C
L00481,16,C
L00481,17,C
L00481,18,C
L00481,19,C
L00481,20,C
L00481,21,C
L00481,22,N
L00481,23,C
L00481,24,S
L00481,25,O
L00481,26,O
L00481,27,C
L00481,28,Cl
L00482,0,C
L00482,1,C
L00482,2,C
L00482,3,C
L00482,4,N
L00482,5,C
L00482,6,O
L00482,7,C
L00482,8,C
L00482,9,C
L00482,10,C
L00482,11,C
L00482,12,C
L00482,13,C
L00482,14,C
L00482,15,N
L00482,16,C
L00482,17,C
L00482,18,O
L00482,19,O
L00482,20,Cl
L00482,21,N
L00482,22,C
L00482,23,C
L00482,24,C
L00482,25,C
L00482,26,C
L00482,27,C
L00482,28,C
L00482,29,O
L00482,30,C
L00482,31,C
L00482,32,C
L00482,33,C
L00482,34,C
L00482,35,C
L00482,36,C
L00482,37,Cl
L00482,38,C
L00482,39,O
L00483,0,C
L00483,1,C
L00483,2,C
L00483,3,C
L00483,4,C
L00483,5,C
L00483,6,C
L00483,7,C
L00483,8,C
L00483,9,N
L00483,10,C
L00483,11,N
L00483,12,N
L00483,13,C
L00483,14,N
L00483,15,C
L00483,16,C
L00483,17,C
L00483,18,C
L00483,19,C
L00483,20,C
L00483,21,Br
L00483,22,C
L00483,23,O
L00483,24,C
L00483,25,C
L00483,26,C
L00483,27,C
L00483,28,C
L00483,29,C
L00483,30,Br
L00484,0,C
L00484,1,C
L00484,2,S
L00484,3,O
L00484,4,O
L00484,5,N
L00484,6,C
L00484,7,C
L00484,8,C
L00484,9,C
L00484,10,C
L00484,11,C
L00484,12,C
L00484,13,N
L00484,14,C
L00484,15,C
L00484,16,N
L00484,17,N
L00484,18,C
L00484,19,N
L00484,20,C
L00484,21,C
L00484,22,C
L00484,23,C
L00484,24,S
L00484,25,C
L00484,26,C
L00484,27,C
L00484,28,C
L00484,29,C
L00484,30,O
L00484,31,O
L00484,32,C
L00484,33,C
L00484,34,C
L00484,35,C
L00485,0,C
L00485,1,C
L00485,2,C
L00485,3,C
L00485,4,C
L00485,5,C
L00485,6,C
L00485,7,N
L00485,8,O
L00485,9,N
L00485,10,C
L00485,11,C
L00485,12,C
L00485,13,C
L00485,14,C
L00485,15,C
L00485,16,C
L00485,17,N
L00485,18,C
L00485,19,O
L00485,20,C
L00485,21,C
L00485,22,C
L00485,23,C
L00485,24,O
L00485,25,N
L00485,26,C
L00485,27,O
L00486,0,C
L00486,1,C
L00486,2,C
L00486,3,C
L00486,4,C
L00486,5,C
L00486,6,Cl
L00486,7,Cl
L00486,8,C
L00486,9,N
L00486,10,O
L00486,11,C
L00486,12,C
L00486,13,C
L00486,14,C
L00486,15,C
L00486,16,O
L00486,17,N
L00486,18,C
L00486,19,O
L00487,0,C
L00487,1,C
L00487,2,C
L00487,3,C
L00487,4,S
L00487,5,C
L00487,6,N
L00487,7,C
L00487,8,C
L00487,9,N
L00487,10,C
L00487,11,N
L00488,0,C
L00488,1,C
L00488,2,C
L00488,3,C
L00488,4,O
L00488,5,N
L00488,6,C
L00488,7,C
L00488,8,O
L00488,9,N
L00488,10,C
L00488,11,C
L00488,12,C
L00488,13,C
L00488,14,C
L00488,15,O
L00488,16,N
L00488,17,C
L00488,18,C
L00488,19,C
L00488,20,C
L00488,21,C
L00488,22,C
L00488,23,C
L00488,24,C
L00488,25,O
L00488,26,O
L00488,27,C
L00488,28,O
L00489,0,C
L00489,1,C
L00489,2,C
L00489,3,O
L00489,4,O
L00489,5,O
L00489,6,C
L00489,7,C
L00489,8,C
L00489,9,C
L00489,10,C
L00489,11,C
L00489,12,C
L00489,13,C
L00489,14,C
L00489,15,C
L00489,16,C
L00489,17,C
L00490,0,C
L00490,1,C
L00490,2,C
L00490,3,C
L00490,4,O
L00490,5,N
L00490,6,C
L00490,7,C
L00490,8,O
L00490,9,N
L00490,10,C
L00490,11,C
L00490,12,C
L00490,13,C
L00490,14,C
L00490,15,O
L00490,16,N
L00490,17,C
L00490,18,C
L00490,19,C
L00490,20,C
L00490,21,C
L00490,22,C
L00490,23,C
L00490,24,N
L00490,25,O
L00490,26,O
L00490,27,O
