Ligand,Name,Formula,Type,SMILES,Canonical_SMILES,InChI,InChIKey,Formal_Charge,Atom_Count,Chiral_Atom_Count,Bond_Count,Aromatic_Bond_Count
A1B,"1-deoxy-alpha-L-xylulofuranose-1,2-borate",C5 H10 B O6,non-polymer,[B-]1(O[C@@H]2[C@H](CO[C@@]2(O1)C)O)(O)O,C[C@]12OC[C@H](O)[C@H]1O[B-](O)(O)O2,"InChI=1S/C5H10BO6/c1-5-4(3(7)2-10-5)11-6(8,9)12-5/h3-4,7-9H,2H2,1H3/q-1/t3-,4+,5+/m0/s1",GNABZUZRGYHKDZ-VPENINKCSA-N,-1.0,12.0,3.0,13.0,0.0
A1I,N-(cyclopent-3-ene-1-carbonyl)-L-histidine,C12 H15 N3 O3,non-polymer,c1c(nc[nH]1)C[C@@H](C(=O)O)NC(=O)C2CC=CC2,O=C(N[C@@H](Cc1c[nH]cn1)C(=O)O)C1CC=CC1,"InChI=1S/C12H15N3O3/c16-11(8-3-1-2-4-8)15-10(12(17)18)5-9-6-13-7-14-9/h1-2,6-8,10H,3-5H2,(H,13,14)(H,15,16)(H,17,18)/t10-/m0/s1",SKAVNIUEIPWYLP-JTQLQIEISA-N,0.0,18.0,1.0,19.0,5.0
EF2,S-Thalidomide,C13 H10 N2 O4,non-polymer,c1ccc2c(c1)C(=O)N(C2=O)[C@H]3CCC(=O)NC3=O,O=C1CC[C@H](N2C(=O)c3ccccc3C2=O)C(=O)N1,"InChI=1S/C13H10N2O4/c16-10-6-5-9(11(17)14-10)15-12(18)7-3-1-2-4-8(7)13(15)19/h1-4,9H,5-6H2,(H,14,16,17)/t9-/m0/s1",UEJJHQNACJXSKW-VIFPVBQESA-N,0.0,19.0,1.0,21.0,6.0
A1H,"2-(6-morpholin-4-ylpyrimidin-4-yl)-4-(1,2,3-triazol-1-yl)-1~{H}-pyrazol-3-one",C13 H14 N8 O2,non-polymer,c1cn(nn1)C2=CNN(C2=O)c3cc(ncn3)N4CCOCC4,O=c1c(-n2ccnn2)c[nH]n1-c1cc(N2CCOCC2)ncn1,"InChI=1S/C13H14N8O2/c22-13-10(20-2-1-16-18-20)8-17-21(13)12-7-11(14-9-15-12)19-3-5-23-6-4-19/h1-2,7-9,17H,3-6H2",IJMBOKOTALXLKS-UHFFFAOYSA-N,0.0,23.0,0.0,26.0,16.0
A1C,"1-(3-chloro-4-methylphenyl)-N-(2-oxo-1-propyl-1,2,3,4-tetrahydroquinolin-6-yl)methanesulfonamide",C20 H23 Cl N2 O3 S,non-polymer,CCCN1c2ccc(cc2CCC1=O)NS(=O)(=O)Cc3ccc(c(c3)Cl)C,CCCN1C(=O)CCc2cc(NS(=O)(=O)Cc3ccc(C)c(Cl)c3)ccc21,"InChI=1S/C20H23ClN2O3S/c1-3-10-23-19-8-7-17(12-16(19)6-9-20(23)24)22-27(25,26)13-15-5-4-14(2)18(21)11-15/h4-5,7-8,11-12,22H,3,6,9-10,13H2,1-2H3",DWKDMDLAHXJIMH-UHFFFAOYSA-N,0.0,27.0,0.0,29.0,12.0
Y70,S-Pomalidomide,C13 H11 N3 O4,non-polymer,c1cc2c(c(c1)N)C(=O)N(C2=O)[C@H]3CCC(=O)NC3=O,Nc1cccc2c1C(=O)N([C@H]1CCC(=O)NC1=O)C2=O,"InChI=1S/C13H11N3O4/c14-7-3-1-2-6-10(7)13(20)16(12(6)19)8-4-5-9(17)15-11(8)18/h1-3,8H,4-5,14H2,(H,15,17,18)/t8-/m0/s1",UVSMNLNDYGZFPF-QMMMGPOBSA-N,0.0,20.0,1.0,22.0,6.0
A1L,[2-[[(2S)-1-[bis(phenylmethyl)amino]-5-[[N-(methylcarbamoyl)carbamimidoyl]amino]-1-oxidanylidene-pentan-2-yl]amino]-2-oxidanylidene-ethyl]-diazonio-azanide,C24 H31 N9 O3,non-polymer,[H]/N=C(\NCCC[C@@H](C(=O)N(Cc1ccccc1)Cc2ccccc2)NC(=O)C[N-][N+]#N)/NC(=O)NC,[H]/N=C(\NCCC[C@H](NC(=O)C[N-][N+]#N)C(=O)N(Cc1ccccc1)Cc1ccccc1)NC(=O)NC,"InChI=1S/C24H31N9O3/c1-27-24(36)31-23(25)28-14-8-13-20(30-21(34)15-29-32-26)22(35)33(16-18-9-4-2-5-10-18)17-19-11-6-3-7-12-19/h2-7,9-12,20H,8,13-17H2,1H3,(H,30,34)(H4,25,27,28,31,36)/t20-/m0/s1",WCLXSHAWFUUDKF-FQEVSTJZSA-N,0.0,37.0,1.0,38.0,12.0
NUT,"4-({(4S,5R)-4,5-bis(4-chlorophenyl)-2-[4-methoxy-2-(propan-2-yloxy)phenyl]-4,5-dihydro-1H-imidazol-1-yl}carbonyl)piperazin-2-one",C30 H30 Cl2 N4 O4,non-polymer,CC(C)Oc1cc(ccc1C2=N[C@H]([C@H](N2C(=O)N3CCNC(=O)C3)c4ccc(cc4)Cl)c5ccc(cc5)Cl)OC,COc1ccc(C2=N[C@@H](c3ccc(Cl)cc3)[C@@H](c3ccc(Cl)cc3)N2C(=O)N2CCNC(=O)C2)c(OC(C)C)c1,"InChI=1S/C30H30Cl2N4O4/c1-18(2)40-25-16-23(39-3)12-13-24(25)29-34-27(19-4-8-21(31)9-5-19)28(20-6-10-22(32)11-7-20)36(29)30(38)35-15-14-33-26(37)17-35/h4-13,16,18,27-28H,14-15,17H2,1-3H3,(H,33,37)/t27-,28+/m0/s1",BDUHCSBCVGXTJM-WUFINQPMSA-N,0.0,40.0,2.0,44.0,18.0
0EH,(2R)-2-amino-2-methylnonanoic acid,C10 H21 N O2,D-peptide linking,CCCCCCC[C@](C)(C(=O)O)N,CCCCCCC[C@@](C)(N)C(=O)O,"InChI=1S/C10H21NO2/c1-3-4-5-6-7-8-10(2,11)9(12)13/h3-8,11H2,1-2H3,(H,12,13)/t10-/m1/s1",MLEJPUOWUJAQAF-SNVBAGLBSA-N,0.0,13.0,1.0,12.0,0.0
DCP,2'-DEOXYCYTIDINE-5'-TRIPHOSPHATE,C9 H16 N3 O13 P3,non-polymer,C1[C@@H]([C@H](O[C@H]1N2C=CC(=NC2=O)N)CO[P@@](=O)(O)O[P@@](=O)(O)OP(=O)(O)O)O,Nc1ccn([C@H]2C[C@H](O)[C@@H](CO[P@@](=O)(O)O[P@@](=O)(O)OP(=O)(O)O)O2)c(=O)n1,"InChI=1S/C9H16N3O13P3/c10-7-1-2-12(9(14)11-7)8-3-5(13)6(23-8)4-22-27(18,19)25-28(20,21)24-26(15,16)17/h1-2,5-6,8,13H,3-4H2,(H,18,19)(H,20,21)(H2,10,11,14)(H2,15,16,17)/t5-,6+,8+/m0/s1",RGWHQCVHVJXOKC-SHYZEUOFSA-N,0.0,28.0,5.0,29.0,6.0
LVY,S-Lenalidomide,C13 H13 N3 O3,non-polymer,c1cc2c(c(c1)N)CN(C2=O)[C@H]3CCC(=O)NC3=O,Nc1cccc2c1CN([C@H]1CCC(=O)NC1=O)C2=O,"InChI=1S/C13H13N3O3/c14-9-3-1-2-7-8(9)6-16(13(7)19)10-4-5-11(17)15-12(10)18/h1-3,10H,4-6,14H2,(H,15,17,18)/t10-/m0/s1",GOTYRUGSSMKFNF-JTQLQIEISA-N,0.0,19.0,1.0,21.0,6.0
QFC,Mezigdomide,C32 H30 F N5 O4,non-polymer,c1cc2c(c(c1)OCc3ccc(cc3)CN4CCN(CC4)c5ccc(cc5F)C#N)CN(C2=O)[C@H]6CCC(=O)NC6=O,N#Cc1ccc(N2CCN(Cc3ccc(COc4cccc5c4CN([C@H]4CCC(=O)NC4=O)C5=O)cc3)CC2)c(F)c1,"InChI=1S/C32H30FN5O4/c33-26-16-23(17-34)8-9-27(26)37-14-12-36(13-15-37)18-21-4-6-22(7-5-21)20-42-29-3-1-2-24-25(29)19-38(32(24)41)28-10-11-30(39)35-31(28)40/h1-9,16,28H,10-15,18-20H2,(H,35,39,40)/t28-/m0/s1",YTINZZFBHWSAGL-NDEPHWFRSA-N,0.0,42.0,1.0,47.0,18.0
PHN,"1,10-PHENANTHROLINE",C12 H8 N2,non-polymer,c1cc2ccc3cccnc3c2nc1,c1cnc2c(c1)ccc1cccnc12,InChI=1S/C12H8N2/c1-3-9-5-6-10-4-2-8-14-12(10)11(9)13-7-1/h1-8H,DGEZNRSVGBDHLK-UHFFFAOYSA-N,0.0,14.0,0.0,16.0,16.0
6CW,6-CHLORO-L-TRYPTOPHAN,C11 H11 Cl N2 O2,L-peptide linking,c1cc2c(cc1Cl)[nH]cc2C[C@@H](C(=O)O)N,N[C@@H](Cc1c[nH]c2cc(Cl)ccc12)C(=O)O,"InChI=1S/C11H11ClN2O2/c12-7-1-2-8-6(3-9(13)11(15)16)5-14-10(8)4-7/h1-2,4-5,9,14H,3,13H2,(H,15,16)/t9-/m0/s1",FICLVQOYKYBXFN-VIFPVBQESA-N,0.0,16.0,1.0,17.0,10.0
8OG,8-OXO-2'-DEOXY-GUANOSINE-5'-MONOPHOSPHATE,C10 H14 N5 O8 P,DNA linking,C1[C@@H]([C@H](O[C@H]1N2C3=C(C(=O)NC(=N3)N)NC2=O)COP(=O)(O)O)O,Nc1nc2c([nH]c(=O)n2[C@H]2C[C@H](O)[C@@H](COP(=O)(O)O)O2)c(=O)[nH]1,"InChI=1S/C10H14N5O8P/c11-9-13-7-6(8(17)14-9)12-10(18)15(7)5-1-3(16)4(23-5)2-22-24(19,20)21/h3-5,16H,1-2H2,(H,12,18)(H2,19,20,21)(H3,11,13,14,17)/t3-,4+,5+/m0/s1",AQIVLFLYHYFRKU-VPENINKCSA-N,0.0,24.0,3.0,26.0,10.0
8W7,"(3S)-3-[4-({4-[(morpholin-4-yl)methyl]phenyl}methoxy)-1-oxo-1,3-dihydro-2H-isoindol-2-yl]piperidine-2,6-dione",C25 H27 N3 O5,non-polymer,c1cc2c(c(c1)OCc3ccc(cc3)CN4CCOCC4)CN(C2=O)[C@H]5CCC(=O)NC5=O,O=C1CC[C@H](N2Cc3c(OCc4ccc(CN5CCOCC5)cc4)cccc3C2=O)C(=O)N1,"InChI=1S/C25H27N3O5/c29-23-9-8-21(24(30)26-23)28-15-20-19(25(28)31)2-1-3-22(20)33-16-18-6-4-17(5-7-18)14-27-10-12-32-13-11-27/h1-7,21H,8-16H2,(H,26,29,30)/t21-/m0/s1",IXZOHGPZAQLIBH-NRFANRHFSA-N,0.0,33.0,1.0,37.0,12.0
A1E,"(5R)-5-{[10-(1,2,3,4-TETRAHYDROACRIDIN-9-YLAMINO)DECYL]AMINO}-5,6,7,8-TETRAHYDROQUINOLIN-2(1H)-ONE",C32 H44 N4 O,non-polymer,c1ccc2c(c1)c(c3c(n2)CCCC3)NCCCCCCCCCCN[C@@H]4CCCC5=C4C=CC(=O)N5,O=c1ccc2c([nH]1)CCC[C@H]2NCCCCCCCCCCNc1c2c(nc3ccccc13)CCCC2,"InChI=1S/C32H44N4O/c37-31-21-20-24-27(18-13-19-28(24)36-31)33-22-11-5-3-1-2-4-6-12-23-34-32-25-14-7-9-16-29(25)35-30-17-10-8-15-26(30)32/h7,9,14,16,20-21,27,33H,1-6,8,10-13,15,17-19,22-23H2,(H,34,35)(H,36,37)/t27-/m1/s1",ROTFGKJJMRTWBD-HHHXNRCGSA-N,0.0,37.0,1.0,41.0,17.0
DGT,2'-DEOXYGUANOSINE-5'-TRIPHOSPHATE,C10 H16 N5 O13 P3,non-polymer,c1nc2c(n1[C@H]3C[C@@H]([C@H](O3)CO[P@@](=O)(O)O[P@@](=O)(O)OP(=O)(O)O)O)N=C(NC2=O)N,Nc1nc2c(ncn2[C@H]2C[C@H](O)[C@@H](CO[P@@](=O)(O)O[P@@](=O)(O)OP(=O)(O)O)O2)c(=O)[nH]1,"InChI=1S/C10H16N5O13P3/c11-10-13-8-7(9(17)14-10)12-3-15(8)6-1-4(16)5(26-6)2-25-30(21,22)28-31(23,24)27-29(18,19)20/h3-6,16H,1-2H2,(H,21,22)(H,23,24)(H2,18,19,20)(H3,11,13,14,17)/t4-,5+,6+/m0/s1",HAAZLUGHYHWQIW-KVQBGUIXSA-N,0.0,31.0,5.0,33.0,10.0
DTP,2'-DEOXYADENOSINE 5'-TRIPHOSPHATE,C10 H16 N5 O12 P3,non-polymer,c1nc(c2c(n1)n(cn2)[C@H]3C[C@@H]([C@H](O3)CO[P@](=O)(O)O[P@@](=O)(O)OP(=O)(O)O)O)N,Nc1ncnc2c1ncn2[C@H]1C[C@H](O)[C@@H](CO[P@](=O)(O)O[P@@](=O)(O)OP(=O)(O)O)O1,"InChI=1S/C10H16N5O12P3/c11-9-8-10(13-3-12-9)15(4-14-8)7-1-5(16)6(25-7)2-24-29(20,21)27-30(22,23)26-28(17,18)19/h3-7,16H,1-2H2,(H,20,21)(H,22,23)(H2,11,12,13)(H2,17,18,19)/t5-,6+,7+/m0/s1",SUYVUBYJARFZHO-RRKCRQDMSA-N,0.0,30.0,5.0,32.0,10.0
3DR,"1',2'-DIDEOXYRIBOFURANOSE-5'-PHOSPHATE",C5 H11 O6 P,DNA linking,C1CO[C@@H]([C@H]1O)COP(=O)(O)O,O=P(O)(O)OC[C@H]1OCC[C@@H]1O,"InChI=1S/C5H11O6P/c6-4-1-2-10-5(4)3-11-12(7,8)9/h4-6H,1-3H2,(H2,7,8,9)/t4-,5+/m0/s1",BVOBPNSQIRMLCA-CRCLSJGQSA-N,0.0,12.0,2.0,12.0,0.0
3JF,"N-acetyl-3-methyl-L-valyl-(4R)-4-hydroxy-N-[4-(4-methyl-1,3-thiazol-5-yl)benzyl]-L-prolinamide",C24 H32 N4 O4 S,non-polymer,Cc1c(scn1)c2ccc(cc2)CNC(=O)[C@@H]3C[C@H](CN3C(=O)[C@H](C(C)(C)C)NC(=O)C)O,CC(=O)N[C@H](C(=O)N1C[C@H](O)C[C@H]1C(=O)NCc1ccc(-c2scnc2C)cc1)C(C)(C)C,"InChI=1S/C24H32N4O4S/c1-14-20(33-13-26-14)17-8-6-16(7-9-17)11-25-22(31)19-10-18(30)12-28(19)23(32)21(24(3,4)5)27-15(2)29/h6-9,13,18-19,21,30H,10-12H2,1-5H3,(H,25,31)(H,27,29)/t18-,19+,21-/m1/s1",GFVIEZBZIUKYOG-SVFBPWRDSA-N,0.0,33.0,3.0,35.0,11.0
EF6,"N~1~-(3-chloro-1H-indol-7-yl)benzene-1,4-disulfonamide",C14 H12 Cl N3 O4 S2,non-polymer,c1cc2c(c[nH]c2c(c1)NS(=O)(=O)c3ccc(cc3)S(=O)(=O)N)Cl,NS(=O)(=O)c1ccc(S(=O)(=O)Nc2cccc3c(Cl)c[nH]c23)cc1,"InChI=1S/C14H12ClN3O4S2/c15-12-8-17-14-11(12)2-1-3-13(14)18-24(21,22)10-6-4-9(5-7-10)23(16,19)20/h1-8,17-18H,(H2,16,19,20)",SETFNECMODOHTO-UHFFFAOYSA-N,0.0,24.0,0.0,26.0,16.0
GFD,2-[(4-aminophenyl)sulfonyl-[4-[(2-azanyl-2-oxidanylidene-ethyl)-(4-methoxyphenyl)sulfonyl-amino]naphthalen-1-yl]amino]ethanamide,C27 H27 N5 O7 S2,non-polymer,COc1ccc(cc1)S(=O)(=O)N(CC(=O)N)c2ccc(c3c2cccc3)N(CC(=O)N)S(=O)(=O)c4ccc(cc4)N,COc1ccc(S(=O)(=O)N(CC(N)=O)c2ccc(N(CC(N)=O)S(=O)(=O)c3ccc(N)cc3)c3ccccc23)cc1,"InChI=1S/C27H27N5O7S2/c1-39-19-8-12-21(13-9-19)41(37,38)32(17-27(30)34)25-15-14-24(22-4-2-3-5-23(22)25)31(16-26(29)33)40(35,36)20-10-6-18(28)7-11-20/h2-15H,16-17,28H2,1H3,(H2,29,33)(H2,30,34)",DFIZGWXPFCOCFG-UHFFFAOYSA-N,0.0,41.0,0.0,44.0,23.0
PGE,TRIETHYLENE GLYCOL,C6 H14 O4,non-polymer,C(COCCOCCO)O,OCCOCCOCCO,"InChI=1S/C6H14O4/c7-1-3-9-5-6-10-4-2-8/h7-8H,1-6H2",ZIBGPFATKBEMQZ-UHFFFAOYSA-N,0.0,10.0,0.0,9.0,0.0
PM3,2-AMINO-3-(4-PHOSPHONOMETHYL-PHENYL)-PROPIONIC ACID,C10 H14 N O5 P,L-peptide linking,c1cc(ccc1C[C@@H](C(=O)O)N)CP(=O)(O)O,N[C@@H](Cc1ccc(CP(=O)(O)O)cc1)C(=O)O,"InChI=1S/C10H14NO5P/c11-9(10(12)13)5-7-1-3-8(4-2-7)6-17(14,15)16/h1-4,9H,5-6,11H2,(H,12,13)(H2,14,15,16)/t9-/m0/s1",SAQLLHDEEMZENJ-VIFPVBQESA-N,0.0,17.0,1.0,17.0,6.0
03M,"(5Z)-5-[(6-chloro-7-methyl-1H-indol-3-yl)methylidene]-3-(3,4-difluorobenzyl)imidazolidine-2,4-dione",C20 H14 Cl F2 N3 O2,non-polymer,Cc1c(ccc2c1[nH]cc2/C=C\3/C(=O)N(C(=O)N3)Cc4ccc(c(c4)F)F)Cl,Cc1c(Cl)ccc2c(/C=C3\NC(=O)N(Cc4ccc(F)c(F)c4)C3=O)c[nH]c12,"InChI=1S/C20H14ClF2N3O2/c1-10-14(21)4-3-13-12(8-24-18(10)13)7-17-19(27)26(20(28)25-17)9-11-2-5-15(22)16(23)6-11/h2-8,24H,9H2,1H3,(H,25,28)/b17-7-",OEXMEVPQEPHTAQ-IDUWFGFVSA-N,0.0,28.0,0.0,31.0,16.0
0KX,2'-deoxy-5'-O-[(R)-hydroxy{[(R)-hydroxy(phosphonooxy)phosphoryl]amino}phosphoryl]cytidine,C9 H17 N4 O12 P3,non-polymer,C1[C@@H]([C@H](O[C@H]1N2C=CC(=NC2=O)N)COP(=O)(NP(=O)(O)OP(=O)(O)O)O)O,Nc1ccn([C@H]2C[C@H](O)[C@@H](COP(=O)(O)NP(=O)(O)OP(=O)(O)O)O2)c(=O)n1,"InChI=1S/C9H17N4O12P3/c10-7-1-2-13(9(15)11-7)8-3-5(14)6(24-8)4-23-26(16,17)12-27(18,19)25-28(20,21)22/h1-2,5-6,8,14H,3-4H2,(H2,10,11,15)(H2,20,21,22)(H3,12,16,17,18,19)/t5-,6+,8+/m0/s1",STYMTWKSQLVXJN-SHYZEUOFSA-N,0.0,28.0,3.0,29.0,6.0
1AQ,"(3S,7R,8aR)-2-{(2S)-2-(4,4-difluorocyclohexyl)-2-[(N-methyl-L-alanyl)amino]acetyl}-N-[(4R)-3,4-dihydro-2H-chromen-4-yl]-7-ethoxyoctahydropyrrolo[1,2-a]pyrazine-3-carboxamide",C31 H45 F2 N5 O5,non-polymer,CCO[C@@H]1C[C@@H]2CN([C@@H](CN2C1)C(=O)N[C@@H]3CCOc4c3cccc4)C(=O)[C@H](C5CCC(CC5)(F)F)NC(=O)[C@H](C)NC,CCO[C@@H]1C[C@@H]2CN(C(=O)[C@@H](NC(=O)[C@H](C)NC)C3CCC(F)(F)CC3)[C@H](C(=O)N[C@@H]3CCOc4ccccc43)CN2C1,"InChI=1S/C31H45F2N5O5/c1-4-42-22-15-21-16-38(30(41)27(36-28(39)19(2)34-3)20-9-12-31(32,33)13-10-20)25(18-37(21)17-22)29(40)35-24-11-14-43-26-8-6-5-7-23(24)26/h5-8,19-22,24-25,27,34H,4,9-18H2,1-3H3,(H,35,40)(H,36,39)/t19-,21+,22+,24+,25-,27-/m0/s1",WQLHYSFOEZZZDD-QAPMSZJWSA-N,0.0,43.0,6.0,47.0,6.0
5GP,GUANOSINE-5'-MONOPHOSPHATE,C10 H14 N5 O8 P,non-polymer,c1nc2c(n1[C@H]3[C@@H]([C@@H]([C@H](O3)COP(=O)(O)O)O)O)N=C(NC2=O)N,Nc1nc2c(ncn2[C@@H]2O[C@H](COP(=O)(O)O)[C@@H](O)[C@H]2O)c(=O)[nH]1,"InChI=1S/C10H14N5O8P/c11-10-13-7-4(8(18)14-10)12-2-15(7)9-6(17)5(16)3(23-9)1-22-24(19,20)21/h2-3,5-6,9,16-17H,1H2,(H2,19,20,21)(H3,11,13,14,18)/t3-,5-,6-,9-/m1/s1",RQFCJASXJCIDSX-UUOKFMHZSA-N,0.0,24.0,4.0,26.0,10.0
6GG,4-({6-[(6-chloro-3-{1-[(4-chlorophenyl)methyl]-4-(4-fluorophenyl)-1H-imidazol-5-yl}-1H-indole-2-carbonyl)oxy]hexyl}amino)-4-oxobutanoic acid,C35 H33 Cl2 F N4 O5,non-polymer,c1cc(ccc1Cn2cnc(c2c3c4ccc(cc4[nH]c3C(=O)OCCCCCCNC(=O)CCC(=O)O)Cl)c5ccc(cc5)F)Cl,O=C(O)CCC(=O)NCCCCCCOC(=O)c1[nH]c2cc(Cl)ccc2c1-c1c(-c2ccc(F)cc2)ncn1Cc1ccc(Cl)cc1,"InChI=1S/C35H33Cl2FN4O5/c36-24-9-5-22(6-10-24)20-42-21-40-32(23-7-12-26(38)13-8-23)34(42)31-27-14-11-25(37)19-28(27)41-33(31)35(46)47-18-4-2-1-3-17-39-29(43)15-16-30(44)45/h5-14,19,21,41H,1-4,15-18,20H2,(H,39,43)(H,44,45)",MEJMFPQUMDEAQP-UHFFFAOYSA-N,0.0,47.0,0.0,51.0,27.0
7H9,"1-[6-[(4-fluorophenyl)methyl]-3,3-dimethyl-2~{H}-pyrrolo[3,2-b]pyridin-1-yl]-2-[(2~{R},5~{R})-5-methyl-2-[[(3~{R})-3-methylmorpholin-4-yl]methyl]piperazin-4-ium-1-yl]ethanone",C29 H41 F N5 O2,non-polymer,C[C@@H]1CN([C@H](C[NH2+]1)CN2CCOC[C@H]2C)CC(=O)N3CC(c4c3cc(cn4)Cc5ccc(cc5)F)(C)C,C[C@@H]1CN(CC(=O)N2CC(C)(C)c3ncc(Cc4ccc(F)cc4)cc32)[C@@H](CN2CCOC[C@H]2C)C[NH2+]1,"InChI=1S/C29H40FN5O2/c1-20-15-34(25(14-31-20)16-33-9-10-37-18-21(33)2)17-27(36)35-19-29(3,4)28-26(35)12-23(13-32-28)11-22-5-7-24(30)8-6-22/h5-8,12-13,20-21,25,31H,9-11,14-19H2,1-4H3/p+1/t20-,21-,25-/m1/s1",XIQKDUKFFKQZAO-DNRQZRRGSA-O,1.0,37.0,3.0,41.0,12.0
85C,"1-(3-chloro-4-methylphenyl)-3-({2-[(3S)-2,6-dioxopiperidin-3-yl]-1-oxo-2,3-dihydro-1H-isoindol-5-yl}methyl)urea",C22 H21 Cl N4 O4,non-polymer,Cc1ccc(cc1Cl)NC(=O)NCc2ccc3c(c2)CN(C3=O)[C@H]4CCC(=O)NC4=O,Cc1ccc(NC(=O)NCc2ccc3c(c2)CN([C@H]2CCC(=O)NC2=O)C3=O)cc1Cl,"InChI=1S/C22H21ClN4O4/c1-12-2-4-15(9-17(12)23)25-22(31)24-10-13-3-5-16-14(8-13)11-27(21(16)30)18-6-7-19(28)26-20(18)29/h2-5,8-9,18H,6-7,10-11H2,1H3,(H2,24,25,31)(H,26,28,29)/t18-/m0/s1",DOEVCIHTTTYVCC-SFHVURJKSA-N,0.0,31.0,1.0,34.0,12.0
9E7,N~6~-(sulfanylmethyl)-L-lysine,C7 H16 N2 O2 S,L-peptide linking,C(CCNCS)C[C@@H](C(=O)O)N,N[C@@H](CCCCNCS)C(=O)O,"InChI=1S/C7H16N2O2S/c8-6(7(10)11)3-1-2-4-9-5-12/h6,9,12H,1-5,8H2,(H,10,11)/t6-/m0/s1",IEEWMGZMRLQVDH-LURJTMIESA-N,0.0,12.0,1.0,11.0,0.0
A1J,"3-(5,7,7-trihydroxy-2,2,7-trioxo-6-oxa-2lambda~6~-thia-3-aza-7lambda~5~-phospha-5-boraheptan-1-yl)benzoic acid",C9 H13 B N O9 P S,non-polymer,B(CNS(=O)(=O)Cc1cccc(c1)C(=O)O)(O)OP(=O)(O)O,O=C(O)c1cccc(CS(=O)(=O)NCB(O)OP(=O)(O)O)c1,"InChI=1S/C9H13BNO9PS/c12-9(13)8-3-1-2-7(4-8)5-22(18,19)11-6-10(14)20-21(15,16)17/h1-4,11,14H,5-6H2,(H,12,13)(H2,15,16,17)",SEUMVDPBYULKQH-UHFFFAOYSA-N,0.0,22.0,0.0,22.0,6.0
DG8,2'-deoxy-8-(pyren-1-ylamino)guanosine 5'-(dihydrogen phosphate),C26 H23 N6 O7 P,DNA linking,c1cc2ccc3ccc(c4c3c2c(c1)cc4)Nc5nc6c(n5[C@H]7C[C@@H]([C@H](O7)COP(=O)(O)O)O)N=C(NC6=O)N,Nc1nc2c(nc(Nc3ccc4ccc5cccc6ccc3c4c56)n2[C@H]2C[C@H](O)[C@@H](COP(=O)(O)O)O2)c(=O)[nH]1,"InChI=1S/C26H23N6O7P/c27-25-30-23-22(24(34)31-25)29-26(32(23)19-10-17(33)18(39-19)11-38-40(35,36)37)28-16-9-7-14-5-4-12-2-1-3-13-6-8-15(16)21(14)20(12)13/h1-9,17-19,33H,10-11H2,(H,28,29)(H2,35,36,37)(H3,27,30,31,34)/t17-,18+,19+/m0/s1",OMTGOBLIMHUJJK-IPMKNSEASA-N,0.0,40.0,3.0,46.0,29.0
EDA,"3-[2-DEOXY-RIBOFURANOSYL]-3H-1,3,4,5A,8-PENTAAZA-AS-INDACENE-5'-MONOPHOSPHATE",C12 H14 N5 O6 P,DNA linking,c1cn2cnc3c(c2n1)ncn3[C@H]4C[C@@H]([C@H](O4)COP(=O)(O)O)O,O=P(O)(O)OC[C@H]1O[C@@H](n2cnc3c2ncn2ccnc32)C[C@@H]1O,"InChI=1S/C12H14N5O6P/c18-7-3-9(23-8(7)4-22-24(19,20)21)17-6-14-10-11-13-1-2-16(11)5-15-12(10)17/h1-2,5-9,18H,3-4H2,(H2,19,20,21)/t7-,8+,9+/m0/s1",CACCSKNYAUKFAV-DJLDLDEBSA-N,0.0,24.0,3.0,27.0,14.0
F4K,(4-pyrrol-1-ylphenyl)methanol,C11 H11 N O,non-polymer,c1ccn(c1)c2ccc(cc2)CO,OCc1ccc(-n2cccc2)cc1,"InChI=1S/C11H11NO/c13-9-10-3-5-11(6-4-10)12-7-1-2-8-12/h1-8,13H,9H2",LQQQPLUFBVYLRE-UHFFFAOYSA-N,0.0,13.0,0.0,14.0,11.0
FUU,"2-(3-((3-(5-(furan-2-yl)-1,3,4-oxadiazol-2-yl)ureido)methyl)phenoxy)acetic acid",C16 H14 N4 O6,non-polymer,c1cc(cc(c1)OCC(=O)O)CNC(=O)Nc2nnc(o2)c3ccco3,O=C(O)COc1cccc(CNC(=O)Nc2nnc(-c3ccco3)o2)c1,"InChI=1S/C16H14N4O6/c21-13(22)9-25-11-4-1-3-10(7-11)8-17-15(23)18-16-20-19-14(26-16)12-5-2-6-24-12/h1-7H,8-9H2,(H,21,22)(H2,17,18,20,23)",COAUEHYQQBGZLC-UHFFFAOYSA-N,0.0,26.0,0.0,28.0,16.0
HRE,"4-[(4~{S})-5-(5-chloranyl-2-oxidanylidene-1~{H}-pyridin-3-yl)-2-[2-(dimethylamino)-4-methoxy-pyrimidin-5-yl]-6-oxidanylidene-3-propan-2-yl-4~{H}-pyrrolo[3,4-c]pyrazol-4-yl]benzenecarbonitrile",C27 H25 Cl N8 O3,non-polymer,CC(C)c1c2c(nn1c3cnc(nc3OC)N(C)C)C(=O)N([C@H]2c4ccc(cc4)C#N)C5=CC(=CNC5=O)Cl,COc1nc(N(C)C)ncc1-n1nc2c(c1C(C)C)[C@H](c1ccc(C#N)cc1)N(c1cc(Cl)c[nH]c1=O)C2=O,"InChI=1S/C27H25ClN8O3/c1-14(2)22-20-21(33-36(22)19-13-31-27(34(3)4)32-25(19)39-5)26(38)35(18-10-17(28)12-30-24(18)37)23(20)16-8-6-15(11-29)7-9-16/h6-10,12-14,23H,1-5H3,(H,30,37)/t23-/m0/s1",VFMRTUQQYDQOGC-QHCPKHFHSA-N,0.0,39.0,1.0,43.0,23.0
IZS,"ethyl 2-[(4,6-diethylpyrimidin-2-yl)-methyl-amino]ethanoate",C13 H21 N3 O2,non-polymer,CCc1cc(nc(n1)N(C)CC(=O)OCC)CC,CCOC(=O)CN(C)c1nc(CC)cc(CC)n1,"InChI=1S/C13H21N3O2/c1-5-10-8-11(6-2)15-13(14-10)16(4)9-12(17)18-7-3/h8H,5-7,9H2,1-4H3",MVDCBXIEQXAEDI-UHFFFAOYSA-N,0.0,18.0,0.0,18.0,6.0
JH9,[4-[(2~{S})-3-[(4-fluoranyl-3-prop-2-enyl-phenyl)methylamino]-2-[2-(4-fluorophenyl)ethanoylamino]-3-oxidanylidene-propyl]phenyl] dihydrogen phosphate,C27 H27 F2 N2 O6 P,non-polymer,C=CCc1cc(ccc1F)CNC(=O)[C@H](Cc2ccc(cc2)OP(=O)(O)O)NC(=O)Cc3ccc(cc3)F,C=CCc1cc(CNC(=O)[C@H](Cc2ccc(OP(=O)(O)O)cc2)NC(=O)Cc2ccc(F)cc2)ccc1F,"InChI=1S/C27H27F2N2O6P/c1-2-3-21-14-20(8-13-24(21)29)17-30-27(33)25(31-26(32)16-19-4-9-22(28)10-5-19)15-18-6-11-23(12-7-18)37-38(34,35)36/h2,4-14,25H,1,3,15-17H2,(H,30,33)(H,31,32)(H2,34,35,36)/t25-/m0/s1",YZWKPURPDOLTHG-VWLOTQADSA-N,0.0,38.0,1.0,40.0,18.0
LQH,"5-(2-fluorophenyl)-2,3-dihydroimidazo[2,1-a]isoquinoline",C17 H13 F N2,non-polymer,c1ccc2c(c1)C=C(N3C2=NCC3)c4ccccc4F,Fc1ccccc1C1=Cc2ccccc2C2=NCCN12,"InChI=1S/C17H13FN2/c18-15-8-4-3-7-14(15)16-11-12-5-1-2-6-13(12)17-19-9-10-20(16)17/h1-8,11H,9-10H2",CRASKXTVWBAFRS-UHFFFAOYSA-N,0.0,20.0,0.0,23.0,12.0
LWK,"(3S)-3-[5-(1-benzylpiperidin-4-yl)-1-oxo-1,3-dihydro-2H-isoindol-2-yl]piperidine-2,6-dione",C25 H27 N3 O3,non-polymer,c1ccc(cc1)CN2CCC(CC2)c3ccc4c(c3)CN(C4=O)[C@H]5CCC(=O)NC5=O,O=C1CC[C@H](N2Cc3cc(C4CCN(Cc5ccccc5)CC4)ccc3C2=O)C(=O)N1,"InChI=1S/C25H27N3O3/c29-23-9-8-22(24(30)26-23)28-16-20-14-19(6-7-21(20)25(28)31)18-10-12-27(13-11-18)15-17-4-2-1-3-5-17/h1-7,14,18,22H,8-13,15-16H2,(H,26,29,30)/t22-/m0/s1",OMISHRJQMYQPMG-QFIPXVFZSA-N,0.0,31.0,1.0,35.0,12.0
MBY,"(2R,3R,4S)-2-(hydroxymethyl)-1-[(4-hydroxythieno[3,2-d]pyrimidin-7-yl)methyl]pyrrolidine-3,4-diol",C12 H15 N3 O4 S,non-polymer,c1c(c2c(s1)c(ncn2)O)CN3C[C@@H]([C@@H]([C@H]3CO)O)O,OC[C@@H]1[C@@H](O)[C@@H](O)CN1Cc1csc2c(O)ncnc12,"InChI=1S/C12H15N3O4S/c16-3-7-10(18)8(17)2-15(7)1-6-4-20-11-9(6)13-5-14-12(11)19/h4-5,7-8,10,16-18H,1-3H2,(H,13,14,19)/t7-,8+,10-/m1/s1",UZJHCHSHAYEOTK-KHQFGBGNSA-N,0.0,20.0,3.0,22.0,10.0
MIQ,"2-[(3S)-2,6-dioxopiperidin-3-yl]-5-(morpholin-4-yl)-1H-isoindole-1,3(2H)-dione",C17 H17 N3 O5,non-polymer,c1cc2c(cc1N3CCOCC3)C(=O)N(C2=O)[C@H]4CCC(=O)NC4=O,O=C1CC[C@H](N2C(=O)c3ccc(N4CCOCC4)cc3C2=O)C(=O)N1,"InChI=1S/C17H17N3O5/c21-14-4-3-13(15(22)18-14)20-16(23)11-2-1-10(9-12(11)17(20)24)19-5-7-25-8-6-19/h1-2,9,13H,3-8H2,(H,18,21,22)/t13-/m0/s1",CCCSRHUSXCBFJZ-ZDUSSCGKSA-N,0.0,25.0,1.0,28.0,6.0
MPO,3[N-MORPHOLINO]PROPANE SULFONIC ACID,C7 H15 N O4 S,non-polymer,C1COCCN1CCCS(=O)(=O)O,O=S(=O)(O)CCCN1CCOCC1,"InChI=1S/C7H15NO4S/c9-13(10,11)7-1-2-8-3-5-12-6-4-8/h1-7H2,(H,9,10,11)",DVLFYONBTKHTER-UHFFFAOYSA-N,0.0,13.0,0.0,13.0,0.0
O6M,3-cyano-N-(3-cyano-4-methyl-1H-indol-7-yl)benzene-1-sulfonamide,C17 H12 N4 O2 S,non-polymer,Cc1ccc(c2c1c(c[nH]2)C#N)NS(=O)(=O)c3cccc(c3)C#N,Cc1ccc(NS(=O)(=O)c2cccc(C#N)c2)c2[nH]cc(C#N)c12,"InChI=1S/C17H12N4O2S/c1-11-5-6-15(17-16(11)13(9-19)10-20-17)21-24(22,23)14-4-2-3-12(7-14)8-18/h2-7,10,20-21H,1H3",LWGUASZLXHYWIV-UHFFFAOYSA-N,0.0,24.0,0.0,26.0,16.0
Q5Y,N-[(4-methoxyphenyl)sulfonyl]-N-(4-{[(4-methoxyphenyl)sulfonyl]amino}naphthalen-1-yl)glycine,C26 H24 N2 O8 S2,non-polymer,COc1ccc(cc1)S(=O)(=O)Nc2ccc(c3c2cccc3)N(CC(=O)O)S(=O)(=O)c4ccc(cc4)OC,COc1ccc(S(=O)(=O)Nc2ccc(N(CC(=O)O)S(=O)(=O)c3ccc(OC)cc3)c3ccccc23)cc1,"InChI=1S/C26H24N2O8S2/c1-35-18-7-11-20(12-8-18)37(31,32)27-24-15-16-25(23-6-4-3-5-22(23)24)28(17-26(29)30)38(33,34)21-13-9-19(36-2)10-14-21/h3-16,27H,17H2,1-2H3,(H,29,30)",NVQFDGYHTTZFJR-UHFFFAOYSA-N,0.0,38.0,0.0,41.0,23.0
REI,Tricarbonyl (aqua) (imidazole) rhenium(I),C6 H6 N2 O4 Re,non-polymer,C1=C[N](=CN1)[Re+](C#O)(C#O)(C#O)[OH2],,,,,,,,
REP,"(1,10 PHENANTHROLINE)-(TRI-CARBON MONOXIDE) RHENIUM (I)",C15 H8 N2 O3 Re,non-polymer,C1=C[N]2=C3C(=C1)C=CC4=CC=C[N](=C43)[Re]2(C#O)(C#O)C#O,,,,,,,,
RN9,"3-[3-[[1-[(3~{S})-2,6-bis(oxidanylidene)piperidin-3-yl]-2,5-bis(oxidanylidene)pyrrol-3-yl]amino]phenyl]-~{N}-(3-chloranyl-4-methyl-phenyl)propanamide",C25 H23 Cl N4 O5,non-polymer,Cc1ccc(cc1Cl)NC(=O)CCc2cccc(c2)NC3=CC(=O)N(C3=O)[C@H]4CCC(=O)NC4=O,Cc1ccc(NC(=O)CCc2cccc(NC3=CC(=O)N([C@H]4CCC(=O)NC4=O)C3=O)c2)cc1Cl,"InChI=1S/C25H23ClN4O5/c1-14-5-7-17(12-18(14)26)28-21(31)9-6-15-3-2-4-16(11-15)27-19-13-23(33)30(25(19)35)20-8-10-22(32)29-24(20)34/h2-5,7,11-13,20,27H,6,8-10H2,1H3,(H,28,31)(H,29,32,34)/t20-/m0/s1",YDYSAFPHVGVORZ-FQEVSTJZSA-N,0.0,35.0,1.0,38.0,12.0
SMK,"(3S,6S,7R,9aS)-6-{[(2S)-2-aminobutanoyl]amino}-7-(2-aminoethyl)-N-(diphenylmethyl)-5-oxooctahydro-1H-pyrrolo[1,2-a]azepine-3-carboxamide",C29 H39 N5 O3,non-polymer,CC[C@@H](C(=O)N[C@H]1[C@H](CC[C@H]2CC[C@H](N2C1=O)C(=O)NC(c3ccccc3)c4ccccc4)CCN)N,CC[C@H](N)C(=O)N[C@@H]1C(=O)N2[C@@H](CC[C@@H]1CCN)CC[C@H]2C(=O)NC(c1ccccc1)c1ccccc1,"InChI=1S/C29H39N5O3/c1-2-23(31)27(35)33-26-21(17-18-30)13-14-22-15-16-24(34(22)29(26)37)28(36)32-25(19-9-5-3-6-10-19)20-11-7-4-8-12-20/h3-12,21-26H,2,13-18,30-31H2,1H3,(H,32,36)(H,33,35)/t21-,22+,23+,24+,26+/m1/s1",KQHWCFZCUNTTCW-VEGWMBEDSA-N,0.0,37.0,5.0,40.0,12.0
U1E,"~{N}1,~{N}1,~{N}8,~{N}8-tetramethylnaphthalene-1,8-diamine",C14 H18 N2,non-polymer,CN(C)c1cccc2c1c(ccc2)N(C)C,CN(C)c1cccc2cccc(N(C)C)c12,"InChI=1S/C14H18N2/c1-15(2)12-9-5-7-11-8-6-10-13(14(11)12)16(3)4/h5-10H,1-4H3",GJFNRSDCSTVPCJ-UHFFFAOYSA-N,0.0,16.0,0.0,17.0,11.0
URL,[(2~{S})-2-azanyl-4-methyl-pentyl]carbamic acid,C7 H16 N2 O2,non-polymer,CC(C)C[C@@H](CNC(=O)O)N,CC(C)C[C@H](N)CNC(=O)O,"InChI=1S/C7H16N2O2/c1-5(2)3-6(8)4-9-7(10)11/h5-6,9H,3-4,8H2,1-2H3,(H,10,11)/t6-/m0/s1",MUXHOSWJKVCQIF-LURJTMIESA-N,0.0,11.0,1.0,10.0,0.0
VHL,Tricarbonyl di(imidazole) rhenium(I),C9 H6 N4 O3 Re,non-polymer,c1cn(cn1)[Re+]([C-]#[O+])([C-]#[O+])([C-]#[O+])n2ccnc2,,,,,,,,
X22,"(3S,6S,7S,9aS)-6-{[(2S)-2-aminobutanoyl]amino}-N-(diphenylmethyl)-7-(hydroxymethyl)-5-oxooctahydro-1H-pyrrolo[1,2-a]azepine-3-carboxamide",C28 H36 N4 O4,non-polymer,CC[C@@H](C(=O)N[C@H]1[C@H](CC[C@H]2CC[C@H](N2C1=O)C(=O)NC(c3ccccc3)c4ccccc4)CO)N,CC[C@H](N)C(=O)N[C@@H]1C(=O)N2[C@@H](CC[C@@H]1CO)CC[C@H]2C(=O)NC(c1ccccc1)c1ccccc1,"InChI=1S/C28H36N4O4/c1-2-22(29)26(34)31-25-20(17-33)13-14-21-15-16-23(32(21)28(25)36)27(35)30-24(18-9-5-3-6-10-18)19-11-7-4-8-12-19/h3-12,20-25,33H,2,13-17,29H2,1H3,(H,30,35)(H,31,34)/t20-,21+,22+,23+,25+/m1/s1",WXYVFFGXHFXTLU-FCRIMTMASA-N,0.0,36.0,5.0,39.0,12.0
07G,"3-[(1S)-2-(tert-butylamino)-1-{N-[(3,4-difluorophenyl)methyl]formamido}-2-oxoethyl]-6-chloro-1H-indole-2-carboxylic acid",C23 H22 Cl F2 N3 O4,non-polymer,CC(C)(C)NC(=O)C(c1c2ccc(cc2[nH]c1C(=O)O)Cl)N(Cc3ccc(c(c3)F)F)C=O,CC(C)(C)NC(=O)C(c1c(C(=O)O)[nH]c2cc(Cl)ccc12)N(C=O)Cc1ccc(F)c(F)c1,"InChI=1S/C23H22ClF2N3O4/c1-23(2,3)28-21(31)20(29(11-30)10-12-4-7-15(25)16(26)8-12)18-14-6-5-13(24)9-17(14)27-19(18)22(32)33/h4-9,11,20,27H,10H2,1-3H3,(H,28,31)(H,32,33)",AGRQHAQMUFKJFC-UHFFFAOYSA-N,0.0,33.0,0.0,35.0,16.0
08A,"(3S)-3-[2-(benzenecarbonyl)-5-methyl-1,2,3,4-tetrahydroisoquinolin-7-yl]-3-(1-ethyl-4-methyl-1H-benzotriazol-5-yl)propanoic acid",C29 H30 N4 O3,non-polymer,CCn1c2ccc(c(c2nn1)C)[C@@H](CC(=O)O)c3cc(c4c(c3)CN(CC4)C(=O)c5ccccc5)C,CCn1nnc2c(C)c([C@@H](CC(=O)O)c3cc(C)c4c(c3)CN(C(=O)c3ccccc3)CC4)ccc21,"InChI=1S/C29H30N4O3/c1-4-33-26-11-10-24(19(3)28(26)30-31-33)25(16-27(34)35)21-14-18(2)23-12-13-32(17-22(23)15-21)29(36)20-8-6-5-7-9-20/h5-11,14-15,25H,4,12-13,16-17H2,1-3H3,(H,34,35)/t25-/m0/s1",QQOWDADZZIZEDA-VWLOTQADSA-N,0.0,36.0,1.0,40.0,22.0
0OH,North-methanocarba-2'-deoxyadenosine triphosphate,C12 H18 N5 O11 P3,non-polymer,c1nc(c2c(n1)n(cn2)[C@H]3C[C@@H]([C@]4([C@@H]3C4)COP(=O)(O)OP(=O)(O)OP(=O)(O)O)O)N,Nc1ncnc2c1ncn2[C@H]1C[C@H](O)[C@]2(COP(=O)(O)OP(=O)(O)OP(=O)(O)O)C[C@H]12,"InChI=1S/C12H18N5O11P3/c13-10-9-11(15-4-14-10)17(5-16-9)7-1-8(18)12(2-6(7)12)3-26-30(22,23)28-31(24,25)27-29(19,20)21/h4-8,18H,1-3H2,(H,22,23)(H,24,25)(H2,13,14,15)(H2,19,20,21)/t6-,7+,8+,12+/m1/s1",ZDQTYRSOYYLILG-VXDIOVFMSA-N,0.0,31.0,4.0,34.0,10.0
0OJ,South-methanocarba-2'-deoxyadenosine triphosphate,C12 H18 N5 O11 P3,non-polymer,c1nc(c2c(n1)n(cn2)[C@]34C[C@H]3[C@@H]([C@H](C4)O)COP(=O)(O)OP(=O)(O)OP(=O)(O)O)N,Nc1ncnc2c1ncn2[C@@]12C[C@H](O)[C@@H](COP(=O)(O)OP(=O)(O)OP(=O)(O)O)[C@@H]1C2,"InChI=1S/C12H18N5O11P3/c13-10-9-11(15-4-14-10)17(5-16-9)12-1-7(12)6(8(18)2-12)3-26-30(22,23)28-31(24,25)27-29(19,20)21/h4-8,18H,1-3H2,(H,22,23)(H,24,25)(H2,13,14,15)(H2,19,20,21)/t6-,7-,8-,12-/m0/s1",DNBZILMJAUSGHT-QZOVBDONSA-N,0.0,31.0,4.0,34.0,10.0
0PL,"(3S)-3-{4-Chloro-3-[(N-methylbenzenesulfonamido) methyl]phenyl}-3-(1-methyl-1H-1,2,3-benzotriazol-5-yl)propanoic acid",C24 H23 Cl N4 O4 S,non-polymer,Cn1c2ccc(cc2nn1)[C@@H](CC(=O)O)c3ccc(c(c3)CN(C)S(=O)(=O)c4ccccc4)Cl,CN(Cc1cc([C@H](CC(=O)O)c2ccc3c(c2)nnn3C)ccc1Cl)S(=O)(=O)c1ccccc1,"InChI=1S/C24H23ClN4O4S/c1-28(34(32,33)19-6-4-3-5-7-19)15-18-12-16(8-10-21(18)25)20(14-24(30)31)17-9-11-23-22(13-17)26-27-29(23)2/h3-13,20H,14-15H2,1-2H3,(H,30,31)/t20-/m0/s1",NICLDNFOUWEYPY-FQEVSTJZSA-N,0.0,34.0,1.0,37.0,22.0
0R2,"[(3R,5R,6S)-1-[(2S)-1-tert-butoxy-1-oxobutan-2-yl]-5-(3-chlorophenyl)-6-(4-chlorophenyl)-2-oxopiperidin-3-yl]acetic acid",C27 H31 Cl2 N O5,non-polymer,CC[C@@H](C(=O)OC(C)(C)C)N1[C@@H]([C@H](C[C@@H](C1=O)CC(=O)O)c2cccc(c2)Cl)c3ccc(cc3)Cl,CC[C@@H](C(=O)OC(C)(C)C)N1C(=O)[C@@H](CC(=O)O)C[C@H](c2cccc(Cl)c2)[C@H]1c1ccc(Cl)cc1,"InChI=1S/C27H31Cl2NO5/c1-5-22(26(34)35-27(2,3)4)30-24(16-9-11-19(28)12-10-16)21(17-7-6-8-20(29)13-17)14-18(25(30)33)15-23(31)32/h6-13,18,21-22,24H,5,14-15H2,1-4H3,(H,31,32)/t18-,21-,22+,24-/m1/s1",ZEMLYWMOSZRCQL-UWSZBUKDSA-N,0.0,35.0,4.0,37.0,12.0
0R3,"{(3R,5R,6S)-5-(3-chlorophenyl)-6-(4-chlorophenyl)-1-[(2S,3S)-2-hydroxypentan-3-yl]-3-methyl-2-oxopiperidin-3-yl}acetic acid",C25 H29 Cl2 N O4,non-polymer,CC[C@@H]([C@H](C)O)N1[C@@H]([C@H](C[C@](C1=O)(C)CC(=O)O)c2cccc(c2)Cl)c3ccc(cc3)Cl,CC[C@@H]([C@H](C)O)N1C(=O)[C@@](C)(CC(=O)O)C[C@H](c2cccc(Cl)c2)[C@H]1c1ccc(Cl)cc1,"InChI=1S/C25H29Cl2NO4/c1-4-21(15(2)29)28-23(16-8-10-18(26)11-9-16)20(17-6-5-7-19(27)12-17)13-25(3,24(28)32)14-22(30)31/h5-12,15,20-21,23,29H,4,13-14H2,1-3H3,(H,30,31)/t15-,20+,21-,23+,25+/m0/s1",YUALYRLIFVPOHL-VPLUBSIMSA-N,0.0,32.0,5.0,34.0,12.0
0Y7,"{(3R,5R,6S)-5-(3-chlorophenyl)-6-(4-chlorophenyl)-1-[(2S)-1-hydroxybutan-2-yl]-2-oxopiperidin-3-yl}acetic acid",C23 H25 Cl2 N O4,non-polymer,CC[C@@H](CO)N1[C@@H]([C@H](C[C@@H](C1=O)CC(=O)O)c2cccc(c2)Cl)c3ccc(cc3)Cl,CC[C@@H](CO)N1C(=O)[C@@H](CC(=O)O)C[C@H](c2cccc(Cl)c2)[C@H]1c1ccc(Cl)cc1,"InChI=1S/C23H25Cl2NO4/c1-2-19(13-27)26-22(14-6-8-17(24)9-7-14)20(15-4-3-5-18(25)10-15)11-16(23(26)30)12-21(28)29/h3-10,16,19-20,22,27H,2,11-13H2,1H3,(H,28,29)/t16-,19+,20-,22-/m1/s1",MUYVUHCWOCMQPD-CJXUKZFBSA-N,0.0,30.0,4.0,32.0,12.0
12O,"(1R,2R)-2-{[(1S)-1-[(1,3-dioxo-1,3-dihydro-2H-isoindol-2-yl)methyl]-3,4-dihydroisoquinolin-2(1H)-yl]carbonyl}cyclohexanecarboxylic acid",C26 H26 N2 O5,non-polymer,c1ccc2c(c1)CCN([C@@H]2CN3C(=O)c4ccccc4C3=O)C(=O)[C@@H]5CCCC[C@H]5C(=O)O,O=C(O)[C@@H]1CCCC[C@H]1C(=O)N1CCc2ccccc2[C@H]1CN1C(=O)c2ccccc2C1=O,"InChI=1S/C26H26N2O5/c29-23(20-11-5-6-12-21(20)26(32)33)27-14-13-16-7-1-2-8-17(16)22(27)15-28-24(30)18-9-3-4-10-19(18)25(28)31/h1-4,7-10,20-22H,5-6,11-15H2,(H,32,33)/t20-,21-,22-/m1/s1",LNENLABLFGGAFF-YPAWHYETSA-N,0.0,33.0,3.0,37.0,12.0
13Q,"[(3R,5R,6S)-5-(3-chlorophenyl)-6-(4-chlorophenyl)-1-(cyclopropylmethyl)-2-oxopiperidin-3-yl]acetic acid",C23 H23 Cl2 N O3,non-polymer,c1cc(cc(c1)Cl)[C@H]2C[C@@H](C(=O)N([C@@H]2c3ccc(cc3)Cl)CC4CC4)CC(=O)O,O=C(O)C[C@H]1C[C@H](c2cccc(Cl)c2)[C@@H](c2ccc(Cl)cc2)N(CC2CC2)C1=O,"InChI=1S/C23H23Cl2NO3/c24-18-8-6-15(7-9-18)22-20(16-2-1-3-19(25)10-16)11-17(12-21(27)28)23(29)26(22)13-14-4-5-14/h1-3,6-10,14,17,20,22H,4-5,11-13H2,(H,27,28)/t17-,20-,22-/m1/s1",OMAPWASVHLHIRY-NQSCKRDGSA-N,0.0,29.0,3.0,32.0,12.0
1BG,"(3S,8aR)-2-{(2S)-2-cyclohexyl-2-[(N-methyl-L-alanyl)amino]acetyl}-N-[(1R)-1,2,3,4-tetrahydronaphthalen-1-yl]octahydropyrrolo[1,2-a]pyrazine-3-carboxamide",C30 H45 N5 O3,non-polymer,C[C@@H](C(=O)N[C@@H](C1CCCCC1)C(=O)N2C[C@H]3CCCN3C[C@H]2C(=O)N[C@@H]4CCCc5c4cccc5)NC,CN[C@@H](C)C(=O)N[C@H](C(=O)N1C[C@H]2CCCN2C[C@H]1C(=O)N[C@@H]1CCCc2ccccc21)C1CCCCC1,"InChI=1S/C30H45N5O3/c1-20(31-2)28(36)33-27(22-11-4-3-5-12-22)30(38)35-18-23-14-9-17-34(23)19-26(35)29(37)32-25-16-8-13-21-10-6-7-15-24(21)25/h6-7,10,15,20,22-23,25-27,31H,3-5,8-9,11-14,16-19H2,1-2H3,(H,32,37)(H,33,36)/t20-,23+,25+,26-,27-/m0/s1",STMKHYWFPMLFAV-PWZZVKMOSA-N,0.0,38.0,5.0,42.0,6.0
1BY,"[2-(PYRIDIN-2-YLAMINO)ETHANE-1,1-DIYL]BIS(PHOSPHONIC ACID)",C7 H12 N2 O6 P2,non-polymer,c1ccnc(c1)NCC(P(=O)(O)O)P(=O)(O)O,O=P(O)(O)C(CNc1ccccn1)P(=O)(O)O,"InChI=1S/C7H12N2O6P2/c10-16(11,12)7(17(13,14)15)5-9-6-3-1-2-4-8-6/h1-4,7H,5H2,(H,8,9)(H2,10,11,12)(H2,13,14,15)",BHVCADPDEFLLGM-UHFFFAOYSA-N,0.0,17.0,0.0,17.0,6.0
1CC,5-carboxy-2'-deoxycytidine monophosphate,C10 H14 N3 O9 P,DNA linking,C1[C@@H]([C@H](O[C@H]1N2C=C(C(=NC2=O)N)C(=O)O)COP(=O)(O)O)O,Nc1nc(=O)n([C@H]2C[C@H](O)[C@@H](COP(=O)(O)O)O2)cc1C(=O)O,"InChI=1S/C10H14N3O9P/c11-8-4(9(15)16)2-13(10(17)12-8)7-1-5(14)6(22-7)3-21-23(18,19)20/h2,5-7,14H,1,3H2,(H,15,16)(H2,11,12,17)(H2,18,19,20)/t5-,6+,7+/m0/s1",WEUNVGZSKGOUOC-RRKCRQDMSA-N,0.0,23.0,3.0,24.0,6.0
1GI,8-(1-benzothiophen-5-yl)-7-[(4-chlorophenyl)methyl]-6-{[(1R)-1-cyclopropylethyl]amino}-7H-purine-2-carboxylic acid,C26 H22 Cl N5 O2 S,non-polymer,C[C@H](C1CC1)Nc2c3c(nc(n3Cc4ccc(cc4)Cl)c5ccc6c(c5)ccs6)nc(n2)C(=O)O,C[C@@H](Nc1nc(C(=O)O)nc2nc(-c3ccc4sccc4c3)n(Cc3ccc(Cl)cc3)c12)C1CC1,"InChI=1S/C26H22ClN5O2S/c1-14(16-4-5-16)28-22-21-23(30-24(29-22)26(33)34)31-25(18-6-9-20-17(12-18)10-11-35-20)32(21)13-15-2-7-19(27)8-3-15/h2-3,6-12,14,16H,4-5,13H2,1H3,(H,33,34)(H,28,29,30)/t14-/m1/s1",VYDVBUHEXZQWED-CQSZACIVSA-N,0.0,35.0,1.0,40.0,26.0
1I0,"3-[4-(5-chloropyridin-3-yl)-2-[(4aR,7aR)-hexahydrocyclopenta[b][1,4]oxazin-4(4aH)-yl]-3-{[(1r,4R)-4-methylcyclohexyl]methyl}-3H-imidazo[4,5-c]pyridin-6-yl]-1,2,4-oxadiazol-5(4H)-one",C28 H32 Cl N7 O3,non-polymer,CC1CCC(CC1)Cn2c3c(cc(nc3c4cc(cnc4)Cl)C5=NOC(=O)N5)nc2N6CCO[C@H]7[C@H]6CCC7,CC1CCC(Cn2c(N3CCO[C@@H]4CCC[C@H]43)nc3cc(-c4noc(=O)[nH]4)nc(-c4cncc(Cl)c4)c32)CC1,"InChI=1S/C28H32ClN7O3/c1-16-5-7-17(8-6-16)15-36-25-20(32-27(36)35-9-10-38-23-4-2-3-22(23)35)12-21(26-33-28(37)39-34-26)31-24(25)18-11-19(29)14-30-13-18/h11-14,16-17,22-23H,2-10,15H2,1H3,(H,33,34,37)/t16?,17?,22-,23-/m1/s1",FDBWTMMKIZGUEZ-OGRPUPFISA-N,0.0,39.0,2.0,45.0,21.0
1I3,"3-[4-(5-chloropyridin-3-yl)-2-[(2S)-1-methoxypropan-2-yl]-3-{(1R)-1-[(1r,4R)-4-methylcyclohexyl]ethyl}-3H-imidazo[4,5-c]pyridin-6-yl]-1,2,4-oxadiazol-5(4H)-one",C26 H31 Cl N6 O3,non-polymer,CC1CCC(CC1)[C@@H](C)n2c3c(cc(nc3c4cc(cnc4)Cl)C5=NOC(=O)N5)nc2[C@H](C)COC,COC[C@@H](C)c1nc2cc(-c3noc(=O)[nH]3)nc(-c3cncc(Cl)c3)c2n1[C@H](C)C1CCC(C)CC1,"InChI=1S/C26H31ClN6O3/c1-14-5-7-17(8-6-14)16(3)33-23-20(30-25(33)15(2)13-35-4)10-21(24-31-26(34)36-32-24)29-22(23)18-9-19(27)12-28-11-18/h9-12,14-17H,5-8,13H2,1-4H3,(H,31,32,34)/t14?,15-,16-,17?/m1/s1",BOHJWRUCGNOBMS-JCCCHCCOSA-N,0.0,36.0,2.0,40.0,21.0
1I9,"3-[4-(5-chloropyridin-3-yl)-2-[(R)-cyclopropyl(ethoxy)methyl]-3-{(1R)-1-[(1r,4R)-4-methylcyclohexyl]ethyl}-3H-imidazo[4,5-c]pyridin-6-yl]-1,2,4-oxadiazol-5(4H)-one",C28 H33 Cl N6 O3,non-polymer,CCO[C@@H](c1nc2cc(nc(c2n1[C@H](C)C3CCC(CC3)C)c4cc(cnc4)Cl)C5=NOC(=O)N5)C6CC6,CCO[C@@H](c1nc2cc(-c3noc(=O)[nH]3)nc(-c3cncc(Cl)c3)c2n1[C@H](C)C1CCC(C)CC1)C1CC1,"InChI=1S/C28H33ClN6O3/c1-4-37-25(18-9-10-18)27-32-21-12-22(26-33-28(36)38-34-26)31-23(19-11-20(29)14-30-13-19)24(21)35(27)16(3)17-7-5-15(2)6-8-17/h11-18,25H,4-10H2,1-3H3,(H,33,34,36)/t15?,16-,17?,25-/m1/s1",PJGMHURMTNPVFZ-NYWAFEGCSA-N,0.0,38.0,2.0,43.0,21.0
1MN,"(2S,5R,6S)-2-benzyl-5,6-bis(4-bromophenyl)-4-methylmorpholin-3-one",C24 H21 Br2 N O2,non-polymer,CN1[C@@H]([C@@H](O[C@H](C1=O)Cc2ccccc2)c3ccc(cc3)Br)c4ccc(cc4)Br,CN1C(=O)[C@H](Cc2ccccc2)O[C@@H](c2ccc(Br)cc2)[C@H]1c1ccc(Br)cc1,"InChI=1S/C24H21Br2NO2/c1-27-22(17-7-11-19(25)12-8-17)23(18-9-13-20(26)14-10-18)29-21(24(27)28)15-16-5-3-2-4-6-16/h2-14,21-23H,15H2,1H3/t21-,22+,23-/m0/s1",YYVYIVSNIAMIER-ZRBLBEILSA-N,0.0,29.0,3.0,32.0,18.0
1MO,"(2S,5R,6S)-2-benzyl-5,6-bis(4-chlorophenyl)-4-methylmorpholin-3-one",C24 H21 Cl2 N O2,non-polymer,CN1[C@@H]([C@@H](O[C@H](C1=O)Cc2ccccc2)c3ccc(cc3)Cl)c4ccc(cc4)Cl,CN1C(=O)[C@H](Cc2ccccc2)O[C@@H](c2ccc(Cl)cc2)[C@H]1c1ccc(Cl)cc1,"InChI=1S/C24H21Cl2NO2/c1-27-22(17-7-11-19(25)12-8-17)23(18-9-13-20(26)14-10-18)29-21(24(27)28)15-16-5-3-2-4-6-16/h2-14,21-23H,15H2,1H3/t21-,22+,23-/m0/s1",NFFXQTHZDQEVMP-ZRBLBEILSA-N,0.0,29.0,3.0,32.0,18.0
1MQ,"(2R,3E)-2-[(2S,3R,6S)-2,3-bis(4-chlorophenyl)-6-(4-fluorobenzyl)-5-oxomorpholin-4-yl]pent-3-enoic acid",C28 H24 Cl2 F N O4,non-polymer,C/C=C/[C@H](C(=O)O)N1[C@@H]([C@@H](O[C@H](C1=O)Cc2ccc(cc2)F)c3ccc(cc3)Cl)c4ccc(cc4)Cl,C/C=C/[C@H](C(=O)O)N1C(=O)[C@H](Cc2ccc(F)cc2)O[C@@H](c2ccc(Cl)cc2)[C@H]1c1ccc(Cl)cc1,"InChI=1S/C28H24Cl2FNO4/c1-2-3-23(28(34)35)32-25(18-6-10-20(29)11-7-18)26(19-8-12-21(30)13-9-19)36-24(27(32)33)16-17-4-14-22(31)15-5-17/h2-15,23-26H,16H2,1H3,(H,34,35)/b3-2+/t23-,24+,25-,26+/m1/s1",KFJHASQDDHBQDA-GYEZOCHYSA-N,0.0,36.0,4.0,39.0,18.0
1MT,"(2'S,3R,4'S,5'R)-N-(2-aminoethyl)-6-chloro-4'-(3-chloro-2-fluorophenyl)-2'-(2,2-dimethylpropyl)-2-oxo-1,2-dihydrospiro[indole-3,3'-pyrrolidine]-5'-carboxamide",C25 H29 Cl2 F N4 O2,non-polymer,CC(C)(C)C[C@H]1[C@]2(c3ccc(cc3NC2=O)Cl)[C@H]([C@@H](N1)C(=O)NCCN)c4cccc(c4F)Cl,CC(C)(C)C[C@@H]1N[C@@H](C(=O)NCCN)[C@H](c2cccc(Cl)c2F)[C@]12C(=O)Nc1cc(Cl)ccc12,"InChI=1S/C25H29Cl2FN4O2/c1-24(2,3)12-18-25(15-8-7-13(26)11-17(15)31-23(25)34)19(14-5-4-6-16(27)20(14)28)21(32-18)22(33)30-10-9-29/h4-8,11,18-19,21,32H,9-10,12,29H2,1-3H3,(H,30,33)(H,31,34)/t18-,19-,21+,25+/m0/s1",FNYZLFJBIYJBIK-MZFHRINRSA-N,0.0,34.0,4.0,37.0,12.0
1MY,"{(2S,5R,6S)-6-(3-chlorophenyl)-5-(4-chlorophenyl)-4-[(2S)-1-hydroxybutan-2-yl]-3-oxomorpholin-2-yl}acetic acid",C22 H23 Cl2 N O5,non-polymer,CC[C@@H](CO)N1[C@@H]([C@@H](O[C@H](C1=O)CC(=O)O)c2cccc(c2)Cl)c3ccc(cc3)Cl,CC[C@@H](CO)N1C(=O)[C@H](CC(=O)O)O[C@@H](c2cccc(Cl)c2)[C@H]1c1ccc(Cl)cc1,"InChI=1S/C22H23Cl2NO5/c1-2-17(12-26)25-20(13-6-8-15(23)9-7-13)21(14-4-3-5-16(24)10-14)30-18(22(25)29)11-19(27)28/h3-10,17-18,20-21,26H,2,11-12H2,1H3,(H,27,28)/t17-,18-,20+,21-/m0/s1",GOJFTLJDUNFYCJ-MMKMLUHNSA-N,0.0,30.0,4.0,32.0,12.0
1OY,"(3S,4R,5S)-3-(3-chloro-2-fluorophenyl)-4-(4-chloro-2-fluorophenyl)-4-cyano-N-[(3S)-3,4-dihydroxybutyl]-5-(2,2-dimethylpropyl)-D-prolinamide",C27 H31 Cl2 F2 N3 O3,non-polymer,CC(C)(C)C[C@H]1[C@]([C@H]([C@@H](N1)C(=O)NCC[C@@H](CO)O)c2cccc(c2F)Cl)(C#N)c3ccc(cc3F)Cl,CC(C)(C)C[C@@H]1N[C@@H](C(=O)NCC[C@H](O)CO)[C@H](c2cccc(Cl)c2F)[C@@]1(C#N)c1ccc(Cl)cc1F,"InChI=1S/C27H31Cl2F2N3O3/c1-26(2,3)12-21-27(14-32,18-8-7-15(28)11-20(18)30)22(17-5-4-6-19(29)23(17)31)24(34-21)25(37)33-10-9-16(36)13-35/h4-8,11,16,21-22,24,34-36H,9-10,12-13H2,1-3H3,(H,33,37)/t16-,21-,22-,24+,27-/m0/s1",MSOWFEGZEMCNQZ-UIHIWPSYSA-N,0.0,37.0,5.0,39.0,12.0
1RH,"N-{(3S)-5-(4-aminobenzoyl)-1-[(2-methoxynaphthalen-1-yl)methyl]-2-oxo-2,3,4,5-tetrahydro-1H-1,5-benzodiazepin-3-yl}-N~2~-methyl-L-alaninamide",C32 H33 N5 O4,non-polymer,C[C@@H](C(=O)N[C@H]1CN(c2ccccc2N(C1=O)Cc3c4ccccc4ccc3OC)C(=O)c5ccc(cc5)N)NC,CN[C@@H](C)C(=O)N[C@H]1CN(C(=O)c2ccc(N)cc2)c2ccccc2N(Cc2c(OC)ccc3ccccc23)C1=O,"InChI=1S/C32H33N5O4/c1-20(34-2)30(38)35-26-19-37(31(39)22-12-15-23(33)16-13-22)28-11-7-6-10-27(28)36(32(26)40)18-25-24-9-5-4-8-21(24)14-17-29(25)41-3/h4-17,20,26,34H,18-19,33H2,1-3H3,(H,35,38)/t20-,26-/m0/s1",BXNIMYHZUMCTGM-FNZWTVRRSA-N,0.0,41.0,2.0,45.0,23.0
1RK,"6-methoxy-5-({(3S)-3-[(N-methyl-L-alanyl)amino]-4-oxo-2',3,3',4,5',6'-hexahydro-5H-spiro[1,5-benzoxazepine-2,4'-pyran]-5-yl}methyl)naphthalene-2-carboxylic acid",C30 H33 N3 O7,non-polymer,C[C@@H](C(=O)N[C@@H]1C(=O)N(c2ccccc2OC13CCOCC3)Cc4c5ccc(cc5ccc4OC)C(=O)O)NC,CN[C@@H](C)C(=O)N[C@@H]1C(=O)N(Cc2c(OC)ccc3cc(C(=O)O)ccc23)c2ccccc2OC12CCOCC2,"InChI=1S/C30H33N3O7/c1-18(31-2)27(34)32-26-28(35)33(23-6-4-5-7-25(23)40-30(26)12-14-39-15-13-30)17-22-21-10-8-20(29(36)37)16-19(21)9-11-24(22)38-3/h4-11,16,18,26,31H,12-15,17H2,1-3H3,(H,32,34)(H,36,37)/t18-,26+/m0/s1",PXBQMHIHZVFKSD-HFJWLAOPSA-N,0.0,40.0,2.0,44.0,17.0
1U4,N-[(S)-({[(benzyloxy)carbonyl]amino}methyl)(hydroxy)phosphoryl]-L-phenylalanyl-L-leucine,C24 H32 N3 O7 P,non-polymer,CC(C)C[C@@H](C(=O)O)NC(=O)[C@H](Cc1ccccc1)N[P@](=O)(CNC(=O)OCc2ccccc2)O,CC(C)C[C@H](NC(=O)[C@H](Cc1ccccc1)N[P@@](=O)(O)CNC(=O)OCc1ccccc1)C(=O)O,"InChI=1S/C24H32N3O7P/c1-17(2)13-21(23(29)30)26-22(28)20(14-18-9-5-3-6-10-18)27-35(32,33)16-25-24(31)34-15-19-11-7-4-8-12-19/h3-12,17,20-21H,13-16H2,1-2H3,(H,25,31)(H,26,28)(H,29,30)(H2,27,32,33)/t20-,21-/m0/s1",XQFJAKNVSJXHDS-SFTDATJTSA-N,0.0,35.0,3.0,36.0,12.0
1VV,"(1S,2R)-2-{[(1S)-1-[(1,3-dioxo-1,3-dihydro-2H-isoindol-2-yl)methyl]-3,4-dihydroisoquinolin-2(1H)-yl]carbonyl}cyclohexanecarboxylic acid",C26 H26 N2 O5,non-polymer,c1ccc2c(c1)CCN([C@@H]2CN3C(=O)c4ccccc4C3=O)C(=O)[C@@H]5CCCC[C@@H]5C(=O)O,O=C(O)[C@H]1CCCC[C@H]1C(=O)N1CCc2ccccc2[C@H]1CN1C(=O)c2ccccc2C1=O,"InChI=1S/C26H26N2O5/c29-23(20-11-5-6-12-21(20)26(32)33)27-14-13-16-7-1-2-8-17(16)22(27)15-28-24(30)18-9-3-4-10-19(18)25(28)31/h1-4,7-10,20-22H,5-6,11-15H2,(H,32,33)/t20-,21+,22-/m1/s1",LNENLABLFGGAFF-BHIFYINESA-N,0.0,33.0,3.0,37.0,12.0
1VW,"2-{[(1S)-2-{[(1R,2S)-2-(1H-tetrazol-5-yl)cyclohexyl]carbonyl}-1,2,3,4-tetrahydroisoquinolin-1-yl]methyl}-1H-isoindole-1,3(2H)-dione",C26 H26 N6 O3,non-polymer,c1ccc2c(c1)CCN([C@@H]2CN3C(=O)c4ccccc4C3=O)C(=O)[C@@H]5CCCC[C@@H]5c6[nH]nnn6,O=C1c2ccccc2C(=O)N1C[C@@H]1c2ccccc2CCN1C(=O)[C@@H]1CCCC[C@@H]1c1nnn[nH]1,"InChI=1S/C26H26N6O3/c33-24(19-10-4-3-9-18(19)23-27-29-30-28-23)31-14-13-16-7-1-2-8-17(16)22(31)15-32-25(34)20-11-5-6-12-21(20)26(32)35/h1-2,5-8,11-12,18-19,22H,3-4,9-10,13-15H2,(H,27,28,29,30)/t18-,19+,22+/m0/s1",ADUCXORFAZLUAN-NNMXDRDESA-N,0.0,35.0,3.0,40.0,17.0
1VX,"(1S,2R)-2-{[(1S)-5-methyl-1-[(1-oxo-1,3-dihydro-2H-isoindol-2-yl)methyl]-3,4-dihydroisoquinolin-2(1H)-yl]carbonyl}cyclohexanecarboxylic acid",C27 H30 N2 O4,non-polymer,Cc1cccc2c1CCN([C@@H]2CN3Cc4ccccc4C3=O)C(=O)[C@@H]5CCCC[C@@H]5C(=O)O,Cc1cccc2c1CCN(C(=O)[C@@H]1CCCC[C@@H]1C(=O)O)[C@@H]2CN1Cc2ccccc2C1=O,"InChI=1S/C27H30N2O4/c1-17-7-6-12-21-19(17)13-14-29(26(31)22-10-4-5-11-23(22)27(32)33)24(21)16-28-15-18-8-2-3-9-20(18)25(28)30/h2-3,6-9,12,22-24H,4-5,10-11,13-16H2,1H3,(H,32,33)/t22-,23+,24-/m1/s1",YTUXAQFRBNUADX-TZRRMPRUSA-N,0.0,33.0,3.0,37.0,12.0
1XM,"4-amino-1,7-dihydro-6H-pyrazolo[3,4-d]pyrimidine-6-thione",C5 H5 N5 S,non-polymer,c1c2c([nH]n1)NC(=S)N=C2N,Nc1nc(=S)[nH]c2[nH]ncc12,"InChI=1S/C5H5N5S/c6-3-2-1-7-10-4(2)9-5(11)8-3/h1H,(H4,6,7,8,9,10,11)",YJMNLDSYAAJOPX-UHFFFAOYSA-N,0.0,11.0,0.0,12.0,10.0
1Y0,"(4S,6aR,7aS)-5-{(2S)-2-cyclohexyl-2-[(N-methyl-L-alanyl)amino]acetyl}-N-[(4R)-3,4-dihydro-2H-chromen-4-yl]octahydro-1H-cyclopropa[4,5]pyrrolo[1,2-a]pyrazine-4-carboxamide",C30 H43 N5 O4,peptide-like,C[C@@H](C(=O)N[C@@H](C1CCCCC1)C(=O)N2C[C@H]3C[C@@H]4C[C@@H]4N3C[C@H]2C(=O)N[C@@H]5CCOc6c5cccc6)NC,CN[C@@H](C)C(=O)N[C@H](C(=O)N1C[C@H]2C[C@@H]3C[C@@H]3N2C[C@H]1C(=O)N[C@@H]1CCOc2ccccc21)C1CCCCC1,"InChI=1S/C30H43N5O4/c1-18(31-2)28(36)33-27(19-8-4-3-5-9-19)30(38)35-16-21-14-20-15-24(20)34(21)17-25(35)29(37)32-23-12-13-39-26-11-7-6-10-22(23)26/h6-7,10-11,18-21,23-25,27,31H,3-5,8-9,12-17H2,1-2H3,(H,32,37)(H,33,36)/t18-,20+,21+,23+,24-,25-,27-/m0/s1",OGTGKCOHYGILPQ-BBAYRLSSSA-N,0.0,39.0,7.0,44.0,6.0
1YH,"(3S,8aR)-N-((R)-chroman-4-yl)-2-((S)-2-cyclohexyl-2-((S)-2-(methylamino)propanamido)acetyl)octahydropyrrolo[1,2-a]pyrazine-3-carboxamide",C29 H43 N5 O4,peptide-like,C[C@@H](C(=O)N[C@@H](C1CCCCC1)C(=O)N2C[C@H]3CCCN3C[C@H]2C(=O)N[C@@H]4CCOc5c4cccc5)NC,CN[C@@H](C)C(=O)N[C@H](C(=O)N1C[C@H]2CCCN2C[C@H]1C(=O)N[C@@H]1CCOc2ccccc21)C1CCCCC1,"InChI=1S/C29H43N5O4/c1-19(30-2)27(35)32-26(20-9-4-3-5-10-20)29(37)34-17-21-11-8-15-33(21)18-24(34)28(36)31-23-14-16-38-25-13-7-6-12-22(23)25/h6-7,12-13,19-21,23-24,26,30H,3-5,8-11,14-18H2,1-2H3,(H,31,36)(H,32,35)/t19-,21+,23+,24-,26-/m0/s1",GIAUJOMDUOPYLU-XFCBJTKFSA-N,0.0,38.0,5.0,42.0,6.0
20Q,"(3S)-3-[(3R)-1-acetylpiperidin-3-yl]-6-chloro-3-(3-chlorobenzyl)-1,3-dihydro-2H-indol-2-one",C22 H22 Cl2 N2 O2,non-polymer,CC(=O)N1CCC[C@@H](C1)[C@]2(c3ccc(cc3NC2=O)Cl)Cc4cccc(c4)Cl,CC(=O)N1CCC[C@H]([C@]2(Cc3cccc(Cl)c3)C(=O)Nc3cc(Cl)ccc32)C1,"InChI=1S/C22H22Cl2N2O2/c1-14(27)26-9-3-5-16(13-26)22(12-15-4-2-6-17(23)10-15)19-8-7-18(24)11-20(19)25-21(22)28/h2,4,6-8,10-11,16H,3,5,9,12-13H2,1H3,(H,25,28)/t16-,22-/m0/s1",RIBYLXUNNWIWJK-AOMKIAJQSA-N,0.0,28.0,2.0,31.0,12.0
20U,"(2'S,3R,4'S,5'R)-N-(4-carbamoylphenyl)-6-chloro-4'-(3-chloro-2-fluorophenyl)-2'-(2,2-dimethylpropyl)-2-oxo-1,2-dihydrospiro[indole-3,3'-pyrrolidine]-5'-carboxamide",C30 H29 Cl2 F N4 O3,non-polymer,CC(C)(C)C[C@H]1[C@]2(c3ccc(cc3NC2=O)Cl)[C@H]([C@@H](N1)C(=O)Nc4ccc(cc4)C(=O)N)c5cccc(c5F)Cl,CC(C)(C)C[C@@H]1N[C@@H](C(=O)Nc2ccc(C(N)=O)cc2)[C@H](c2cccc(Cl)c2F)[C@]12C(=O)Nc1cc(Cl)ccc12,"InChI=1S/C30H29Cl2FN4O3/c1-29(2,3)14-22-30(19-12-9-16(31)13-21(19)36-28(30)40)23(18-5-4-6-20(32)24(18)33)25(37-22)27(39)35-17-10-7-15(8-11-17)26(34)38/h4-13,22-23,25,37H,14H2,1-3H3,(H2,34,38)(H,35,39)(H,36,40)/t22-,23-,25+,30+/m0/s1",KALNCVZAFDQICX-AMKZZFPWSA-N,0.0,40.0,4.0,44.0,18.0
20W,"(2S,3R,4R,5R)-N-(4-carbamoyl-2-methoxyphenyl)-2'-chloro-4-(3-chloro-2-fluorophenyl)-2-(2,2-dimethylpropyl)-5'-oxo-4',5'-dihydrospiro[pyrrolidine-3,6'-thieno[3,2-b]pyrrole]-5-carboxamide",C29 H29 Cl2 F N4 O4 S,non-polymer,CC(C)(C)C[C@H]1[C@]2(c3c(cc(s3)Cl)NC2=O)[C@H]([C@@H](N1)C(=O)Nc4ccc(cc4OC)C(=O)N)c5cccc(c5F)Cl,COc1cc(C(N)=O)ccc1NC(=O)[C@@H]1N[C@@H](CC(C)(C)C)[C@@]2(C(=O)Nc3cc(Cl)sc32)[C@H]1c1cccc(Cl)c1F,"InChI=1S/C29H29Cl2FN4O4S/c1-28(2,3)12-19-29(24-17(35-27(29)39)11-20(31)41-24)21(14-6-5-7-15(30)22(14)32)23(36-19)26(38)34-16-9-8-13(25(33)37)10-18(16)40-4/h5-11,19,21,23,36H,12H2,1-4H3,(H2,33,37)(H,34,38)(H,35,39)/t19-,21-,23+,29+/m0/s1",UOVSZRTTWLJPHE-HNXAPSNLSA-N,0.0,41.0,4.0,45.0,17.0
28W,3-[(1R)-2-(benzylamino)-1-{[(2S)-1-(hydroxyamino)-4-methyl-1-oxopentan-2-yl]amino}-2-oxoethyl]-6-chloro-N-hydroxy-1H-indole-2-carboxamide,C24 H28 Cl N5 O5,non-polymer,CC(C)C[C@@H](C(=O)NO)NC(c1c2ccc(cc2[nH]c1C(=O)NO)Cl)C(=O)NCc3ccccc3,CC(C)C[C@H](NC(C(=O)NCc1ccccc1)c1c(C(=O)NO)[nH]c2cc(Cl)ccc12)C(=O)NO,"InChI=1S/C24H28ClN5O5/c1-13(2)10-18(22(31)29-34)28-20(23(32)26-12-14-6-4-3-5-7-14)19-16-9-8-15(25)11-17(16)27-21(19)24(33)30-35/h3-9,11,13,18,20,27-28,34-35H,10,12H2,1-2H3,(H,26,32)(H,29,31)(H,30,33)/t18-,20?/m0/s1",VRQFWSWBTGHUMK-LROBGIAVSA-N,0.0,35.0,1.0,37.0,16.0
2DX,"(3S,8aR)-2-[(2S)-2-cyclohexyl-2-{[(2S)-2-(methylamino)butanoyl]amino}acetyl]-N-[(4R)-3,4-dihydro-2H-chromen-4-yl]octahydropyrrolo[1,2-a]pyrazine-3-carboxamide",C30 H45 N5 O4,non-polymer,CC[C@@H](C(=O)N[C@@H](C1CCCCC1)C(=O)N2C[C@H]3CCCN3C[C@H]2C(=O)N[C@@H]4CCOc5c4cccc5)NC,CC[C@H](NC)C(=O)N[C@H](C(=O)N1C[C@H]2CCCN2C[C@H]1C(=O)N[C@@H]1CCOc2ccccc21)C1CCCCC1,"InChI=1S/C30H45N5O4/c1-3-23(31-2)28(36)33-27(20-10-5-4-6-11-20)30(38)35-18-21-12-9-16-34(21)19-25(35)29(37)32-24-15-17-39-26-14-8-7-13-22(24)26/h7-8,13-14,20-21,23-25,27,31H,3-6,9-12,15-19H2,1-2H3,(H,32,37)(H,33,36)/t21-,23+,24-,25+,27+/m1/s1",MPXBKLQSQUXEDB-DPURIWRLSA-N,0.0,39.0,5.0,43.0,6.0
2DY,"(3S,10aS)-2-[(2S)-2-cyclohexyl-2-{[(2S)-2-(methylamino)butanoyl]amino}acetyl]-N-[(4R)-3,4-dihydro-2H-chromen-4-yl]-1,2,3,4,10,10a-hexahydropyrazino[1,2-a]indole-3-carboxamide",C34 H45 N5 O4,non-polymer,CC[C@@H](C(=O)N[C@@H](C1CCCCC1)C(=O)N2C[C@@H]3Cc4ccccc4N3C[C@H]2C(=O)N[C@@H]5CCOc6c5cccc6)NC,CC[C@H](NC)C(=O)N[C@H](C(=O)N1C[C@@H]2Cc3ccccc3N2C[C@H]1C(=O)N[C@@H]1CCOc2ccccc21)C1CCCCC1,"InChI=1S/C34H45N5O4/c1-3-26(35-2)32(40)37-31(22-11-5-4-6-12-22)34(42)39-20-24-19-23-13-7-9-15-28(23)38(24)21-29(39)33(41)36-27-17-18-43-30-16-10-8-14-25(27)30/h7-10,13-16,22,24,26-27,29,31,35H,3-6,11-12,17-21H2,1-2H3,(H,36,41)(H,37,40)/t24-,26-,27+,29-,31-/m0/s1",TYXHMZBEDPKUQY-HDFVOGAFSA-N,0.0,43.0,5.0,48.0,12.0
2FS,"(1S,2R)-2-{[(1S)-1-[(1-oxo-1,3-dihydro-2H-isoindol-2-yl)methyl]-3,4-dihydroisoquinolin-2(1H)-yl]carbonyl}cyclohexanecarboxylic acid",C26 H28 N2 O4,non-polymer,c1ccc2c(c1)CCN([C@@H]2CN3Cc4ccccc4C3=O)C(=O)[C@@H]5CCCC[C@@H]5C(=O)O,O=C(O)[C@H]1CCCC[C@H]1C(=O)N1CCc2ccccc2[C@H]1CN1Cc2ccccc2C1=O,"InChI=1S/C26H28N2O4/c29-24-20-10-4-2-8-18(20)15-27(24)16-23-19-9-3-1-7-17(19)13-14-28(23)25(30)21-11-5-6-12-22(21)26(31)32/h1-4,7-10,21-23H,5-6,11-16H2,(H,31,32)/t21-,22+,23-/m1/s1",CENUFSLZJTXDBJ-XPWALMASSA-N,0.0,32.0,3.0,36.0,12.0
2PE,NONAETHYLENE GLYCOL,C18 H38 O10,non-polymer,C(COCCOCCOCCOCCOCCOCCOCCOCCO)O,OCCOCCOCCOCCOCCOCCOCCOCCOCCO,"InChI=1S/C18H38O10/c19-1-3-21-5-7-23-9-11-25-13-15-27-17-18-28-16-14-26-12-10-24-8-6-22-4-2-20/h19-20H,1-18H2",YZUUTMGDONTGTN-UHFFFAOYSA-N,0.0,28.0,0.0,27.0,0.0
2SW,"[(3R,5R,6S)-1-[(2S)-1-(tert-butylsulfonyl)butan-2-yl]-5-(3-chlorophenyl)-6-(4-chlorophenyl)-3-methyl-2-oxopiperidin-3-yl]acetic acid",C28 H35 Cl2 N O5 S,non-polymer,CC[C@@H](CS(=O)(=O)C(C)(C)C)N1[C@@H]([C@H](C[C@](C1=O)(C)CC(=O)O)c2cccc(c2)Cl)c3ccc(cc3)Cl,CC[C@@H](CS(=O)(=O)C(C)(C)C)N1C(=O)[C@@](C)(CC(=O)O)C[C@H](c2cccc(Cl)c2)[C@H]1c1ccc(Cl)cc1,"InChI=1S/C28H35Cl2NO5S/c1-6-22(17-37(35,36)27(2,3)4)31-25(18-10-12-20(29)13-11-18)23(19-8-7-9-21(30)14-19)15-28(5,26(31)34)16-24(32)33/h7-14,22-23,25H,6,15-17H2,1-5H3,(H,32,33)/t22-,23+,25+,28+/m0/s1",AXQMSOFCQLTJGV-ZJTSJXPUSA-N,0.0,37.0,4.0,39.0,12.0
2TW,"[(2R,5R,6R)-4-[(1S)-2-(tert-butylsulfonyl)-1-cyclopropylethyl]-6-(3-chlorophenyl)-5-(4-chlorophenyl)-3-oxomorpholin-2-yl]acetic acid",C27 H31 Cl2 N O6 S,non-polymer,CC(C)(C)S(=O)(=O)C[C@H](C1CC1)N2[C@@H]([C@H](O[C@@H](C2=O)CC(=O)O)c3cccc(c3)Cl)c4ccc(cc4)Cl,CC(C)(C)S(=O)(=O)C[C@H](C1CC1)N1C(=O)[C@@H](CC(=O)O)O[C@H](c2cccc(Cl)c2)[C@H]1c1ccc(Cl)cc1,"InChI=1S/C27H31Cl2NO6S/c1-27(2,3)37(34,35)15-21(16-7-8-16)30-24(17-9-11-19(28)12-10-17)25(18-5-4-6-20(29)13-18)36-22(26(30)33)14-23(31)32/h4-6,9-13,16,21-22,24-25H,7-8,14-15H2,1-3H3,(H,31,32)/t21-,22-,24-,25-/m1/s1",ZTMSSDQFJNEUNG-WMMXXEOUSA-N,0.0,37.0,4.0,40.0,12.0
2TZ,"[(2R,5R,6R)-4-[(2S)-1-(tert-butylsulfonyl)butan-2-yl]-6-(3-chlorophenyl)-5-(4-chlorophenyl)-3-oxomorpholin-2-yl]acetic acid",C26 H31 Cl2 N O6 S,non-polymer,CC[C@@H](CS(=O)(=O)C(C)(C)C)N1[C@@H]([C@H](O[C@@H](C1=O)CC(=O)O)c2cccc(c2)Cl)c3ccc(cc3)Cl,CC[C@@H](CS(=O)(=O)C(C)(C)C)N1C(=O)[C@@H](CC(=O)O)O[C@H](c2cccc(Cl)c2)[C@H]1c1ccc(Cl)cc1,"InChI=1S/C26H31Cl2NO6S/c1-5-20(15-36(33,34)26(2,3)4)29-23(16-9-11-18(27)12-10-16)24(17-7-6-8-19(28)13-17)35-21(25(29)32)14-22(30)31/h6-13,20-21,23-24H,5,14-15H2,1-4H3,(H,30,31)/t20-,21+,23+,24+/m0/s1",UQONPZNBMIQADI-XWVZOOPGSA-N,0.0,36.0,4.0,38.0,12.0
2U0,"(2-{[(3R,5R,6S)-1-[(1S)-2-(tert-butylsulfonyl)-1-cyclopropylethyl]-6-(4-chloro-3-fluorophenyl)-5-(3-chlorophenyl)-3-methyl-2-oxopiperidin-3-yl]methyl}-1,3-thiazol-5-yl)acetic acid",C33 H37 Cl2 F N2 O5 S2,non-polymer,C[C@@]1(C[C@@H]([C@H](N(C1=O)[C@H](CS(=O)(=O)C(C)(C)C)C2CC2)c3ccc(c(c3)F)Cl)c4cccc(c4)Cl)Cc5ncc(s5)CC(=O)O,CC(C)(C)S(=O)(=O)C[C@H](C1CC1)N1C(=O)[C@@](C)(Cc2ncc(CC(=O)O)s2)C[C@H](c2cccc(Cl)c2)[C@H]1c1ccc(Cl)c(F)c1,"InChI=1S/C33H37Cl2FN2O5S2/c1-32(2,3)45(42,43)18-27(19-8-9-19)38-30(21-10-11-25(35)26(36)13-21)24(20-6-5-7-22(34)12-20)15-33(4,31(38)41)16-28-37-17-23(44-28)14-29(39)40/h5-7,10-13,17,19,24,27,30H,8-9,14-16,18H2,1-4H3,(H,39,40)/t24-,27-,30-,33-/m1/s1",HNLHOKSDTBAERS-CWIPYCOQSA-N,0.0,45.0,4.0,49.0,17.0
2U1,"6-{[(2S,5R,6R)-4-[(1S)-2-(tert-butylsulfonyl)-1-cyclopropylethyl]-6-(3-chlorophenyl)-5-(4-chlorophenyl)-2-methyl-3-oxomorpholin-2-yl]methyl}pyridine-3-carboxylic acid",C33 H36 Cl2 N2 O6 S,non-polymer,C[C@@]1(C(=O)N([C@@H]([C@H](O1)c2cccc(c2)Cl)c3ccc(cc3)Cl)[C@H](CS(=O)(=O)C(C)(C)C)C4CC4)Cc5ccc(cn5)C(=O)O,CC(C)(C)S(=O)(=O)C[C@H](C1CC1)N1C(=O)[C@](C)(Cc2ccc(C(=O)O)cn2)O[C@H](c2cccc(Cl)c2)[C@H]1c1ccc(Cl)cc1,"InChI=1S/C33H36Cl2N2O6S/c1-32(2,3)44(41,42)19-27(20-8-9-20)37-28(21-10-13-24(34)14-11-21)29(22-6-5-7-25(35)16-22)43-33(4,31(37)40)17-26-15-12-23(18-36-26)30(38)39/h5-7,10-16,18,20,27-29H,8-9,17,19H2,1-4H3,(H,38,39)/t27-,28-,29-,33+/m1/s1",OTQRFDJHHZHHNT-LNHQPZRBSA-N,0.0,44.0,4.0,48.0,18.0
2U5,"6-{[(3R,5R,6S)-1-[(1S)-2-(tert-butylsulfonyl)-1-cyclopropylethyl]-5-(3-chlorophenyl)-6-(4-chlorophenyl)-3-methyl-2-oxopiperidin-3-yl]methyl}pyridine-3-carboxylic acid",C34 H38 Cl2 N2 O5 S,non-polymer,C[C@@]1(C[C@@H]([C@H](N(C1=O)[C@H](CS(=O)(=O)C(C)(C)C)C2CC2)c3ccc(cc3)Cl)c4cccc(c4)Cl)Cc5ccc(cn5)C(=O)O,CC(C)(C)S(=O)(=O)C[C@H](C1CC1)N1C(=O)[C@@](C)(Cc2ccc(C(=O)O)cn2)C[C@H](c2cccc(Cl)c2)[C@H]1c1ccc(Cl)cc1,"InChI=1S/C34H38Cl2N2O5S/c1-33(2,3)44(42,43)20-29(21-8-9-21)38-30(22-10-13-25(35)14-11-22)28(23-6-5-7-26(36)16-23)18-34(4,32(38)41)17-27-15-12-24(19-37-27)31(39)40/h5-7,10-16,19,21,28-30H,8-9,17-18,20H2,1-4H3,(H,39,40)/t28-,29-,30-,34+/m1/s1",PNBIDSMJDDJULQ-JCUDBWTNSA-N,0.0,44.0,4.0,48.0,18.0
2U6,"6-{[(2R,5R,6R)-4-[(1S)-2-(tert-butylsulfonyl)-1-cyclopropylethyl]-6-(3-chlorophenyl)-5-(4-chlorophenyl)-2-methyl-3-oxomorpholin-2-yl]methyl}pyridine-3-carboxylic acid",C33 H36 Cl2 N2 O6 S,non-polymer,C[C@]1(C(=O)N([C@@H]([C@H](O1)c2cccc(c2)Cl)c3ccc(cc3)Cl)[C@H](CS(=O)(=O)C(C)(C)C)C4CC4)Cc5ccc(cn5)C(=O)O,CC(C)(C)S(=O)(=O)C[C@H](C1CC1)N1C(=O)[C@@](C)(Cc2ccc(C(=O)O)cn2)O[C@H](c2cccc(Cl)c2)[C@H]1c1ccc(Cl)cc1,"InChI=1S/C33H36Cl2N2O6S/c1-32(2,3)44(41,42)19-27(20-8-9-20)37-28(21-10-13-24(34)14-11-21)29(22-6-5-7-25(35)16-22)43-33(4,31(37)40)17-26-15-12-23(18-36-26)30(38)39/h5-7,10-16,18,20,27-29H,8-9,17,19H2,1-4H3,(H,38,39)/t27-,28-,29-,33-/m1/s1",OTQRFDJHHZHHNT-OZLMZZSTSA-N,0.0,44.0,4.0,48.0,18.0
2U7,"[(2S,5R,6R)-4-[(2S)-1-(tert-butylsulfonyl)butan-2-yl]-6-(3-chlorophenyl)-5-(4-chlorophenyl)-3-oxomorpholin-2-yl]acetic acid",C26 H31 Cl2 N O6 S,non-polymer,CC[C@@H](CS(=O)(=O)C(C)(C)C)N1[C@@H]([C@H](O[C@H](C1=O)CC(=O)O)c2cccc(c2)Cl)c3ccc(cc3)Cl,CC[C@@H](CS(=O)(=O)C(C)(C)C)N1C(=O)[C@H](CC(=O)O)O[C@H](c2cccc(Cl)c2)[C@H]1c1ccc(Cl)cc1,"InChI=1S/C26H31Cl2NO6S/c1-5-20(15-36(33,34)26(2,3)4)29-23(16-9-11-18(27)12-10-16)24(17-7-6-8-19(28)13-17)35-21(25(29)32)14-22(30)31/h6-13,20-21,23-24H,5,14-15H2,1-4H3,(H,30,31)/t20-,21-,23+,24+/m0/s1",UQONPZNBMIQADI-NEUULRRLSA-N,0.0,36.0,4.0,38.0,12.0
2V8,1-(5-chloro-2-methylphenyl)-5-(3-chlorophenyl)-2-(3-methylphenyl)-1H-imidazole-4-carboxylic acid,C24 H18 Cl2 N2 O2,non-polymer,Cc1cccc(c1)c2nc(c(n2c3cc(ccc3C)Cl)c4cccc(c4)Cl)C(=O)O,Cc1cccc(-c2nc(C(=O)O)c(-c3cccc(Cl)c3)n2-c2cc(Cl)ccc2C)c1,"InChI=1S/C24H18Cl2N2O2/c1-14-5-3-7-17(11-14)23-27-21(24(29)30)22(16-6-4-8-18(25)12-16)28(23)20-13-19(26)10-9-15(20)2/h3-13H,1-2H3,(H,29,30)",UYJZPBBJELZWKZ-UHFFFAOYSA-N,0.0,30.0,0.0,33.0,23.0
35S,"{(3R,5R,6S)-5-(3-chlorophenyl)-6-(4-chlorophenyl)-1-[(1S)-1-(6-cyclopropylpyridin-2-yl)propyl]-3-methyl-2-oxopiperidin-3-yl}acetic acid",C31 H32 Cl2 N2 O3,non-polymer,CC[C@@H](c1cccc(n1)C2CC2)N3[C@@H]([C@H](C[C@](C3=O)(C)CC(=O)O)c4cccc(c4)Cl)c5ccc(cc5)Cl,CC[C@@H](c1cccc(C2CC2)n1)N1C(=O)[C@@](C)(CC(=O)O)C[C@H](c2cccc(Cl)c2)[C@H]1c1ccc(Cl)cc1,"InChI=1S/C31H32Cl2N2O3/c1-3-27(26-9-5-8-25(34-26)19-10-11-19)35-29(20-12-14-22(32)15-13-20)24(21-6-4-7-23(33)16-21)17-31(2,30(35)38)18-28(36)37/h4-9,12-16,19,24,27,29H,3,10-11,17-18H2,1-2H3,(H,36,37)/t24-,27+,29-,31-/m1/s1",QHQNRLZCHQCYRC-IEPITWRRSA-N,0.0,38.0,4.0,42.0,18.0
35T,"{(3R,5R,6S)-5-(3-chlorophenyl)-6-(4-chlorophenyl)-1-[(1S)-1-cyclopropyl-2-(pyrrolidin-1-ylsulfonyl)ethyl]-3-methyl-2-oxopiperidin-3-yl}acetic acid",C29 H34 Cl2 N2 O5 S,non-polymer,C[C@@]1(C[C@@H]([C@H](N(C1=O)[C@H](CS(=O)(=O)N2CCCC2)C3CC3)c4ccc(cc4)Cl)c5cccc(c5)Cl)CC(=O)O,C[C@]1(CC(=O)O)C[C@H](c2cccc(Cl)c2)[C@@H](c2ccc(Cl)cc2)N([C@H](CS(=O)(=O)N2CCCC2)C2CC2)C1=O,"InChI=1S/C29H34Cl2N2O5S/c1-29(17-26(34)35)16-24(21-5-4-6-23(31)15-21)27(20-9-11-22(30)12-10-20)33(28(29)36)25(19-7-8-19)18-39(37,38)32-13-2-3-14-32/h4-6,9-12,15,19,24-25,27H,2-3,7-8,13-14,16-18H2,1H3,(H,34,35)/t24-,25-,27-,29-/m1/s1",JHVUPAFRBHMUAB-GCMXZSHTSA-N,0.0,39.0,4.0,43.0,12.0
389,"L-alanyl-L-valyl-N-(2,2-diphenylethyl)-L-prolinamide",C27 H36 N4 O3,non-polymer,C[C@@H](C(=O)N[C@@H](C(C)C)C(=O)N1CCC[C@H]1C(=O)NCC(c2ccccc2)c3ccccc3)N,CC(C)[C@H](NC(=O)[C@H](C)N)C(=O)N1CCC[C@H]1C(=O)NCC(c1ccccc1)c1ccccc1,"InChI=1S/C27H36N4O3/c1-18(2)24(30-25(32)19(3)28)27(34)31-16-10-15-23(31)26(33)29-17-22(20-11-6-4-7-12-20)21-13-8-5-9-14-21/h4-9,11-14,18-19,22-24H,10,15-17,28H2,1-3H3,(H,29,33)(H,30,32)/t19-,23-,24-/m0/s1",ZJCCVSICICQPSQ-IGKWTDBASA-N,0.0,34.0,3.0,36.0,12.0
3FD,"4-[[(2R,3S,4R,5R)-5-[6-amino-8-[(3,4-dichlorophenyl)methylamino]purin-9-yl]-3,4-dihydroxy-oxolan-2-yl]methoxymethyl]benzonitrile",C25 H23 Cl2 N7 O4,non-polymer,c1cc(ccc1COC[C@@H]2[C@H]([C@H]([C@@H](O2)n3c4c(c(ncn4)N)nc3NCc5ccc(c(c5)Cl)Cl)O)O)C#N,N#Cc1ccc(COC[C@H]2O[C@@H](n3c(NCc4ccc(Cl)c(Cl)c4)nc4c(N)ncnc43)[C@H](O)[C@@H]2O)cc1,"InChI=1S/C25H23Cl2N7O4/c26-16-6-5-15(7-17(16)27)9-30-25-33-19-22(29)31-12-32-23(19)34(25)24-21(36)20(35)18(38-24)11-37-10-14-3-1-13(8-28)2-4-14/h1-7,12,18,20-21,24,35-36H,9-11H2,(H,30,33)(H2,29,31,32)/t18-,20-,21-,24-/m1/s1",ZXGGCBQORXDVTE-UMCMBGNQSA-N,0.0,38.0,4.0,42.0,22.0
3JG,"(4R)-1-(3,3-dimethylbutanoyl)-4-hydroxy-N-[4-(1,3-oxazol-5-yl)benzyl]-L-prolinamide",C21 H27 N3 O4,non-polymer,CC(C)(C)CC(=O)N1C[C@@H](C[C@H]1C(=O)NCc2ccc(cc2)c3cnco3)O,CC(C)(C)CC(=O)N1C[C@H](O)C[C@H]1C(=O)NCc1ccc(-c2cnco2)cc1,"InChI=1S/C21H27N3O4/c1-21(2,3)9-19(26)24-12-16(25)8-17(24)20(27)23-10-14-4-6-15(7-5-14)18-11-22-13-28-18/h4-7,11,13,16-17,25H,8-10,12H2,1-3H3,(H,23,27)/t16-,17+/m1/s1",AWAYHHGNFTVEIB-SJORKVTESA-N,0.0,28.0,2.0,30.0,11.0
3JH,"N-acetyl-L-leucyl-3-methyl-L-valyl-(4R)-4-hydroxy-N-[4-(4-methyl-1,3-thiazol-5-yl)benzyl]-L-prolinamide",C30 H43 N5 O5 S,non-polymer,Cc1c(scn1)c2ccc(cc2)CNC(=O)[C@@H]3C[C@H](CN3C(=O)[C@H](C(C)(C)C)NC(=O)[C@H](CC(C)C)NC(=O)C)O,CC(=O)N[C@@H](CC(C)C)C(=O)N[C@H](C(=O)N1C[C@H](O)C[C@H]1C(=O)NCc1ccc(-c2scnc2C)cc1)C(C)(C)C,"InChI=1S/C30H43N5O5S/c1-17(2)12-23(33-19(4)36)27(38)34-26(30(5,6)7)29(40)35-15-22(37)13-24(35)28(39)31-14-20-8-10-21(11-9-20)25-18(3)32-16-41-25/h8-11,16-17,22-24,26,37H,12-15H2,1-7H3,(H,31,39)(H,33,36)(H,34,38)/t22-,23+,24+,26-/m1/s1",PHMXBPXKHLNRTM-DDRRAVBJSA-N,0.0,41.0,4.0,43.0,11.0
3JJ,"N-acetyl-3-methyl-L-valyl-3-methyl-L-valyl-(4R)-4-hydroxy-N-[4-(4-methyl-1,3-thiazol-5-yl)benzyl]-L-prolinamide",C30 H43 N5 O5 S,non-polymer,Cc1c(scn1)c2ccc(cc2)CNC(=O)[C@@H]3C[C@H](CN3C(=O)[C@H](C(C)(C)C)NC(=O)[C@H](C(C)(C)C)NC(=O)C)O,CC(=O)N[C@H](C(=O)N[C@H](C(=O)N1C[C@H](O)C[C@H]1C(=O)NCc1ccc(-c2scnc2C)cc1)C(C)(C)C)C(C)(C)C,"InChI=1S/C30H43N5O5S/c1-17-23(41-16-32-17)20-11-9-19(10-12-20)14-31-26(38)22-13-21(37)15-35(22)28(40)25(30(6,7)8)34-27(39)24(29(3,4)5)33-18(2)36/h9-12,16,21-22,24-25,37H,13-15H2,1-8H3,(H,31,38)(H,33,36)(H,34,39)/t21-,22+,24-,25-/m1/s1",BSMNRBWKVZRMBK-PEISPCAHSA-N,0.0,41.0,4.0,43.0,11.0
3JK,"(4R)-1-(3,3-dimethylbutanoyl)-4-hydroxy-N-[4-(4-methyl-1,3-oxazol-5-yl)benzyl]-L-prolinamide",C22 H29 N3 O4,non-polymer,Cc1c(ocn1)c2ccc(cc2)CNC(=O)[C@@H]3C[C@H](CN3C(=O)CC(C)(C)C)O,Cc1ncoc1-c1ccc(CNC(=O)[C@@H]2C[C@@H](O)CN2C(=O)CC(C)(C)C)cc1,"InChI=1S/C22H29N3O4/c1-14-20(29-13-24-14)16-7-5-15(6-8-16)11-23-21(28)18-9-17(26)12-25(18)19(27)10-22(2,3)4/h5-8,13,17-18,26H,9-12H2,1-4H3,(H,23,28)/t17-,18+/m1/s1",MHBMGYUTFNIVKQ-MSOLQXFVSA-N,0.0,29.0,2.0,31.0,11.0
3JO,"N-acetyl-L-phenylalanyl-3-methyl-L-valyl-(4R)-4-hydroxy-N-[4-(4-methyl-1,3-thiazol-5-yl)benzyl]-L-prolinamide",C33 H41 N5 O5 S,non-polymer,Cc1c(scn1)c2ccc(cc2)CNC(=O)[C@@H]3C[C@H](CN3C(=O)[C@H](C(C)(C)C)NC(=O)[C@H](Cc4ccccc4)NC(=O)C)O,CC(=O)N[C@@H](Cc1ccccc1)C(=O)N[C@H](C(=O)N1C[C@H](O)C[C@H]1C(=O)NCc1ccc(-c2scnc2C)cc1)C(C)(C)C,"InChI=1S/C33H41N5O5S/c1-20-28(44-19-35-20)24-13-11-23(12-14-24)17-34-31(42)27-16-25(40)18-38(27)32(43)29(33(3,4)5)37-30(41)26(36-21(2)39)15-22-9-7-6-8-10-22/h6-14,19,25-27,29,40H,15-18H2,1-5H3,(H,34,42)(H,36,39)(H,37,41)/t25-,26+,27+,29-/m1/s1",ALYDGEQICGMVIP-UYIZUTNXSA-N,0.0,44.0,4.0,47.0,17.0
3JS,"(4R)-1-acetyl-4-hydroxy-L-prolyl-(4R)-4-hydroxy-N-[4-(4-methyl-1,3-thiazol-5-yl)benzyl]-L-prolinamide",C23 H28 N4 O5 S,non-polymer,Cc1c(scn1)c2ccc(cc2)CNC(=O)[C@@H]3C[C@H](CN3C(=O)[C@@H]4C[C@H](CN4C(=O)C)O)O,CC(=O)N1C[C@H](O)C[C@H]1C(=O)N1C[C@H](O)C[C@H]1C(=O)NCc1ccc(-c2scnc2C)cc1,"InChI=1S/C23H28N4O5S/c1-13-21(33-12-25-13)16-5-3-15(4-6-16)9-24-22(31)19-7-17(29)11-27(19)23(32)20-8-18(30)10-26(20)14(2)28/h3-6,12,17-20,29-30H,7-11H2,1-2H3,(H,24,31)/t17-,18-,19+,20+/m1/s1",CCBNFSALFGXMHG-ZRNYENFQSA-N,0.0,33.0,4.0,36.0,11.0
3JT,"(4R)-1-(3,3-dimethylbutanoyl)-4-hydroxy-N-[4-(1,3-thiazol-5-yl)benzyl]-L-prolinamide",C21 H27 N3 O3 S,non-polymer,CC(C)(C)CC(=O)N1C[C@@H](C[C@H]1C(=O)NCc2ccc(cc2)c3cncs3)O,CC(C)(C)CC(=O)N1C[C@H](O)C[C@H]1C(=O)NCc1ccc(-c2cncs2)cc1,"InChI=1S/C21H27N3O3S/c1-21(2,3)9-19(26)24-12-16(25)8-17(24)20(27)23-10-14-4-6-15(7-5-14)18-11-22-13-28-18/h4-7,11,13,16-17,25H,8-10,12H2,1-3H3,(H,23,27)/t16-,17+/m1/s1",ZFCSIIZHOAAIJZ-SJORKVTESA-N,0.0,28.0,2.0,30.0,11.0
3JU,"(4R)-1-(3,3-dimethylbutanoyl)-4-hydroxy-N-[4-(4-methyl-1,3-thiazol-5-yl)benzyl]-L-prolinamide",C22 H29 N3 O3 S,non-polymer,Cc1c(scn1)c2ccc(cc2)CNC(=O)[C@@H]3C[C@H](CN3C(=O)CC(C)(C)C)O,Cc1ncsc1-c1ccc(CNC(=O)[C@@H]2C[C@@H](O)CN2C(=O)CC(C)(C)C)cc1,"InChI=1S/C22H29N3O3S/c1-14-20(29-13-24-14)16-7-5-15(6-8-16)11-23-21(28)18-9-17(26)12-25(18)19(27)10-22(2,3)4/h5-8,13,17-18,26H,9-12H2,1-4H3,(H,23,28)/t17-,18+/m1/s1",BULPVMQBJAMSRN-MSOLQXFVSA-N,0.0,29.0,2.0,31.0,11.0
3JV,"(4R)-1-(3,3-dimethylbutanoyl)-4-hydroxy-N-[3-methyl-4-(1,3-thiazol-5-yl)benzyl]-L-prolinamide",C22 H29 N3 O3 S,non-polymer,Cc1cc(ccc1c2cncs2)CNC(=O)[C@@H]3C[C@H](CN3C(=O)CC(C)(C)C)O,Cc1cc(CNC(=O)[C@@H]2C[C@@H](O)CN2C(=O)CC(C)(C)C)ccc1-c1cncs1,"InChI=1S/C22H29N3O3S/c1-14-7-15(5-6-17(14)19-11-23-13-29-19)10-24-21(28)18-8-16(26)12-25(18)20(27)9-22(2,3)4/h5-7,11,13,16,18,26H,8-10,12H2,1-4H3,(H,24,28)/t16-,18+/m1/s1",QBAUKFDDQIMOAJ-AEFFLSMTSA-N,0.0,29.0,2.0,31.0,11.0
3V7,"3-[4-(hydroxymethyl)-1H-1,2,3-triazol-1-yl]propan-1-ol",C6 H11 N3 O2,non-polymer,c1c(nnn1CCCO)CO,OCCCn1cc(CO)nn1,"InChI=1S/C6H11N3O2/c10-3-1-2-9-4-6(5-11)7-8-9/h4,10-11H,1-3,5H2",XROZELKTFLMHSA-UHFFFAOYSA-N,0.0,11.0,0.0,11.0,5.0
41P,"2,2'-(naphthalene-1,4-diylbis(((4-methoxyphenyl)sulfonyl)azanediyl))diacetamide",C28 H28 N4 O8 S2,non-polymer,COc1ccc(cc1)S(=O)(=O)N(CC(=O)N)c2ccc(c3c2cccc3)N(CC(=O)N)S(=O)(=O)c4ccc(cc4)OC,COc1ccc(S(=O)(=O)N(CC(N)=O)c2ccc(N(CC(N)=O)S(=O)(=O)c3ccc(OC)cc3)c3ccccc23)cc1,"InChI=1S/C28H28N4O8S2/c1-39-19-7-11-21(12-8-19)41(35,36)31(17-27(29)33)25-15-16-26(24-6-4-3-5-23(24)25)32(18-28(30)34)42(37,38)22-13-9-20(40-2)10-14-22/h3-16H,17-18H2,1-2H3,(H2,29,33)(H2,30,34)",ZUIXHSIMKQZYPV-UHFFFAOYSA-N,0.0,42.0,0.0,45.0,23.0
44Z,"4-[[(4S,5R)-5-(4-chlorophenyl)-4-(3-methoxyphenyl)-2-(4-methoxy-2-propan-2-yloxy-phenyl)-4,5-dihydroimidazol-1-yl]carbonyl]piperazin-2-one",C31 H33 Cl N4 O5,non-polymer,CC(C)Oc1cc(ccc1C2=N[C@H]([C@H](N2C(=O)N3CCNC(=O)C3)c4ccc(cc4)Cl)c5cccc(c5)OC)OC,COc1cccc([C@@H]2N=C(c3ccc(OC)cc3OC(C)C)N(C(=O)N3CCNC(=O)C3)[C@@H]2c2ccc(Cl)cc2)c1,"InChI=1S/C31H33ClN4O5/c1-19(2)41-26-17-24(40-4)12-13-25(26)30-34-28(21-6-5-7-23(16-21)39-3)29(20-8-10-22(32)11-9-20)36(30)31(38)35-15-14-33-27(37)18-35/h5-13,16-17,19,28-29H,14-15,18H2,1-4H3,(H,33,37)/t28-,29+/m0/s1",RVUCVIDTWCLQNQ-URLMMPGGSA-N,0.0,41.0,2.0,45.0,18.0
48L,"4-({(4S,5R)-4-(5-bromo-2-fluorophenyl)-5-(4-chlorophenyl)-2-[4-methoxy-2-(propan-2-yloxy)phenyl]-4,5-dihydro-1H-imidazol-1-yl}carbonyl)piperazin-2-one",C30 H29 Br Cl F N4 O4,non-polymer,CC(C)Oc1cc(ccc1C2=N[C@H]([C@H](N2C(=O)N3CCNC(=O)C3)c4ccc(cc4)Cl)c5cc(ccc5F)Br)OC,COc1ccc(C2=N[C@@H](c3cc(Br)ccc3F)[C@@H](c3ccc(Cl)cc3)N2C(=O)N2CCNC(=O)C2)c(OC(C)C)c1,"InChI=1S/C30H29BrClFN4O4/c1-17(2)41-25-15-21(40-3)9-10-22(25)29-35-27(23-14-19(31)6-11-24(23)33)28(18-4-7-20(32)8-5-18)37(29)30(39)36-13-12-34-26(38)16-36/h4-11,14-15,17,27-28H,12-13,16H2,1-3H3,(H,34,38)/t27-,28+/m0/s1",HYPWYUYQMBEAQR-WUFINQPMSA-N,0.0,41.0,2.0,45.0,18.0
48M,"4-[(4S,5R)-4-(3-chlorophenyl)-5-(4-chlorophenyl)-1-(3-oxidanylidenepiperazin-1-yl)carbonyl-4,5-dihydroimidazol-2-yl]-3-propan-2-yloxy-benzenecarbonitrile",C30 H27 Cl2 N5 O3,non-polymer,CC(C)Oc1cc(ccc1C2=N[C@H]([C@H](N2C(=O)N3CCNC(=O)C3)c4ccc(cc4)Cl)c5cccc(c5)Cl)C#N,CC(C)Oc1cc(C#N)ccc1C1=N[C@@H](c2cccc(Cl)c2)[C@@H](c2ccc(Cl)cc2)N1C(=O)N1CCNC(=O)C1,"InChI=1S/C30H27Cl2N5O3/c1-18(2)40-25-14-19(16-33)6-11-24(25)29-35-27(21-4-3-5-23(32)15-21)28(20-7-9-22(31)10-8-20)37(29)30(39)36-13-12-34-26(38)17-36/h3-11,14-15,18,27-28H,12-13,17H2,1-2H3,(H,34,38)/t27-,28+/m0/s1",VRTRTFOMZBUCBE-WUFINQPMSA-N,0.0,40.0,2.0,44.0,18.0
49H,"4-({(4S,5R)-4-(3-chlorophenyl)-5-(4-chlorophenyl)-2-[4-methoxy-2-(propan-2-yloxy)phenyl]-4,5-dihydro-1H-imidazol-1-yl}carbonyl)piperazin-2-one",C30 H30 Cl2 N4 O4,non-polymer,CC(C)Oc1cc(ccc1C2=N[C@H]([C@H](N2C(=O)N3CCNC(=O)C3)c4ccc(cc4)Cl)c5cccc(c5)Cl)OC,COc1ccc(C2=N[C@@H](c3cccc(Cl)c3)[C@@H](c3ccc(Cl)cc3)N2C(=O)N2CCNC(=O)C2)c(OC(C)C)c1,"InChI=1S/C30H30Cl2N4O4/c1-18(2)40-25-16-23(39-3)11-12-24(25)29-34-27(20-5-4-6-22(32)15-20)28(19-7-9-21(31)10-8-19)36(29)30(38)35-14-13-33-26(37)17-35/h4-12,15-16,18,27-28H,13-14,17H2,1-3H3,(H,33,37)/t27-,28+/m0/s1",WCJXJRYBDXHZRN-WUFINQPMSA-N,0.0,40.0,2.0,44.0,18.0
4ID,"2-({5-[(2,4-dimethylphenyl)sulfonyl]-6-oxo-1,6-dihydropyrimidin-2-yl}sulfanyl)-N-[2-(trifluoromethyl)phenyl]acetamide",C21 H18 F3 N3 O4 S2,non-polymer,Cc1ccc(c(c1)C)S(=O)(=O)C2=CN=C(NC2=O)SCC(=O)Nc3ccccc3C(F)(F)F,Cc1ccc(S(=O)(=O)c2cnc(SCC(=O)Nc3ccccc3C(F)(F)F)[nH]c2=O)c(C)c1,"InChI=1S/C21H18F3N3O4S2/c1-12-7-8-16(13(2)9-12)33(30,31)17-10-25-20(27-19(17)29)32-11-18(28)26-15-6-4-3-5-14(15)21(22,23)24/h3-10H,11H2,1-2H3,(H,26,28)(H,25,27,29)",XHKKCXMZBGDTIT-UHFFFAOYSA-N,0.0,33.0,0.0,35.0,18.0
4LZ,"O-[2-(triaza-1,2-dien-2-ium-1-yl)ethyl]-L-tyrosine",C11 H15 N4 O3,L-peptide linking,c1cc(ccc1C[C@@H](C(=O)O)N)OCCN=[N+]=N,N=[N+]=NCCOc1ccc(C[C@H](N)C(=O)O)cc1,"InChI=1S/C11H14N4O3/c12-10(11(16)17)7-8-1-3-9(4-2-8)18-6-5-14-15-13/h1-4,10,13H,5-7,12H2/p+1/t10-/m0/s1",VEKASIBNRYZXIE-JTQLQIEISA-O,1.0,18.0,1.0,18.0,6.0
4NJ,"(5S)-3,5-bis(4-chlorobenzyl)-4-(6-chloro-1H-indol-3-yl)-5-hydroxy-1-methyl-1,5-dihydro-2H-pyrrol-2-one",C27 H21 Cl3 N2 O2,non-polymer,CN1C(=O)C(=C([C@]1(Cc2ccc(cc2)Cl)O)c3c[nH]c4c3ccc(c4)Cl)Cc5ccc(cc5)Cl,CN1C(=O)C(Cc2ccc(Cl)cc2)=C(c2c[nH]c3cc(Cl)ccc23)[C@@]1(O)Cc1ccc(Cl)cc1,"InChI=1S/C27H21Cl3N2O2/c1-32-26(33)22(12-16-2-6-18(28)7-3-16)25(23-15-31-24-13-20(30)10-11-21(23)24)27(32,34)14-17-4-8-19(29)9-5-17/h2-11,13,15,31,34H,12,14H2,1H3/t27-/m0/s1",HHGSWONIEYVVCX-MHZLTWQESA-N,0.0,34.0,1.0,38.0,22.0
4NX,"(5R)-3,5-bis(4-chlorobenzyl)-4-(6-chloro-1H-indol-3-yl)-5-hydroxyfuran-2(5H)-one",C26 H18 Cl3 N O3,non-polymer,c1cc(ccc1CC2=C([C@](OC2=O)(Cc3ccc(cc3)Cl)O)c4c[nH]c5c4ccc(c5)Cl)Cl,O=C1O[C@](O)(Cc2ccc(Cl)cc2)C(c2c[nH]c3cc(Cl)ccc23)=C1Cc1ccc(Cl)cc1,"InChI=1S/C26H18Cl3NO3/c27-17-5-1-15(2-6-17)11-21-24(22-14-30-23-12-19(29)9-10-20(22)23)26(32,33-25(21)31)13-16-3-7-18(28)8-4-16/h1-10,12,14,30,32H,11,13H2/t26-/m1/s1",MLBSWDQJORDIOB-AREMUKBSSA-N,0.0,33.0,1.0,37.0,22.0
4SS,"(S)-2-(2-((2H-tetrazol-5-yl)methoxy)-4-methylphenyl)-1-(4-chlorophenyl)-6,7-diethoxy-1,2-dihydroisoquinolin-3(4H)-one",C28 H28 Cl N5 O4,non-polymer,CCOc1cc2c(cc1OCC)[C@@H](N(C(=O)C2)c3ccc(cc3OCc4[nH]nnn4)C)c5ccc(cc5)Cl,CCOc1cc2c(cc1OCC)[C@H](c1ccc(Cl)cc1)N(c1ccc(C)cc1OCc1nnn[nH]1)C(=O)C2,"InChI=1S/C28H28ClN5O4/c1-4-36-24-13-19-14-27(35)34(22-11-6-17(3)12-23(22)38-16-26-30-32-33-31-26)28(18-7-9-20(29)10-8-18)21(19)15-25(24)37-5-2/h6-13,15,28H,4-5,14,16H2,1-3H3,(H,30,31,32,33)/t28-/m0/s1",FOCZOWVAISYOAB-NDEPHWFRSA-N,0.0,38.0,1.0,42.0,23.0
4T4,"(S)-1-(4-chlorophenyl)-7-isopropoxy-6-methoxy-2-(4-(methyl(((1r,4S)-4-(4-methyl-3-oxopiperazin-1-yl)cyclohexyl)methyl)amino)phenyl)-1,2-dihydroisoquinolin-3(4H)-one",C38 H47 Cl N4 O4,non-polymer,CC(C)Oc1cc2c(cc1OC)CC(=O)N([C@H]2c3ccc(cc3)Cl)c4ccc(cc4)N(C)CC5CCC(CC5)N6CCN(C(=O)C6)C,COc1cc2c(cc1OC(C)C)[C@H](c1ccc(Cl)cc1)N(c1ccc(N(C)CC3CCC(N4CCN(C)C(=O)C4)CC3)cc1)C(=O)C2,"InChI=1S/C38H47ClN4O4/c1-25(2)47-35-22-33-28(20-34(35)46-5)21-36(44)43(38(33)27-8-10-29(39)11-9-27)32-16-14-30(15-17-32)41(4)23-26-6-12-31(13-7-26)42-19-18-40(3)37(45)24-42/h8-11,14-17,20,22,25-26,31,38H,6-7,12-13,18-19,21,23-24H2,1-5H3/t26?,31?,38-/m0/s1",CLRSLRWKONPSRQ-CPOWQTMSSA-N,0.0,47.0,1.0,52.0,18.0
4TH,"(S)-7-((R)-sec-butoxy)-1-(4-chlorophenyl)-6-methoxy-2-(4-(methyl(pyridin-4-ylmethyl)amino)phenyl)-1,2-dihydroisoquinolin-3(4H)-one",C33 H34 Cl N3 O3,non-polymer,CC[C@@H](C)Oc1cc2c(cc1OC)CC(=O)N([C@H]2c3ccc(cc3)Cl)c4ccc(cc4)N(C)Cc5ccncc5,CC[C@@H](C)Oc1cc2c(cc1OC)CC(=O)N(c1ccc(N(C)Cc3ccncc3)cc1)[C@H]2c1ccc(Cl)cc1,"InChI=1S/C33H34ClN3O3/c1-5-22(2)40-31-20-29-25(18-30(31)39-4)19-32(38)37(33(29)24-6-8-26(34)9-7-24)28-12-10-27(11-13-28)36(3)21-23-14-16-35-17-15-23/h6-18,20,22,33H,5,19,21H2,1-4H3/t22-,33+/m1/s1",RNOXGLRIZIHGIA-NBLPZQPVSA-N,0.0,40.0,2.0,44.0,24.0
4WJ,4-(4-bromo-1H-pyrazol-1-yl)piperidinium,C8 H13 Br N3,non-polymer,c1c(cn(n1)C2CC[NH2+]CC2)Br,Brc1cnn(C2CC[NH2+]CC2)c1,"InChI=1S/C8H12BrN3/c9-7-5-11-12(6-7)8-1-3-10-4-2-8/h5-6,8,10H,1-4H2/p+1",CUYMHWHMYSOTHL-UHFFFAOYSA-O,1.0,12.0,0.0,13.0,5.0
4WK,(2S)-1-{[(2S)-1-amino-3-methyl-1-oxobutan-2-yl]amino}-1-oxopropan-2-aminium,C8 H18 N3 O2,non-polymer,C[C@@H](C(=O)N[C@@H](C(C)C)C(=O)N)[NH3+],CC(C)[C@H](NC(=O)[C@H](C)[NH3+])C(N)=O,"InChI=1S/C8H17N3O2/c1-4(2)6(7(10)12)11-8(13)5(3)9/h4-6H,9H2,1-3H3,(H2,10,12)(H,11,13)/p+1/t5-,6-/m0/s1",XIMNOSWWKHYSER-WDSKDSINSA-O,1.0,13.0,2.0,12.0,0.0
4XE,4-[2-oxo-2-(piperidin-1-yl)ethyl]piperazin-1-ium,C11 H22 N3 O,non-polymer,C1CCN(CC1)C(=O)CN2CC[NH2+]CC2,O=C(CN1CC[NH2+]CC1)N1CCCCC1,"InChI=1S/C11H21N3O/c15-11(14-6-2-1-3-7-14)10-13-8-4-12-5-9-13/h12H,1-10H2/p+1",PCHXUJGLAFXWIW-UHFFFAOYSA-O,1.0,15.0,0.0,16.0,0.0
4XF,(2S)-1-[(6-aminopyridin-2-yl)amino]-1-oxopropan-2-aminium,C8 H13 N4 O,non-polymer,C[C@@H](C(=O)Nc1cccc(n1)N)[NH3+],C[C@H]([NH3+])C(=O)Nc1cccc(N)n1,"InChI=1S/C8H12N4O/c1-5(9)8(13)12-7-4-2-3-6(10)11-7/h2-5H,9H2,1H3,(H3,10,11,12,13)/p+1/t5-/m0/s1",LRIKRUHIPRIMEM-YFKPBYRVSA-O,1.0,13.0,1.0,13.0,6.0
4YC,"(2R)-4-[2-(6-chloro-3,3-dimethyl-2,3-dihydro-1H-indol-1-yl)-2-oxoethyl]-2-methylpiperazin-1-ium",C17 H25 Cl N3 O,non-polymer,C[C@@H]1CN(CC[NH2+]1)CC(=O)N2CC(c3c2cc(cc3)Cl)(C)C,C[C@@H]1CN(CC(=O)N2CC(C)(C)c3ccc(Cl)cc32)CC[NH2+]1,"InChI=1S/C17H24ClN3O/c1-12-9-20(7-6-19-12)10-16(22)21-11-17(2,3)14-5-4-13(18)8-15(14)21/h4-5,8,12,19H,6-7,9-11H2,1-3H3/p+1/t12-/m1/s1",NUUUULZSGGTOOQ-GFCCVEGCSA-O,1.0,22.0,1.0,24.0,6.0
4YD,(2R)-2-methyl-4-[2-oxo-2-(pyrrolidin-1-yl)ethyl]piperazin-1-ium,C11 H22 N3 O,non-polymer,C[C@@H]1CN(CC[NH2+]1)CC(=O)N2CCCC2,C[C@@H]1CN(CC(=O)N2CCCC2)CC[NH2+]1,"InChI=1S/C11H21N3O/c1-10-8-13(7-4-12-10)9-11(15)14-5-2-3-6-14/h10,12H,2-9H2,1H3/p+1/t10-/m1/s1",FZALEHHAYIXXFT-SNVBAGLBSA-O,1.0,15.0,1.0,16.0,0.0
4YE,"(2R)-4-[2-(2,3-dihydro-1H-indol-1-yl)-2-oxoethyl]-2-methylpiperazin-1-ium",C15 H22 N3 O,non-polymer,C[C@@H]1CN(CC[NH2+]1)CC(=O)N2CCc3c2cccc3,C[C@@H]1CN(CC(=O)N2CCc3ccccc32)CC[NH2+]1,"InChI=1S/C15H21N3O/c1-12-10-17(9-7-16-12)11-15(19)18-8-6-13-4-2-3-5-14(13)18/h2-5,12,16H,6-11H2,1H3/p+1/t12-/m1/s1",ZKEAJFPUDNSYIF-GFCCVEGCSA-O,1.0,19.0,1.0,21.0,6.0
4YF,"(2R)-4-[2-(6-chloro-2,3-dihydro-1H-pyrrolo[3,2-c]pyridin-1-yl)-2-oxoethyl]-2-methylpiperazin-1-ium",C14 H20 Cl N4 O,non-polymer,C[C@@H]1CN(CC[NH2+]1)CC(=O)N2CCc3c2cc(nc3)Cl,C[C@@H]1CN(CC(=O)N2CCc3cnc(Cl)cc32)CC[NH2+]1,"InChI=1S/C14H19ClN4O/c1-10-8-18(5-3-16-10)9-14(20)19-4-2-11-7-17-13(15)6-12(11)19/h6-7,10,16H,2-5,8-9H2,1H3/p+1/t10-/m1/s1",UIUNSWTUDREESN-SNVBAGLBSA-O,1.0,20.0,1.0,22.0,6.0
4YL,"(2R,5R)-4-[2-(6-chloro-3,3-dimethyl-2,3-dihydro-1H-pyrrolo[3,2-c]pyridin-1-yl)-2-oxoethyl]-5-(methoxymethyl)-2-methylpiperazin-1-ium",C18 H28 Cl N4 O2,non-polymer,C[C@@H]1CN([C@H](C[NH2+]1)COC)CC(=O)N2CC(c3c2cc(nc3)Cl)(C)C,COC[C@H]1C[NH2+][C@H](C)CN1CC(=O)N1CC(C)(C)c2cnc(Cl)cc21,"InChI=1S/C18H27ClN4O2/c1-12-8-22(13(6-20-12)10-25-4)9-17(24)23-11-18(2,3)14-7-21-16(19)5-15(14)23/h5,7,12-13,20H,6,8-11H2,1-4H3/p+1/t12-,13-/m1/s1",CQGZTNZASZVTQR-CHWSQXEVSA-O,1.0,25.0,2.0,27.0,6.0
4YN,"(2R,5R)-4-[2-(6-benzyl-3,3-dimethyl-2,3-dihydro-1H-pyrrolo[3,2-c]pyridin-1-yl)-2-oxoethyl]-5-(methoxymethyl)-2-methylpiperazin-1-ium",C25 H35 N4 O2,non-polymer,C[C@@H]1CN([C@H](C[NH2+]1)COC)CC(=O)N2CC(c3c2cc(nc3)Cc4ccccc4)(C)C,COC[C@H]1C[NH2+][C@H](C)CN1CC(=O)N1CC(C)(C)c2cnc(Cc3ccccc3)cc21,"InChI=1S/C25H34N4O2/c1-18-14-28(21(12-26-18)16-31-4)15-24(30)29-17-25(2,3)22-13-27-20(11-23(22)29)10-19-8-6-5-7-9-19/h5-9,11,13,18,21,26H,10,12,14-17H2,1-4H3/p+1/t18-,21-/m1/s1",XOZJVPQFZSCGTE-WIYYLYMNSA-O,1.0,31.0,2.0,34.0,12.0
4YY,"N-[(1-fluorocyclopropyl)carbonyl]-3-methyl-L-valyl-(4R)-4-hydroxy-N-[4-(4-methyl-1,3-thiazol-5-yl)benzyl]-L-prolinamide",C26 H33 F N4 O4 S,non-polymer,Cc1c(scn1)c2ccc(cc2)CNC(=O)[C@@H]3C[C@H](CN3C(=O)[C@H](C(C)(C)C)NC(=O)C4(CC4)F)O,Cc1ncsc1-c1ccc(CNC(=O)[C@@H]2C[C@@H](O)CN2C(=O)[C@@H](NC(=O)C2(F)CC2)C(C)(C)C)cc1,"InChI=1S/C26H33FN4O4S/c1-15-20(36-14-29-15)17-7-5-16(6-8-17)12-28-22(33)19-11-18(32)13-31(19)23(34)21(25(2,3)4)30-24(35)26(27)9-10-26/h5-8,14,18-19,21,32H,9-13H2,1-4H3,(H,28,33)(H,30,35)/t18-,19+,21-/m1/s1",GFNCBUDQFXZVNN-SVFBPWRDSA-N,0.0,36.0,3.0,39.0,11.0
516,"N-{(1S)-1-cyclohexyl-2-[(2S)-2-(4-naphthalen-1-yl-1,3-thiazol-2-yl)pyrrolidin-1-yl]-2-oxoethyl}-N~2~-methyl-L-alaninamide",C29 H36 N4 O2 S,non-polymer,C[C@@H](C(=O)N[C@@H](C1CCCCC1)C(=O)N2CCC[C@H]2c3nc(cs3)c4cccc5c4cccc5)NC,CN[C@@H](C)C(=O)N[C@H](C(=O)N1CCC[C@H]1c1nc(-c2cccc3ccccc23)cs1)C1CCCCC1,"InChI=1S/C29H36N4O2S/c1-19(30-2)27(34)32-26(21-11-4-3-5-12-21)29(35)33-17-9-16-25(33)28-31-24(18-36-28)23-15-8-13-20-10-6-7-14-22(20)23/h6-8,10,13-15,18-19,21,25-26,30H,3-5,9,11-12,16-17H2,1-2H3,(H,32,34)/t19-,25-,26-/m0/s1",OWHXKYSKEROHGU-CNVLFFCLSA-N,0.0,36.0,3.0,40.0,16.0
51M,"(3S)-1-(4-{[(2,3,5,6-tetramethylphenyl)sulfonyl]amino}naphthalen-1-yl)pyrrolidine-3-carboxylic acid",C25 H28 N2 O4 S,non-polymer,Cc1cc(c(c(c1C)S(=O)(=O)Nc2ccc(c3c2cccc3)N4CC[C@@H](C4)C(=O)O)C)C,Cc1cc(C)c(C)c(S(=O)(=O)Nc2ccc(N3CC[C@H](C(=O)O)C3)c3ccccc23)c1C,"InChI=1S/C25H28N2O4S/c1-15-13-16(2)18(4)24(17(15)3)32(30,31)26-22-9-10-23(21-8-6-5-7-20(21)22)27-12-11-19(14-27)25(28)29/h5-10,13,19,26H,11-12,14H2,1-4H3,(H,28,29)/t19-/m0/s1",BVYWIQHJXAEJOD-IBGZPJMESA-N,0.0,32.0,1.0,35.0,17.0
58E,"(5aS,6S,9aS)-7-hydroxy-2,6,9a-trimethyl-3-(pyridin-3-yl)-4,5,5a,6,9,9a-hexahydro-2H-benzo[g]indazole-8-carbonitrile",C20 H22 N4 O,non-polymer,C[C@H]1[C@@H]2CCc3c(n(nc3[C@]2(CC(=C1O)C#N)C)C)c4cccnc4,C[C@@H]1C(O)=C(C#N)C[C@]2(C)c3nn(C)c(-c4cccnc4)c3CC[C@@H]12,"InChI=1S/C20H22N4O/c1-12-16-7-6-15-17(13-5-4-8-22-11-13)24(3)23-19(15)20(16,2)9-14(10-21)18(12)25/h4-5,8,11-12,16,25H,6-7,9H2,1-3H3/t12-,16-,20-/m0/s1",IQRJTLOGKWCNQB-APXLUKDGSA-N,0.0,25.0,3.0,28.0,11.0
5QZ,5-cyclopropyl-1-[3-[3-(dimethylcarbamoyl)phenyl]phenyl]pyrazole-4-carboxylic acid,C22 H21 N3 O3,non-polymer,CN(C)C(=O)c1cccc(c1)c2cccc(c2)n3c(c(cn3)C(=O)O)C4CC4,CN(C)C(=O)c1cccc(-c2cccc(-n3ncc(C(=O)O)c3C3CC3)c2)c1,"InChI=1S/C22H21N3O3/c1-24(2)21(26)17-7-3-5-15(11-17)16-6-4-8-18(12-16)25-20(14-9-10-14)19(13-23-25)22(27)28/h3-8,11-14H,9-10H2,1-2H3,(H,27,28)",HPTUBKDOPRIRSX-UHFFFAOYSA-N,0.0,28.0,0.0,31.0,17.0
5RB,"5-[(1~{R},2~{R})-2-(1-methyl-1,2,3-triazol-4-yl)cyclopropyl]-1-[3-[3-[(2~{R})-2-propylpiperidin-1-yl]carbonylphenyl]phenyl]pyrazole-4-carboxylic acid",C31 H34 N6 O3,non-polymer,CCC[C@@H]1CCCCN1C(=O)c2cccc(c2)c3cccc(c3)n4c(c(cn4)C(=O)O)[C@@H]5C[C@H]5c6cn(nn6)C,CCC[C@@H]1CCCCN1C(=O)c1cccc(-c2cccc(-n3ncc(C(=O)O)c3[C@@H]3C[C@H]3c3cn(C)nn3)c2)c1,"InChI=1S/C31H34N6O3/c1-3-8-23-12-4-5-14-36(23)30(38)22-11-6-9-20(15-22)21-10-7-13-24(16-21)37-29(27(18-32-37)31(39)40)26-17-25(26)28-19-35(2)34-33-28/h6-7,9-11,13,15-16,18-19,23,25-26H,3-5,8,12,14,17H2,1-2H3,(H,39,40)/t23-,25-,26-/m1/s1",ZESJVQYWCZXRPG-LGPLSSKUSA-N,0.0,40.0,3.0,45.0,22.0
5RQ,"1-[3-[(1~{R},3~{S})-3-[(2~{R})-2-butylpyrrolidin-1-yl]carbonylcyclohexyl]phenyl]-5-cyclopropyl-pyrazole-4-carboxylic acid",C28 H37 N3 O3,non-polymer,CCCC[C@@H]1CCCN1C(=O)[C@H]2CCC[C@H](C2)c3cccc(c3)n4c(c(cn4)C(=O)O)C5CC5,CCCC[C@@H]1CCCN1C(=O)[C@H]1CCC[C@@H](c2cccc(-n3ncc(C(=O)O)c3C3CC3)c2)C1,"InChI=1S/C28H37N3O3/c1-2-3-10-23-12-6-15-30(23)27(32)22-9-4-7-20(16-22)21-8-5-11-24(17-21)31-26(19-13-14-19)25(18-29-31)28(33)34/h5,8,11,17-20,22-23H,2-4,6-7,9-10,12-16H2,1H3,(H,33,34)/t20-,22+,23-/m1/s1",UHBPMQISVQNVGD-AKIFATBCSA-N,0.0,34.0,3.0,38.0,11.0
5UI,1-[6-(3-propan-2-yloxyphenyl)pyridin-2-yl]-5-(trifluoromethyl)pyrazole-4-carboxylic acid,C19 H16 F3 N3 O3,non-polymer,CC(C)Oc1cccc(c1)c2cccc(n2)n3c(c(cn3)C(=O)O)C(F)(F)F,CC(C)Oc1cccc(-c2cccc(-n3ncc(C(=O)O)c3C(F)(F)F)n2)c1,"InChI=1S/C19H16F3N3O3/c1-11(2)28-13-6-3-5-12(9-13)15-7-4-8-16(24-15)25-17(19(20,21)22)14(10-23-25)18(26)27/h3-11H,1-2H3,(H,26,27)",FINLYLBWMQZNIN-UHFFFAOYSA-N,0.0,28.0,0.0,30.0,17.0
5UZ,5-cyclopropyl-1-[3-[2-fluoranyl-3-[(2~{R})-2-propylpiperidin-1-yl]carbonyl-phenyl]phenyl]pyrazole-4-carboxylic acid,C28 H30 F N3 O3,non-polymer,CCC[C@@H]1CCCCN1C(=O)c2cccc(c2F)c3cccc(c3)n4c(c(cn4)C(=O)O)C5CC5,CCC[C@@H]1CCCCN1C(=O)c1cccc(-c2cccc(-n3ncc(C(=O)O)c3C3CC3)c2)c1F,"InChI=1S/C28H30FN3O3/c1-2-7-20-9-3-4-15-31(20)27(33)23-12-6-11-22(25(23)29)19-8-5-10-21(16-19)32-26(18-13-14-18)24(17-30-32)28(34)35/h5-6,8,10-12,16-18,20H,2-4,7,9,13-15H2,1H3,(H,34,35)/t20-/m1/s1",ILYPAKWDDIPWBD-HXUWFJFHSA-N,0.0,35.0,1.0,39.0,17.0
5VX,1-[6-[3-(dimethylcarbamoyl)phenyl]pyridin-2-yl]-5-(trifluoromethyl)pyrazole-4-carboxylic acid,C19 H15 F3 N4 O3,non-polymer,CN(C)C(=O)c1cccc(c1)c2cccc(n2)n3c(c(cn3)C(=O)O)C(F)(F)F,CN(C)C(=O)c1cccc(-c2cccc(-n3ncc(C(=O)O)c3C(F)(F)F)n2)c1,"InChI=1S/C19H15F3N4O3/c1-25(2)17(27)12-6-3-5-11(9-12)14-7-4-8-15(24-14)26-16(19(20,21)22)13(10-23-26)18(28)29/h3-10H,1-2H3,(H,28,29)",FRRZRAZHHYLGGZ-UHFFFAOYSA-N,0.0,29.0,0.0,31.0,17.0
5X9,"1-[3-[3-(dimethylcarbamoyl)phenyl]phenyl]-5-[(1~{R},2~{R})-2-(1-methyl-1,2,3-triazol-4-yl)cyclopropyl]pyrazole-4-carboxylic acid",C25 H24 N6 O3,non-polymer,Cn1cc(nn1)[C@@H]2C[C@H]2c3c(cnn3c4cccc(c4)c5cccc(c5)C(=O)N(C)C)C(=O)O,CN(C)C(=O)c1cccc(-c2cccc(-n3ncc(C(=O)O)c3[C@@H]3C[C@H]3c3cn(C)nn3)c2)c1,"InChI=1S/C25H24N6O3/c1-29(2)24(32)17-8-4-6-15(10-17)16-7-5-9-18(11-16)31-23(21(13-26-31)25(33)34)20-12-19(20)22-14-30(3)28-27-22/h4-11,13-14,19-20H,12H2,1-3H3,(H,33,34)/t19-,20-/m1/s1",RSPIKPFHLPIDKV-WOJBJXKFSA-N,0.0,34.0,2.0,38.0,22.0
6EL,"2-[(3~{R})-2,6-bis(oxidanylidene)piperidin-3-yl]isoindole-1,3-dione",C13 H10 N2 O4,non-polymer,c1ccc2c(c1)C(=O)N(C2=O)[C@@H]3CCC(=O)NC3=O,O=C1CC[C@@H](N2C(=O)c3ccccc3C2=O)C(=O)N1,"InChI=1S/C13H10N2O4/c16-10-6-5-9(11(17)14-10)15-12(18)7-3-1-2-4-8(7)13(15)19/h1-4,9H,5-6H2,(H,14,16,17)/t9-/m1/s1",UEJJHQNACJXSKW-SECBINFHSA-N,0.0,19.0,1.0,21.0,6.0
6OG,6-O-METHYL GUANOSINE-5'-MONOPHOSPHATE,C11 H16 N5 O7 P,DNA linking,COc1c2c(nc(n1)N)n(cn2)[C@H]3C[C@@H]([C@H](O3)COP(=O)(O)O)O,COc1nc(N)nc2c1ncn2[C@H]1C[C@H](O)[C@@H](COP(=O)(O)O)O1,"InChI=1S/C11H16N5O7P/c1-21-10-8-9(14-11(12)15-10)16(4-13-8)7-2-5(17)6(23-7)3-22-24(18,19)20/h4-7,17H,2-3H2,1H3,(H2,12,14,15)(H2,18,19,20)/t5-,6+,7+/m0/s1",GFRAHVJOXXMIDI-RRKCRQDMSA-N,0.0,24.0,3.0,26.0,10.0
6SJ,"2-[(3~{S},3'~{a}~{S},6'~{S},6'~{a}~{S})-6-chloranyl-6'-(3-chlorophenyl)-4'-(cyclopropylmethyl)-2-oxidanylidene-spiro[1~{H}-indole-3,5'-3,3~{a},6,6~{a}-tetrahydro-2~{H}-pyrrolo[3,2-b]pyrrole]-1'-yl]ethanoic acid",C25 H25 Cl2 N3 O3,non-polymer,c1cc(cc(c1)Cl)[C@H]2[C@H]3[C@H](CCN3CC(=O)O)N([C@]24c5ccc(cc5NC4=O)Cl)CC6CC6,O=C(O)CN1CC[C@H]2[C@@H]1[C@H](c1cccc(Cl)c1)[C@]1(C(=O)Nc3cc(Cl)ccc31)N2CC1CC1,"InChI=1S/C25H25Cl2N3O3/c26-16-3-1-2-15(10-16)22-23-20(8-9-29(23)13-21(31)32)30(12-14-4-5-14)25(22)18-7-6-17(27)11-19(18)28-24(25)33/h1-3,6-7,10-11,14,20,22-23H,4-5,8-9,12-13H2,(H,28,33)(H,31,32)/t20-,22-,23+,25+/m0/s1",PECRYANCKVXSRI-FDHFVPJWSA-N,0.0,33.0,4.0,38.0,12.0
6SK,"(3~{S},3'~{S},4'~{S})-4'-azanyl-6-chloranyl-3'-(3-chlorophenyl)-1'-(2,2-dimethylpropyl)spiro[1~{H}-indole-3,2'-pyrrolidine]-2-one",C22 H25 Cl2 N3 O,non-polymer,CC(C)(C)CN1C[C@H]([C@@H]([C@@]12c3ccc(cc3NC2=O)Cl)c4cccc(c4)Cl)N,CC(C)(C)CN1C[C@@H](N)[C@H](c2cccc(Cl)c2)[C@]12C(=O)Nc1cc(Cl)ccc12,"InChI=1S/C22H25Cl2N3O/c1-21(2,3)12-27-11-17(25)19(13-5-4-6-14(23)9-13)22(27)16-8-7-15(24)10-18(16)26-20(22)28/h4-10,17,19H,11-12,25H2,1-3H3,(H,26,28)/t17-,19+,22-/m1/s1",CWDGHXCEKKZGEC-ZWCUEREDSA-N,0.0,28.0,3.0,31.0,12.0
6SS,"(3~{S},3'~{S},4'~{S},5'~{S})-4'-azanyl-6-chloranyl-3'-(3-chloranyl-2-fluoranyl-phenyl)-1'-[(3-ethoxyphenyl)methyl]-5'-methyl-spiro[1~{H}-indole-3,2'-pyrrolidine]-2-one",C27 H26 Cl2 F N3 O2,non-polymer,CCOc1cccc(c1)CN2[C@H]([C@H]([C@@H]([C@@]23c4ccc(cc4NC3=O)Cl)c5cccc(c5F)Cl)N)C,CCOc1cccc(CN2[C@@H](C)[C@@H](N)[C@H](c3cccc(Cl)c3F)[C@]23C(=O)Nc2cc(Cl)ccc23)c1,"InChI=1S/C27H26Cl2FN3O2/c1-3-35-18-7-4-6-16(12-18)14-33-15(2)25(31)23(19-8-5-9-21(29)24(19)30)27(33)20-11-10-17(28)13-22(20)32-26(27)34/h4-13,15,23,25H,3,14,31H2,1-2H3,(H,32,34)/t15-,23-,25+,27+/m0/s1",VTZPRLPCZBTKSH-VFICKSILSA-N,0.0,35.0,4.0,39.0,18.0
6ST,"4-[(2~{R},3~{a}~{S},5~{S},6~{S},6~{a}~{S})-6'-chloranyl-6-(3-chloranyl-2-fluoranyl-phenyl)-4-(cyclopropylmethyl)-2'-oxidanylidene-spiro[1,2,3,3~{a},6,6~{a}-hexahydropyrrolo[3,2-b]pyrrole-5,3'-1~{H}-indole]-2-yl]benzoic acid",C30 H26 Cl2 F N3 O3,non-polymer,c1cc(c(c(c1)Cl)F)[C@H]2[C@H]3[C@H](C[C@@H](N3)c4ccc(cc4)C(=O)O)N([C@]25c6ccc(cc6NC5=O)Cl)CC7CC7,O=C(O)c1ccc([C@H]2C[C@H]3[C@@H](N2)[C@H](c2cccc(Cl)c2F)[C@]2(C(=O)Nc4cc(Cl)ccc42)N3CC2CC2)cc1,"InChI=1S/C30H26Cl2FN3O3/c31-18-10-11-20-23(12-18)35-29(39)30(20)25(19-2-1-3-21(32)26(19)33)27-24(36(30)14-15-4-5-15)13-22(34-27)16-6-8-17(9-7-16)28(37)38/h1-3,6-12,15,22,24-25,27,34H,4-5,13-14H2,(H,35,39)(H,37,38)/t22-,24+,25+,27-,30-/m1/s1",CCPUFNJKOGKOOG-AFKAWQRRSA-N,0.0,39.0,5.0,45.0,18.0
6Z3,"(2~{S},4~{R})-1-[(2~{S})-2-[(1-cyanocyclopropyl)carbonylamino]-3,3-dimethyl-butanoyl]-~{N}-[[4-(4-methyl-1,3-thiazol-5-yl)phenyl]methyl]-4-oxidanyl-pyrrolidine-2-carboxamide",C27 H33 N5 O4 S,non-polymer,Cc1c(scn1)c2ccc(cc2)CNC(=O)[C@@H]3C[C@H](CN3C(=O)[C@H](C(C)(C)C)NC(=O)C4(CC4)C#N)O,Cc1ncsc1-c1ccc(CNC(=O)[C@@H]2C[C@@H](O)CN2C(=O)[C@@H](NC(=O)C2(C#N)CC2)C(C)(C)C)cc1,"InChI=1S/C27H33N5O4S/c1-16-21(37-15-30-16)18-7-5-17(6-8-18)12-29-23(34)20-11-19(33)13-32(20)24(35)22(26(2,3)4)31-25(36)27(14-28)9-10-27/h5-8,15,19-20,22,33H,9-13H2,1-4H3,(H,29,34)(H,31,36)/t19-,20+,22-/m1/s1",NDVQUNZCNAMROD-RZUBCFFCSA-N,0.0,37.0,3.0,40.0,11.0
6ZT,"(4~{S})-5-[5-chloranyl-2-[2-(dimethylamino)ethoxy]phenyl]-4-(4-chloranyl-2-methyl-phenyl)-2-(2-methoxyphenyl)-3-propan-2-yl-4~{H}-pyrrolo[3,4-c]pyrazol-6-one",C32 H34 Cl2 N4 O3,non-polymer,Cc1cc(ccc1[C@H]2c3c(nn(c3C(C)C)c4ccccc4OC)C(=O)N2c5cc(ccc5OCCN(C)C)Cl)Cl,COc1ccccc1-n1nc2c(c1C(C)C)[C@H](c1ccc(Cl)cc1C)N(c1cc(Cl)ccc1OCCN(C)C)C2=O,"InChI=1S/C32H34Cl2N4O3/c1-19(2)30-28-29(35-38(30)24-9-7-8-10-26(24)40-6)32(39)37(31(28)23-13-11-21(33)17-20(23)3)25-18-22(34)12-14-27(25)41-16-15-36(4)5/h7-14,17-19,31H,15-16H2,1-6H3/t31-/m0/s1",YBMQYNARIZUNIO-HKBQPEDESA-N,0.0,41.0,1.0,45.0,23.0
75K,"2,6-DIMETHYL-4H-PYRANO[3,4-D][1,3]OXAZOL-4-ONE",C8 H7 N O3,non-polymer,Cc1nc2c(o1)C=C(OC2=O)C,Cc1cc2oc(C)nc2c(=O)o1,"InChI=1S/C8H7NO3/c1-4-3-6-7(8(10)11-4)9-5(2)12-6/h3H,1-2H3",ZJAOWOARDLUNKM-UHFFFAOYSA-N,0.0,12.0,0.0,13.0,10.0
7H8,"1-[[(2~{R},5~{R})-1-[2-[3,3-dimethyl-6-(phenylmethyl)-2~{H}-pyrrolo[3,2-b]pyridin-1-yl]-2-oxidanylidene-ethyl]-5-methyl-piperazin-4-ium-2-yl]methyl]pyrrolidin-2-one",C28 H38 N5 O2,non-polymer,C[C@@H]1CN([C@H](C[NH2+]1)CN2CCCC2=O)CC(=O)N3CC(c4c3cc(cn4)Cc5ccccc5)(C)C,C[C@@H]1CN(CC(=O)N2CC(C)(C)c3ncc(Cc4ccccc4)cc32)[C@@H](CN2CCCC2=O)C[NH2+]1,"InChI=1S/C28H37N5O2/c1-20-16-32(23(15-29-20)17-31-11-7-10-25(31)34)18-26(35)33-19-28(2,3)27-24(33)13-22(14-30-27)12-21-8-5-4-6-9-21/h4-6,8-9,13-14,20,23,29H,7,10-12,15-19H2,1-3H3/p+1/t20-,23-/m1/s1",ALAFRPAHGDJVFE-NFBKMPQASA-O,1.0,35.0,2.0,39.0,12.0
7HC,"(2'S,3R,4'S,5'R)-6-chloro-4'-(3-chloro-2-fluorophenyl)-2'-(2,2-dimethylpropyl)-N-(trans-4-hydroxycyclohexyl)-2-oxo-1,2-dihydrospiro[indole-3,3'-pyrrolidine]-5'-carboxamide",C29 H34 Cl2 F N3 O3,non-polymer,CC(C)(C)C[C@H]1[C@]2(c3ccc(cc3NC2=O)Cl)[C@H]([C@@H](N1)C(=O)NC4CCC(CC4)O)c5cccc(c5F)Cl,CC(C)(C)C[C@@H]1N[C@@H](C(=O)NC2CCC(O)CC2)[C@H](c2cccc(Cl)c2F)[C@]12C(=O)Nc1cc(Cl)ccc12,"InChI=1S/C29H34Cl2FN3O3/c1-28(2,3)14-22-29(19-12-7-15(30)13-21(19)34-27(29)38)23(18-5-4-6-20(31)24(18)32)25(35-22)26(37)33-16-8-10-17(36)11-9-16/h4-7,12-13,16-17,22-23,25,35-36H,8-11,14H2,1-3H3,(H,33,37)(H,34,38)/t16?,17?,22-,23-,25+,29+/m0/s1",IDKAKZRYYDCJDU-AEPXTFJPSA-N,0.0,38.0,4.0,42.0,12.0
7HT,"1-[3,3-dimethyl-6-(phenylmethyl)-2~{H}-pyrrolo[3,2-c]pyridin-1-yl]-2-[(2~{R},5~{R})-5-methyl-2-[(4-methylpyrazol-1-yl)methyl]piperazin-4-ium-1-yl]ethanone",C28 H37 N6 O,non-polymer,Cc1cnn(c1)C[C@H]2C[NH2+][C@@H](CN2CC(=O)N3CC(c4c3cc(nc4)Cc5ccccc5)(C)C)C,Cc1cnn(C[C@H]2C[NH2+][C@H](C)CN2CC(=O)N2CC(C)(C)c3cnc(Cc4ccccc4)cc32)c1,"InChI=1S/C28H36N6O/c1-20-12-31-33(15-20)17-24-13-29-21(2)16-32(24)18-27(35)34-19-28(3,4)25-14-30-23(11-26(25)34)10-22-8-6-5-7-9-22/h5-9,11-12,14-15,21,24,29H,10,13,16-19H2,1-4H3/p+1/t21-,24-/m1/s1",CLHWAAAYYHMVJX-ZJSXRUAMSA-O,1.0,35.0,2.0,39.0,17.0
7HU,"1-[3,3-dimethyl-6-(phenylmethyl)-2~{H}-pyrrolo[3,2-b]pyridin-1-yl]-2-[(2~{R},5~{R})-2-(methoxymethyl)-5-methyl-piperazin-4-ium-1-yl]ethanone",C25 H35 N4 O2,non-polymer,C[C@@H]1CN([C@H](C[NH2+]1)COC)CC(=O)N2CC(c3c2cc(cn3)Cc4ccccc4)(C)C,COC[C@H]1C[NH2+][C@H](C)CN1CC(=O)N1CC(C)(C)c2ncc(Cc3ccccc3)cc21,"InChI=1S/C25H34N4O2/c1-18-14-28(21(13-26-18)16-31-4)15-23(30)29-17-25(2,3)24-22(29)11-20(12-27-24)10-19-8-6-5-7-9-19/h5-9,11-12,18,21,26H,10,13-17H2,1-4H3/p+1/t18-,21-/m1/s1",HHAFFIKQZNSDIS-WIYYLYMNSA-O,1.0,31.0,2.0,34.0,12.0
7J6,"1-[3,3-dimethyl-6-(phenylmethyl)-2~{H}-pyrrolo[3,2-b]pyridin-1-yl]-2-[(2~{R},5~{R})-5-methyl-2-morpholin-4-ylcarbonyl-piperazin-4-ium-1-yl]ethanone",C28 H38 N5 O3,non-polymer,C[C@@H]1CN([C@H](C[NH2+]1)C(=O)N2CCOCC2)CC(=O)N3CC(c4c3cc(cn4)Cc5ccccc5)(C)C,C[C@@H]1CN(CC(=O)N2CC(C)(C)c3ncc(Cc4ccccc4)cc32)[C@@H](C(=O)N2CCOCC2)C[NH2+]1,"InChI=1S/C28H37N5O3/c1-20-17-32(24(16-29-20)27(35)31-9-11-36-12-10-31)18-25(34)33-19-28(2,3)26-23(33)14-22(15-30-26)13-21-7-5-4-6-8-21/h4-8,14-15,20,24,29H,9-13,16-19H2,1-3H3/p+1/t20-,24-/m1/s1",OVTBGVLYQSDVGG-HYBUGGRVSA-O,1.0,36.0,2.0,40.0,12.0
7SE,"(3S)-3-(benzotriazol-2-yl)piperidine-2,6-dione",C11 H10 N4 O2,non-polymer,c1ccc2c(c1)nn(n2)[C@H]3CCC(=O)NC3=O,O=C1CC[C@H](n2nc3ccccc3n2)C(=O)N1,"InChI=1S/C11H10N4O2/c16-10-6-5-9(11(17)12-10)15-13-7-3-1-2-4-8(7)14-15/h1-4,9H,5-6H2,(H,12,16,17)/t9-/m0/s1",QFGWCBAWFMYBCK-VIFPVBQESA-N,0.0,17.0,1.0,19.0,10.0
7YU,(+)-Yatakemycin,C35 H29 N5 O8 S,non-polymer,COc1cc2c(cc1O)cc([nH]2)C(=O)N3C[C@H]4C[C@@]45C3=CC(=O)c6c5cc([nH]6)C(=O)N7CCc8c7c(c(c9c8cc([nH]9)C(=O)SC)OC)O,COc1cc2[nH]c(C(=O)N3C[C@H]4C[C@@]45C3=CC(=O)c3[nH]c(C(=O)N4CCc6c4c(O)c(OC)c4[nH]c(C(=O)SC)cc64)cc35)cc2cc1O,"InChI=1S/C35H29N5O8S/c1-47-25-10-19-14(7-23(25)41)6-20(36-19)33(45)40-13-15-12-35(15)18-9-21(37-28(18)24(42)11-26(35)40)32(44)39-5-4-16-17-8-22(34(46)49-3)38-27(17)31(48-2)30(43)29(16)39/h6-11,15,36-38,41,43H,4-5,12-13H2,1-3H3/t15-,35-/m1/s1",CMFSXTISUXTEGX-QXPWRNTLSA-N,0.0,49.0,2.0,57.0,25.0
835,"(3S)-3-(5-azanyl-2-methyl-4-oxidanylidene-quinazolin-3-yl)piperidine-2,6-dione",C14 H14 N4 O3,non-polymer,CC1=Nc2cccc(c2C(=O)N1[C@H]3CCC(=O)NC3=O)N,Cc1nc2cccc(N)c2c(=O)n1[C@H]1CCC(=O)NC1=O,"InChI=1S/C14H14N4O3/c1-7-16-9-4-2-3-8(15)12(9)14(21)18(7)10-5-6-11(19)17-13(10)20/h2-4,10H,5-6,15H2,1H3,(H,17,19,20)/t10-/m0/s1",RSNPAKAFCAAMBH-JTQLQIEISA-N,0.0,21.0,1.0,23.0,11.0
8ZL,"(5S,8R)-N,N-dimethyl-8-[[(2S)-1-[4-(methylamino)-4-oxidanylidene-butanoyl]pyrrolidin-2-yl]carbonylamino]-7,11-bis(oxidanylidene)-10-oxa-3-thia-6-azabicyclo[10.4.0]hexadeca-1(12),13,15-triene-5-carboxamide",C26 H35 N5 O7 S,non-polymer,CNC(=O)CCC(=O)N1CCC[C@H]1C(=O)N[C@@H]2COC(=O)c3ccccc3CSC[C@@H](NC2=O)C(=O)N(C)C,CNC(=O)CCC(=O)N1CCC[C@H]1C(=O)N[C@@H]1COC(=O)c2ccccc2CSC[C@H](C(=O)N(C)C)NC1=O,"InChI=1S/C26H35N5O7S/c1-27-21(32)10-11-22(33)31-12-6-9-20(31)24(35)28-18-13-38-26(37)17-8-5-4-7-16(17)14-39-15-19(29-23(18)34)25(36)30(2)3/h4-5,7-8,18-20H,6,9-15H2,1-3H3,(H,27,32)(H,28,35)(H,29,34)/t18-,19-,20+/m1/s1",DXVZHGSXTJTODF-AQNXPRMDSA-N,0.0,39.0,3.0,41.0,6.0
91M,"(5S,8R)-16-(2,1,3-benzoxadiazol-4-yl)-8-[[(2S)-1-ethanoylpyrrolidin-2-yl]carbonylamino]-N,N-dimethyl-7,11-bis(oxidanylidene)-10-oxa-3-thia-6-azabicyclo[10.4.0]hexadeca-1(16),12,14-triene-5-carboxamide",C29 H32 N6 O7 S,non-polymer,CC(=O)N1CCC[C@H]1C(=O)N[C@@H]2COC(=O)c3cccc(c3CSC[C@@H](NC2=O)C(=O)N(C)C)c4cccc5c4non5,CC(=O)N1CCC[C@H]1C(=O)N[C@@H]1COC(=O)c2cccc(-c3cccc4nonc34)c2CSC[C@H](C(=O)N(C)C)NC1=O,"InChI=1S/C29H32N6O7S/c1-16(36)35-12-6-11-24(35)27(38)30-22-13-41-29(40)19-9-4-7-17(18-8-5-10-21-25(18)33-42-32-21)20(19)14-43-15-23(31-26(22)37)28(39)34(2)3/h4-5,7-10,22-24H,6,11-15H2,1-3H3,(H,30,38)(H,31,37)/t22-,23-,24+/m1/s1",OENFEWXUJYIDRB-SMIHKQSGSA-N,0.0,43.0,3.0,47.0,16.0
92I,"(3S,5S,8R)-8-[[(2S)-1-ethanoylpyrrolidin-2-yl]carbonylamino]-N,N-dimethyl-3,7,11-tris(oxidanylidene)-10-oxa-3$l^{4}-thia-6-azabicyclo[10.4.0]hexadeca-1(16),12,14-triene-5-carboxamide",C23 H30 N4 O7 S,non-polymer,CC(=O)N1CCC[C@H]1C(=O)N[C@@H]2COC(=O)c3ccccc3C[S@](=O)C[C@@H](NC2=O)C(=O)N(C)C,CC(=O)N1CCC[C@H]1C(=O)N[C@@H]1COC(=O)c2ccccc2C[S@](=O)C[C@H](C(=O)N(C)C)NC1=O,"InChI=1S/C23H30N4O7S/c1-14(28)27-10-6-9-19(27)21(30)24-17-11-34-23(32)16-8-5-4-7-15(16)12-35(33)13-18(25-20(17)29)22(31)26(2)3/h4-5,7-8,17-19H,6,9-13H2,1-3H3,(H,24,30)(H,25,29)/t17-,18-,19+,35+/m1/s1",DXNNXGUWLIVFDR-MAZLHRJSSA-N,0.0,35.0,4.0,37.0,6.0
997,"1-[3,3-DIMETHYL-2-(2-METHYLAMINO-PROPIONYLAMINO)-BUTYRYL]-4-PHENOXY-PYRROLIDINE-2-CARBOXYLIC ACID(1,2,3,4-TETRAHYDRO-NAPHTHALEN-1-YL)-AMIDE",C31 H42 N4 O4,non-polymer,C[C@@H](C(=O)N[C@H](C(=O)N1C[C@H](C[C@H]1C(=O)N[C@@H]2CCCc3c2cccc3)Oc4ccccc4)C(C)(C)C)NC,CN[C@@H](C)C(=O)N[C@H](C(=O)N1C[C@@H](Oc2ccccc2)C[C@H]1C(=O)N[C@@H]1CCCc2ccccc21)C(C)(C)C,"InChI=1S/C31H42N4O4/c1-20(32-5)28(36)34-27(31(2,3)4)30(38)35-19-23(39-22-14-7-6-8-15-22)18-26(35)29(37)33-25-17-11-13-21-12-9-10-16-24(21)25/h6-10,12,14-16,20,23,25-27,32H,11,13,17-19H2,1-5H3,(H,33,37)(H,34,36)/t20-,23-,25+,26-,27+/m0/s1",QKPXPZYQPBWDHS-MCJAPYMPSA-N,0.0,39.0,5.0,42.0,12.0
998,"N-METHYLALANYL-3-METHYLVALYL-N-(1,2,3,4-TETRAHYDRONAPHTHALEN-1-YL)PROLINAMIDE",C25 H38 N4 O3,non-polymer,C[C@@H](C(=O)N[C@H](C(=O)N1CCC[C@H]1C(=O)N[C@@H]2CCCc3c2cccc3)C(C)(C)C)NC,CN[C@@H](C)C(=O)N[C@H](C(=O)N1CCC[C@H]1C(=O)N[C@@H]1CCCc2ccccc21)C(C)(C)C,"InChI=1S/C25H38N4O3/c1-16(26-5)22(30)28-21(25(2,3)4)24(32)29-15-9-14-20(29)23(31)27-19-13-8-11-17-10-6-7-12-18(17)19/h6-7,10,12,16,19-21,26H,8-9,11,13-15H2,1-5H3,(H,27,31)(H,28,30)/t16-,19+,20-,21+/m0/s1",JUJIMRZGUBTJRV-NASSWSRMSA-N,0.0,32.0,4.0,34.0,6.0
9B5,"(2~{S},4~{R})-1-[(2~{S})-2-acetamidopropanoyl]-~{N}-[[4-(4-methyl-1,3-thiazol-5-yl)phenyl]methyl]-4-oxidanyl-pyrrolidine-2-carboxamide",C21 H26 N4 O4 S,non-polymer,Cc1c(scn1)c2ccc(cc2)CNC(=O)[C@@H]3C[C@H](CN3C(=O)[C@H](C)NC(=O)C)O,CC(=O)N[C@@H](C)C(=O)N1C[C@H](O)C[C@H]1C(=O)NCc1ccc(-c2scnc2C)cc1,"InChI=1S/C21H26N4O4S/c1-12-19(30-11-23-12)16-6-4-15(5-7-16)9-22-20(28)18-8-17(27)10-25(18)21(29)13(2)24-14(3)26/h4-7,11,13,17-18,27H,8-10H2,1-3H3,(H,22,28)(H,24,26)/t13-,17+,18-/m0/s1",JKHAXURJIZDRKK-VHSSKADRSA-N,0.0,30.0,3.0,32.0,11.0
9B8,"(2~{S},4~{R})-1-[(2~{S})-3,3-dimethyl-2-(oxetan-3-ylcarbonylamino)butanoyl]-~{N}-[[4-(4-methyl-1,3-thiazol-5-yl)phenyl]methyl]-4-oxidanyl-pyrrolidine-2-carboxamide",C26 H34 N4 O5 S,non-polymer,Cc1c(scn1)c2ccc(cc2)CNC(=O)[C@@H]3C[C@H](CN3C(=O)[C@H](C(C)(C)C)NC(=O)C4COC4)O,Cc1ncsc1-c1ccc(CNC(=O)[C@@H]2C[C@@H](O)CN2C(=O)[C@@H](NC(=O)C2COC2)C(C)(C)C)cc1,"InChI=1S/C26H34N4O5S/c1-15-21(36-14-28-15)17-7-5-16(6-8-17)10-27-24(33)20-9-19(31)11-30(20)25(34)22(26(2,3)4)29-23(32)18-12-35-13-18/h5-8,14,18-20,22,31H,9-13H2,1-4H3,(H,27,33)(H,29,32)/t19-,20+,22-/m1/s1",NKBZEWGYKXYCGU-RZUBCFFCSA-N,0.0,36.0,3.0,39.0,11.0
9BH,"(2~{S},4~{R})-1-[(2~{S})-2-(cyclobutylcarbonylamino)-3,3-dimethyl-butanoyl]-~{N}-[[4-(4-methyl-1,3-thiazol-5-yl)phenyl]methyl]-4-oxidanyl-pyrrolidine-2-carboxamide",C27 H36 N4 O4 S,non-polymer,Cc1c(scn1)c2ccc(cc2)CNC(=O)[C@@H]3C[C@H](CN3C(=O)[C@H](C(C)(C)C)NC(=O)C4CCC4)O,Cc1ncsc1-c1ccc(CNC(=O)[C@@H]2C[C@@H](O)CN2C(=O)[C@@H](NC(=O)C2CCC2)C(C)(C)C)cc1,"InChI=1S/C27H36N4O4S/c1-16-22(36-15-29-16)18-10-8-17(9-11-18)13-28-25(34)21-12-20(32)14-31(21)26(35)23(27(2,3)4)30-24(33)19-6-5-7-19/h8-11,15,19-21,23,32H,5-7,12-14H2,1-4H3,(H,28,34)(H,30,33)/t20-,21+,23-/m1/s1",DKNMIOWXDLCWDG-FUPPJEDESA-N,0.0,36.0,3.0,39.0,11.0
9BK,"(2~{S},4~{R})-1-[(2~{S})-2-[(1-acetamidocyclopropyl)carbonylamino]-3,3-dimethyl-butanoyl]-~{N}-[[4-(4-methyl-1,3-thiazol-5-yl)phenyl]methyl]-4-oxidanyl-pyrrolidine-2-carboxamide",C28 H37 N5 O5 S,non-polymer,Cc1c(scn1)c2ccc(cc2)CNC(=O)[C@@H]3C[C@H](CN3C(=O)[C@H](C(C)(C)C)NC(=O)C4(CC4)NC(=O)C)O,CC(=O)NC1(C(=O)N[C@H](C(=O)N2C[C@H](O)C[C@H]2C(=O)NCc2ccc(-c3scnc3C)cc2)C(C)(C)C)CC1,"InChI=1S/C28H37N5O5S/c1-16-22(39-15-30-16)19-8-6-18(7-9-19)13-29-24(36)21-12-20(35)14-33(21)25(37)23(27(3,4)5)31-26(38)28(10-11-28)32-17(2)34/h6-9,15,20-21,23,35H,10-14H2,1-5H3,(H,29,36)(H,31,38)(H,32,34)/t20-,21+,23-/m1/s1",SFLOLDSFURSREE-FUPPJEDESA-N,0.0,39.0,3.0,42.0,11.0
9BN,"(2~{S},4~{R})-1-[(2~{S})-2-[(1-ethanoylcyclopropyl)carbonylamino]-3,3-dimethyl-butanoyl]-~{N}-[[4-(4-methyl-1,3-thiazol-5-yl)phenyl]methyl]-4-oxidanyl-pyrrolidine-2-carboxamide",C28 H36 N4 O5 S,non-polymer,Cc1c(scn1)c2ccc(cc2)CNC(=O)[C@@H]3C[C@H](CN3C(=O)[C@H](C(C)(C)C)NC(=O)C4(CC4)C(=O)C)O,CC(=O)C1(C(=O)N[C@H](C(=O)N2C[C@H](O)C[C@H]2C(=O)NCc2ccc(-c3scnc3C)cc2)C(C)(C)C)CC1,"InChI=1S/C28H36N4O5S/c1-16-22(38-15-30-16)19-8-6-18(7-9-19)13-29-24(35)21-12-20(34)14-32(21)25(36)23(27(3,4)5)31-26(37)28(10-11-28)17(2)33/h6-9,15,20-21,23,34H,10-14H2,1-5H3,(H,29,35)(H,31,37)/t20-,21+,23-/m1/s1",JNBFSDQPUBSKFV-FUPPJEDESA-N,0.0,38.0,3.0,41.0,11.0
9BT,"(2~{S},4~{R})-1-[(2~{S})-3,3-dimethyl-2-(2-oxidanylethanoylamino)butanoyl]-~{N}-[[4-(4-methyl-1,3-thiazol-5-yl)phenyl]methyl]-4-oxidanyl-pyrrolidine-2-carboxamide",C24 H32 N4 O5 S,non-polymer,Cc1c(scn1)c2ccc(cc2)CNC(=O)[C@@H]3C[C@H](CN3C(=O)[C@H](C(C)(C)C)NC(=O)CO)O,Cc1ncsc1-c1ccc(CNC(=O)[C@@H]2C[C@@H](O)CN2C(=O)[C@@H](NC(=O)CO)C(C)(C)C)cc1,"InChI=1S/C24H32N4O5S/c1-14-20(34-13-26-14)16-7-5-15(6-8-16)10-25-22(32)18-9-17(30)11-28(18)23(33)21(24(2,3)4)27-19(31)12-29/h5-8,13,17-18,21,29-30H,9-12H2,1-4H3,(H,25,32)(H,27,31)/t17-,18+,21-/m1/s1",OFCMFZVSIVJIET-LVCYWYKZSA-N,0.0,34.0,3.0,36.0,11.0
9BW,"(2~{S},4~{R})-1-[(2~{S})-2-(cyclopropylcarbonylamino)-3,3-dimethyl-butanoyl]-~{N}-[[4-(4-methyl-1,3-thiazol-5-yl)phenyl]methyl]-4-oxidanyl-pyrrolidine-2-carboxamide",C26 H34 N4 O4 S,non-polymer,Cc1c(scn1)c2ccc(cc2)CNC(=O)[C@@H]3C[C@H](CN3C(=O)[C@H](C(C)(C)C)NC(=O)C4CC4)O,Cc1ncsc1-c1ccc(CNC(=O)[C@@H]2C[C@@H](O)CN2C(=O)[C@@H](NC(=O)C2CC2)C(C)(C)C)cc1,"InChI=1S/C26H34N4O4S/c1-15-21(35-14-28-15)17-7-5-16(6-8-17)12-27-24(33)20-11-19(31)13-30(20)25(34)22(26(2,3)4)29-23(32)18-9-10-18/h5-8,14,18-20,22,31H,9-13H2,1-4H3,(H,27,33)(H,29,32)/t19-,20+,22-/m1/s1",TXHVAXXHWXOMKR-RZUBCFFCSA-N,0.0,35.0,3.0,38.0,11.0
9FT,"(3R)-3-(4-methoxyphenyl)piperidine-2,6-dione",C12 H13 N O3,non-polymer,COc1ccc(cc1)[C@H]2CCC(=O)NC2=O,COc1ccc([C@H]2CCC(=O)NC2=O)cc1,"InChI=1S/C12H13NO3/c1-16-9-4-2-8(3-5-9)10-6-7-11(14)13-12(10)15/h2-5,10H,6-7H2,1H3,(H,13,14,15)/t10-/m1/s1",UTEUBBDWRDGRCU-SNVBAGLBSA-N,0.0,16.0,1.0,17.0,6.0
9IB,"3-[(5S,8R)-5-(dimethylcarbamoyl)-8-[[(2S)-1-ethanoylpyrrolidin-2-yl]carbonylamino]-7,11-bis(oxidanylidene)-10-oxa-3-thia-6-azabicyclo[10.4.0]hexadeca-1(16),12,14-trien-16-yl]benzoic acid",C30 H34 N4 O8 S,non-polymer,CC(=O)N1CCC[C@H]1C(=O)N[C@@H]2COC(=O)c3cccc(c3CSC[C@@H](NC2=O)C(=O)N(C)C)c4cccc(c4)C(=O)O,CC(=O)N1CCC[C@H]1C(=O)N[C@@H]1COC(=O)c2cccc(-c3cccc(C(=O)O)c3)c2CSC[C@H](C(=O)N(C)C)NC1=O,"InChI=1S/C30H34N4O8S/c1-17(35)34-12-6-11-25(34)27(37)31-23-14-42-30(41)21-10-5-9-20(18-7-4-8-19(13-18)29(39)40)22(21)15-43-16-24(32-26(23)36)28(38)33(2)3/h4-5,7-10,13,23-25H,6,11-12,14-16H2,1-3H3,(H,31,37)(H,32,36)(H,39,40)/t23-,24-,25+/m1/s1",UPESAAPZKADZIE-SDHSZQHLSA-N,0.0,43.0,3.0,46.0,12.0
9JZ,(3S)-1-{(2S)-2-cyclohexyl-2-[(N-methyl-L-alanyl)amino]acetyl}-3-methyl-N-(2-pyrimidin-2-ylphenyl)-L-prolinamide,C28 H38 N6 O3,non-polymer,C[C@H]1CCN([C@@H]1C(=O)Nc2ccccc2c3ncccn3)C(=O)[C@H](C4CCCCC4)NC(=O)[C@H](C)NC,CN[C@@H](C)C(=O)N[C@H](C(=O)N1CC[C@H](C)[C@H]1C(=O)Nc1ccccc1-c1ncccn1)C1CCCCC1,"InChI=1S/C28H38N6O3/c1-18-14-17-34(28(37)23(20-10-5-4-6-11-20)33-26(35)19(2)29-3)24(18)27(36)32-22-13-8-7-12-21(22)25-30-15-9-16-31-25/h7-9,12-13,15-16,18-20,23-24,29H,4-6,10-11,14,17H2,1-3H3,(H,32,36)(H,33,35)/t18-,19-,23-,24-/m0/s1",HNXBUVYVPBCESY-WJNSRDFLSA-N,0.0,37.0,4.0,40.0,12.0
9P0,"4-[(5S,8R)-5-(dimethylcarbamoyl)-8-[[(2S)-1-ethanoylpyrrolidin-2-yl]carbonylamino]-7,11-bis(oxidanylidene)-10-oxa-3-thia-6-azabicyclo[10.4.0]hexadeca-1(16),12,14-trien-16-yl]benzoic acid",C30 H34 N4 O8 S,non-polymer,CC(=O)N1CCC[C@H]1C(=O)N[C@@H]2COC(=O)c3cccc(c3CSC[C@@H](NC2=O)C(=O)N(C)C)c4ccc(cc4)C(=O)O,CC(=O)N1CCC[C@H]1C(=O)N[C@@H]1COC(=O)c2cccc(-c3ccc(C(=O)O)cc3)c2CSC[C@H](C(=O)N(C)C)NC1=O,"InChI=1S/C30H34N4O8S/c1-17(35)34-13-5-8-25(34)27(37)31-23-14-42-30(41)21-7-4-6-20(18-9-11-19(12-10-18)29(39)40)22(21)15-43-16-24(32-26(23)36)28(38)33(2)3/h4,6-7,9-12,23-25H,5,8,13-16H2,1-3H3,(H,31,37)(H,32,36)(H,39,40)/t23-,24-,25+/m1/s1",RNGXYARCEQWNBD-SDHSZQHLSA-N,0.0,43.0,3.0,46.0,12.0
9QW,"(4~{S})-5-(5-chloranyl-1-methyl-2-oxidanylidene-pyridin-3-yl)-4-(4-chlorophenyl)-2-(2,4-dimethoxypyrimidin-5-yl)-3-propan-2-yl-4~{H}-pyrrolo[3,4-d]imidazol-6-one",C26 H24 Cl2 N6 O4,non-polymer,CC(C)n1c2c(nc1c3cnc(nc3OC)OC)C(=O)N([C@H]2c4ccc(cc4)Cl)C5=CC(=CN(C5=O)C)Cl,COc1ncc(-c2nc3c(n2C(C)C)[C@H](c2ccc(Cl)cc2)N(c2cc(Cl)cn(C)c2=O)C3=O)c(OC)n1,"InChI=1S/C26H24Cl2N6O4/c1-13(2)33-21-19(30-22(33)17-11-29-26(38-5)31-23(17)37-4)25(36)34(18-10-16(28)12-32(3)24(18)35)20(21)14-6-8-15(27)9-7-14/h6-13,20H,1-5H3/t20-/m0/s1",AGBSXNCBIWWLHD-FQEVSTJZSA-N,0.0,38.0,1.0,42.0,23.0
9UQ,"(3~{R})-3-(4-aminophenyl)-3-ethyl-piperidine-2,6-dione",C13 H16 N2 O2,non-polymer,CC[C@@]1(CCC(=O)NC1=O)c2ccc(cc2)N,CC[C@]1(c2ccc(N)cc2)CCC(=O)NC1=O,"InChI=1S/C13H16N2O2/c1-2-13(8-7-11(16)15-12(13)17)9-3-5-10(14)6-4-9/h3-6H,2,7-8,14H2,1H3,(H,15,16,17)/t13-/m1/s1",ROBVIMPUHSLWNV-CYBMUJFWSA-N,0.0,17.0,1.0,18.0,6.0
A4E,"1-[6-[(4-fluorophenyl)methyl]-5-(hydroxymethyl)-3,3-dimethyl-2~{H}-pyrrolo[3,2-b]pyridin-1-yl]-2-[(2~{R},5~{R})-5-methyl-2-[[(3~{R})-3-methylmorpholin-4-yl]methyl]piperazin-4-ium-1-yl]ethanone",C30 H43 F N5 O3,non-polymer,C[C@@H]1CN([C@H](C[NH2+]1)CN2CCOC[C@H]2C)CC(=O)N3CC(c4c3cc(c(n4)CO)Cc5ccc(cc5)F)(C)C,C[C@@H]1CN(CC(=O)N2CC(C)(C)c3nc(CO)c(Cc4ccc(F)cc4)cc32)[C@@H](CN2CCOC[C@H]2C)C[NH2+]1,"InChI=1S/C30H42FN5O3/c1-20-14-35(25(13-32-20)15-34-9-10-39-18-21(34)2)16-28(38)36-19-30(3,4)29-27(36)12-23(26(17-37)33-29)11-22-5-7-24(31)8-6-22/h5-8,12,20-21,25,32,37H,9-11,13-19H2,1-4H3/p+1/t20-,21-,25-/m1/s1",YCXOHEXZVKOGEV-DNRQZRRGSA-O,1.0,39.0,3.0,43.0,12.0
AD3,3-DEAZA-ADENOSINE,C11 H14 N4 O4,non-polymer,c1cnc(c2c1n(cn2)[C@H]3[C@@H]([C@@H]([C@H](O3)CO)O)O)N,Nc1nccc2c1ncn2[C@@H]1O[C@H](CO)[C@@H](O)[C@H]1O,"InChI=1S/C11H14N4O4/c12-10-7-5(1-2-13-10)15(4-14-7)11-9(18)8(17)6(3-16)19-11/h1-2,4,6,8-9,11,16-18H,3H2,(H2,12,13)/t6-,8-,9-,11-/m1/s1",DBZQFUNLCALWDY-PNHWDRBUSA-N,0.0,19.0,4.0,21.0,10.0
ADI,"2',3'-DIDEOXYADENOSINE-5'-DIPHOSPHATE",C10 H15 N5 O8 P2,non-polymer,c1nc(c2c(n1)n(cn2)[C@H]3CC[C@H](O3)CO[P@@](=O)(O)OP(=O)(O)O)N,Nc1ncnc2c1ncn2[C@H]1CC[C@@H](CO[P@@](=O)(O)OP(=O)(O)O)O1,"InChI=1S/C10H15N5O8P2/c11-9-8-10(13-4-12-9)15(5-14-8)7-2-1-6(22-7)3-21-25(19,20)23-24(16,17)18/h4-7H,1-3H2,(H,19,20)(H2,11,12,13)(H2,16,17,18)/t6-,7+/m0/s1",QYFSANXOEHYVFG-NKWVEPMBSA-N,0.0,25.0,3.0,27.0,10.0
AGV,"(2R,3R,4S)-1-[(4-amino-5H-pyrrolo[3,2-d]pyrimidin-7-yl)methyl]-2-(hydroxymethyl)pyrrolidine-3,4-diol",C12 H17 N5 O3,non-polymer,c1c(c2c([nH]1)c(ncn2)N)CN3C[C@@H]([C@@H]([C@H]3CO)O)O,Nc1ncnc2c(CN3C[C@H](O)[C@H](O)[C@H]3CO)c[nH]c12,"InChI=1S/C12H17N5O3/c13-12-10-9(15-5-16-12)6(1-14-10)2-17-3-8(19)11(20)7(17)4-18/h1,5,7-8,11,14,18-20H,2-4H2,(H2,13,15,16)/t7-,8+,11-/m1/s1",RCLRGJMFVIDWTM-VHSKPIJISA-N,0.0,20.0,3.0,22.0,10.0
AO7,4-oxo-4H-1-benzopyran-2-carboxylic acid,C10 H6 O4,non-polymer,c1ccc2c(c1)C(=O)C=C(O2)C(=O)O,O=C(O)c1cc(=O)c2ccccc2o1,"InChI=1S/C10H6O4/c11-7-5-9(10(12)13)14-8-4-2-1-3-6(7)8/h1-5H,(H,12,13)",RVMGXWBCQGAWBR-UHFFFAOYSA-N,0.0,14.0,0.0,15.0,11.0
AQP,ADENOSINE-5'-TETRAPHOSPHATE,C10 H17 N5 O16 P4,non-polymer,c1nc(c2c(n1)n(cn2)[C@H]3[C@@H]([C@@H]([C@H](O3)CO[P@](=O)(O)O[P@@](=O)(O)O[P@@](=O)(O)OP(=O)(O)O)O)O)N,Nc1ncnc2c1ncn2[C@@H]1O[C@H](CO[P@](=O)(O)O[P@@](=O)(O)O[P@@](=O)(O)OP(=O)(O)O)[C@@H](O)[C@H]1O,"InChI=1S/C10H17N5O16P4/c11-8-5-9(13-2-12-8)15(3-14-5)10-7(17)6(16)4(28-10)1-27-33(21,22)30-35(25,26)31-34(23,24)29-32(18,19)20/h2-4,6-7,10,16-17H,1H2,(H,21,22)(H,23,24)(H,25,26)(H2,11,12,13)(H2,18,19,20)/t4-,6-,7-,10-/m1/s1",WWMWAMFHUSTZTA-KQYNXXCUSA-N,0.0,35.0,7.0,37.0,10.0
AU0,Caylin-1,C30 H28 Cl4 N4 O4,non-polymer,CC(C)Oc1cc(ccc1C2=N[C@H]([C@H](N2C(=O)N3CCNC(=O)C3)c4ccc(c(c4)Cl)Cl)c5ccc(c(c5)Cl)Cl)OC,COc1ccc(C2=N[C@@H](c3ccc(Cl)c(Cl)c3)[C@@H](c3ccc(Cl)c(Cl)c3)N2C(=O)N2CCNC(=O)C2)c(OC(C)C)c1,"InChI=1S/C30H28Cl4N4O4/c1-16(2)42-25-14-19(41-3)6-7-20(25)29-36-27(17-4-8-21(31)23(33)12-17)28(18-5-9-22(32)24(34)13-18)38(29)30(40)37-11-10-35-26(39)15-37/h4-9,12-14,16,27-28H,10-11,15H2,1-3H3,(H,35,39)/t27-,28+/m0/s1",SOQGENPVVRSGAY-WUFINQPMSA-N,0.0,42.0,2.0,46.0,18.0
B0A,~{N}-cyclohexyl-2-phenoxy-ethanamide,C14 H19 N O2,non-polymer,c1ccc(cc1)OCC(=O)NC2CCCCC2,O=C(COc1ccccc1)NC1CCCCC1,"InChI=1S/C14H19NO2/c16-14(15-12-7-3-1-4-8-12)11-17-13-9-5-2-6-10-13/h2,5-6,9-10,12H,1,3-4,7-8,11H2,(H,15,16)",CQWWLWGATIFQLU-UHFFFAOYSA-N,0.0,17.0,0.0,18.0,6.0
B1I,N-[(3R)-1-(3-fluorophenyl)piperidin-3-yl]-6-(morpholin-4-yl)pyrimidin-4-amine,C19 H24 F N5 O,non-polymer,c1cc(cc(c1)F)N2CCC[C@H](C2)Nc3cc(ncn3)N4CCOCC4,Fc1cccc(N2CCC[C@@H](Nc3cc(N4CCOCC4)ncn3)C2)c1,"InChI=1S/C19H24FN5O/c20-15-3-1-5-17(11-15)25-6-2-4-16(13-25)23-18-12-19(22-14-21-18)24-7-9-26-10-8-24/h1,3,5,11-12,14,16H,2,4,6-10,13H2,(H,21,22,23)/t16-/m1/s1",JEUVMKMFSZNWAD-MRXNPFEDSA-N,0.0,26.0,1.0,29.0,12.0
B1J,"[1-(4-chlorophenyl)-1,2,3-triazol-4-yl]methanol",C9 H8 Cl N3 O,non-polymer,c1cc(ccc1n2cc(nn2)CO)Cl,OCc1cn(-c2ccc(Cl)cc2)nn1,"InChI=1S/C9H8ClN3O/c10-7-1-3-9(4-2-7)13-5-8(6-14)11-12-13/h1-5,14H,6H2",CAHIFLPAMJOAGI-UHFFFAOYSA-N,0.0,14.0,0.0,15.0,11.0
B5K,"3-[(1~{R})-2-(~{tert}-butylamino)-1-[methanoyl-[[3,4,5-tris(fluoranyl)phenyl]methyl]amino]-2-oxidanylidene-ethyl]-6-chloranyl-1~{H}-indole-2-carboxylic acid",C23 H21 Cl F3 N3 O4,non-polymer,CC(C)(C)NC(=O)[C@@H](c1c2ccc(cc2[nH]c1C(=O)O)Cl)N(Cc3cc(c(c(c3)F)F)F)C=O,CC(C)(C)NC(=O)[C@@H](c1c(C(=O)O)[nH]c2cc(Cl)ccc12)N(C=O)Cc1cc(F)c(F)c(F)c1,"InChI=1S/C23H21ClF3N3O4/c1-23(2,3)29-21(32)20(30(10-31)9-11-6-14(25)18(27)15(26)7-11)17-13-5-4-12(24)8-16(13)28-19(17)22(33)34/h4-8,10,20,28H,9H2,1-3H3,(H,29,32)(H,33,34)/t20-/m1/s1",FZINKXKQKUDBDP-HXUWFJFHSA-N,0.0,34.0,1.0,36.0,16.0
BI6,"(3S,6S,7Z,10AS)-N-(DIPHENYLMETHYL)-6-{[(2S)-2-(METHYLIDENEAMINO)BUTANOYL]AMINO}-5-OXO-1,2,3,5,6,9,10,10A-OCTAHYDROPYRROLO[1,2-A]AZOCINE-3-CARBOXAMIDE",C29 H34 N4 O3,non-polymer,CC[C@@H](C(=O)N[C@H]1C=CCC[C@H]2CC[C@H](N2C1=O)C(=O)NC(c3ccccc3)c4ccccc4)N=C,C=N[C@@H](CC)C(=O)N[C@H]1C=CCC[C@H]2CC[C@@H](C(=O)NC(c3ccccc3)c3ccccc3)N2C1=O,"InChI=1S/C29H34N4O3/c1-3-23(30-2)27(34)31-24-17-11-10-16-22-18-19-25(33(22)29(24)36)28(35)32-26(20-12-6-4-7-13-20)21-14-8-5-9-15-21/h4-9,11-15,17,22-26H,2-3,10,16,18-19H2,1H3,(H,31,34)(H,32,35)/t22-,23-,24-,25-/m0/s1",DOJSRSYBMNHTER-QORCZRPOSA-N,0.0,36.0,4.0,39.0,12.0
BIF,(R)-2-AMINO-3-(4-PHENYLCYCLOHEXYL)PROPANOIC ACID,C15 H15 N O2,L-peptide linking,c1ccc(cc1)c2ccc(cc2)C[C@@H](C(=O)O)N,N[C@@H](Cc1ccc(-c2ccccc2)cc1)C(=O)O,"InChI=1S/C15H15NO2/c16-14(15(17)18)10-11-6-8-13(9-7-11)12-4-2-1-3-5-12/h1-9,14H,10,16H2,(H,17,18)/t14-/m0/s1",JCZLABDVDPYLRZ-AWEZNQCLSA-N,0.0,18.0,1.0,19.0,12.0
BLF,6-chloro-3-[1-(4-chlorobenzyl)-4-phenyl-1H-imidazol-5-yl]-N-[2-(morpholin-4-yl)ethyl]-1H-indole-2-carboxamide,C31 H29 Cl2 N5 O2,non-polymer,c1ccc(cc1)c2c(n(cn2)Cc3ccc(cc3)Cl)c4c5ccc(cc5[nH]c4C(=O)NCCN6CCOCC6)Cl,O=C(NCCN1CCOCC1)c1[nH]c2cc(Cl)ccc2c1-c1c(-c2ccccc2)ncn1Cc1ccc(Cl)cc1,"InChI=1S/C31H29Cl2N5O2/c32-23-8-6-21(7-9-23)19-38-20-35-28(22-4-2-1-3-5-22)30(38)27-25-11-10-24(33)18-26(25)36-29(27)31(39)34-12-13-37-14-16-40-17-15-37/h1-11,18,20,36H,12-17,19H2,(H,34,39)",IFORBTVIRBZFON-UHFFFAOYSA-N,0.0,40.0,0.0,45.0,27.0
BMB,"(3S,6S,7R,9aS)-7-[2-(benzylamino)ethyl]-N-(diphenylmethyl)-6-{[(2S)-2-(methylamino)butanoyl]amino}-5-oxooctahydro-1H-pyrrolo[1,2-a]azepine-3-carboxamide",C37 H47 N5 O3,non-polymer,CC[C@@H](C(=O)N[C@H]1[C@H](CC[C@H]2CC[C@H](N2C1=O)C(=O)NC(c3ccccc3)c4ccccc4)CCNCc5ccccc5)NC,CC[C@H](NC)C(=O)N[C@@H]1C(=O)N2[C@@H](CC[C@@H]1CCNCc1ccccc1)CC[C@H]2C(=O)NC(c1ccccc1)c1ccccc1,"InChI=1S/C37H47N5O3/c1-3-31(38-2)35(43)41-34-29(23-24-39-25-26-13-7-4-8-14-26)19-20-30-21-22-32(42(30)37(34)45)36(44)40-33(27-15-9-5-10-16-27)28-17-11-6-12-18-28/h4-18,29-34,38-39H,3,19-25H2,1-2H3,(H,40,44)(H,41,43)/t29-,30+,31+,32+,34+/m1/s1",NVNDSZWHCFDEAR-UCDLYESDSA-N,0.0,45.0,5.0,49.0,18.0
BP4,biphenyl-4-ylacetic acid,C14 H12 O2,non-polymer,c1ccc(cc1)c2ccc(cc2)CC(=O)O,O=C(O)Cc1ccc(-c2ccccc2)cc1,"InChI=1S/C14H12O2/c15-14(16)10-11-6-8-13(9-7-11)12-4-2-1-3-5-12/h1-9H,10H2,(H,15,16)",QRZAKQDHEVVFRX-UHFFFAOYSA-N,0.0,16.0,0.0,17.0,12.0
BYA,N-(phenylcarbonyl)-beta-alanine,C10 H11 N O3,non-polymer,c1ccc(cc1)C(=O)NCCC(=O)O,O=C(O)CCNC(=O)c1ccccc1,"InChI=1S/C10H11NO3/c12-9(13)6-7-11-10(14)8-4-2-1-3-5-8/h1-5H,6-7H2,(H,11,14)(H,12,13)",CWXYHOHYCJXYFQ-UHFFFAOYSA-N,0.0,14.0,0.0,14.0,6.0
C3K,"(3~{S},6~{S},7~{R},9~{a}~{S})-6-[[(2~{S})-2-(methylamino)propanoyl]amino]-5-oxidanylidene-~{N}-(phenylmethyl)-7-[(propanoylamino)methyl]-3,6,7,8,9,9~{a}-hexahydropyrrolo[1,2-a]azepine-3-carboxamide",C25 H35 N5 O4,non-polymer,CCC(=O)NC[C@H]1CC[C@H]2C=C[C@H](N2C(=O)[C@H]1NC(=O)[C@H](C)NC)C(=O)NCc3ccccc3,CCC(=O)NC[C@H]1CC[C@H]2C=C[C@@H](C(=O)NCc3ccccc3)N2C(=O)[C@H]1NC(=O)[C@H](C)NC,"InChI=1S/C25H35N5O4/c1-4-21(31)27-15-18-10-11-19-12-13-20(24(33)28-14-17-8-6-5-7-9-17)30(19)25(34)22(18)29-23(32)16(2)26-3/h5-9,12-13,16,18-20,22,26H,4,10-11,14-15H2,1-3H3,(H,27,31)(H,28,33)(H,29,32)/t16-,18+,19-,20-,22-/m0/s1",JUEBKGOOCOQQTH-ZFVOUSBOSA-N,0.0,34.0,5.0,36.0,6.0
C3T,"(3~{S},6~{S},7~{S},9~{a}~{S})-~{N}-[(4-~{tert}-butylphenyl)methyl]-7-(hydroxymethyl)-6-[[(2~{S})-2-(methylamino)butanoyl]amino]-5-oxidanylidene-1,2,3,6,7,8,9,9~{a}-octahydropyrrolo[1,2-a]azepine-3-carboxamide",C27 H42 N4 O4,non-polymer,CC[C@@H](C(=O)N[C@H]1[C@H](CC[C@H]2CC[C@H](N2C1=O)C(=O)NCc3ccc(cc3)C(C)(C)C)CO)NC,CC[C@H](NC)C(=O)N[C@@H]1C(=O)N2[C@@H](CC[C@@H]1CO)CC[C@H]2C(=O)NCc1ccc(C(C)(C)C)cc1,"InChI=1S/C27H42N4O4/c1-6-21(28-5)24(33)30-23-18(16-32)9-12-20-13-14-22(31(20)26(23)35)25(34)29-15-17-7-10-19(11-8-17)27(2,3)4/h7-8,10-11,18,20-23,28,32H,6,9,12-16H2,1-5H3,(H,29,34)(H,30,33)/t18-,20+,21+,22+,23+/m1/s1",NJWOUDIHXORURQ-PMAMDCHESA-N,0.0,35.0,5.0,37.0,6.0
C5P,CYTIDINE-5'-MONOPHOSPHATE,C9 H14 N3 O8 P,non-polymer,C1=CN(C(=O)N=C1N)[C@H]2[C@@H]([C@@H]([C@H](O2)COP(=O)(O)O)O)O,Nc1ccn([C@@H]2O[C@H](COP(=O)(O)O)[C@@H](O)[C@H]2O)c(=O)n1,"InChI=1S/C9H14N3O8P/c10-5-1-2-12(9(15)11-5)8-7(14)6(13)4(20-8)3-19-21(16,17)18/h1-2,4,6-8,13-14H,3H2,(H2,10,11,15)(H2,16,17,18)/t4-,6-,7-,8-/m1/s1",IERHLVCPSMICTF-XVFCMESISA-N,0.0,21.0,4.0,22.0,6.0
CCS,CARBOXYMETHYLATED CYSTEINE,C5 H9 N O4 S,L-peptide linking,C([C@@H](C(=O)O)N)SCC(=O)O,N[C@@H](CSCC(=O)O)C(=O)O,"InChI=1S/C5H9NO4S/c6-3(5(9)10)1-11-2-4(7)8/h3H,1-2,6H2,(H,7,8)(H,9,10)/t3-/m0/s1",GBFLZEXEOZUWRN-VKHMYHEASA-N,0.0,11.0,1.0,10.0,0.0
CO9,"1-({2-[(1S)-1-AMINOETHYL]-1,3-OXAZOL-4-YL}CARBONYL)-L-PROLYL-L-TRYPTOPHAN",C22 H25 N5 O5,non-polymer,C[C@@H](c1nc(co1)C(=O)N2CCC[C@H]2C(=O)N[C@@H](Cc3c[nH]c4c3cccc4)C(=O)O)N,C[C@H](N)c1nc(C(=O)N2CCC[C@H]2C(=O)N[C@@H](Cc2c[nH]c3ccccc23)C(=O)O)co1,"InChI=1S/C22H25N5O5/c1-12(23)20-26-17(11-32-20)21(29)27-8-4-7-18(27)19(28)25-16(22(30)31)9-13-10-24-15-6-3-2-5-14(13)15/h2-3,5-6,10-12,16,18,24H,4,7-9,23H2,1H3,(H,25,28)(H,30,31)/t12-,16-,18-/m0/s1",FBRCDLGEWAXPMI-IWEFOYFVSA-N,0.0,32.0,3.0,35.0,15.0
CRO,"{2-[(1R,2R)-1-amino-2-hydroxypropyl]-4-(4-hydroxybenzylidene)-5-oxo-4,5-dihydro-1H-imidazol-1-yl}acetic acid",C15 H17 N3 O5,L-peptide linking,C[C@H]([C@@H](C1=N/C(=C\c2ccc(cc2)O)/C(=O)N1CC(=O)O)N)O,C[C@@H](O)[C@H](N)C1=N/C(=C\c2ccc(O)cc2)C(=O)N1CC(=O)O,"InChI=1S/C15H17N3O5/c1-8(19)13(16)14-17-11(15(23)18(14)7-12(21)22)6-9-2-4-10(20)5-3-9/h2-6,8,13,19-20H,7,16H2,1H3,(H,21,22)/b11-6-/t8-,13+/m1/s1",UZCDFHUXSDKGEZ-NGDPAIJVSA-N,0.0,23.0,2.0,24.0,6.0
CSU,CYSTEINE-S-SULFONIC ACID,C3 H7 N O5 S2,L-peptide linking,C([C@@H](C(=O)O)N)SS(=O)(=O)O,N[C@@H](CSS(=O)(=O)O)C(=O)O,"InChI=1S/C3H7NO5S2/c4-2(3(5)6)1-10-11(7,8)9/h2H,1,4H2,(H,5,6)(H,7,8,9)/t2-/m0/s1",NOKPBJYHPHHWAN-REOHCLBHSA-N,0.0,11.0,1.0,10.0,0.0
D38,"N~2~-[(2S)-2-{[1-(4-carboxybenzyl)-1H-1,2,3-triazol-4-yl]methyl}-3-methylbutanoyl]-L-lysine",C22 H31 N5 O5,non-polymer,CC(C)[C@H](Cc1cn(nn1)Cc2ccc(cc2)C(=O)O)C(=O)N[C@@H](CCCCN)C(=O)O,CC(C)[C@H](Cc1cn(Cc2ccc(C(=O)O)cc2)nn1)C(=O)N[C@@H](CCCCN)C(=O)O,"InChI=1S/C22H31N5O5/c1-14(2)18(20(28)24-19(22(31)32)5-3-4-10-23)11-17-13-27(26-25-17)12-15-6-8-16(9-7-15)21(29)30/h6-9,13-14,18-19H,3-5,10-12,23H2,1-2H3,(H,24,28)(H,29,30)(H,31,32)/t18-,19-/m0/s1",ZFYKXBBWZOQIRM-OALUTQOASA-N,0.0,32.0,2.0,33.0,11.0
D5M,2'-DEOXYADENOSINE-5'-MONOPHOSPHATE,C10 H14 N5 O6 P,non-polymer,c1nc(c2c(n1)n(cn2)[C@H]3C[C@@H]([C@H](O3)COP(=O)(O)O)O)N,Nc1ncnc2c1ncn2[C@H]1C[C@H](O)[C@@H](COP(=O)(O)O)O1,"InChI=1S/C10H14N5O6P/c11-9-8-10(13-3-12-9)15(4-14-8)7-1-5(16)6(21-7)2-20-22(17,18)19/h3-7,16H,1-2H2,(H2,11,12,13)(H2,17,18,19)/t5-,6+,7+/m0/s1",KHWCHTKSEGGWEX-RRKCRQDMSA-N,0.0,22.0,3.0,24.0,10.0
D8N,"~{N}-[4-[(5~{R})-4,5-dihydro-1,2-oxazol-5-yl]phenyl]ethanamide",C11 H12 N2 O2,non-polymer,CC(=O)Nc1ccc(cc1)[C@H]2CC=NO2,CC(=O)Nc1ccc([C@H]2CC=NO2)cc1,"InChI=1S/C11H12N2O2/c1-8(14)13-10-4-2-9(3-5-10)11-6-7-12-15-11/h2-5,7,11H,6H2,1H3,(H,13,14)/t11-/m1/s1",NXJZQAOQHFVDJW-LLVKDONJSA-N,0.0,15.0,1.0,16.0,6.0
D97,"(1S,2S,3S,4R,5R)-4-(morpholin-4-yl)-2-[(quinolin-3-ylmethyl)amino]-6,8-dioxabicyclo[3.2.1]octan-3-ol",C20 H25 N3 O4,non-polymer,c1ccc2c(c1)cc(cn2)CN[C@@H]3[C@H]4CO[C@H](O4)[C@@H]([C@H]3O)N5CCOCC5,O[C@H]1[C@H](NCc2cnc3ccccc3c2)[C@H]2CO[C@H](O2)[C@@H]1N1CCOCC1,"InChI=1S/C20H25N3O4/c24-19-17(22-11-13-9-14-3-1-2-4-15(14)21-10-13)16-12-26-20(27-16)18(19)23-5-7-25-8-6-23/h1-4,9-10,16-20,22,24H,5-8,11-12H2/t16-,17-,18-,19+,20-/m1/s1",BOMGHVJKULNWEW-LTFPLMDUSA-N,0.0,27.0,5.0,31.0,11.0
DHC,CAFFEIC ACID,C9 H8 O4,non-polymer,c1cc(c(cc1\C=C\C(=O)O)O)O,O=C(O)/C=C/c1ccc(O)c(O)c1,"InChI=1S/C9H8O4/c10-7-3-1-6(5-8(7)11)2-4-9(12)13/h1-5,10-11H,(H,12,13)/b4-2+",QAIPRVGONGVQAS-DUXPYHPUSA-N,0.0,13.0,0.0,13.0,6.0
DIZ,"(4-CHLOROPHENYL)[3-(4-CHLOROPHENYL)-7-IODO-2,5-DIOXO-1,2,3,5-TETRAHYDRO-4H-1,4-BENZODIAZEPIN-4-YL]ACETIC ACID",C23 H15 Cl2 I N2 O4,non-polymer,c1cc(ccc1[C@H]2C(=O)Nc3ccc(cc3C(=O)N2[C@@H](c4ccc(cc4)Cl)C(=O)O)I)Cl,O=C(O)[C@H](c1ccc(Cl)cc1)N1C(=O)c2cc(I)ccc2NC(=O)[C@@H]1c1ccc(Cl)cc1,"InChI=1S/C23H15Cl2IN2O4/c24-14-5-1-12(2-6-14)19-21(29)27-18-10-9-16(26)11-17(18)22(30)28(19)20(23(31)32)13-3-7-15(25)8-4-13/h1-11,19-20H,(H,27,29)(H,31,32)/t19-,20-/m0/s1",HQEQUYKKMMKSSX-PMACEKPBSA-N,0.0,32.0,2.0,35.0,18.0
DTD,DITHIANE DIOL,C4 H8 O2 S2,non-polymer,C1[C@@H]([C@H](CSS1)O)O,O[C@H]1CSSC[C@@H]1O,"InChI=1S/C4H8O2S2/c5-3-1-7-8-2-4(3)6/h3-6H,1-2H2/t3-,4-/m0/s1",YPGMOWHXEQDBBV-IMJSIDKUSA-N,0.0,8.0,2.0,8.0,0.0
DUR,2'-DEOXYURIDINE,C9 H12 N2 O5,non-polymer,C1[C@@H]([C@H](O[C@H]1N2C=CC(=O)NC2=O)CO)O,O=c1ccn([C@H]2C[C@H](O)[C@@H](CO)O2)c(=O)[nH]1,"InChI=1S/C9H12N2O5/c12-4-6-5(13)3-8(16-6)11-2-1-7(14)10-9(11)15/h1-2,5-6,8,12-13H,3-4H2,(H,10,14,15)/t5-,6+,8+/m0/s1",MXHRCPNRJAMMIM-SHYZEUOFSA-N,0.0,16.0,3.0,17.0,6.0
DV2,"~{N}-[(2~{S})-1-[(2~{S},4~{R})-2-[[4-(4-methyl-1,3-thiazol-5-yl)phenyl]methylcarbamothioyl]-4-oxidanyl-pyrrolidin-1-yl]-1-oxidanylidene-propan-2-yl]ethanamide",C21 H26 N4 O3 S2,non-polymer,Cc1c(scn1)c2ccc(cc2)CNC(=S)[C@@H]3C[C@H](CN3C(=O)[C@H](C)NC(=O)C)O,CC(=O)N[C@@H](C)C(=O)N1C[C@H](O)C[C@H]1C(=S)NCc1ccc(-c2scnc2C)cc1,"InChI=1S/C21H26N4O3S2/c1-12-19(30-11-23-12)16-6-4-15(5-7-16)9-22-20(29)18-8-17(27)10-25(18)21(28)13(2)24-14(3)26/h4-7,11,13,17-18,27H,8-10H2,1-3H3,(H,22,29)(H,24,26)/t13-,17+,18-/m0/s1",XGBXEQHIGHVMKO-VHSSKADRSA-N,0.0,30.0,3.0,32.0,11.0
DV5,"(2~{S},4~{R})-1-[(2~{S})-2-acetamidopropanethioyl]-~{N}-[[4-(4-methyl-1,3-thiazol-5-yl)phenyl]methyl]-4-oxidanyl-pyrrolidine-2-carboxamide",C21 H26 N4 O3 S2,non-polymer,Cc1c(scn1)c2ccc(cc2)CNC(=O)[C@@H]3C[C@H](CN3C(=S)[C@H](C)NC(=O)C)O,CC(=O)N[C@@H](C)C(=S)N1C[C@H](O)C[C@H]1C(=O)NCc1ccc(-c2scnc2C)cc1,"InChI=1S/C21H26N4O3S2/c1-12-19(30-11-23-12)16-6-4-15(5-7-16)9-22-20(28)18-8-17(27)10-25(18)21(29)13(2)24-14(3)26/h4-7,11,13,17-18,27H,8-10H2,1-3H3,(H,22,28)(H,24,26)/t13-,17+,18-/m0/s1",WHYNNQMYHZONCV-VHSSKADRSA-N,0.0,30.0,3.0,32.0,11.0
DV8,"~{N}-[(2~{S})-1-[(2~{S},4~{R})-2-[[4-(4-methyl-1,3-thiazol-5-yl)phenyl]methylcarbamothioyl]-4-oxidanyl-pyrrolidin-1-yl]-1-sulfanylidene-propan-2-yl]ethanamide",C21 H26 N4 O2 S3,non-polymer,Cc1c(scn1)c2ccc(cc2)CNC(=S)[C@@H]3C[C@H](CN3C(=S)[C@H](C)NC(=O)C)O,CC(=O)N[C@@H](C)C(=S)N1C[C@H](O)C[C@H]1C(=S)NCc1ccc(-c2scnc2C)cc1,"InChI=1S/C21H26N4O2S3/c1-12-19(30-11-23-12)16-6-4-15(5-7-16)9-22-20(28)18-8-17(27)10-25(18)21(29)13(2)24-14(3)26/h4-7,11,13,17-18,27H,8-10H2,1-3H3,(H,22,28)(H,24,26)/t13-,17+,18-/m0/s1",NPFDMJWSPHYAKU-VHSSKADRSA-N,0.0,30.0,3.0,32.0,11.0
DYW,(2~{S})-1-[(2~{S})-2-azanyl-4-oxidanyl-4-oxidanylidene-butanoyl]pyrrolidine-2-carboxylic acid,C9 H14 N2 O5,non-polymer,C1C[C@H](N(C1)C(=O)[C@H](CC(=O)O)N)C(=O)O,N[C@@H](CC(=O)O)C(=O)N1CCC[C@H]1C(=O)O,"InChI=1S/C9H14N2O5/c10-5(4-7(12)13)8(14)11-3-1-2-6(11)9(15)16/h5-6H,1-4,10H2,(H,12,13)(H,15,16)/t5-,6-/m0/s1",UKGGPJNBONZZCM-WDSKDSINSA-N,0.0,16.0,2.0,16.0,0.0
E03,6-FLUORO-D-TRYPTOPHAN,C11 H11 F N2 O2,D-peptide linking,c1cc2c(cc1F)[nH]cc2C[C@H](C(=O)O)N,N[C@H](Cc1c[nH]c2cc(F)ccc12)C(=O)O,"InChI=1S/C11H11FN2O2/c12-7-1-2-8-6(3-9(13)11(15)16)5-14-10(8)4-7/h1-2,4-5,9,14H,3,13H2,(H,15,16)/t9-/m1/s1",YMEXGEAJNZRQEH-SECBINFHSA-N,0.0,16.0,1.0,17.0,10.0
EB4,"N,N',N''-[(3S,7S,11S)-2,6,10-trioxo-1,5,9-trioxacyclododecane-3,7,11-triyl]tris(2,3-dihydroxybenzamide)",C30 H27 N3 O15,non-polymer,c1cc(c(c(c1)O)O)C(=O)N[C@H]2COC(=O)[C@H](COC(=O)[C@H](COC2=O)NC(=O)c3cccc(c3O)O)NC(=O)c4cccc(c4O)O,O=C(N[C@H]1COC(=O)[C@@H](NC(=O)c2cccc(O)c2O)COC(=O)[C@@H](NC(=O)c2cccc(O)c2O)COC1=O)c1cccc(O)c1O,"InChI=1S/C30H27N3O15/c34-19-7-1-4-13(22(19)37)25(40)31-16-10-46-29(44)18(33-27(42)15-6-3-9-21(36)24(15)39)12-48-30(45)17(11-47-28(16)43)32-26(41)14-5-2-8-20(35)23(14)38/h1-9,16-18,34-39H,10-12H2,(H,31,40)(H,32,41)(H,33,42)/t16-,17-,18-/m0/s1",SERBHKJMVBATSJ-BZSNNMDCSA-N,0.0,48.0,3.0,51.0,18.0
EFG,"1-(2-deoxy-2-fluoro-5-O-phosphono-beta-D-arabinofuranosyl)-1H-imidazo[2,1-b]purin-4(5H)-one",C12 H13 F N5 O7 P,non-polymer,c1cn-2c(n1)NC(=O)c3c2n(cn3)[C@H]4[C@H]([C@@H]([C@H](O4)COP(=O)(O)O)O)F,O=c1[nH]c2nccn2c2c1ncn2[C@@H]1O[C@H](COP(=O)(O)O)[C@@H](O)[C@@H]1F,"InChI=1S/C12H13FN5O7P/c13-6-8(19)5(3-24-26(21,22)23)25-11(6)18-4-15-7-9(20)16-12-14-1-2-17(12)10(7)18/h1-2,4-6,8,11,19H,3H2,(H,14,16,20)(H2,21,22,23)/t5-,6+,8-,11-/m1/s1",CNUAFEDIAQGGKR-WCGPTHBMSA-N,0.0,26.0,4.0,29.0,14.0
EQ7,"8-chloro-2-[(2,4-dichlorophenyl)amino]-3-(3-methylbutanoyl)-5-nitroquinolin-4(1H)-one",C20 H16 Cl3 N3 O4,non-polymer,CC(C)CC(=O)C1=C(Nc2c(ccc(c2C1=O)N(=O)=O)Cl)Nc3ccc(cc3Cl)Cl,CC(C)CC(=O)c1c(Nc2ccc(Cl)cc2Cl)[nH]c2c(Cl)ccc([N+](=O)[O-])c2c1=O,"InChI=1S/C20H16Cl3N3O4/c1-9(2)7-15(27)17-19(28)16-14(26(29)30)6-4-11(22)18(16)25-20(17)24-13-5-3-10(21)8-12(13)23/h3-6,8-9H,7H2,1-2H3,(H2,24,25,28)",LRTXIQCBQIKIOH-UHFFFAOYSA-N,0.0,30.0,0.0,32.0,17.0
EXE,"(2~{R},3~{S},4~{S})-1-[(2~{S})-2-acetamido-3,3-dimethyl-butanoyl]-3-fluoranyl-~{N}-[[4-(4-methyl-1,3-thiazol-5-yl)phenyl]methyl]-4-oxidanyl-pyrrolidine-2-carboxamide",C24 H31 F N4 O4 S,non-polymer,Cc1c(scn1)c2ccc(cc2)CNC(=O)[C@@H]3[C@@H]([C@H](CN3C(=O)[C@H](C(C)(C)C)NC(=O)C)O)F,CC(=O)N[C@H](C(=O)N1C[C@H](O)[C@@H](F)[C@H]1C(=O)NCc1ccc(-c2scnc2C)cc1)C(C)(C)C,"InChI=1S/C24H31FN4O4S/c1-13-20(34-12-27-13)16-8-6-15(7-9-16)10-26-22(32)19-18(25)17(31)11-29(19)23(33)21(24(3,4)5)28-14(2)30/h6-9,12,17-19,21,31H,10-11H2,1-5H3,(H,26,32)(H,28,30)/t17-,18+,19-,21+/m0/s1",MNNVXLLCYGGFOQ-YOUFYPILSA-N,0.0,34.0,4.0,36.0,11.0
EXH,"(2~{R},3~{R},4~{S})-1-[(2~{S})-2-acetamido-3,3-dimethyl-butanoyl]-3-fluoranyl-~{N}-[[4-(4-methyl-1,3-thiazol-5-yl)phenyl]methyl]-4-oxidanyl-pyrrolidine-2-carboxamide",C24 H31 F N4 O4 S,non-polymer,Cc1c(scn1)c2ccc(cc2)CNC(=O)[C@@H]3[C@H]([C@H](CN3C(=O)[C@H](C(C)(C)C)NC(=O)C)O)F,CC(=O)N[C@H](C(=O)N1C[C@H](O)[C@H](F)[C@H]1C(=O)NCc1ccc(-c2scnc2C)cc1)C(C)(C)C,"InChI=1S/C24H31FN4O4S/c1-13-20(34-12-27-13)16-8-6-15(7-9-16)10-26-22(32)19-18(25)17(31)11-29(19)23(33)21(24(3,4)5)28-14(2)30/h6-9,12,17-19,21,31H,10-11H2,1-5H3,(H,26,32)(H,28,30)/t17-,18-,19-,21+/m0/s1",MNNVXLLCYGGFOQ-VNYTWHDVSA-N,0.0,34.0,4.0,36.0,11.0
EYH,"(4~{S})-4-(4-chloranyl-2-methyl-phenyl)-5-(5-chloranyl-2-methyl-phenyl)-2-(2,4-dimethoxypyrimidin-5-yl)-3-propan-2-yl-4~{H}-pyrrolo[3,4-d]imidazol-6-one",C28 H27 Cl2 N5 O3,non-polymer,Cc1ccc(cc1N2[C@H](c3c(nc(n3C(C)C)c4cnc(nc4OC)OC)C2=O)c5ccc(cc5C)Cl)Cl,COc1ncc(-c2nc3c(n2C(C)C)[C@H](c2ccc(Cl)cc2C)N(c2cc(Cl)ccc2C)C3=O)c(OC)n1,"InChI=1S/C28H27Cl2N5O3/c1-14(2)34-24-22(32-25(34)20-13-31-28(38-6)33-26(20)37-5)27(36)35(21-12-18(30)8-7-15(21)3)23(24)19-10-9-17(29)11-16(19)4/h7-14,23H,1-6H3/t23-/m0/s1",XBJHBEQDHSREQB-QHCPKHFHSA-N,0.0,38.0,1.0,42.0,23.0
F06,2-chlorobenzyl carbamimidothioate,C8 H9 Cl N2 S,non-polymer,[H]/N=C(\N)/SCc1ccccc1Cl,[H]/N=C(\N)SCc1ccccc1Cl,"InChI=1S/C8H9ClN2S/c9-7-4-2-1-3-6(7)5-12-8(10)11/h1-4H,5H2,(H3,10,11)",SFKYKNIIEFCNBX-UHFFFAOYSA-N,0.0,13.0,0.0,13.0,6.0
F41,"N-(1,3-benzodioxol-5-yl)-2-(piperidin-1-yl)acetamide",C14 H18 N2 O3,non-polymer,c1cc2c(cc1NC(=O)CN3CCCCC3)OCO2,O=C(CN1CCCCC1)Nc1ccc2c(c1)OCO2,"InChI=1S/C14H18N2O3/c17-14(9-16-6-2-1-3-7-16)15-11-4-5-12-13(8-11)19-10-18-12/h4-5,8H,1-3,6-7,9-10H2,(H,15,17)",KUAQEDPYOBHGFT-UHFFFAOYSA-N,0.0,19.0,0.0,21.0,6.0
F4E,"methyl 4~{H}-furo[3,2-b]pyrrole-5-carboxylate",C8 H7 N O3,non-polymer,COC(=O)c1cc2c([nH]1)cco2,COC(=O)c1cc2occc2[nH]1,"InChI=1S/C8H7NO3/c1-11-8(10)6-4-7-5(9-6)2-3-12-7/h2-4,9H,1H3",LIIJOCBTGRORSY-UHFFFAOYSA-N,0.0,12.0,0.0,13.0,9.0
F4U,"2-[(3~{S})-2,6-bis(oxidanylidene)piperidin-3-yl]-5-oxidanyl-isoindole-1,3-dione",C13 H10 N2 O5,non-polymer,c1cc2c(cc1O)C(=O)N(C2=O)[C@H]3CCC(=O)NC3=O,O=C1CC[C@H](N2C(=O)c3ccc(O)cc3C2=O)C(=O)N1,"InChI=1S/C13H10N2O5/c16-6-1-2-7-8(5-6)13(20)15(12(7)19)9-3-4-10(17)14-11(9)18/h1-2,5,9,16H,3-4H2,(H,14,17,18)/t9-/m0/s1",LJBQRRQTZUJWRC-VIFPVBQESA-N,0.0,20.0,1.0,22.0,6.0
F5N,"2-(imidazo[1,2-a]pyridin-2-yl)-N-phenylacetamide",C15 H13 N3 O,non-polymer,c1ccc(cc1)NC(=O)Cc2cn3ccccc3n2,O=C(Cc1cn2ccccc2n1)Nc1ccccc1,"InChI=1S/C15H13N3O/c19-15(17-12-6-2-1-3-7-12)10-13-11-18-9-5-4-8-14(18)16-13/h1-9,11H,10H2,(H,17,19)",NYOYOCWWJBDHMW-UHFFFAOYSA-N,0.0,19.0,0.0,21.0,16.0
F63,N-methyl-1-[5-(pyridin-3-yloxy)furan-2-yl]methanamine,C11 H12 N2 O2,non-polymer,CNCc1ccc(o1)Oc2cccnc2,CNCc1ccc(Oc2cccnc2)o1,"InChI=1S/C11H12N2O2/c1-12-7-10-4-5-11(15-10)14-9-3-2-6-13-8-9/h2-6,8,12H,7H2,1H3",MUKCVLFJCGZPKF-UHFFFAOYSA-N,0.0,15.0,0.0,16.0,11.0
F7B,"6-chloranyl-2,3-dihydrothiochromen-4-one",C9 H7 Cl O S,non-polymer,c1cc2c(cc1Cl)C(=O)CCS2,O=C1CCSc2ccc(Cl)cc21,"InChI=1S/C9H7ClOS/c10-6-1-2-9-7(5-6)8(11)3-4-12-9/h1-2,5H,3-4H2",OKHUUKHZUNKSQA-UHFFFAOYSA-N,0.0,12.0,0.0,13.0,6.0
F91,"N-(pyridin-4-ylmethyl)-2,3-dihydro-1,4-benzodioxin-6-amine",C14 H14 N2 O2,non-polymer,c1cc2c(cc1NCc3ccncc3)OCCO2,c1cc(CNc2ccc3c(c2)OCCO3)ccn1,"InChI=1S/C14H14N2O2/c1-2-13-14(18-8-7-17-13)9-12(1)16-10-11-3-5-15-6-4-11/h1-6,9,16H,7-8,10H2",ZEHRBOVXNPCYAK-UHFFFAOYSA-N,0.0,18.0,0.0,20.0,12.0
FA0,2-amino-4-fluorobenzoic acid,C7 H6 F N O2,non-polymer,c1cc(c(cc1F)N)C(=O)O,Nc1cc(F)ccc1C(=O)O,"InChI=1S/C7H6FNO2/c8-4-1-2-5(7(10)11)6(9)3-4/h1-3H,9H2,(H,10,11)",LGPVTNAJFDUWLF-UHFFFAOYSA-N,0.0,11.0,0.0,11.0,6.0
FB2,benzenesulfonamide,C6 H7 N O2 S,non-polymer,c1ccc(cc1)S(=O)(=O)N,NS(=O)(=O)c1ccccc1,"InChI=1S/C6H7NO2S/c7-10(8,9)6-4-2-1-3-5-6/h1-5H,(H2,7,8,9)",KHBQMWCZKVMBLN-UHFFFAOYSA-N,0.0,10.0,0.0,10.0,6.0
FL5,"12-(dimethylamino)-3,10-diethyl-N,N,N-trimethyl-3,10-dihydrodibenzo[3,4:7,8]cycloocta[1,2-d:5,6-d']bis([1,2,3]triazole)-5-aminium",C25 H31 N8,non-polymer,CCn1c-2c(nn1)-c3ccc(cc3-c4c(nnn4CC)-c5c2cc(cc5)N(C)C)[N+](C)(C)C,CCn1nnc2c1-c1cc(N(C)C)ccc1-c1nnn(CC)c1-c1cc([N+](C)(C)C)ccc1-2,"InChI=1S/C25H31N8/c1-8-31-24-20-14-16(30(3)4)10-12-18(20)22-25(32(9-2)29-26-22)21-15-17(33(5,6)7)11-13-19(21)23(24)27-28-31/h10-15H,8-9H2,1-7H3/q+1",QOPAGBBAMAJINO-UHFFFAOYSA-N,1.0,33.0,0.0,37.0,22.0
FLK,"3-chloranyl-~{N}'-(4,5-dihydro-1~{H}-imidazol-3-ium-2-yl)propanehydrazide",C6 H12 Cl N4 O,non-polymer,C1C[NH+]=C(N1)NNC(=O)CCCl,O=C(CCCl)NNC1=[NH+]CCN1,"InChI=1S/C6H11ClN4O/c7-2-1-5(12)10-11-6-8-3-4-9-6/h1-4H2,(H,10,12)(H2,8,9,11)/p+1",KIPZHINDKFZDKZ-UHFFFAOYSA-O,1.0,12.0,0.0,12.0,0.0
FNR,"1-DEOXY-1-(7,8-DIMETHYL-2,4-DIOXO-3,4-DIHYDRO-2H-BENZO[G]PTERIDIN-1-ID-10(5H)-YL)-5-O-PHOSPHONATO-D-RIBITOL",C17 H23 N4 O9 P,non-polymer,Cc1cc2c(cc1C)N(C3=C(N2)C(=O)NC(=O)N3)C[C@@H]([C@@H]([C@@H](COP(=O)(O)O)O)O)O,Cc1cc2c(cc1C)N(C[C@H](O)[C@H](O)[C@H](O)COP(=O)(O)O)c1[nH]c(=O)[nH]c(=O)c1N2,"InChI=1S/C17H23N4O9P/c1-7-3-9-10(4-8(7)2)21(15-13(18-9)16(25)20-17(26)19-15)5-11(22)14(24)12(23)6-30-31(27,28)29/h3-4,11-12,14,18,22-24H,5-6H2,1-2H3,(H2,27,28,29)(H2,19,20,25,26)/t11-,12+,14-/m0/s1",YTNIXZGTHTVJBW-SCRDCRAPSA-N,0.0,31.0,3.0,33.0,12.0
FRU,beta-D-fructofuranose,C6 H12 O6,"D-saccharide, beta linking",C([C@@H]1[C@H]([C@@H]([C@](O1)(CO)O)O)O)O,OC[C@H]1O[C@](O)(CO)[C@@H](O)[C@@H]1O,"InChI=1S/C6H12O6/c7-1-3-4(9)5(10)6(11,2-8)12-3/h3-5,7-11H,1-2H2/t3-,4-,5+,6-/m1/s1",RFSUNEUAIZKAJO-ARQDHWQXSA-N,0.0,12.0,4.0,12.0,0.0
FUE,"2-[[(2~{R},5~{R})-1-[2-[6-[(4-fluorophenyl)methyl]-3,3-dimethyl-2~{H}-pyrrolo[3,2-b]pyridin-1-yl]-2-oxidanylidene-ethyl]-5-methyl-piperazin-2-yl]methyl]-3~{H}-isoindol-1-one",C32 H36 F N5 O2,non-polymer,C[C@@H]1CN([C@H](CN1)CN2Cc3ccccc3C2=O)CC(=O)N4CC(c5c4cc(cn5)Cc6ccc(cc6)F)(C)C,C[C@@H]1CN(CC(=O)N2CC(C)(C)c3ncc(Cc4ccc(F)cc4)cc32)[C@@H](CN2Cc3ccccc3C2=O)CN1,"InChI=1S/C32H36FN5O2/c1-21-16-36(26(15-34-21)18-37-17-24-6-4-5-7-27(24)31(37)40)19-29(39)38-20-32(2,3)30-28(38)13-23(14-35-30)12-22-8-10-25(33)11-9-22/h4-11,13-14,21,26,34H,12,15-20H2,1-3H3/t21-,26-/m1/s1",XYDGOXJJDFKAAT-QFQXNSOFSA-N,0.0,40.0,2.0,45.0,18.0
FUK,"2-[(2~{R},5~{R})-2-[[(3~{R},5~{R})-3,5-dimethylmorpholin-4-yl]methyl]-5-methyl-piperazin-1-yl]-1-[6-[(~{S})-(4-fluorophenyl)-oxidanyl-methyl]-3,3-dimethyl-2~{H}-pyrrolo[3,2-b]pyridin-1-yl]ethanone",C30 H42 F N5 O3,non-polymer,C[C@@H]1CN([C@H](CN1)CN2[C@@H](COC[C@H]2C)C)CC(=O)N3CC(c4c3cc(cn4)[C@H](c5ccc(cc5)F)O)(C)C,C[C@@H]1CN(CC(=O)N2CC(C)(C)c3ncc([C@@H](O)c4ccc(F)cc4)cc32)[C@@H](CN2[C@H](C)COC[C@H]2C)CN1,"InChI=1S/C30H42FN5O3/c1-19-13-34(25(12-32-19)14-35-20(2)16-39-17-21(35)3)15-27(37)36-18-30(4,5)29-26(36)10-23(11-33-29)28(38)22-6-8-24(31)9-7-22/h6-11,19-21,25,28,32,38H,12-18H2,1-5H3/t19-,20-,21-,25-,28+/m1/s1",MVQVBQBVVYPBCQ-DTRJGPSISA-N,0.0,39.0,5.0,43.0,12.0
GCP,PHOSPHOMETHYLPHOSPHONIC ACID GUANYLATE ESTER,C11 H18 N5 O13 P3,non-polymer,c1nc2c(n1[C@H]3[C@@H]([C@@H]([C@H](O3)CO[P@](=O)(O)O[P@@](=O)(CP(=O)(O)O)O)O)O)N=C(NC2=O)N,Nc1nc2c(ncn2[C@@H]2O[C@H](CO[P@](=O)(O)O[P@](=O)(O)CP(=O)(O)O)[C@@H](O)[C@H]2O)c(=O)[nH]1,"InChI=1S/C11H18N5O13P3/c12-11-14-8-5(9(19)15-11)13-2-16(8)10-7(18)6(17)4(28-10)1-27-32(25,26)29-31(23,24)3-30(20,21)22/h2,4,6-7,10,17-18H,1,3H2,(H,23,24)(H,25,26)(H2,20,21,22)(H3,12,14,15,19)/t4-,6-,7-,10-/m1/s1",PHBDHXOBFUBCJD-KQYNXXCUSA-N,0.0,32.0,6.0,34.0,10.0
GLO,D-glucose,C6 H12 O6,D-saccharide,C([C@H]([C@H]([C@@H]([C@H](C=O)O)O)O)O)O,O=C[C@H](O)[C@@H](O)[C@H](O)[C@H](O)CO,"InChI=1S/C6H12O6/c7-1-3(9)5(11)6(12)4(10)2-8/h1,3-6,8-12H,2H2/t3-,4+,5+,6+/m0/s1",GZCGUPFRVQAUEE-SLPGGIOYSA-N,0.0,12.0,4.0,11.0,0.0
GQJ,"methyl (2~{S},4~{R})-1-(furan-2-ylcarbonyl)-4-oxidanyl-pyrrolidine-2-carboxylate",C11 H13 N O5,non-polymer,COC(=O)[C@@H]1C[C@H](CN1C(=O)c2ccco2)O,COC(=O)[C@@H]1C[C@@H](O)CN1C(=O)c1ccco1,"InChI=1S/C11H13NO5/c1-16-11(15)8-5-7(13)6-12(8)10(14)9-3-2-4-17-9/h2-4,7-8,13H,5-6H2,1H3/t7-,8+/m1/s1",GVYWVRYDCMRUCE-SFYZADRCSA-N,0.0,17.0,2.0,18.0,5.0
GTJ,~{N}-(1-propylbenzimidazol-2-yl)propanamide,C13 H17 N3 O,non-polymer,CCCn1c2ccccc2nc1NC(=O)CC,CCCn1c(NC(=O)CC)nc2ccccc21,"InChI=1S/C13H17N3O/c1-3-9-16-11-8-6-5-7-10(11)14-13(16)15-12(17)4-2/h5-8H,3-4,9H2,1-2H3,(H,14,15,17)",KFQGOQCGYCFOQG-UHFFFAOYSA-N,0.0,17.0,0.0,18.0,10.0
GX4,cyclopropyl-[4-(4-fluorophenyl)piperazin-1-yl]methanone,C14 H17 F N2 O,non-polymer,c1cc(ccc1N2CCN(CC2)C(=O)C3CC3)F,O=C(C1CC1)N1CCN(c2ccc(F)cc2)CC1,"InChI=1S/C14H17FN2O/c15-12-3-5-13(6-4-12)16-7-9-17(10-8-16)14(18)11-1-2-11/h3-6,11H,1-2,7-10H2",FYCKRJKFEXRNGG-UHFFFAOYSA-N,0.0,18.0,0.0,20.0,6.0
GX8,2-[[4-[2-hydroxy-2-oxoethyl-(4-methoxyphenyl)sulfonyl-amino]-3-phenylmethoxy-phenyl]-(4-methoxyphenyl)sulfonyl-amino]ethanoic acid,C31 H30 N2 O11 S2,non-polymer,COc1ccc(cc1)S(=O)(=O)N(CC(=O)O)c2ccc(c(c2)OCc3ccccc3)N(CC(=O)O)S(=O)(=O)c4ccc(cc4)OC,COc1ccc(S(=O)(=O)N(CC(=O)O)c2ccc(N(CC(=O)O)S(=O)(=O)c3ccc(OC)cc3)c(OCc3ccccc3)c2)cc1,"InChI=1S/C31H30N2O11S2/c1-42-24-9-13-26(14-10-24)45(38,39)32(19-30(34)35)23-8-17-28(29(18-23)44-21-22-6-4-3-5-7-22)33(20-31(36)37)46(40,41)27-15-11-25(43-2)12-16-27/h3-18H,19-21H2,1-2H3,(H,34,35)(H,36,37)",WLXLBNHWWYEQCG-UHFFFAOYSA-N,0.0,46.0,0.0,49.0,24.0
H04,1-(2-ethoxyphenyl)piperazine,C12 H18 N2 O,non-polymer,CCOc1ccccc1N2CCNCC2,CCOc1ccccc1N1CCNCC1,"InChI=1S/C12H18N2O/c1-2-15-12-6-4-3-5-11(12)14-9-7-13-8-10-14/h3-6,13H,2,7-10H2,1H3",FBQIUSDQWOLCNY-UHFFFAOYSA-N,0.0,15.0,0.0,16.0,6.0
H28,"(3~{S},3'~{R},3'~{a}~{S},6'~{a}~{R})-6-chloranyl-3'-(3-chloranyl-2-fluoranyl-phenyl)-1'-(cyclopropylmethyl)spiro[1~{H}-indole-3,2'-3~{a},6~{a}-dihydro-3~{H}-pyrrolo[3,4-b]pyrrole]-2,4'-dione",C23 H18 Cl2 F N3 O2,non-polymer,c1cc(c(c(c1)Cl)F)[C@H]2[C@H]3[C@H](C=NC3=O)N([C@]24c5ccc(cc5NC4=O)Cl)CC6CC6,O=C1N=C[C@H]2[C@@H]1[C@H](c1cccc(Cl)c1F)[C@]1(C(=O)Nc3cc(Cl)ccc31)N2CC1CC1,"InChI=1S/C23H18Cl2FN3O2/c24-12-6-7-14-16(8-12)28-22(31)23(14)19(13-2-1-3-15(25)20(13)26)18-17(9-27-21(18)30)29(23)10-11-4-5-11/h1-3,6-9,11,17-19H,4-5,10H2,(H,28,31)/t17-,18+,19-,23+/m0/s1",ZWMAKFAKGSTVDL-QPXQOZNCSA-N,0.0,31.0,4.0,36.0,12.0
HIA,L-HISTIDINE AMIDE,C6 H10 N4 O,L-peptide linking,c1c([nH]cn1)C[C@@H](C(=O)N)N,NC(=O)[C@@H](N)Cc1cnc[nH]1,"InChI=1S/C6H10N4O/c7-5(6(8)11)1-4-2-9-3-10-4/h2-3,5H,1,7H2,(H2,8,11)(H,9,10)/t5-/m0/s1",UMMQVDUMUMBTAV-YFKPBYRVSA-N,0.0,11.0,1.0,11.0,5.0
HPP,HYDROXYPHENYL PROPIONIC ACID,C9 H10 O3,non-polymer,c1cc(ccc1CCC(=O)O)O,O=C(O)CCc1ccc(O)cc1,"InChI=1S/C9H10O3/c10-8-4-1-7(2-5-8)3-6-9(11)12/h1-2,4-5,10H,3,6H2,(H,11,12)",NMHMNPHRMNGLLB-UHFFFAOYSA-N,0.0,12.0,0.0,12.0,6.0
HRG,L-HOMOARGININE,C7 H16 N4 O2,L-peptide linking,C(CCNC(=N)N)C[C@@H](C(=O)O)N,N=C(N)NCCCC[C@H](N)C(=O)O,"InChI=1S/C7H16N4O2/c8-5(6(12)13)3-1-2-4-11-7(9)10/h5H,1-4,8H2,(H,12,13)(H4,9,10,11)/t5-/m0/s1",QUOGESRFPZDMMT-YFKPBYRVSA-N,0.0,13.0,1.0,12.0,0.0
HRH,"(4~{S})-5-(3-chloranyl-2-fluoranyl-phenyl)-4-(4-chloranyl-2-methyl-phenyl)-3-propan-2-yl-1,4-dihydropyrrolo[3,4-c]pyrazol-6-one",C21 H18 Cl2 F N3 O,non-polymer,Cc1cc(ccc1[C@H]2c3c([nH]nc3C(C)C)C(=O)N2c4cccc(c4F)Cl)Cl,Cc1cc(Cl)ccc1[C@H]1c2c(C(C)C)n[nH]c2C(=O)N1c1cccc(Cl)c1F,"InChI=1S/C21H18Cl2FN3O/c1-10(2)18-16-19(26-25-18)21(28)27(15-6-4-5-14(23)17(15)24)20(16)13-8-7-12(22)9-11(13)3/h4-10,20H,1-3H3,(H,25,26)/t20-/m0/s1",YQYGNXBWYDOKTG-FQEVSTJZSA-N,0.0,28.0,1.0,31.0,17.0
HRQ,7-methoxy-~{N}-[(3~{S})-1-(4-methylphenyl)pyrrolidin-3-yl]-1~{H}-indole-3-carboxamide,C21 H23 N3 O2,non-polymer,Cc1ccc(cc1)N2CC[C@@H](C2)NC(=O)c3c[nH]c4c3cccc4OC,COc1cccc2c(C(=O)N[C@H]3CCN(c4ccc(C)cc4)C3)c[nH]c12,"InChI=1S/C21H23N3O2/c1-14-6-8-16(9-7-14)24-11-10-15(13-24)23-21(25)18-12-22-20-17(18)4-3-5-19(20)26-2/h3-9,12,15,22H,10-11,13H2,1-2H3,(H,23,25)/t15-/m0/s1",GMGMKERXGPBQDO-HNNXBMFYSA-N,0.0,26.0,1.0,29.0,16.0
HRT,"(4~{S})-4-(4-chlorophenyl)-5-[(1~{S})-1-(3-chlorophenyl)ethyl]-2-(2,4-dimethoxypyrimidin-5-yl)-3-propan-2-yl-4~{H}-pyrrolo[3,4-d]imidazol-6-one",C28 H27 Cl2 N5 O3,non-polymer,C[C@@H](c1cccc(c1)Cl)N2[C@H](c3c(nc(n3C(C)C)c4cnc(nc4OC)OC)C2=O)c5ccc(cc5)Cl,COc1ncc(-c2nc3c(n2C(C)C)[C@H](c2ccc(Cl)cc2)N([C@@H](C)c2cccc(Cl)c2)C3=O)c(OC)n1,"InChI=1S/C28H27Cl2N5O3/c1-15(2)34-24-22(32-25(34)21-14-31-28(38-5)33-26(21)37-4)27(36)35(16(3)18-7-6-8-20(30)13-18)23(24)17-9-11-19(29)12-10-17/h6-16,23H,1-5H3/t16-,23-/m0/s1",PYBJKPRTJDONOS-HJPURHCSSA-N,0.0,38.0,2.0,42.0,23.0
HTZ,[6-chloranyl-3-[3-[[4-chloranyl-2-(hydroxymethyl)phenyl]methyl]-5-phenyl-imidazol-4-yl]-1~{H}-indol-2-yl]-[(3~{S})-3-[3-(dimethylamino)propyl-methyl-amino]pyrrolidin-1-yl]methanone,C36 H40 Cl2 N6 O2,non-polymer,CN(C)CCCN(C)[C@H]1CCN(C1)C(=O)c2c(c3ccc(cc3[nH]2)Cl)c4c(ncn4Cc5ccc(cc5CO)Cl)c6ccccc6,CN(C)CCCN(C)[C@H]1CCN(C(=O)c2[nH]c3cc(Cl)ccc3c2-c2c(-c3ccccc3)ncn2Cc2ccc(Cl)cc2CO)C1,"InChI=1S/C36H40Cl2N6O2/c1-41(2)15-7-16-42(3)29-14-17-43(21-29)36(46)34-32(30-13-12-28(38)19-31(30)40-34)35-33(24-8-5-4-6-9-24)39-23-44(35)20-25-10-11-27(37)18-26(25)22-45/h4-6,8-13,18-19,23,29,40,45H,7,14-17,20-22H2,1-3H3/t29-/m0/s1",VRHBMXYDRLEJAA-LJAQVGFWSA-N,0.0,46.0,1.0,51.0,27.0
HU8,"~{N}-~{tert}-butyl-2-[4-chloranyl-2-[5-(3-chloranyl-4-fluoranyl-phenyl)-2-cyclohexyl-4-(1~{H}-1,2,3,4-tetrazol-5-yl)imidazol-1-yl]phenyl]ethanamide",C28 H30 Cl2 F N7 O,non-polymer,CC(C)(C)NC(=O)Cc1ccc(cc1n2c(c(nc2C3CCCCC3)c4[nH]nnn4)c5ccc(c(c5)Cl)F)Cl,CC(C)(C)NC(=O)Cc1ccc(Cl)cc1-n1c(C2CCCCC2)nc(-c2nnn[nH]2)c1-c1ccc(F)c(Cl)c1,"InChI=1S/C28H30Cl2FN7O/c1-28(2,3)33-23(39)14-17-9-11-19(29)15-22(17)38-25(18-10-12-21(31)20(30)13-18)24(26-34-36-37-35-26)32-27(38)16-7-5-4-6-8-16/h9-13,15-16H,4-8,14H2,1-3H3,(H,33,39)(H,34,35,36,37)",SFBXQXHCYMXGGU-UHFFFAOYSA-N,0.0,39.0,0.0,43.0,22.0
HUE,6-chloranyl-3-[3-[(1~{S})-1-(4-chlorophenyl)ethyl]-5-phenyl-imidazol-4-yl]-~{N}-[2-(4-cyclohexylpiperazin-1-yl)ethyl]-1~{H}-indole-2-carboxamide,C38 H42 Cl2 N6 O,non-polymer,C[C@@H](c1ccc(cc1)Cl)n2cnc(c2c3c4ccc(cc4[nH]c3C(=O)NCCN5CCN(CC5)C6CCCCC6)Cl)c7ccccc7,C[C@@H](c1ccc(Cl)cc1)n1cnc(-c2ccccc2)c1-c1c(C(=O)NCCN2CCN(C3CCCCC3)CC2)[nH]c2cc(Cl)ccc12,"InChI=1S/C38H42Cl2N6O/c1-26(27-12-14-29(39)15-13-27)46-25-42-35(28-8-4-2-5-9-28)37(46)34-32-17-16-30(40)24-33(32)43-36(34)38(47)41-18-19-44-20-22-45(23-21-44)31-10-6-3-7-11-31/h2,4-5,8-9,12-17,24-26,31,43H,3,6-7,10-11,18-23H2,1H3,(H,41,47)/t26-/m0/s1",NPCLCDAMEOOZHU-SANMLTNESA-N,0.0,47.0,1.0,53.0,27.0
HXA,"DOCOSA-4,7,10,13,16,19-HEXAENOIC ACID",C22 H32 O2,non-polymer,CC\C=C/C\C=C/C\C=C/C\C=C/C\C=C/C\C=C/CCC(=O)O,CC/C=C\C/C=C\C/C=C\C/C=C\C/C=C\C/C=C\CCC(=O)O,"InChI=1S/C22H32O2/c1-2-3-4-5-6-7-8-9-10-11-12-13-14-15-16-17-18-19-20-21-22(23)24/h3-4,6-7,9-10,12-13,15-16,18-19H,2,5,8,11,14,17,20-21H2,1H3,(H,23,24)/b4-3-,7-6-,10-9-,13-12-,16-15-,19-18-",MBMBGCFOFBJSGT-KUBAVDMBSA-N,0.0,24.0,0.0,23.0,0.0
I09,"(3R,4R,5S)-3-(3-chlorophenyl)-4-(4-chlorophenyl)-4-cyano-N-[(3S)-3,4-dihydroxybutyl]-5-(2,2-dimethylpropyl)-D-prolinamide",C27 H33 Cl2 N3 O3,non-polymer,CC(C)(C)C[C@H]1[C@]([C@H]([C@@H](N1)C(=O)NCC[C@@H](CO)O)c2cccc(c2)Cl)(C#N)c3ccc(cc3)Cl,CC(C)(C)C[C@@H]1N[C@@H](C(=O)NCC[C@H](O)CO)[C@H](c2cccc(Cl)c2)[C@@]1(C#N)c1ccc(Cl)cc1,"InChI=1S/C27H33Cl2N3O3/c1-26(2,3)14-22-27(16-30,18-7-9-19(28)10-8-18)23(17-5-4-6-20(29)13-17)24(32-22)25(35)31-12-11-21(34)15-33/h4-10,13,21-24,32-34H,11-12,14-15H2,1-3H3,(H,31,35)/t21-,22-,23-,24+,27-/m0/s1",ZSZGGSIFAMXPIG-CPASSRBFSA-N,0.0,35.0,5.0,37.0,12.0
I18,"(4S,5R)-4,5-bis(4-chlorophenyl)-2-methyl-4,5-dihydro-1H-imidazole",C16 H14 Cl2 N2,non-polymer,CC1=N[C@H]([C@H](N1)c2ccc(cc2)Cl)c3ccc(cc3)Cl,CC1=N[C@@H](c2ccc(Cl)cc2)[C@@H](c2ccc(Cl)cc2)N1,"InChI=1S/C16H14Cl2N2/c1-10-19-15(11-2-6-13(17)7-3-11)16(20-10)12-4-8-14(18)9-5-12/h2-9,15-16H,1H3,(H,19,20)/t15-,16+",VLUCXJXOZXEFPA-IYBDPMFKSA-N,0.0,20.0,2.0,22.0,12.0
I29,"[(4S,5R)-4,5-bis(4-chlorophenyl)-2,4,5-trimethyl-4,5-dihydro-1H-imidazol-1-yl]{4-[3-(methylsulfonyl)propyl]piperazin-1-yl}methanone",C27 H34 Cl2 N4 O3 S,non-polymer,CC1=N[C@@]([C@@](N1C(=O)N2CCN(CC2)CCCS(=O)(=O)C)(C)c3ccc(cc3)Cl)(C)c4ccc(cc4)Cl,CC1=N[C@@](C)(c2ccc(Cl)cc2)[C@@](C)(c2ccc(Cl)cc2)N1C(=O)N1CCN(CCCS(C)(=O)=O)CC1,"InChI=1S/C27H34Cl2N4O3S/c1-20-30-26(2,21-6-10-23(28)11-7-21)27(3,22-8-12-24(29)13-9-22)33(20)25(34)32-17-15-31(16-18-32)14-5-19-37(4,35)36/h6-13H,5,14-19H2,1-4H3/t26-,27+/m0/s1",MCLBNCWBALNIBY-RRPNLBNLSA-N,0.0,37.0,2.0,40.0,12.0
I31,"(4S,5R)-2-(4-tert-butyl-2-ethoxyphenyl)-4,5-bis(4-chlorophenyl)-4,5-dimethyl-4,5-dihydro-1H-imidazole",C29 H32 Cl2 N2 O,non-polymer,CCOc1cc(ccc1C2=N[C@@]([C@@](N2)(C)c3ccc(cc3)Cl)(C)c4ccc(cc4)Cl)C(C)(C)C,CCOc1cc(C(C)(C)C)ccc1C1=N[C@@](C)(c2ccc(Cl)cc2)[C@@](C)(c2ccc(Cl)cc2)N1,"InChI=1S/C29H32Cl2N2O/c1-7-34-25-18-21(27(2,3)4)12-17-24(25)26-32-28(5,19-8-13-22(30)14-9-19)29(6,33-26)20-10-15-23(31)16-11-20/h8-18H,7H2,1-6H3,(H,32,33)/t28-,29+",OOVOROVEJRZNDO-ISILISOKSA-N,0.0,34.0,2.0,37.0,18.0
IAC,1H-INDOL-3-YLACETIC ACID,C10 H9 N O2,non-polymer,c1ccc2c(c1)c(c[nH]2)CC(=O)O,O=C(O)Cc1c[nH]c2ccccc12,"InChI=1S/C10H9NO2/c12-10(13)5-7-6-11-9-4-2-1-3-8(7)9/h1-4,6,11H,5H2,(H,12,13)",SEOVTRFCIGRIMH-UHFFFAOYSA-N,0.0,13.0,0.0,14.0,10.0
IMI,2-IMINOBIOTIN,C10 H17 N3 O2 S,non-polymer,C1[C@H]2[C@@H]([C@@H](S1)CCCCC(=O)O)NC(=N)N2,N=C1N[C@H]2[C@H](CS[C@H]2CCCCC(=O)O)N1,"InChI=1S/C10H17N3O2S/c11-10-12-6-5-16-7(9(6)13-10)3-1-2-4-8(14)15/h6-7,9H,1-5H2,(H,14,15)(H3,11,12,13)/t6-,7-,9-/m0/s1",WWVANQJRLPIHNS-ZKWXMUAHSA-N,0.0,16.0,3.0,17.0,0.0
IMY,"1-{[4,5-BIS(4-CHLOROPHENYL)-2-(2-ISOPROPOXY-4-METHOXYPHENYL)-4,5-DIHYDRO-1H-IMIDAZOL-1-YL]CARBONYL}PIPERAZINE",C30 H32 Cl2 N4 O3,non-polymer,CC(C)Oc1cc(ccc1C2=N[C@H]([C@H](N2C(=O)N3CCNCC3)c4ccc(cc4)Cl)c5ccc(cc5)Cl)OC,COc1ccc(C2=N[C@@H](c3ccc(Cl)cc3)[C@@H](c3ccc(Cl)cc3)N2C(=O)N2CCNCC2)c(OC(C)C)c1,"InChI=1S/C30H32Cl2N4O3/c1-19(2)39-26-18-24(38-3)12-13-25(26)29-34-27(20-4-8-22(31)9-5-20)28(21-6-10-23(32)11-7-21)36(29)30(37)35-16-14-33-15-17-35/h4-13,18-19,27-28,33H,14-17H2,1-3H3/t27-,28+/m0/s1",ZXIPEZDMQNYFOO-WUFINQPMSA-N,0.0,39.0,2.0,43.0,18.0
IMZ,"CIS-[4,5-BIS-(4-BROMOPHENYL)-2-(2-ETHOXY-4-METHOXYPHENYL)-4,5-DIHYDROIMIDAZOL-1-YL]-[4-(2-HYDROXYETHYL)PIPERAZIN-1-YL]METHANONE",C31 H34 Br2 N4 O4,non-polymer,CCOc1cc(ccc1C2=N[C@H]([C@H](N2C(=O)N3CCN(CC3)CCO)c4ccc(cc4)Br)c5ccc(cc5)Br)OC,CCOc1cc(OC)ccc1C1=N[C@@H](c2ccc(Br)cc2)[C@@H](c2ccc(Br)cc2)N1C(=O)N1CCN(CCO)CC1,"InChI=1S/C31H34Br2N4O4/c1-3-41-27-20-25(40-2)12-13-26(27)30-34-28(21-4-8-23(32)9-5-21)29(22-6-10-24(33)11-7-22)37(30)31(39)36-16-14-35(15-17-36)18-19-38/h4-13,20,28-29,38H,3,14-19H2,1-2H3/t28-,29+/m0/s1",PVRYEWOXWGDQHA-URLMMPGGSA-N,0.0,41.0,2.0,45.0,18.0
IQK,"N,N'-naphthalene-1,4-diylbis(4-methoxybenzenesulfonamide)",C24 H22 N2 O6 S2,non-polymer,COc1ccc(cc1)S(=O)(=O)Nc2ccc(c3c2cccc3)NS(=O)(=O)c4ccc(cc4)OC,COc1ccc(S(=O)(=O)Nc2ccc(NS(=O)(=O)c3ccc(OC)cc3)c3ccccc23)cc1,"InChI=1S/C24H22N2O6S2/c1-31-17-7-11-19(12-8-17)33(27,28)25-23-15-16-24(22-6-4-3-5-21(22)23)26-34(29,30)20-13-9-18(32-2)10-14-20/h3-16,25-26H,1-2H3",XLLVCULLOGKYOO-UHFFFAOYSA-N,0.0,34.0,0.0,37.0,23.0
IUN,LCL-161,C26 H33 F N4 O3 S,non-polymer,C[C@@H](C(=O)N[C@@H](C1CCCCC1)C(=O)N2CCC[C@H]2c3nc(cs3)C(=O)c4ccc(cc4)F)NC,CN[C@@H](C)C(=O)N[C@H](C(=O)N1CCC[C@H]1c1nc(C(=O)c2ccc(F)cc2)cs1)C1CCCCC1,"InChI=1S/C26H33FN4O3S/c1-16(28-2)24(33)30-22(17-7-4-3-5-8-17)26(34)31-14-6-9-21(31)25-29-20(15-35-25)23(32)18-10-12-19(27)13-11-18/h10-13,15-17,21-22,28H,3-9,14H2,1-2H3,(H,30,33)/t16-,21-,22-/m0/s1",UFPFGVNKHCLJJO-SSKFGXFMSA-N,0.0,35.0,3.0,38.0,11.0
IXV,N-benzyl-4-phenyl-2-[(N-phenyl-beta-alanyl)amino]thiophene-3-carboxamide,C27 H25 N3 O2 S,non-polymer,c1ccc(cc1)CNC(=O)c2c(csc2NC(=O)CCNc3ccccc3)c4ccccc4,O=C(CCNc1ccccc1)Nc1scc(-c2ccccc2)c1C(=O)NCc1ccccc1,"InChI=1S/C27H25N3O2S/c31-24(16-17-28-22-14-8-3-9-15-22)30-27-25(23(19-33-27)21-12-6-2-7-13-21)26(32)29-18-20-10-4-1-5-11-20/h1-15,19,28H,16-18H2,(H,29,32)(H,30,31)",CDYLPAHZUJIEAN-UHFFFAOYSA-N,0.0,33.0,0.0,36.0,23.0
IXY,"N-benzyl-2-({N-[2-(1H-indol-3-yl)ethyl]glycyl}amino)-4,5,6,7-tetrahydro-1-benzothiophene-3-carboxamide",C28 H30 N4 O2 S,non-polymer,c1ccc(cc1)CNC(=O)c2c3c(sc2NC(=O)CNCCc4c[nH]c5c4cccc5)CCCC3,O=C(CNCCc1c[nH]c2ccccc12)Nc1sc2c(c1C(=O)NCc1ccccc1)CCCC2,"InChI=1S/C28H30N4O2S/c33-25(18-29-15-14-20-17-30-23-12-6-4-10-21(20)23)32-28-26(22-11-5-7-13-24(22)35-28)27(34)31-16-19-8-2-1-3-9-19/h1-4,6,8-10,12,17,29-30H,5,7,11,13-16,18H2,(H,31,34)(H,32,33)",XGJXJNNCXIECFE-UHFFFAOYSA-N,0.0,35.0,0.0,39.0,21.0
J4Q,"4-[(2-methylsulfonylimidazol-1-yl)methyl]-1,3-thiazole",C8 H9 N3 O2 S2,non-polymer,CS(=O)(=O)c1nccn1Cc2cscn2,CS(=O)(=O)c1nccn1Cc1cscn1,"InChI=1S/C8H9N3O2S2/c1-15(12,13)8-9-2-3-11(8)4-7-5-14-6-10-7/h2-3,5-6H,4H2,1H3",DWPGGNJRLYKHCD-UHFFFAOYSA-N,0.0,15.0,0.0,16.0,10.0
J6H,(3~{S})-3-(4-chlorophenyl)-3-(2-oxidanylidene-1~{H}-pyridin-4-yl)propanoic acid,C14 H12 Cl N O3,non-polymer,c1cc(ccc1[C@H](CC(=O)O)C2=CC(=O)NC=C2)Cl,O=C(O)C[C@@H](c1ccc(Cl)cc1)c1cc[nH]c(=O)c1,"InChI=1S/C14H12ClNO3/c15-11-3-1-9(2-4-11)12(8-14(18)19)10-5-6-16-13(17)7-10/h1-7,12H,8H2,(H,16,17)(H,18,19)/t12-/m0/s1",RZFNRBHPNHJUJR-LBPRGKRZSA-N,0.0,19.0,1.0,20.0,12.0
J6K,(3~{S})-3-(7-methoxy-1-methyl-benzotriazol-5-yl)-3-[4-methyl-3-[[methyl(phenylsulfonyl)amino]methyl]phenyl]propanoic acid,C26 H28 N4 O5 S,non-polymer,Cc1ccc(cc1CN(C)S(=O)(=O)c2ccccc2)[C@H](CC(=O)O)c3cc4c(c(c3)OC)n(nn4)C,COc1cc([C@@H](CC(=O)O)c2ccc(C)c(CN(C)S(=O)(=O)c3ccccc3)c2)cc2nnn(C)c12,"InChI=1S/C26H28N4O5S/c1-17-10-11-18(12-20(17)16-29(2)36(33,34)21-8-6-5-7-9-21)22(15-25(31)32)19-13-23-26(24(14-19)35-4)30(3)28-27-23/h5-14,22H,15-16H2,1-4H3,(H,31,32)/t22-/m0/s1",VVWDXVKKAYFKNL-QFIPXVFZSA-N,0.0,36.0,1.0,39.0,22.0
J6N,(3~{R})-3-(4-chlorophenyl)-3-(1-methylbenzotriazol-5-yl)propanoic acid,C16 H14 Cl N3 O2,non-polymer,Cn1c2ccc(cc2nn1)[C@H](CC(=O)O)c3ccc(cc3)Cl,Cn1nnc2cc([C@H](CC(=O)O)c3ccc(Cl)cc3)ccc21,"InChI=1S/C16H14ClN3O2/c1-20-15-7-4-11(8-14(15)18-19-20)13(9-16(21)22)10-2-5-12(17)6-3-10/h2-8,13H,9H2,1H3,(H,21,22)/t13-/m1/s1",LCHKWRPFWJXZAW-CYBMUJFWSA-N,0.0,22.0,1.0,24.0,16.0
J6Q,(3~{S})-3-(4-chloranyl-3-methyl-phenyl)-3-(1-methylbenzotriazol-5-yl)propanoic acid,C17 H16 Cl N3 O2,non-polymer,Cc1cc(ccc1Cl)[C@H](CC(=O)O)c2ccc3c(c2)nnn3C,Cc1cc([C@H](CC(=O)O)c2ccc3c(c2)nnn3C)ccc1Cl,"InChI=1S/C17H16ClN3O2/c1-10-7-11(3-5-14(10)18)13(9-17(22)23)12-4-6-16-15(8-12)19-20-21(16)2/h3-8,13H,9H2,1-2H3,(H,22,23)/t13-/m0/s1",KAYDCNXQTQFWMU-ZDUSSCGKSA-N,0.0,23.0,1.0,25.0,16.0
J8H,"(3~{S})-3-[3-[[1,1-bis(oxidanylidene)-3,4-dihydro-5,1$l^{6},2-benzoxathiazepin-2-yl]methyl]-4-methyl-phenyl]-3-(7-methoxy-1-methyl-benzotriazol-5-yl)propanoic acid",C27 H28 N4 O6 S,non-polymer,Cc1ccc(cc1CN2CCOc3ccccc3S2(=O)=O)[C@H](CC(=O)O)c4cc5c(c(c4)OC)n(nn5)C,COc1cc([C@@H](CC(=O)O)c2ccc(C)c(CN3CCOc4ccccc4S3(=O)=O)c2)cc2nnn(C)c12,"InChI=1S/C27H28N4O6S/c1-17-8-9-18(12-20(17)16-31-10-11-37-23-6-4-5-7-25(23)38(31,34)35)21(15-26(32)33)19-13-22-27(24(14-19)36-3)30(2)29-28-22/h4-9,12-14,21H,10-11,15-16H2,1-3H3,(H,32,33)/t21-/m0/s1",RTGHTXKISWZXKJ-NRFANRHFSA-N,0.0,38.0,1.0,42.0,22.0
JFM,N-(2-phenylethyl)methanesulfonamide,C9 H13 N O2 S,non-polymer,CS(=O)(=O)NCCc1ccccc1,CS(=O)(=O)NCCc1ccccc1,"InChI=1S/C9H13NO2S/c1-13(11,12)10-8-7-9-5-3-2-4-6-9/h2-6,10H,7-8H2,1H3",JGDDFCYMSLNOGJ-UHFFFAOYSA-N,0.0,13.0,0.0,13.0,6.0
JFP,"N-(4-methyl-1,3-thiazol-2-yl)propanamide",C7 H10 N2 O S,non-polymer,CCC(=O)Nc1nc(cs1)C,CCC(=O)Nc1nc(C)cs1,"InChI=1S/C7H10N2OS/c1-3-6(10)9-7-8-5(2)4-11-7/h4H,3H2,1-2H3,(H,8,9,10)",AIOZNYOAFODHNA-UHFFFAOYSA-N,0.0,11.0,0.0,11.0,5.0
JFS,[4-(1H-benzimidazol-1-yl)phenyl]methanol,C14 H12 N2 O,non-polymer,c1ccc2c(c1)ncn2c3ccc(cc3)CO,OCc1ccc(-n2cnc3ccccc32)cc1,"InChI=1S/C14H12N2O/c17-9-11-5-7-12(8-6-11)16-10-15-13-3-1-2-4-14(13)16/h1-8,10,17H,9H2",IRZKUEWQJPIBJF-UHFFFAOYSA-N,0.0,17.0,0.0,19.0,16.0
JGP,"(azepan-1-yl)(2H-1,3-benzodioxol-5-yl)methanone",C14 H17 N O3,non-polymer,c1cc2c(cc1C(=O)N3CCCCCC3)OCO2,O=C(c1ccc2c(c1)OCO2)N1CCCCCC1,"InChI=1S/C14H17NO3/c16-14(15-7-3-1-2-4-8-15)11-5-6-12-13(9-11)18-10-17-12/h5-6,9H,1-4,7-8,10H2",ABPXISKFLMGPJG-UHFFFAOYSA-N,0.0,18.0,0.0,20.0,6.0
JHR,[4-[(2~{S})-2-[2-(4-fluorophenyl)ethanoylamino]-3-[(4-fluorophenyl)methylamino]-3-oxidanylidene-propyl]phenyl] dihydrogen phosphate,C24 H23 F2 N2 O6 P,non-polymer,c1cc(ccc1C[C@@H](C(=O)NCc2ccc(cc2)F)NC(=O)Cc3ccc(cc3)F)OP(=O)(O)O,O=C(Cc1ccc(F)cc1)N[C@@H](Cc1ccc(OP(=O)(O)O)cc1)C(=O)NCc1ccc(F)cc1,"InChI=1S/C24H23F2N2O6P/c25-19-7-1-17(2-8-19)14-23(29)28-22(24(30)27-15-18-3-9-20(26)10-4-18)13-16-5-11-21(12-6-16)34-35(31,32)33/h1-12,22H,13-15H2,(H,27,30)(H,28,29)(H2,31,32,33)/t22-/m0/s1",BALOTWIQBQLNPP-QFIPXVFZSA-N,0.0,35.0,1.0,37.0,18.0
JI0,[4-[(2~{S})-3-[(3-ethyl-4-fluoranyl-phenyl)methylamino]-2-[2-(4-fluorophenyl)ethanoylamino]-3-oxidanylidene-propyl]phenyl] dihydrogen phosphate,C26 H27 F2 N2 O6 P,non-polymer,CCc1cc(ccc1F)CNC(=O)[C@H](Cc2ccc(cc2)OP(=O)(O)O)NC(=O)Cc3ccc(cc3)F,CCc1cc(CNC(=O)[C@H](Cc2ccc(OP(=O)(O)O)cc2)NC(=O)Cc2ccc(F)cc2)ccc1F,"InChI=1S/C26H27F2N2O6P/c1-2-20-13-19(7-12-23(20)28)16-29-26(32)24(30-25(31)15-18-3-8-21(27)9-4-18)14-17-5-10-22(11-6-17)36-37(33,34)35/h3-13,24H,2,14-16H2,1H3,(H,29,32)(H,30,31)(H2,33,34,35)/t24-/m0/s1",CMSIRRVKRDBENU-DEOSSOPVSA-N,0.0,37.0,1.0,39.0,18.0
JI9,[4-[(2~{S})-3-[(4-fluoranyl-3-methyl-phenyl)methylamino]-2-[2-(4-fluorophenyl)ethanoylamino]-3-oxidanylidene-propyl]phenyl] dihydrogen phosphate,C25 H25 F2 N2 O6 P,non-polymer,Cc1cc(ccc1F)CNC(=O)[C@H](Cc2ccc(cc2)OP(=O)(O)O)NC(=O)Cc3ccc(cc3)F,Cc1cc(CNC(=O)[C@H](Cc2ccc(OP(=O)(O)O)cc2)NC(=O)Cc2ccc(F)cc2)ccc1F,"InChI=1S/C25H25F2N2O6P/c1-16-12-19(6-11-22(16)27)15-28-25(31)23(29-24(30)14-18-2-7-20(26)8-3-18)13-17-4-9-21(10-5-17)35-36(32,33)34/h2-12,23H,13-15H2,1H3,(H,28,31)(H,29,30)(H2,32,33,34)/t23-/m0/s1",WXCVBJACCVIYCK-QHCPKHFHSA-N,0.0,36.0,1.0,38.0,18.0
JIH,[4-[(2~{S})-3-[[3-(2-chloranylethanoylamino)phenyl]methylamino]-2-[2-(4-fluorophenyl)ethanoylamino]-3-oxidanylidene-propyl]phenyl] dihydrogen phosphate,C26 H26 Cl F N3 O7 P,non-polymer,c1cc(cc(c1)NC(=O)CCl)CNC(=O)[C@H](Cc2ccc(cc2)OP(=O)(O)O)NC(=O)Cc3ccc(cc3)F,O=C(CCl)Nc1cccc(CNC(=O)[C@H](Cc2ccc(OP(=O)(O)O)cc2)NC(=O)Cc2ccc(F)cc2)c1,"InChI=1S/C26H26ClFN3O7P/c27-15-25(33)30-21-3-1-2-19(12-21)16-29-26(34)23(31-24(32)14-18-4-8-20(28)9-5-18)13-17-6-10-22(11-7-17)38-39(35,36)37/h1-12,23H,13-16H2,(H,29,34)(H,30,33)(H,31,32)(H2,35,36,37)/t23-/m0/s1",WSEFGYSEXKXLRO-QHCPKHFHSA-N,0.0,39.0,1.0,41.0,18.0
JMM,[4-(cyclopropanecarbonyl)piperazin-1-yl](furan-2-yl)methanone,C13 H16 N2 O3,non-polymer,c1cc(oc1)C(=O)N2CCN(CC2)C(=O)C3CC3,O=C(c1ccco1)N1CCN(C(=O)C2CC2)CC1,"InChI=1S/C13H16N2O3/c16-12(10-3-4-10)14-5-7-15(8-6-14)13(17)11-2-1-9-18-11/h1-2,9-10H,3-8H2",SMBREKYBPARCFW-UHFFFAOYSA-N,0.0,18.0,0.0,20.0,5.0
JNW,"2-[[(3~{S})-2,6-bis(oxidanylidene)piperidin-3-yl]carbamoyl]benzoic acid",C13 H12 N2 O5,non-polymer,c1ccc(c(c1)C(=O)N[C@H]2CCC(=O)NC2=O)C(=O)O,O=C1CC[C@H](NC(=O)c2ccccc2C(=O)O)C(=O)N1,"InChI=1S/C13H12N2O5/c16-10-6-5-9(12(18)15-10)14-11(17)7-3-1-2-4-8(7)13(19)20/h1-4,9H,5-6H2,(H,14,17)(H,19,20)(H,15,16,18)/t9-/m0/s1",QTUSGYNZYGYXIN-VIFPVBQESA-N,0.0,20.0,1.0,21.0,6.0
JO2,"2-[[(3~{S})-2,5-bis(oxidanylidene)pyrrolidin-3-yl]carbamoyl]-4-nitro-benzoic acid",C12 H9 N3 O7,non-polymer,c1cc(c(cc1[N+](=O)[O-])C(=O)N[C@H]2CC(=O)NC2=O)C(=O)O,O=C1C[C@H](NC(=O)c2cc([N+](=O)[O-])ccc2C(=O)O)C(=O)N1,"InChI=1S/C12H9N3O7/c16-9-4-8(11(18)14-9)13-10(17)7-3-5(15(21)22)1-2-6(7)12(19)20/h1-3,8H,4H2,(H,13,17)(H,19,20)(H,14,16,18)/t8-/m0/s1",QDQOIENHMXVJIB-QMMMGPOBSA-N,0.0,22.0,1.0,23.0,6.0
JO5,"4-azanyl-2-[(3~{S})-2,5-bis(oxidanylidene)pyrrolidin-3-yl]isoindole-1,3-dione",C12 H9 N3 O4,non-polymer,c1cc2c(c(c1)N)C(=O)N(C2=O)[C@H]3CC(=O)NC3=O,Nc1cccc2c1C(=O)N([C@H]1CC(=O)NC1=O)C2=O,"InChI=1S/C12H9N3O4/c13-6-3-1-2-5-9(6)12(19)15(11(5)18)7-4-8(16)14-10(7)17/h1-3,7H,4,13H2,(H,14,16,17)/t7-/m0/s1",MSHTVRYXGFREAN-ZETCQYMHSA-N,0.0,19.0,1.0,21.0,6.0
JO8,"3-azanyl-2-[[(3~{S})-2,5-bis(oxidanylidene)pyrrolidin-3-yl]carbamoyl]benzoic acid",C12 H11 N3 O5,non-polymer,c1cc(c(c(c1)N)C(=O)N[C@H]2CC(=O)NC2=O)C(=O)O,Nc1cccc(C(=O)O)c1C(=O)N[C@H]1CC(=O)NC1=O,"InChI=1S/C12H11N3O5/c13-6-3-1-2-5(12(19)20)9(6)11(18)14-7-4-8(16)15-10(7)17/h1-3,7H,4,13H2,(H,14,18)(H,19,20)(H,15,16,17)/t7-/m0/s1",OHXATMBWWVLISO-ZETCQYMHSA-N,0.0,20.0,1.0,21.0,6.0
JOB,"5-azanyl-2-[(3~{S})-2,5-bis(oxidanylidene)pyrrolidin-3-yl]isoindole-1,3-dione",C12 H9 N3 O4,non-polymer,c1cc2c(cc1N)C(=O)N(C2=O)[C@H]3CC(=O)NC3=O,Nc1ccc2c(c1)C(=O)N([C@H]1CC(=O)NC1=O)C2=O,"InChI=1S/C12H9N3O4/c13-5-1-2-6-7(3-5)12(19)15(11(6)18)8-4-9(16)14-10(8)17/h1-3,8H,4,13H2,(H,14,16,17)/t8-/m0/s1",ZQAUOFWDVHCTPN-QMMMGPOBSA-N,0.0,19.0,1.0,21.0,6.0
JOE,"2-[[(3~{S})-2,5-bis(oxidanylidene)pyrrolidin-3-yl]carbamoyl]-6-nitro-benzoic acid",C12 H9 N3 O7,non-polymer,c1cc(c(c(c1)[N+](=O)[O-])C(=O)O)C(=O)N[C@H]2CC(=O)NC2=O,O=C1C[C@H](NC(=O)c2cccc([N+](=O)[O-])c2C(=O)O)C(=O)N1,"InChI=1S/C12H9N3O7/c16-8-4-6(11(18)14-8)13-10(17)5-2-1-3-7(15(21)22)9(5)12(19)20/h1-3,6H,4H2,(H,13,17)(H,19,20)(H,14,16,18)/t6-/m0/s1",DWGKCZUFQWKKEW-LURJTMIESA-N,0.0,22.0,1.0,23.0,6.0
JOH,"2-[(3~{S})-2,5-bis(oxidanylidene)pyrrolidin-3-yl]-4-nitro-isoindole-1,3-dione",C12 H7 N3 O6,non-polymer,c1cc2c(c(c1)[N+](=O)[O-])C(=O)N(C2=O)[C@H]3CC(=O)NC3=O,O=C1C[C@H](N2C(=O)c3cccc([N+](=O)[O-])c3C2=O)C(=O)N1,"InChI=1S/C12H7N3O6/c16-8-4-7(10(17)13-8)14-11(18)5-2-1-3-6(15(20)21)9(5)12(14)19/h1-3,7H,4H2,(H,13,16,17)/t7-/m0/s1",NSOHSQDNWATGPD-ZETCQYMHSA-N,0.0,21.0,1.0,23.0,6.0
JOK,"~{N}-[(3~{S})-2,5-bis(oxidanylidene)pyrrolidin-3-yl]-3-phenyl-propanamide",C13 H14 N2 O3,non-polymer,c1ccc(cc1)CCC(=O)N[C@H]2CC(=O)NC2=O,O=C1C[C@H](NC(=O)CCc2ccccc2)C(=O)N1,"InChI=1S/C13H14N2O3/c16-11(7-6-9-4-2-1-3-5-9)14-10-8-12(17)15-13(10)18/h1-5,10H,6-8H2,(H,14,16)(H,15,17,18)/t10-/m0/s1",VPQQSXIHDPBURE-JTQLQIEISA-N,0.0,18.0,1.0,19.0,6.0
JON,"[(2~{S})-pyrrolidin-2-yl]methyl ~{N}-[(3~{S})-2,5-bis(oxidanylidene)pyrrolidin-3-yl]carbamate",C10 H15 N3 O4,non-polymer,C1C[C@H](NC1)COC(=O)N[C@H]2CC(=O)NC2=O,O=C1C[C@H](NC(=O)OC[C@@H]2CCCN2)C(=O)N1,"InChI=1S/C10H15N3O4/c14-8-4-7(9(15)13-8)12-10(16)17-5-6-2-1-3-11-6/h6-7,11H,1-5H2,(H,12,16)(H,13,14,15)/t6-,7-/m0/s1",BROVZDKFOULGAP-BQBZGAKWSA-N,0.0,17.0,2.0,18.0,0.0
JOQ,"[4-(aminomethyl)phenyl]methyl ~{N}-[(3~{S})-2,5-bis(oxidanylidene)pyrrolidin-3-yl]carbamate",C13 H15 N3 O4,non-polymer,c1cc(ccc1CN)COC(=O)N[C@H]2CC(=O)NC2=O,NCc1ccc(COC(=O)N[C@H]2CC(=O)NC2=O)cc1,"InChI=1S/C13H15N3O4/c14-6-8-1-3-9(4-2-8)7-20-13(19)15-10-5-11(17)16-12(10)18/h1-4,10H,5-7,14H2,(H,15,19)(H,16,17,18)/t10-/m0/s1",PPHDAIUDWPTCMT-JTQLQIEISA-N,0.0,20.0,1.0,21.0,6.0
JOT,"~{N}-[(3~{S})-2,5-bis(oxidanylidene)pyrrolidin-3-yl]-2-phenyl-ethanamide",C12 H12 N2 O3,non-polymer,c1ccc(cc1)CC(=O)N[C@H]2CC(=O)NC2=O,O=C1C[C@H](NC(=O)Cc2ccccc2)C(=O)N1,"InChI=1S/C12H12N2O3/c15-10(6-8-4-2-1-3-5-8)13-9-7-11(16)14-12(9)17/h1-5,9H,6-7H2,(H,13,15)(H,14,16,17)/t9-/m0/s1",ZTMDMWMWWGOUHX-VIFPVBQESA-N,0.0,17.0,1.0,18.0,6.0
JOW,"4-[[4-[[(3~{S})-2,5-bis(oxidanylidene)pyrrolidin-3-yl]carbamoyloxymethyl]phenyl]methylamino]-4-oxidanylidene-butanoic acid",C17 H19 N3 O7,non-polymer,c1cc(ccc1CNC(=O)CCC(=O)O)COC(=O)N[C@H]2CC(=O)NC2=O,O=C(O)CCC(=O)NCc1ccc(COC(=O)N[C@H]2CC(=O)NC2=O)cc1,"InChI=1S/C17H19N3O7/c21-13(5-6-15(23)24)18-8-10-1-3-11(4-2-10)9-27-17(26)19-12-7-14(22)20-16(12)25/h1-4,12H,5-9H2,(H,18,21)(H,19,26)(H,23,24)(H,20,22,25)/t12-/m0/s1",GOZKVJYDZYJVDH-LBPRGKRZSA-N,0.0,27.0,1.0,28.0,6.0
JP5,"(phenylmethyl) ~{N}-[(3~{S})-2,5-bis(oxidanylidene)pyrrolidin-3-yl]carbamate",C12 H12 N2 O4,non-polymer,c1ccc(cc1)COC(=O)N[C@H]2CC(=O)NC2=O,O=C1C[C@H](NC(=O)OCc2ccccc2)C(=O)N1,"InChI=1S/C12H12N2O4/c15-10-6-9(11(16)14-10)13-12(17)18-7-8-4-2-1-3-5-8/h1-5,9H,6-7H2,(H,13,17)(H,14,15,16)/t9-/m0/s1",QRQMHYISDDHZBY-VIFPVBQESA-N,0.0,18.0,1.0,19.0,6.0
JP8,"[(2~{R})-pyrrolidin-2-yl]methyl ~{N}-[(3~{S})-2,6-bis(oxidanylidene)piperidin-3-yl]carbamate",C11 H17 N3 O4,non-polymer,C1C[C@@H](NC1)COC(=O)N[C@H]2CCC(=O)NC2=O,O=C1CC[C@H](NC(=O)OC[C@H]2CCCN2)C(=O)N1,"InChI=1S/C11H17N3O4/c15-9-4-3-8(10(16)14-9)13-11(17)18-6-7-2-1-5-12-7/h7-8,12H,1-6H2,(H,13,17)(H,14,15,16)/t7-,8+/m1/s1",UKQUVPXPHSBKIC-SFYZADRCSA-N,0.0,18.0,2.0,19.0,0.0
JPB,"~{N}-[(3~{S})-2,5-bis(oxidanylidene)pyrrolidin-3-yl]-2,4,6-tris(chloranyl)benzamide",C11 H7 Cl3 N2 O3,non-polymer,c1c(cc(c(c1Cl)C(=O)N[C@H]2CC(=O)NC2=O)Cl)Cl,O=C1C[C@H](NC(=O)c2c(Cl)cc(Cl)cc2Cl)C(=O)N1,"InChI=1S/C11H7Cl3N2O3/c12-4-1-5(13)9(6(14)2-4)11(19)15-7-3-8(17)16-10(7)18/h1-2,7H,3H2,(H,15,19)(H,16,17,18)/t7-/m0/s1",LBWIBZYKUVIBKH-ZETCQYMHSA-N,0.0,19.0,1.0,20.0,6.0
JPQ,"~{N}-[(3~{S})-2,5-bis(oxidanylidene)pyrrolidin-3-yl]-3-methyl-but-2-enamide",C9 H12 N2 O3,non-polymer,CC(=CC(=O)N[C@H]1CC(=O)NC1=O)C,CC(C)=CC(=O)N[C@H]1CC(=O)NC1=O,"InChI=1S/C9H12N2O3/c1-5(2)3-7(12)10-6-4-8(13)11-9(6)14/h3,6H,4H2,1-2H3,(H,10,12)(H,11,13,14)/t6-/m0/s1",RSHQAELIOFFTCL-LURJTMIESA-N,0.0,14.0,1.0,14.0,0.0
JPW,"(4-azanylcyclohexyl)methyl ~{N}-[(3~{S})-2,6-bis(oxidanylidene)piperidin-3-yl]carbamate",C13 H21 N3 O4,non-polymer,C1CC(=O)NC(=O)[C@H]1NC(=O)OCC2CCC(CC2)N,NC1CCC(COC(=O)N[C@H]2CCC(=O)NC2=O)CC1,"InChI=1S/C13H21N3O4/c14-9-3-1-8(2-4-9)7-20-13(19)15-10-5-6-11(17)16-12(10)18/h8-10H,1-7,14H2,(H,15,19)(H,16,17,18)/t8?,9?,10-/m0/s1",HEPIPPZEYDEJHT-RTBKNWGFSA-N,0.0,20.0,1.0,21.0,0.0
K0G,N-phenyl-N'-pyridin-3-ylurea,C12 H11 N3 O,non-polymer,c1ccc(cc1)NC(=O)Nc2cccnc2,O=C(Nc1ccccc1)Nc1cccnc1,"InChI=1S/C12H11N3O/c16-12(14-10-5-2-1-3-6-10)15-11-7-4-8-13-9-11/h1-9H,(H2,14,15,16)",WBKYYDBHEGTTON-UHFFFAOYSA-N,0.0,16.0,0.0,17.0,12.0
K1G,"N,1-dimethyl-N-(propan-2-yl)-1H-pyrazolo[3,4-d]pyrimidin-4-amine",C10 H15 N5,non-polymer,CC(C)N(C)c1c2cnn(c2ncn1)C,CC(C)N(C)c1ncnc2c1cnn2C,"InChI=1S/C10H15N5/c1-7(2)14(3)9-8-5-13-15(4)10(8)12-6-11-9/h5-7H,1-4H3",ACQZDWVVKAKBAO-UHFFFAOYSA-N,0.0,15.0,0.0,16.0,10.0
K1P,"1-(3-methyl-1,2,4-thiadiazol-5-yl)-1,4-diazepane",C8 H14 N4 S,non-polymer,Cc1nc(sn1)N2CCCNCC2,Cc1nsc(N2CCCNCC2)n1,"InChI=1S/C8H14N4S/c1-7-10-8(13-11-7)12-5-2-3-9-4-6-12/h9H,2-6H2,1H3",MZKLTZIEMSVRMI-UHFFFAOYSA-N,0.0,13.0,0.0,14.0,5.0
K23,6-chloro-3-[1-(4-chlorobenzyl)-4-phenyl-1H-imidazol-5-yl]-1H-indole-2-carboxylic acid,C25 H17 Cl2 N3 O2,non-polymer,c1ccc(cc1)c2c(n(cn2)Cc3ccc(cc3)Cl)c4c5ccc(cc5[nH]c4C(=O)O)Cl,O=C(O)c1[nH]c2cc(Cl)ccc2c1-c1c(-c2ccccc2)ncn1Cc1ccc(Cl)cc1,"InChI=1S/C25H17Cl2N3O2/c26-17-8-6-15(7-9-17)13-30-14-28-22(16-4-2-1-3-5-16)24(30)21-19-11-10-18(27)12-20(19)29-23(21)25(31)32/h1-12,14,29H,13H2,(H,31,32)",QZJRNGXHRQJBJH-UHFFFAOYSA-N,0.0,32.0,0.0,36.0,27.0
K2M,4-(furan-2-carbonyl)piperazine-1-carboxamide,C10 H13 N3 O3,non-polymer,c1cc(oc1)C(=O)N2CCN(CC2)C(=O)N,NC(=O)N1CCN(C(=O)c2ccco2)CC1,"InChI=1S/C10H13N3O3/c11-10(15)13-5-3-12(4-6-13)9(14)8-2-1-7-16-8/h1-2,7H,3-6H2,(H2,11,15)",TWRIXENNPDTMSQ-UHFFFAOYSA-N,0.0,16.0,0.0,17.0,5.0
K67,"N,N'-[2-(2-oxopropyl)naphthalene-1,4-diyl]bis(4-ethoxybenzenesulfonamide)",C29 H30 N2 O7 S2,non-polymer,CCOc1ccc(cc1)S(=O)(=O)Nc2cc(c(c3c2cccc3)NS(=O)(=O)c4ccc(cc4)OCC)CC(=O)C,CCOc1ccc(S(=O)(=O)Nc2cc(CC(C)=O)c(NS(=O)(=O)c3ccc(OCC)cc3)c3ccccc23)cc1,"InChI=1S/C29H30N2O7S2/c1-4-37-22-10-14-24(15-11-22)39(33,34)30-28-19-21(18-20(3)32)29(27-9-7-6-8-26(27)28)31-40(35,36)25-16-12-23(13-17-25)38-5-2/h6-17,19,30-31H,4-5,18H2,1-3H3",VUIVGOOWLHGDPZ-UHFFFAOYSA-N,0.0,40.0,0.0,43.0,23.0
K6U,"(2M)-2-(2-methoxyphenyl)-1,3,4-oxadiazole",C9 H8 N2 O2,non-polymer,COc1ccccc1c2nnco2,COc1ccccc1-c1nnco1,"InChI=1S/C9H8N2O2/c1-12-8-5-3-2-4-7(8)9-11-10-6-13-9/h2-6H,1H3",CMZBFAJLBDAJMC-UHFFFAOYSA-N,0.0,13.0,0.0,14.0,11.0
L5F,"2-[(1S,2R,8S)-2,4,32-trimethyl-28,28-bis(oxidanylidene)-19,22,27-trioxa-28$l^{6}-thia-1,14,15,16-tetrazahexacyclo[21.5.3.1^{3,7}.1^{9,13}.0^{12,16}.0^{26,30}]tritriaconta-3(33),4,6,9(32),10,12,14,23,25,30-decaen-8-yl]ethanoic acid",C30 H32 N4 O7 S,non-polymer,Cc1ccc2cc1[C@H]([N@@]3Cc4cc(ccc4OS3(=O)=O)OCCOCCn5c6ccc(c(c6nn5)C)[C@H]2CC(=O)O)C,Cc1ccc2cc1[C@@H](C)[N@@]1Cc3cc(ccc3OS1(=O)=O)OCCOCCn1nnc3c(C)c(ccc31)[C@H]2CC(=O)O,"InChI=1S/C30H32N4O7S/c1-18-4-5-21-15-25(18)20(3)34-17-22-14-23(6-9-28(22)41-42(34,37)38)40-13-12-39-11-10-33-27-8-7-24(26(21)16-29(35)36)19(2)30(27)31-32-33/h4-9,14-15,20,26H,10-13,16-17H2,1-3H3,(H,35,36)/t20-,26+/m1/s1",CAHCZMVBPKUGCY-IBVKSMDESA-N,0.0,42.0,3.0,47.0,22.0
L6I,"(3S)-3-(7-methoxy-1-methyl-1H-benzo[d][1,2,3]triazol-5-yl)-3-(4-methyl-3-(((R)-4-methyl-1,1-dioxido-3,4-dihydro-2H-benzo[b][1,4,5]oxathiazepin-2-yl)methyl)phenyl)propanoic acid",C28 H30 N4 O6 S,non-polymer,Cc1ccc(cc1CN2C[C@H](Oc3ccccc3S2(=O)=O)C)[C@H](CC(=O)O)c4cc5c(c(c4)OC)n(nn5)C,COc1cc([C@@H](CC(=O)O)c2ccc(C)c(CN3C[C@@H](C)Oc4ccccc4S3(=O)=O)c2)cc2nnn(C)c12,"InChI=1S/C28H30N4O6S/c1-17-9-10-19(22(14-27(33)34)20-12-23-28(25(13-20)37-4)31(3)30-29-23)11-21(17)16-32-15-18(2)38-24-7-5-6-8-26(24)39(32,35)36/h5-13,18,22H,14-16H2,1-4H3,(H,33,34)/t18-,22+/m1/s1",ZDNGJXBUEQNFBQ-GCJKJVERSA-N,0.0,39.0,2.0,43.0,22.0
L8B,"(4R)-4-HYDROXY-1-[(3-METHYLISOXAZOL-5-YL)ACETYL]-N-[4-(1,3-OXAZOL-5-YL)BENZYL]-L-PROLINAMIDE",C21 H22 N4 O5,non-polymer,Cc1cc(on1)CC(=O)N2C[C@@H](C[C@H]2C(=O)NCc3ccc(cc3)c4cnco4)O,Cc1cc(CC(=O)N2C[C@H](O)C[C@H]2C(=O)NCc2ccc(-c3cnco3)cc2)on1,"InChI=1S/C21H22N4O5/c1-13-6-17(30-24-13)8-20(27)25-11-16(26)7-18(25)21(28)23-9-14-2-4-15(5-3-14)19-10-22-12-29-19/h2-6,10,12,16,18,26H,7-9,11H2,1H3,(H,23,28)/t16-,18+/m1/s1",HFCLIEBJTGJKSV-AEFFLSMTSA-N,0.0,30.0,2.0,33.0,16.0
LAY,N-acetyl-L-leucine,C8 H15 N O3,L-peptide linking,CC(C)C[C@@H](C(=O)O)NC(=O)C,CC(=O)N[C@@H](CC(C)C)C(=O)O,"InChI=1S/C8H15NO3/c1-5(2)4-7(8(11)12)9-6(3)10/h5,7H,4H2,1-3H3,(H,9,10)(H,11,12)/t7-/m0/s1",WXNXCEHXYPACJF-ZETCQYMHSA-N,0.0,12.0,1.0,11.0,0.0
LHR,N-(1H-indazol-6-yl)acetamide,C9 H9 N3 O,non-polymer,CC(=O)Nc1ccc2cn[nH]c2c1,CC(=O)Nc1ccc2cn[nH]c2c1,"InChI=1S/C9H9N3O/c1-6(13)11-8-3-2-7-5-10-12-9(7)4-8/h2-5H,1H3,(H,10,12)(H,11,13)",HOQHKYACTYMRFK-UHFFFAOYSA-N,0.0,13.0,0.0,14.0,10.0
LKU,3-fluoro-N-(3-hydroxy-4-methylphenyl)benzamide,C14 H12 F N O2,non-polymer,Cc1ccc(cc1O)NC(=O)c2cccc(c2)F,Cc1ccc(NC(=O)c2cccc(F)c2)cc1O,"InChI=1S/C14H12FNO2/c1-9-5-6-12(8-13(9)17)16-14(18)10-3-2-4-11(15)7-10/h2-8,17H,1H3,(H,16,18)",HSWJYBWHEHPWSP-UHFFFAOYSA-N,0.0,18.0,0.0,19.0,12.0
LL0,2-(difluoromethoxy)benzene-1-sulfonamide,C7 H7 F2 N O3 S,non-polymer,c1ccc(c(c1)OC(F)F)S(=O)(=O)N,NS(=O)(=O)c1ccccc1OC(F)F,"InChI=1S/C7H7F2NO3S/c8-7(9)13-5-3-1-2-4-6(5)14(10,11)12/h1-4,7H,(H2,10,11,12)",XDODAVQVIOWLPT-UHFFFAOYSA-N,0.0,14.0,0.0,14.0,6.0
LQ8,"(1~{S},2~{R})-2-[[(1~{S})-1-[[1,3-bis(oxidanylidene)isoindol-2-yl]methyl]-5-(2-hydroxyethyloxy)-3,4-dihydro-1~{H}-isoquinolin-2-yl]carbonyl]cyclohexane-1-carboxylic acid",C28 H30 N2 O7,non-polymer,c1ccc2c(c1)C(=O)N(C2=O)C[C@@H]3c4cccc(c4CCN3C(=O)[C@@H]5CCCC[C@@H]5C(=O)O)OCCO,O=C(O)[C@H]1CCCC[C@H]1C(=O)N1CCc2c(OCCO)cccc2[C@H]1CN1C(=O)c2ccccc2C1=O,"InChI=1S/C28H30N2O7/c31-14-15-37-24-11-5-10-17-18(24)12-13-29(25(32)21-8-3-4-9-22(21)28(35)36)23(17)16-30-26(33)19-6-1-2-7-20(19)27(30)34/h1-2,5-7,10-11,21-23,31H,3-4,8-9,12-16H2,(H,35,36)/t21-,22+,23-/m1/s1",OAFSXLXCZSBCHE-XPWALMASSA-N,0.0,37.0,3.0,41.0,12.0
LQK,"(1~{S},2~{R})-2-[[(1~{S})-1-[[1,3-bis(oxidanylidene)isoindol-2-yl]methyl]-5-(2-hydroxyethyloxy)-3,4-dihydro-1~{H}-isoquinolin-2-yl]carbonyl]cyclobutane-1-carboxamide",C26 H27 N3 O6,non-polymer,c1ccc2c(c1)C(=O)N(C2=O)C[C@@H]3c4cccc(c4CCN3C(=O)[C@@H]5CC[C@@H]5C(=O)N)OCCO,NC(=O)[C@H]1CC[C@H]1C(=O)N1CCc2c(OCCO)cccc2[C@H]1CN1C(=O)c2ccccc2C1=O,"InChI=1S/C26H27N3O6/c27-23(31)17-8-9-20(17)24(32)28-11-10-16-15(6-3-7-22(16)35-13-12-30)21(28)14-29-25(33)18-4-1-2-5-19(18)26(29)34/h1-7,17,20-21,30H,8-14H2,(H2,27,31)/t17-,20+,21+/m0/s1",XWMQKSXJPOIISN-IOMROCGXSA-N,0.0,35.0,3.0,39.0,12.0
LQP,"2-(difluoromethoxy)-1-[(3aR,6aS)-hexahydrocyclopenta[c]pyrrol-2(1H)-yl]ethan-1-one",C10 H15 F2 N O2,non-polymer,C1C[C@@H]2CN(C[C@@H]2C1)C(=O)COC(F)F,O=C(COC(F)F)N1C[C@H]2CCC[C@H]2C1,"InChI=1S/C10H15F2NO2/c11-10(12)15-6-9(14)13-4-7-2-1-3-8(7)5-13/h7-8,10H,1-6H2/t7-,8+",GFKMUMPBDKROCT-OCAPTIKFSA-N,0.0,15.0,2.0,16.0,0.0
LTZ,"(5R,6S)-2-[((2S,5R)-2-{[(3R)-4-acetyl-3-methylpiperazin-1-yl]carbonyl}-5-ethylpyrrolidin-1-yl)carbonyl]-5,6-bis(4-chlorophenyl)-3-isopropyl-6-methyl-5,6-dihydroimidazo[2,1-b][1,3]thiazole",C36 H43 Cl2 N5 O3 S,non-polymer,CC[C@@H]1CC[C@H](N1C(=O)C2=C(N3[C@@H]([C@](N=C3S2)(C)c4ccc(cc4)Cl)c5ccc(cc5)Cl)C(C)C)C(=O)N6CCN([C@@H](C6)C)C(=O)C,CC[C@@H]1CC[C@@H](C(=O)N2CCN(C(C)=O)[C@H](C)C2)N1C(=O)C1=C(C(C)C)N2C(=N[C@@](C)(c3ccc(Cl)cc3)[C@H]2c2ccc(Cl)cc2)S1,"InChI=1S/C36H43Cl2N5O3S/c1-7-28-16-17-29(33(45)40-18-19-41(23(5)44)22(4)20-40)42(28)34(46)31-30(21(2)3)43-32(24-8-12-26(37)13-9-24)36(6,39-35(43)47-31)25-10-14-27(38)15-11-25/h8-15,21-22,28-29,32H,7,16-20H2,1-6H3/t22-,28-,29+,32-,36+/m1/s1",NYMONQQQYOURJF-GTVZXTIFSA-N,0.0,47.0,5.0,52.0,12.0
LV4,1-[2-(trifluoromethyloxy)phenyl]thiourea,C8 H7 F3 N2 O S,non-polymer,c1ccc(c(c1)NC(=S)N)OC(F)(F)F,NC(=S)Nc1ccccc1OC(F)(F)F,"InChI=1S/C8H7F3N2OS/c9-8(10,11)14-6-4-2-1-3-5(6)13-7(12)15/h1-4H,(H3,12,13,15)",HYKOSRYWIURWQI-UHFFFAOYSA-N,0.0,15.0,0.0,15.0,6.0
LWD,~{N}-quinolin-6-ylbenzamide,C16 H12 N2 O,non-polymer,c1ccc(cc1)C(=O)Nc2ccc3c(c2)cccn3,O=C(Nc1ccc2ncccc2c1)c1ccccc1,"InChI=1S/C16H12N2O/c19-16(12-5-2-1-3-6-12)18-14-8-9-15-13(11-14)7-4-10-17-15/h1-11H,(H,18,19)",WQBDHSKBYRWNNN-UHFFFAOYSA-N,0.0,19.0,0.0,21.0,17.0
M0L,"4-[[(4~{S},5~{R})-4,5-bis(4-chlorophenyl)-2-(4-methoxy-2-propan-2-yloxy-phenyl)-4,5-dihydroimidazol-1-yl]carbonyl]-3-methylidene-piperazin-2-one",C31 H30 Cl2 N4 O4,non-polymer,CC(C)Oc1cc(ccc1C2=N[C@H]([C@H](N2C(=O)N3CCNC(=O)C3=C)c4ccc(cc4)Cl)c5ccc(cc5)Cl)OC,C=C1C(=O)NCCN1C(=O)N1C(c2ccc(OC)cc2OC(C)C)=N[C@@H](c2ccc(Cl)cc2)[C@H]1c1ccc(Cl)cc1,"InChI=1S/C31H30Cl2N4O4/c1-18(2)41-26-17-24(40-4)13-14-25(26)29-35-27(20-5-9-22(32)10-6-20)28(21-7-11-23(33)12-8-21)37(29)31(39)36-16-15-34-30(38)19(36)3/h5-14,17-18,27-28H,3,15-16H2,1-2,4H3,(H,34,38)/t27-,28+/m0/s1",JLTUTZCZAIJXTD-WUFINQPMSA-N,0.0,41.0,2.0,45.0,18.0
M0N,"(1-HYDROXY-2-IMIDAZO[1,2-A]PYRIDIN-3-YLETHANE-1,1-DIYL)BIS(PHOSPHONIC ACID)",C9 H12 N2 O7 P2,non-polymer,c1ccn2c(c1)ncc2CC(O)(P(=O)(O)O)P(=O)(O)O,O=P(O)(O)C(O)(Cc1cnc2ccccn12)P(=O)(O)O,"InChI=1S/C9H12N2O7P2/c12-9(19(13,14)15,20(16,17)18)5-7-6-10-8-3-1-2-4-11(7)8/h1-4,6,12H,5H2,(H2,13,14,15)(H2,16,17,18)",VMMKGHQPQIEGSQ-UHFFFAOYSA-N,0.0,20.0,0.0,21.0,10.0
M3S,2-(acetyloxy)-3-methylbenzoic acid,C10 H10 O4,non-polymer,Cc1cccc(c1OC(=O)C)C(=O)O,CC(=O)Oc1c(C)cccc1C(=O)O,"InChI=1S/C10H10O4/c1-6-4-3-5-8(10(12)13)9(6)14-7(2)11/h3-5H,1-2H3,(H,12,13)",XRBMKGUDDJPAMH-UHFFFAOYSA-N,0.0,14.0,0.0,14.0,6.0
M9E,2-(methylamino)-~{N}-[[4-[[2-(methylamino)ethanoylamino]methyl]phenyl]methyl]ethanamide,C14 H22 N4 O2,non-polymer,CNCC(=O)NCc1ccc(cc1)CNC(=O)CNC,CNCC(=O)NCc1ccc(CNC(=O)CNC)cc1,"InChI=1S/C14H22N4O2/c1-15-9-13(19)17-7-11-3-5-12(6-4-11)8-18-14(20)10-16-2/h3-6,15-16H,7-10H2,1-2H3,(H,17,19)(H,18,20)",RZNHDMVQBYDUNO-UHFFFAOYSA-N,0.0,20.0,0.0,20.0,6.0
M9H,2-(methylamino)-~{N}-[[3-[[2-(methylamino)ethanoylamino]methyl]phenyl]methyl]ethanamide,C14 H22 N4 O2,non-polymer,CNCC(=O)NCc1cccc(c1)CNC(=O)CNC,CNCC(=O)NCc1cccc(CNC(=O)CNC)c1,"InChI=1S/C14H22N4O2/c1-15-9-13(19)17-7-11-4-3-5-12(6-11)8-18-14(20)10-16-2/h3-6,15-16H,7-10H2,1-2H3,(H,17,19)(H,18,20)",CUFJKZFCOYUISD-UHFFFAOYSA-N,0.0,20.0,0.0,20.0,6.0
MI6,"(2'R,3R,4'R,5'R)-6-chloro-4'-(3-chloro-2-fluorophenyl)-2'-(2,2-dimethylpropyl)-N-(2-morpholin-4-ylethyl)-2-oxo-1,2-dihydrospiro[indole-3,3'-pyrrolidine]-5'-carboxamide",C29 H35 Cl2 F N4 O3,non-polymer,CC(C)(C)C[C@@H]1[C@]2(c3ccc(cc3NC2=O)Cl)[C@@H]([C@@H](N1)C(=O)NCCN4CCOCC4)c5cccc(c5F)Cl,CC(C)(C)C[C@H]1N[C@@H](C(=O)NCCN2CCOCC2)[C@@H](c2cccc(Cl)c2F)[C@]12C(=O)Nc1cc(Cl)ccc12,"InChI=1S/C29H35Cl2FN4O3/c1-28(2,3)16-22-29(19-8-7-17(30)15-21(19)34-27(29)38)23(18-5-4-6-20(31)24(18)32)25(35-22)26(37)33-9-10-36-11-13-39-14-12-36/h4-8,15,22-23,25,35H,9-14,16H2,1-3H3,(H,33,37)(H,34,38)/t22-,23-,25-,29-/m1/s1",YTBYOWZWBDYLQF-BYHVZLFPSA-N,0.0,39.0,4.0,43.0,12.0
MW6,"(3S)-3-[(3-aminophenyl)sulfanylmethyl]piperidine-2,6-dione",C12 H14 N2 O2 S,non-polymer,c1cc(cc(c1)SC[C@H]2CCC(=O)NC2=O)N,Nc1cccc(SC[C@H]2CCC(=O)NC2=O)c1,"InChI=1S/C12H14N2O2S/c13-9-2-1-3-10(6-9)17-7-8-4-5-11(15)14-12(8)16/h1-3,6,8H,4-5,7,13H2,(H,14,15,16)/t8-/m1/s1",YGPLIXYOXPSSRZ-MRVPVSSYSA-N,0.0,17.0,1.0,18.0,6.0
N6O,(3P)-N-[(1S)-3-amino-1-(3-chlorophenyl)-3-oxopropyl]-3-(2-fluorophenyl)-1H-pyrazole-4-carboxamide,C19 H16 Cl F N4 O2,non-polymer,c1ccc(c(c1)c2c(c[nH]n2)C(=O)N[C@@H](CC(=O)N)c3cccc(c3)Cl)F,NC(=O)C[C@H](NC(=O)c1c[nH]nc1-c1ccccc1F)c1cccc(Cl)c1,"InChI=1S/C19H16ClFN4O2/c20-12-5-3-4-11(8-12)16(9-17(22)26)24-19(27)14-10-23-25-18(14)13-6-1-2-7-15(13)21/h1-8,10,16H,9H2,(H2,22,26)(H,23,25)(H,24,27)/t16-/m0/s1",IURDZXWYYGBBOU-INIZCTEOSA-N,0.0,27.0,1.0,29.0,17.0
N8F,"(3~{S})-3-(phenylsulfonylmethyl)piperidine-2,6-dione",C12 H13 N O4 S,non-polymer,c1ccc(cc1)S(=O)(=O)C[C@H]2CCC(=O)NC2=O,O=C1CC[C@H](CS(=O)(=O)c2ccccc2)C(=O)N1,"InChI=1S/C12H13NO4S/c14-11-7-6-9(12(15)13-11)8-18(16,17)10-4-2-1-3-5-10/h1-5,9H,6-8H2,(H,13,14,15)/t9-/m1/s1",JPOLQZHTTNLNIA-SECBINFHSA-N,0.0,18.0,1.0,19.0,6.0
NFU,formyl[bis(hydrocyanato-1kappaC)]ironnickel(Fe-Ni),C3 H Fe N2 Ni O,non-polymer,C(=O)[Fe](C#N)(C#N)[Ni],N#C[Fe]([Ni])(C#N)C=O,InChI=1S/2CN.CHO.Fe.Ni/c3*1-2;;/h;;1H;;,QCZROEOIPZWDEO-UHFFFAOYSA-N,0.0,8.0,0.0,7.0,0.0
NTV,(2S)-N-(3-chloro-2-methylphenyl)oxolane-2-carboxamide,C12 H14 Cl N O2,non-polymer,Cc1c(cccc1Cl)NC(=O)[C@@H]2CCCO2,Cc1c(Cl)cccc1NC(=O)[C@@H]1CCCO1,"InChI=1S/C12H14ClNO2/c1-8-9(13)4-2-5-10(8)14-12(15)11-6-3-7-16-11/h2,4-5,11H,3,6-7H2,1H3,(H,14,15)/t11-/m0/s1",BKWNJEPRFSSIFE-NSHDSACASA-N,0.0,16.0,1.0,17.0,6.0
NUA,N-(1-ethyl-1H-pyrazol-4-yl)cyclobutanecarboxamide,C10 H15 N3 O,non-polymer,CCn1cc(cn1)NC(=O)C2CCC2,CCn1cc(NC(=O)C2CCC2)cn1,"InChI=1S/C10H15N3O/c1-2-13-7-9(6-11-13)12-10(14)8-4-3-5-8/h6-8H,2-5H2,1H3,(H,12,14)",UVTFDTBDFQZRHD-UHFFFAOYSA-N,0.0,14.0,0.0,15.0,5.0
NUM,N-[2-(4-hydroxyphenyl)ethyl]pyridine-2-carboxamide,C14 H14 N2 O2,non-polymer,c1ccnc(c1)C(=O)NCCc2ccc(cc2)O,O=C(NCCc1ccc(O)cc1)c1ccccn1,"InChI=1S/C14H14N2O2/c17-12-6-4-11(5-7-12)8-10-16-14(18)13-3-1-2-9-15-13/h1-7,9,17H,8,10H2,(H,16,18)",YXENGKAXLJYJOP-UHFFFAOYSA-N,0.0,18.0,0.0,19.0,12.0
NUY,[4-(propan-2-yl)piperazin-1-yl](thiophen-2-yl)methanone,C12 H18 N2 O S,non-polymer,CC(C)N1CCN(CC1)C(=O)c2cccs2,CC(C)N1CCN(C(=O)c2cccs2)CC1,"InChI=1S/C12H18N2OS/c1-10(2)13-5-7-14(8-6-13)12(15)11-4-3-9-16-11/h3-4,9-10H,5-8H2,1-2H3",ZEVVAPJSMUTCRY-UHFFFAOYSA-N,0.0,16.0,0.0,17.0,5.0
NZ1,"5-methoxy-1,3-benzothiazol-2-amine",C8 H8 N2 O S,non-polymer,COc1ccc2c(c1)nc(s2)N,COc1ccc2sc(N)nc2c1,"InChI=1S/C8H8N2OS/c1-11-5-2-3-7-6(4-5)10-8(9)12-7/h2-4H,1H3,(H2,9,10)",OMIHQJBWAPWLBO-UHFFFAOYSA-N,0.0,12.0,0.0,13.0,10.0
NZJ,1-(3-methylbenzene-1-carbonyl)piperidine-4-carboxamide,C14 H18 N2 O2,non-polymer,Cc1cccc(c1)C(=O)N2CCC(CC2)C(=O)N,Cc1cccc(C(=O)N2CCC(C(N)=O)CC2)c1,"InChI=1S/C14H18N2O2/c1-10-3-2-4-12(9-10)14(18)16-7-5-11(6-8-16)13(15)17/h2-4,9,11H,5-8H2,1H3,(H2,15,17)",VSYPROQBASLXDK-UHFFFAOYSA-N,0.0,18.0,0.0,19.0,6.0
O1J,(benzyloxy)acetic acid,C9 H10 O3,non-polymer,c1ccc(cc1)COCC(=O)O,O=C(O)COCc1ccccc1,"InChI=1S/C9H10O3/c10-9(11)7-12-6-8-4-2-1-3-5-8/h1-5H,6-7H2,(H,10,11)",GRZHHTYDZVRPIC-UHFFFAOYSA-N,0.0,12.0,0.0,12.0,6.0
O1M,4-(4-fluorophenyl)piperazine-1-carboxamide,C11 H14 F N3 O,non-polymer,c1cc(ccc1N2CCN(CC2)C(=O)N)F,NC(=O)N1CCN(c2ccc(F)cc2)CC1,"InChI=1S/C11H14FN3O/c12-9-1-3-10(4-2-9)14-5-7-15(8-6-14)11(13)16/h1-4H,5-8H2,(H2,13,16)",XARVCWHXIZRCGB-UHFFFAOYSA-N,0.0,16.0,0.0,17.0,6.0
O3D,"4-[(furan-2-yl)methyl]-1lambda~6~,4-thiazinane-1,1-dione",C9 H13 N O3 S,non-polymer,c1cc(oc1)CN2CCS(=O)(=O)CC2,O=S1(=O)CCN(Cc2ccco2)CC1,"InChI=1S/C9H13NO3S/c11-14(12)6-3-10(4-7-14)8-9-2-1-5-13-9/h1-2,5H,3-4,6-8H2",AEOGPIJVSQTAII-UHFFFAOYSA-N,0.0,14.0,0.0,15.0,5.0
O9E,"~{N}-[(1-ethyl-1,2,3-triazol-4-yl)methyl]-~{N},5-dimethyl-4-[2-[2-methyl-5-[methyl-[(1-propyl-1,2,3-triazol-4-yl)methyl]carbamoyl]thiophen-3-yl]cyclopenten-1-yl]thiophene-2-carboxamide",C30 H38 N8 O2 S2,non-polymer,CCCn1cc(nn1)CN(C)C(=O)c2cc(c(s2)C)C3=C(CCC3)c4cc(sc4C)C(=O)N(C)Cc5cn(nn5)CC,CCCn1cc(CN(C)C(=O)c2cc(C3=C(c4cc(C(=O)N(C)Cc5cn(CC)nn5)sc4C)CCC3)c(C)s2)nn1,"InChI=1S/C30H38N8O2S2/c1-7-12-38-18-22(32-34-38)16-36(6)30(40)28-14-26(20(4)42-28)24-11-9-10-23(24)25-13-27(41-19(25)3)29(39)35(5)15-21-17-37(8-2)33-31-21/h13-14,17-18H,7-12,15-16H2,1-6H3",GGDTYYUIMGUGDO-UHFFFAOYSA-N,0.0,42.0,0.0,46.0,20.0
P07,"1,8-DIETHYL-1,8-DIHYDRODIBENZO[3,4:7,8][1,2,3]TRIAZOLO[4',5':5,6]CYCLOOCTA[1,2-D][1,2,3]TRIAZOLE",C20 H18 N6,non-polymer,CCn1c-2c(nn1)-c3ccccc3-c4c(nnn4CC)-c5c2cccc5,CCn1nnc2c1-c1ccccc1-c1nnn(CC)c1-c1ccccc1-2,"InChI=1S/C20H18N6/c1-3-25-19-15-11-7-5-9-13(15)18-20(26(4-2)24-22-18)16-12-8-6-10-14(16)17(19)21-23-25/h5-12H,3-4H2,1-2H3",YRZRZRBFIALCLI-UHFFFAOYSA-N,0.0,26.0,0.0,30.0,22.0
P6G,HEXAETHYLENE GLYCOL,C12 H26 O7,non-polymer,C(COCCOCCOCCOCCOCCO)O,OCCOCCOCCOCCOCCOCCO,"InChI=1S/C12H26O7/c13-1-3-15-5-7-17-9-11-19-12-10-18-8-6-16-4-2-14/h13-14H,1-12H2",IIRDTKBZINWQAW-UHFFFAOYSA-N,0.0,19.0,0.0,18.0,0.0
P7M,"N-[(5-bromothiophen-2-yl)sulfonyl]-2,4-dichlorobenzamide",C11 H6 Br Cl2 N O3 S2,non-polymer,c1cc(c(cc1Cl)Cl)C(=O)NS(=O)(=O)c2ccc(s2)Br,O=C(NS(=O)(=O)c1ccc(Br)s1)c1ccc(Cl)cc1Cl,"InChI=1S/C11H6BrCl2NO3S2/c12-9-3-4-10(19-9)20(17,18)15-11(16)7-2-1-6(13)5-8(7)14/h1-5H,(H,15,16)",WWONFUQGBVOKOF-UHFFFAOYSA-N,0.0,20.0,0.0,21.0,11.0
PHI,IODO-PHENYLALANINE,C9 H10 I N O2,L-peptide linking,c1cc(ccc1C[C@@H](C(=O)O)N)I,N[C@@H](Cc1ccc(I)cc1)C(=O)O,"InChI=1S/C9H10INO2/c10-7-3-1-6(2-4-7)5-8(11)9(12)13/h1-4,8H,5,11H2,(H,12,13)/t8-/m0/s1",PZNQZSRPDOEBMS-QMMMGPOBSA-N,0.0,13.0,1.0,13.0,6.0
PKG,"(3S)-3-[2-(benzenecarbonyl)-1,2,3,4-tetrahydroisoquinolin-7-yl]-3-(1-ethyl-4-methyl-1H-benzotriazol-5-yl)propanoic acid",C28 H28 N4 O3,non-polymer,CCn1c2ccc(c(c2nn1)C)[C@@H](CC(=O)O)c3ccc4c(c3)CN(CC4)C(=O)c5ccccc5,CCn1nnc2c(C)c([C@@H](CC(=O)O)c3ccc4c(c3)CN(C(=O)c3ccccc3)CC4)ccc21,"InChI=1S/C28H28N4O3/c1-3-32-25-12-11-23(18(2)27(25)29-30-32)24(16-26(33)34)21-10-9-19-13-14-31(17-22(19)15-21)28(35)20-7-5-4-6-8-20/h4-12,15,24H,3,13-14,16-17H2,1-2H3,(H,33,34)/t24-/m0/s1",AUCYBCJRRYAJGN-DEOSSOPVSA-N,0.0,35.0,1.0,39.0,22.0
PMZ,1-[10-(3-DIMETHYLAMINO-PROPYL)-10H-PHENOTHIAZIN-2-YL]-ETHANONE,C19 H22 N2 O S,non-polymer,CC(=O)c1ccc2c(c1)N(c3ccccc3S2)CCCN(C)C,CC(=O)c1ccc2c(c1)N(CCCN(C)C)c1ccccc1S2,"InChI=1S/C19H22N2OS/c1-14(22)15-9-10-19-17(13-15)21(12-6-11-20(2)3)16-7-4-5-8-18(16)23-19/h4-5,7-10,13H,6,11-12H2,1-3H3",NOSIYYJFMPDDSA-UHFFFAOYSA-N,0.0,23.0,0.0,25.0,12.0
PRF,7-DEAZA-7-AMINOMETHYL-GUANINE,C7 H9 N5 O,non-polymer,c1c(c2c([nH]1)N=C(NC2=O)N)CN,NCc1c[nH]c2nc(N)[nH]c(=O)c12,"InChI=1S/C7H9N5O/c8-1-3-2-10-5-4(3)6(13)12-7(9)11-5/h2H,1,8H2,(H4,9,10,11,12,13)",MEYMBLGOKYDGLZ-UHFFFAOYSA-N,0.0,13.0,0.0,14.0,10.0
Q49,(3S)-3-(3-fluorophenoxy)-1-methylpyrrolidin-2-one,C11 H12 F N O2,non-polymer,CN1CC[C@@H](C1=O)Oc2cccc(c2)F,CN1CC[C@H](Oc2cccc(F)c2)C1=O,"InChI=1S/C11H12FNO2/c1-13-6-5-10(11(13)14)15-9-4-2-3-8(12)7-9/h2-4,7,10H,5-6H2,1H3/t10-/m0/s1",JWLJWMCLUCDWSD-JTQLQIEISA-N,0.0,15.0,1.0,16.0,6.0
Q4L,methyl 4-(4-fluorophenyl)piperazine-1-carboxylate,C12 H15 F N2 O2,non-polymer,COC(=O)N1CCN(CC1)c2ccc(cc2)F,COC(=O)N1CCN(c2ccc(F)cc2)CC1,"InChI=1S/C12H15FN2O2/c1-17-12(16)15-8-6-14(7-9-15)11-4-2-10(13)3-5-11/h2-5H,6-9H2,1H3",KWVIJGFYBHCKOB-UHFFFAOYSA-N,0.0,17.0,0.0,18.0,6.0
Q5J,4-(aminomethyl)-N-(3-cyano-4-methyl-1H-indol-7-yl)benzene-1-sulfonamide,C17 H16 N4 O2 S,non-polymer,Cc1ccc(c2c1c(c[nH]2)C#N)NS(=O)(=O)c3ccc(cc3)CN,Cc1ccc(NS(=O)(=O)c2ccc(CN)cc2)c2[nH]cc(C#N)c12,"InChI=1S/C17H16N4O2S/c1-11-2-7-15(17-16(11)13(9-19)10-20-17)21-24(22,23)14-5-3-12(8-18)4-6-14/h2-7,10,20-21H,8,18H2,1H3",YYJILEGPDDMZAV-UHFFFAOYSA-N,0.0,24.0,0.0,26.0,16.0
Q5V,"N-[(4-methoxyphenyl)sulfonyl]-N-(4-{[(4-methoxyphenyl)sulfonyl](2,2,2-trifluoroethyl)amino}isoquinolin-1-yl)glycine",C27 H24 F3 N3 O8 S2,non-polymer,COc1ccc(cc1)S(=O)(=O)N(CC(=O)O)c2c3ccccc3c(cn2)N(CC(F)(F)F)S(=O)(=O)c4ccc(cc4)OC,COc1ccc(S(=O)(=O)N(CC(F)(F)F)c2cnc(N(CC(=O)O)S(=O)(=O)c3ccc(OC)cc3)c3ccccc23)cc1,"InChI=1S/C27H24F3N3O8S2/c1-40-18-7-11-20(12-8-18)42(36,37)32(16-25(34)35)26-23-6-4-3-5-22(23)24(15-31-26)33(17-27(28,29)30)43(38,39)21-13-9-19(41-2)10-14-21/h3-15H,16-17H2,1-2H3,(H,34,35)",UVJKKKIWFDQRIO-UHFFFAOYSA-N,0.0,43.0,0.0,46.0,23.0
Q9E,"(5S,8R)-8-[[(2S)-1-ethanoylpyrrolidin-2-yl]carbonylamino]-N,N-dimethyl-7,11-bis(oxidanylidene)-10-oxa-3-thia-6-azabicyclo[10.4.0]hexadeca-1(16),12,14-triene-5-carboxamide",C23 H30 N4 O6 S,non-polymer,CC(=O)N1CCC[C@H]1C(=O)N[C@@H]2COC(=O)c3ccccc3CSC[C@@H](NC2=O)C(=O)N(C)C,CC(=O)N1CCC[C@H]1C(=O)N[C@@H]1COC(=O)c2ccccc2CSC[C@H](C(=O)N(C)C)NC1=O,"InChI=1S/C23H30N4O6S/c1-14(28)27-10-6-9-19(27)21(30)24-17-11-33-23(32)16-8-5-4-7-15(16)12-34-13-18(25-20(17)29)22(31)26(2)3/h4-5,7-8,17-19H,6,9-13H2,1-3H3,(H,24,30)(H,25,29)/t17-,18-,19+/m1/s1",URYMNBQTISFUDY-QRVBRYPASA-N,0.0,34.0,3.0,36.0,6.0
QD0,"(2S,4R)-N-methyl-1-[2-(3-methyl-1,2-oxazol-5-yl)ethanoyl]-4-oxidanyl-pyrrolidine-2-carboxamide",C12 H17 N3 O4,non-polymer,Cc1cc(on1)CC(=O)N2C[C@@H](C[C@H]2C(=O)NC)O,CNC(=O)[C@@H]1C[C@@H](O)CN1C(=O)Cc1cc(C)no1,"InChI=1S/C12H17N3O4/c1-7-3-9(19-14-7)5-11(17)15-6-8(16)4-10(15)12(18)13-2/h3,8,10,16H,4-6H2,1-2H3,(H,13,18)/t8-,10+/m1/s1",RKIBNEDMQYMQFM-SCZZXKLOSA-N,0.0,19.0,2.0,20.0,5.0
QE0,"(2~{S},4~{R})-~{N}-[(1~{S})-1-[4-chloranyl-2-(2-methoxyethoxy)phenyl]ethyl]-1-[(2~{R})-3-methyl-2-(3-methyl-1,2-oxazol-5-yl)butanoyl]-4-oxidanyl-pyrrolidine-2-carboxamide",C25 H34 Cl N3 O6,non-polymer,Cc1cc(on1)[C@@H](C(C)C)C(=O)N2C[C@@H](C[C@H]2C(=O)N[C@@H](C)c3ccc(cc3OCCOC)Cl)O,COCCOc1cc(Cl)ccc1[C@H](C)NC(=O)[C@@H]1C[C@@H](O)CN1C(=O)[C@@H](c1cc(C)no1)C(C)C,"InChI=1S/C25H34ClN3O6/c1-14(2)23(22-10-15(3)28-35-22)25(32)29-13-18(30)12-20(29)24(31)27-16(4)19-7-6-17(26)11-21(19)34-9-8-33-5/h6-7,10-11,14,16,18,20,23,30H,8-9,12-13H2,1-5H3,(H,27,31)/t16-,18+,20-,23+/m0/s1",WKWHAFRANUQYKI-KZHMMYNISA-N,0.0,35.0,4.0,37.0,11.0
QE9,"(2~{S},4~{R})-~{N}-[[2-(2-methoxyethoxy)-4-(4-methyl-1,3-thiazol-5-yl)phenyl]methyl]-1-[(2~{R})-3-methyl-2-(3-methyl-1,2-oxazol-5-yl)butanoyl]-4-oxidanyl-pyrrolidine-2-carboxamide",C28 H36 N4 O6 S,non-polymer,Cc1cc(on1)[C@@H](C(C)C)C(=O)N2C[C@@H](C[C@H]2C(=O)NCc3ccc(cc3OCCOC)c4c(ncs4)C)O,COCCOc1cc(-c2scnc2C)ccc1CNC(=O)[C@@H]1C[C@@H](O)CN1C(=O)[C@@H](c1cc(C)no1)C(C)C,"InChI=1S/C28H36N4O6S/c1-16(2)25(24-10-17(3)31-38-24)28(35)32-14-21(33)12-22(32)27(34)29-13-20-7-6-19(26-18(4)30-15-39-26)11-23(20)37-9-8-36-5/h6-7,10-11,15-16,21-22,25,33H,8-9,12-14H2,1-5H3,(H,29,34)/t21-,22+,25-/m1/s1",WWEGKLBXPISXSU-OTNCWRBYSA-N,0.0,39.0,3.0,42.0,16.0
QF3,"(2~{S},4~{R})-~{N}-[(1~{S})-1-[2-(2-methoxyethoxy)-4-(4-methyl-1,3-thiazol-5-yl)phenyl]ethyl]-1-[(2~{R})-3-methyl-2-(3-methyl-1,2-oxazol-5-yl)butanoyl]-4-oxidanyl-pyrrolidine-2-carboxamide",C29 H38 N4 O6 S,non-polymer,Cc1cc(on1)[C@@H](C(C)C)C(=O)N2C[C@@H](C[C@H]2C(=O)N[C@@H](C)c3ccc(cc3OCCOC)c4c(ncs4)C)O,COCCOc1cc(-c2scnc2C)ccc1[C@H](C)NC(=O)[C@@H]1C[C@@H](O)CN1C(=O)[C@@H](c1cc(C)no1)C(C)C,"InChI=1S/C29H38N4O6S/c1-16(2)26(25-11-17(3)32-39-25)29(36)33-14-21(34)13-23(33)28(35)31-18(4)22-8-7-20(27-19(5)30-15-40-27)12-24(22)38-10-9-37-6/h7-8,11-12,15-16,18,21,23,26,34H,9-10,13-14H2,1-6H3,(H,31,35)/t18-,21+,23-,26+/m0/s1",VMVWCWSHAYNZLZ-CVGMMOOQSA-N,0.0,40.0,4.0,43.0,16.0
QF7,"(2~{S},4~{R})-1-[(2~{S})-2-[(1-fluoranylcyclopropyl)carbonylamino]-3,3-dimethyl-butanoyl]-~{N}-[(1~{S})-3-(methylamino)-1-[4-(4-methyl-1,3-thiazol-5-yl)phenyl]-3-oxidanylidene-propyl]-4-oxidanyl-pyrrolidine-2-carboxamide",C29 H38 F N5 O5 S,non-polymer,Cc1c(scn1)c2ccc(cc2)[C@H](CC(=O)NC)NC(=O)[C@@H]3C[C@H](CN3C(=O)[C@H](C(C)(C)C)NC(=O)C4(CC4)F)O,CNC(=O)C[C@H](NC(=O)[C@@H]1C[C@@H](O)CN1C(=O)[C@@H](NC(=O)C1(F)CC1)C(C)(C)C)c1ccc(-c2scnc2C)cc1,"InChI=1S/C29H38FN5O5S/c1-16-23(41-15-32-16)18-8-6-17(7-9-18)20(13-22(37)31-5)33-25(38)21-12-19(36)14-35(21)26(39)24(28(2,3)4)34-27(40)29(30)10-11-29/h6-9,15,19-21,24,36H,10-14H2,1-5H3,(H,31,37)(H,33,38)(H,34,40)/t19-,20+,21+,24-/m1/s1",PTPPMFQIIPBSRV-MDAIXWLXSA-N,0.0,41.0,4.0,44.0,11.0
QFF,"(2~{S},4~{R})-1-[(2~{R})-3-methyl-2-(3-methyl-1,2-oxazol-5-yl)butanoyl]-~{N}-[4-(4-methyl-1,3-thiazol-5-yl)phenoxy]-4-oxidanyl-pyrrolidine-2-carboxamide",C24 H28 N4 O5 S,non-polymer,Cc1cc(on1)[C@@H](C(C)C)C(=O)N2C[C@@H](C[C@H]2C(=O)NOc3ccc(cc3)c4c(ncs4)C)O,Cc1cc([C@H](C(=O)N2C[C@H](O)C[C@H]2C(=O)NOc2ccc(-c3scnc3C)cc2)C(C)C)on1,"InChI=1S/C24H28N4O5S/c1-13(2)21(20-9-14(3)26-33-20)24(31)28-11-17(29)10-19(28)23(30)27-32-18-7-5-16(6-8-18)22-15(4)25-12-34-22/h5-9,12-13,17,19,21,29H,10-11H2,1-4H3,(H,27,30)/t17-,19+,21-/m1/s1",JHCAFLBHJQDQTN-SLYNCCJLSA-N,0.0,34.0,3.0,37.0,16.0
QFR,"(2~{R})-3-methyl-1-[(2~{S},4~{R})-2-[(5~{R})-5-methyl-5-[4-(4-methyl-1,3-thiazol-5-yl)phenyl]-4~{H}-1,2,4-oxadiazol-3-yl]-4-oxidanyl-pyrrolidin-1-yl]-2-(3-methyl-1,2-oxazol-5-yl)butan-1-one",C26 H31 N5 O4 S,non-polymer,Cc1cc(on1)[C@@H](C(C)C)C(=O)N2C[C@@H](C[C@H]2C3=NO[C@](N3)(C)c4ccc(cc4)c5c(ncs5)C)O,Cc1cc([C@H](C(=O)N2C[C@H](O)C[C@H]2C2=NO[C@](C)(c3ccc(-c4scnc4C)cc3)N2)C(C)C)on1,"InChI=1S/C26H31N5O4S/c1-14(2)22(21-10-15(3)29-34-21)25(33)31-12-19(32)11-20(31)24-28-26(5,35-30-24)18-8-6-17(7-9-18)23-16(4)27-13-36-23/h6-10,13-14,19-20,22,32H,11-12H2,1-5H3,(H,28,30)/t19-,20+,22-,26-/m1/s1",SJWOQSNEWHFLAZ-RVNGOIKDSA-N,0.0,36.0,4.0,40.0,16.0
QGZ,5-cyclopropyl-1-[3-(phenylsulfonylamino)phenyl]pyrazole-4-carboxylic acid,C19 H17 N3 O4 S,non-polymer,c1ccc(cc1)S(=O)(=O)Nc2cccc(c2)n3c(c(cn3)C(=O)O)C4CC4,O=C(O)c1cnn(-c2cccc(NS(=O)(=O)c3ccccc3)c2)c1C1CC1,"InChI=1S/C19H17N3O4S/c23-19(24)17-12-20-22(18(17)13-9-10-13)15-6-4-5-14(11-15)21-27(25,26)16-7-2-1-3-8-16/h1-8,11-13,21H,9-10H2,(H,23,24)",IDKJYWWTGIDTLE-UHFFFAOYSA-N,0.0,27.0,0.0,30.0,17.0
QH2,"1-[3-[2-hydroxy-2-oxoethyl(phenylsulfonyl)amino]phenyl]-5-[(1~{S},2~{S})-2-phenylcyclopropyl]pyrazole-4-carboxylic acid",C27 H23 N3 O6 S,non-polymer,c1ccc(cc1)[C@H]2C[C@@H]2c3c(cnn3c4cccc(c4)N(CC(=O)O)S(=O)(=O)c5ccccc5)C(=O)O,O=C(O)CN(c1cccc(-n2ncc(C(=O)O)c2[C@H]2C[C@@H]2c2ccccc2)c1)S(=O)(=O)c1ccccc1,"InChI=1S/C27H23N3O6S/c31-25(32)17-29(37(35,36)21-12-5-2-6-13-21)19-10-7-11-20(14-19)30-26(24(16-28-30)27(33)34)23-15-22(23)18-8-3-1-4-9-18/h1-14,16,22-23H,15,17H2,(H,31,32)(H,33,34)/t22-,23+/m1/s1",IWAWWUSRLVMCRW-PKTZIBPZSA-N,0.0,37.0,2.0,41.0,23.0
QH5,"~{N}-[3-[5-cyclopropyl-4-(2~{H}-1,2,3,4-tetrazol-5-yl)pyrazol-1-yl]phenyl]benzenesulfonamide",C19 H17 N7 O2 S,non-polymer,c1ccc(cc1)S(=O)(=O)Nc2cccc(c2)n3c(c(cn3)c4n[nH]nn4)C5CC5,O=S(=O)(Nc1cccc(-n2ncc(-c3nn[nH]n3)c2C2CC2)c1)c1ccccc1,"InChI=1S/C19H17N7O2S/c27-29(28,16-7-2-1-3-8-16)23-14-5-4-6-15(11-14)26-18(13-9-10-13)17(12-20-26)19-21-24-25-22-19/h1-8,11-13,23H,9-10H2,(H,21,22,24,25)",BUPUHVMYXRJEIS-UHFFFAOYSA-N,0.0,29.0,0.0,33.0,22.0
QH8,1-[3-[(4-butylphenyl)sulfonyl-(2-hydroxy-2-oxoethyl)amino]phenyl]-5-cyclopropyl-pyrazole-4-carboxylic acid,C25 H27 N3 O6 S,non-polymer,CCCCc1ccc(cc1)S(=O)(=O)N(CC(=O)O)c2cccc(c2)n3c(c(cn3)C(=O)O)C4CC4,CCCCc1ccc(S(=O)(=O)N(CC(=O)O)c2cccc(-n3ncc(C(=O)O)c3C3CC3)c2)cc1,"InChI=1S/C25H27N3O6S/c1-2-3-5-17-8-12-21(13-9-17)35(33,34)27(16-23(29)30)19-6-4-7-20(14-19)28-24(18-10-11-18)22(15-26-28)25(31)32/h4,6-9,12-15,18H,2-3,5,10-11,16H2,1H3,(H,29,30)(H,31,32)",BRCQFIYBTBPQSU-UHFFFAOYSA-N,0.0,35.0,0.0,38.0,17.0
QHH,"1-[3-[(1~{R},3~{S})-3-[(2~{S})-2-butylpyrrolidin-1-yl]carbonylcyclohexyl]phenyl]-5-cyclopropyl-pyrazole-4-carboxylic acid",C28 H37 N3 O3,non-polymer,CCCC[C@H]1CCCN1C(=O)[C@H]2CCC[C@H](C2)c3cccc(c3)n4c(c(cn4)C(=O)O)C5CC5,CCCC[C@H]1CCCN1C(=O)[C@H]1CCC[C@@H](c2cccc(-n3ncc(C(=O)O)c3C3CC3)c2)C1,"InChI=1S/C28H37N3O3/c1-2-3-10-23-12-6-15-30(23)27(32)22-9-4-7-20(16-22)21-8-5-11-24(17-21)31-26(19-13-14-19)25(18-29-31)28(33)34/h5,8,11,17-20,22-23H,2-4,6-7,9-10,12-16H2,1H3,(H,33,34)/t20-,22+,23+/m1/s1",UHBPMQISVQNVGD-PUHATCMVSA-N,0.0,34.0,3.0,38.0,11.0
QHK,5-cyclopropyl-1-[3-[2-hydroxy-2-oxoethyl(phenylsulfonyl)amino]phenyl]pyrazole-4-carboxylic acid,C21 H19 N3 O6 S,non-polymer,c1ccc(cc1)S(=O)(=O)N(CC(=O)O)c2cccc(c2)n3c(c(cn3)C(=O)O)C4CC4,O=C(O)CN(c1cccc(-n2ncc(C(=O)O)c2C2CC2)c1)S(=O)(=O)c1ccccc1,"InChI=1S/C21H19N3O6S/c25-19(26)13-23(31(29,30)17-7-2-1-3-8-17)15-5-4-6-16(11-15)24-20(14-9-10-14)18(12-22-24)21(27)28/h1-8,11-12,14H,9-10,13H2,(H,25,26)(H,27,28)",RBAUECSGJHSFDC-UHFFFAOYSA-N,0.0,31.0,0.0,34.0,17.0
QHN,5-cyclopropyl-1-phenyl-pyrazole-4-carboxylic acid,C13 H12 N2 O2,non-polymer,c1ccc(cc1)n2c(c(cn2)C(=O)O)C3CC3,O=C(O)c1cnn(-c2ccccc2)c1C1CC1,"InChI=1S/C13H12N2O2/c16-13(17)11-8-14-15(12(11)9-6-7-9)10-4-2-1-3-5-10/h1-5,8-9H,6-7H2,(H,16,17)",GOFLYUKBUGVGJT-UHFFFAOYSA-N,0.0,17.0,0.0,19.0,11.0
QHQ,5-cyclopropyl-1-[3-[2-hydroxy-2-oxoethyl-(3-methoxyphenyl)sulfonyl-amino]phenyl]pyrazole-4-carboxylic acid,C22 H21 N3 O7 S,non-polymer,COc1cccc(c1)S(=O)(=O)N(CC(=O)O)c2cccc(c2)n3c(c(cn3)C(=O)O)C4CC4,COc1cccc(S(=O)(=O)N(CC(=O)O)c2cccc(-n3ncc(C(=O)O)c3C3CC3)c2)c1,"InChI=1S/C22H21N3O7S/c1-32-17-6-3-7-18(11-17)33(30,31)24(13-20(26)27)15-4-2-5-16(10-15)25-21(14-8-9-14)19(12-23-25)22(28)29/h2-7,10-12,14H,8-9,13H2,1H3,(H,26,27)(H,28,29)",IKOZRUPTCUYLEM-UHFFFAOYSA-N,0.0,33.0,0.0,36.0,17.0
QHT,"5-cyclopropyl-1-[3-[(2,3,5,6-tetramethylphenyl)sulfonylamino]phenyl]pyrazole-4-carboxylic acid",C23 H25 N3 O4 S,non-polymer,Cc1cc(c(c(c1C)S(=O)(=O)Nc2cccc(c2)n3c(c(cn3)C(=O)O)C4CC4)C)C,Cc1cc(C)c(C)c(S(=O)(=O)Nc2cccc(-n3ncc(C(=O)O)c3C3CC3)c2)c1C,"InChI=1S/C23H25N3O4S/c1-13-10-14(2)16(4)22(15(13)3)31(29,30)25-18-6-5-7-19(11-18)26-21(17-8-9-17)20(12-24-26)23(27)28/h5-7,10-12,17,25H,8-9H2,1-4H3,(H,27,28)",YMEVYPWCRCGXAH-UHFFFAOYSA-N,0.0,31.0,0.0,34.0,17.0
QHW,"5-cyclopropyl-1-[3-[2-hydroxy-2-oxoethyl-(2,3,5,6-tetramethylphenyl)sulfonyl-amino]phenyl]pyrazole-4-carboxylic acid",C25 H27 N3 O6 S,non-polymer,Cc1cc(c(c(c1C)S(=O)(=O)N(CC(=O)O)c2cccc(c2)n3c(c(cn3)C(=O)O)C4CC4)C)C,Cc1cc(C)c(C)c(S(=O)(=O)N(CC(=O)O)c2cccc(-n3ncc(C(=O)O)c3C3CC3)c2)c1C,"InChI=1S/C25H27N3O6S/c1-14-10-15(2)17(4)24(16(14)3)35(33,34)27(13-22(29)30)19-6-5-7-20(11-19)28-23(18-8-9-18)21(12-26-28)25(31)32/h5-7,10-12,18H,8-9,13H2,1-4H3,(H,29,30)(H,31,32)",SAPJYRTVXRKYMQ-UHFFFAOYSA-N,0.0,35.0,0.0,38.0,17.0
QHZ,"1-[3-[2-hydroxy-2-oxoethyl-(3-methoxyphenyl)sulfonyl-amino]phenyl]-5-[(1~{S},2~{S})-2-phenylcyclopropyl]pyrazole-4-carboxylic acid",C28 H25 N3 O7 S,non-polymer,COc1cccc(c1)S(=O)(=O)N(CC(=O)O)c2cccc(c2)n3c(c(cn3)C(=O)O)[C@H]4C[C@@H]4c5ccccc5,COc1cccc(S(=O)(=O)N(CC(=O)O)c2cccc(-n3ncc(C(=O)O)c3[C@H]3C[C@@H]3c3ccccc3)c2)c1,"InChI=1S/C28H25N3O7S/c1-38-21-11-6-12-22(14-21)39(36,37)30(17-26(32)33)19-9-5-10-20(13-19)31-27(25(16-29-31)28(34)35)24-15-23(24)18-7-3-2-4-8-18/h2-14,16,23-24H,15,17H2,1H3,(H,32,33)(H,34,35)/t23-,24+/m1/s1",BLJRYRIUUYNZFT-RPWUZVMVSA-N,0.0,39.0,2.0,43.0,23.0
QJ5,5-cyclopropyl-1-[3-[(4-propylphenyl)sulfonylamino]phenyl]pyrazole-4-carboxylic acid,C22 H23 N3 O4 S,non-polymer,CCCc1ccc(cc1)S(=O)(=O)Nc2cccc(c2)n3c(c(cn3)C(=O)O)C4CC4,CCCc1ccc(S(=O)(=O)Nc2cccc(-n3ncc(C(=O)O)c3C3CC3)c2)cc1,"InChI=1S/C22H23N3O4S/c1-2-4-15-7-11-19(12-8-15)30(28,29)24-17-5-3-6-18(13-17)25-21(16-9-10-16)20(14-23-25)22(26)27/h3,5-8,11-14,16,24H,2,4,9-10H2,1H3,(H,26,27)",ONYIKBUVBIUGDR-UHFFFAOYSA-N,0.0,30.0,0.0,33.0,17.0
RAC,4-(2-DIMETHYLCARBAMOYL-PHENYLCARBAMOYLOXYMETHYL)-BENZOIC ACID,C18 H18 N2 O5,non-polymer,CN(C)C(=O)c1ccccc1NC(=O)OCc2ccc(cc2)C(=O)O,CN(C)C(=O)c1ccccc1NC(=O)OCc1ccc(C(=O)O)cc1,"InChI=1S/C18H18N2O5/c1-20(2)16(21)14-5-3-4-6-15(14)19-18(24)25-11-12-7-9-13(10-8-12)17(22)23/h3-10H,11H2,1-2H3,(H,19,24)(H,22,23)",WBKIRHATIRDZAH-UHFFFAOYSA-N,0.0,25.0,0.0,26.0,12.0
ROL,ROLIPRAM,C16 H21 N O3,non-polymer,COc1ccc(cc1OC2CCCC2)[C@H]3CC(=O)NC3,COc1ccc([C@@H]2CNC(=O)C2)cc1OC1CCCC1,"InChI=1S/C16H21NO3/c1-19-14-7-6-11(12-9-16(18)17-10-12)8-15(14)20-13-4-2-3-5-13/h6-8,12-13H,2-5,9-10H2,1H3,(H,17,18)/t12-/m0/s1",HJORMJIFDVBMOB-LBPRGKRZSA-N,0.0,20.0,1.0,22.0,6.0
RV4,N-{4-[(morpholin-4-yl)methyl]phenyl}acetamide,C13 H18 N2 O2,non-polymer,CC(=O)Nc1ccc(cc1)CN2CCOCC2,CC(=O)Nc1ccc(CN2CCOCC2)cc1,"InChI=1S/C13H18N2O2/c1-11(16)14-13-4-2-12(3-5-13)10-15-6-8-17-9-7-15/h2-5H,6-10H2,1H3,(H,14,16)",KFRGDVNNAPFDCF-UHFFFAOYSA-N,0.0,17.0,0.0,18.0,6.0
RWS,"1-(5-methyl-1,3,4-thiadiazol-2-yl)piperidine",C8 H13 N3 S,non-polymer,Cc1nnc(s1)N2CCCCC2,Cc1nnc(N2CCCCC2)s1,"InChI=1S/C8H13N3S/c1-7-9-10-8(12-7)11-5-3-2-4-6-11/h2-6H2,1H3",IIDJDXATFNHHGO-UHFFFAOYSA-N,0.0,12.0,0.0,13.0,5.0
RXS,3-[(2-methyl-1H-imidazol-1-yl)methyl]benzonitrile,C12 H11 N3,non-polymer,Cc1nccn1Cc2cccc(c2)C#N,Cc1nccn1Cc1cccc(C#N)c1,"InChI=1S/C12H11N3/c1-10-14-5-6-15(10)9-12-4-2-3-11(7-12)8-13/h2-7H,9H2,1H3",HMXUYPBDUYSWMA-UHFFFAOYSA-N,0.0,15.0,0.0,16.0,11.0
RZJ,"1-methyl-3,4-dihydro-2~{H}-quinoline-7-sulfonamide",C10 H14 N2 O2 S,non-polymer,CN1CCCc2c1cc(cc2)S(=O)(=O)N,CN1CCCc2ccc(S(N)(=O)=O)cc21,"InChI=1S/C10H14N2O2S/c1-12-6-2-3-8-4-5-9(7-10(8)12)15(11,13)14/h4-5,7H,2-3,6H2,1H3,(H2,11,13,14)",OUJFDUTZTPBMDN-UHFFFAOYSA-N,0.0,15.0,0.0,16.0,6.0
S0V,"morpholin-4-yl(1,2,3-thiadiazol-4-yl)methanone",C7 H9 N3 O2 S,non-polymer,c1c(nns1)C(=O)N2CCOCC2,O=C(c1csnn1)N1CCOCC1,"InChI=1S/C7H9N3O2S/c11-7(6-5-13-9-8-6)10-1-3-12-4-2-10/h5H,1-4H2",BPUDGPLMUNVDOA-UHFFFAOYSA-N,0.0,13.0,0.0,14.0,5.0
S0W,3-(4-CHLOROPHENYL)PROPANOIC ACID,C9 H9 Cl O2,non-polymer,c1cc(ccc1CCC(=O)O)Cl,O=C(O)CCc1ccc(Cl)cc1,"InChI=1S/C9H9ClO2/c10-8-4-1-7(2-5-8)3-6-9(11)12/h1-2,4-5H,3,6H2,(H,11,12)",BBSLOKZINKEUCR-UHFFFAOYSA-N,0.0,12.0,0.0,12.0,6.0
S3B,3-methyl-2-(propanoyloxy)benzoic acid,C11 H12 O4,non-polymer,CCC(=O)Oc1c(cccc1C(=O)O)C,CCC(=O)Oc1c(C)cccc1C(=O)O,"InChI=1S/C11H12O4/c1-3-9(12)15-10-7(2)5-4-6-8(10)11(13)14/h4-6H,3H2,1-2H3,(H,13,14)",NFOCQVCAZPKUKW-UHFFFAOYSA-N,0.0,15.0,0.0,15.0,6.0
S7B,2-[(cyclopropylcarbonyl)oxy]-3-methylbenzoic acid,C12 H12 O4,non-polymer,Cc1cccc(c1OC(=O)C2CC2)C(=O)O,Cc1cccc(C(=O)O)c1OC(=O)C1CC1,"InChI=1S/C12H12O4/c1-7-3-2-4-9(11(13)14)10(7)16-12(15)8-5-6-8/h2-4,8H,5-6H2,1H3,(H,13,14)",RHIRFUJRCDAPMZ-UHFFFAOYSA-N,0.0,16.0,0.0,17.0,6.0
S7G,"~{N}-[(3~{R})-1,2,3,4-tetrahydroquinolin-3-yl]ethanamide",C11 H14 N2 O,non-polymer,CC(=O)N[C@@H]1Cc2ccccc2NC1,CC(=O)N[C@H]1CNc2ccccc2C1,"InChI=1S/C11H14N2O/c1-8(14)13-10-6-9-4-2-3-5-11(9)12-7-10/h2-5,10,12H,6-7H2,1H3,(H,13,14)/t10-/m1/s1",HCEIEGOMGWEGOJ-SNVBAGLBSA-N,0.0,14.0,1.0,15.0,6.0
S9S,~{N}-[2-(4-fluorophenyl)ethyl]methanesulfonamide,C9 H12 F N O2 S,non-polymer,CS(=O)(=O)NCCc1ccc(cc1)F,CS(=O)(=O)NCCc1ccc(F)cc1,"InChI=1S/C9H12FNO2S/c1-14(12,13)11-7-6-8-2-4-9(10)5-3-8/h2-5,11H,6-7H2,1H3",JZUQJFQXYYHUJT-UHFFFAOYSA-N,0.0,14.0,0.0,14.0,6.0
SFY,4-amino-N-(pyridin-2-yl)benzenesulfonamide,C11 H11 N3 O2 S,non-polymer,c1ccnc(c1)NS(=O)(=O)c2ccc(cc2)N,Nc1ccc(S(=O)(=O)Nc2ccccn2)cc1,"InChI=1S/C11H11N3O2S/c12-9-4-6-10(7-5-9)17(15,16)14-11-3-1-2-8-13-11/h1-8H,12H2,(H,13,14)",GECHUMIMRBOMGK-UHFFFAOYSA-N,0.0,17.0,0.0,18.0,12.0
SGO,"(3S)-3-(4-methylphenyl)-3-[2-(5,6,7,8-tetrahydronaphthalen-2-yl)ethanoylamino]propanoic acid",C22 H25 N O3,non-polymer,Cc1ccc(cc1)[C@H](CC(=O)O)NC(=O)Cc2ccc3c(c2)CCCC3,Cc1ccc([C@H](CC(=O)O)NC(=O)Cc2ccc3c(c2)CCCC3)cc1,"InChI=1S/C22H25NO3/c1-15-6-9-18(10-7-15)20(14-22(25)26)23-21(24)13-16-8-11-17-4-2-3-5-19(17)12-16/h6-12,20H,2-5,13-14H2,1H3,(H,23,24)(H,25,26)/t20-/m0/s1",IRCYEUOLXYXORC-FQEVSTJZSA-N,0.0,26.0,1.0,28.0,12.0
SIU,"(2R,3S)-2-methyl-3-(4-methylphenyl)-3-[2-(5,6,7,8-tetrahydronaphthalen-2-yl)ethanoylamino]propanoic acid",C23 H27 N O3,non-polymer,Cc1ccc(cc1)[C@H]([C@@H](C)C(=O)O)NC(=O)Cc2ccc3c(c2)CCCC3,Cc1ccc([C@@H](NC(=O)Cc2ccc3c(c2)CCCC3)[C@@H](C)C(=O)O)cc1,"InChI=1S/C23H27NO3/c1-15-7-10-19(11-8-15)22(16(2)23(26)27)24-21(25)14-17-9-12-18-5-3-4-6-20(18)13-17/h7-13,16,22H,3-6,14H2,1-2H3,(H,24,25)(H,26,27)/t16-,22+/m1/s1",HBAMGJXBHJDNHV-ZHRRBRCNSA-N,0.0,27.0,2.0,29.0,12.0
SXJ,"(13alpha,18alpha)-2-cyano-3-hydroxy-12-oxooleana-2,9(11)-dien-28-oic acid",C31 H43 N O4,non-polymer,C[C@@]12CC[C@]3(CCC(C[C@H]3[C@H]1C(=O)C=C4[C@]2(CC[C@@H]5[C@@]4(CC(=C(C5(C)C)O)C#N)C)C)(C)C)C(=O)O,CC1(C)CC[C@]2(C(=O)O)CC[C@]3(C)[C@H](C(=O)C=C4[C@@]5(C)CC(C#N)=C(O)C(C)(C)[C@@H]5CC[C@]43C)[C@@H]2C1,"InChI=1S/C31H43NO4/c1-26(2)10-12-31(25(35)36)13-11-30(7)23(19(31)16-26)20(33)14-22-28(5)15-18(17-32)24(34)27(3,4)21(28)8-9-29(22,30)6/h14,19,21,23,34H,8-13,15-16H2,1-7H3,(H,35,36)/t19-,21-,23-,28-,29+,30+,31-/m0/s1",YTXFWWUYCLBPKV-UQMAOPSPSA-N,0.0,36.0,7.0,40.0,0.0
T6I,"(2R,3S)-3-[[(2S)-2-fluoranyl-2-(5,6,7,8-tetrahydronaphthalen-2-yl)ethanoyl]amino]-2-methyl-3-(4-methylphenyl)propanoic acid",C23 H26 F N O3,non-polymer,Cc1ccc(cc1)[C@H]([C@@H](C)C(=O)O)NC(=O)[C@H](c2ccc3c(c2)CCCC3)F,Cc1ccc([C@@H](NC(=O)[C@@H](F)c2ccc3c(c2)CCCC3)[C@@H](C)C(=O)O)cc1,"InChI=1S/C23H26FNO3/c1-14-7-9-17(10-8-14)21(15(2)23(27)28)25-22(26)20(24)19-12-11-16-5-3-4-6-18(16)13-19/h7-13,15,20-21H,3-6H2,1-2H3,(H,25,26)(H,27,28)/t15-,20+,21+/m1/s1",MQNFGUOKPYSZBX-NQERJWCQSA-N,0.0,28.0,3.0,30.0,12.0
T6J,2-[(methylsulfonyl)methyl]-1H-benzimidazole,C9 H10 N2 O2 S,non-polymer,CS(=O)(=O)Cc1[nH]c2ccccc2n1,CS(=O)(=O)Cc1nc2ccccc2[nH]1,"InChI=1S/C9H10N2O2S/c1-14(12,13)6-9-10-7-4-2-3-5-8(7)11-9/h2-5H,6H2,1H3,(H,10,11)",WCWTYTQSZZWNEW-UHFFFAOYSA-N,0.0,14.0,0.0,15.0,10.0
T9Q,N-Benzyl-2-methoxyacetamide,C10 H13 N O2,non-polymer,COCC(=O)NCc1ccccc1,COCC(=O)NCc1ccccc1,"InChI=1S/C10H13NO2/c1-13-8-10(12)11-7-9-5-3-2-4-6-9/h2-6H,7-8H2,1H3,(H,11,12)",VLAPGEODGZEQPC-UHFFFAOYSA-N,0.0,13.0,0.0,13.0,6.0
TG0,"(2S,4R)-1-(3-amino-2-methylbenzoyl)-4-hydroxy-N-(4-(4-methylthiazol-5-yl)benzyl)pyrrolidine-2-carboxamide",C24 H26 N4 O3 S,non-polymer,Cc1c(cccc1N)C(=O)N2C[C@@H](C[C@H]2C(=O)NCc3ccc(cc3)c4c(ncs4)C)O,Cc1ncsc1-c1ccc(CNC(=O)[C@@H]2C[C@@H](O)CN2C(=O)c2cccc(N)c2C)cc1,"InChI=1S/C24H26N4O3S/c1-14-19(4-3-5-20(14)25)24(31)28-12-18(29)10-21(28)23(30)26-11-16-6-8-17(9-7-16)22-15(2)27-13-32-22/h3-9,13,18,21,29H,10-12,25H2,1-2H3,(H,26,30)/t18-,21+/m1/s1",AFUSGLDYQSDIEU-NQIIRXRSSA-N,0.0,32.0,2.0,35.0,17.0
THC,N-METHYLCARBONYLTHREONINE,C6 H11 N O4,L-peptide linking,C[C@H]([C@@H](C(=O)O)NC(=O)C)O,CC(=O)N[C@H](C(=O)O)[C@@H](C)O,"InChI=1S/C6H11NO4/c1-3(8)5(6(10)11)7-4(2)9/h3,5,8H,1-2H3,(H,7,9)(H,10,11)/t3-,5+/m1/s1",PEDXUVCGOLSNLQ-WUJLRWPWSA-N,0.0,11.0,2.0,10.0,0.0
TJ2,3-{(1S)-2-(tert-butylamino)-1-[(4-chlorobenzyl)(formyl)amino]-2-oxoethyl}-6-chloro-1H-indole-2-carboxylic acid,C23 H23 Cl2 N3 O4,non-polymer,CC(C)(C)NC(=O)[C@H](c1c2ccc(cc2[nH]c1C(=O)O)Cl)N(Cc3ccc(cc3)Cl)C=O,CC(C)(C)NC(=O)[C@H](c1c(C(=O)O)[nH]c2cc(Cl)ccc12)N(C=O)Cc1ccc(Cl)cc1,"InChI=1S/C23H23Cl2N3O4/c1-23(2,3)27-21(30)20(28(12-29)11-13-4-6-14(24)7-5-13)18-16-9-8-15(25)10-17(16)26-19(18)22(31)32/h4-10,12,20,26H,11H2,1-3H3,(H,27,30)(H,31,32)/t20-/m0/s1",ZAOJHZGIRKVCBH-FQEVSTJZSA-N,0.0,32.0,1.0,34.0,16.0
TMG,"2-(1,3-THIAZOL-4-YL)-1H-BENZIMIDAZOLE",C10 H7 N3 S,non-polymer,c1ccc2c(c1)[nH]c(n2)c3cscn3,c1ccc2[nH]c(-c3cscn3)nc2c1,"InChI=1S/C10H7N3S/c1-2-4-8-7(3-1)12-10(13-8)9-5-14-6-11-9/h1-6H,(H,12,13)",WJCNZQLZVWNLKY-UHFFFAOYSA-N,0.0,14.0,0.0,16.0,15.0
TR0,(4R)-N-(BIPHENYL-4-YLMETHYL)-4-HYDROXY-1-[(3-METHYLISOXAZOL-5-YL)ACETYL]-L-PROLINAMIDE,C24 H25 N3 O4,non-polymer,Cc1cc(on1)CC(=O)N2C[C@@H](C[C@H]2C(=O)NCc3ccc(cc3)c4ccccc4)O,Cc1cc(CC(=O)N2C[C@H](O)C[C@H]2C(=O)NCc2ccc(-c3ccccc3)cc2)on1,"InChI=1S/C24H25N3O4/c1-16-11-21(31-26-16)13-23(29)27-15-20(28)12-22(27)24(30)25-14-17-7-9-19(10-8-17)18-5-3-2-4-6-18/h2-11,20,22,28H,12-15H2,1H3,(H,25,30)/t20-,22+/m1/s1",NRELVQVYPBFBDC-IRLDBZIGSA-N,0.0,31.0,2.0,34.0,17.0
TU6,[4-methyl-6-(piperidin-1-yl)pyrimidin-2-yl]methanol,C11 H17 N3 O,non-polymer,Cc1cc(nc(n1)CO)N2CCCCC2,Cc1cc(N2CCCCC2)nc(CO)n1,"InChI=1S/C11H17N3O/c1-9-7-11(13-10(8-15)12-9)14-5-3-2-4-6-14/h7,15H,2-6,8H2,1H3",GZINCFOQQRVKFL-UHFFFAOYSA-N,0.0,15.0,0.0,16.0,6.0
TUW,6-[[(1~{R})-1-(4-chlorophenyl)-7-fluoranyl-1-[[1-(hydroxymethyl)cyclopropyl]methoxy]-3-oxidanylidene-5-(2-oxidanylpropan-2-yl)isoindol-2-yl]methyl]pyridine-3-carbonitrile,C29 H27 Cl F N3 O4,non-polymer,CC(C)(c1cc2c(c(c1)F)[C@@](N(C2=O)Cc3ccc(cn3)C#N)(c4ccc(cc4)Cl)OCC5(CC5)CO)O,CC(C)(O)c1cc(F)c2c(c1)C(=O)N(Cc1ccc(C#N)cn1)[C@@]2(OCC1(CO)CC1)c1ccc(Cl)cc1,"InChI=1S/C29H27ClFN3O4/c1-27(2,37)20-11-23-25(24(31)12-20)29(19-4-6-21(30)7-5-19,38-17-28(16-35)9-10-28)34(26(23)36)15-22-8-3-18(13-32)14-33-22/h3-8,11-12,14,35,37H,9-10,15-17H2,1-2H3/t29-/m1/s1",GDVBWGYVVZIZIR-GDLZYMKVSA-N,0.0,38.0,1.0,42.0,18.0
TUZ,1-[[(1~{R})-2-[(5-chloranylpyridin-2-yl)methyl]-1-(4-chlorophenyl)-7-fluoranyl-3-oxidanylidene-5-(2-oxidanylpropan-2-yl)isoindol-1-yl]oxymethyl]cyclopropane-1-carboxamide,C28 H26 Cl2 F N3 O4,non-polymer,CC(C)(c1cc2c(c(c1)F)[C@@](N(C2=O)Cc3ccc(cn3)Cl)(c4ccc(cc4)Cl)OCC5(CC5)C(=O)N)O,CC(C)(O)c1cc(F)c2c(c1)C(=O)N(Cc1ccc(Cl)cn1)[C@@]2(OCC1(C(N)=O)CC1)c1ccc(Cl)cc1,"InChI=1S/C28H26Cl2FN3O4/c1-26(2,37)17-11-21-23(22(31)12-17)28(16-3-5-18(29)6-4-16,38-15-27(9-10-27)25(32)36)34(24(21)35)14-20-8-7-19(30)13-33-20/h3-8,11-13,37H,9-10,14-15H2,1-2H3,(H2,32,36)/t28-/m1/s1",QEBHYSMAGWDGTO-MUUNZHRXSA-N,0.0,38.0,1.0,42.0,18.0
TV5,(3~{R})-2-[(5-chloranylpyridin-2-yl)methyl]-3-(4-chlorophenyl)-4-fluoranyl-3-[(1-oxidanylcyclopropyl)methoxy]-6-(2-oxidanylpropan-2-yl)isoindol-1-one,C27 H25 Cl2 F N2 O4,non-polymer,CC(C)(c1cc2c(c(c1)F)[C@@](N(C2=O)Cc3ccc(cn3)Cl)(c4ccc(cc4)Cl)OCC5(CC5)O)O,CC(C)(O)c1cc(F)c2c(c1)C(=O)N(Cc1ccc(Cl)cn1)[C@@]2(OCC1(O)CC1)c1ccc(Cl)cc1,"InChI=1S/C27H25Cl2FN2O4/c1-25(2,34)17-11-21-23(22(30)12-17)27(36-15-26(35)9-10-26,16-3-5-18(28)6-4-16)32(24(21)33)14-20-8-7-19(29)13-31-20/h3-8,11-13,34-35H,9-10,14-15H2,1-2H3/t27-/m1/s1",LAGWUKAFTJACQB-HHHXNRCGSA-N,0.0,36.0,1.0,40.0,18.0
TV9,N-[(1S)-1-(pyridin-3-yl)ethyl]cyclopropanecarboxamide,C11 H14 N2 O,non-polymer,C[C@@H](c1cccnc1)NC(=O)C2CC2,C[C@H](NC(=O)C1CC1)c1cccnc1,"InChI=1S/C11H14N2O/c1-8(10-3-2-6-12-7-10)13-11(14)9-4-5-9/h2-3,6-9H,4-5H2,1H3,(H,13,14)/t8-/m0/s1",XMSIZXIEDPYJDR-QMMMGPOBSA-N,0.0,14.0,1.0,15.0,6.0
TVH,(3~{R})-4-chloranyl-3-(4-chlorophenyl)-3-[[1-(hydroxymethyl)cyclopropyl]methoxy]-2-[(4-nitrophenyl)methyl]isoindol-1-one,C26 H22 Cl2 N2 O5,non-polymer,c1cc2c(c(c1)Cl)[C@@](N(C2=O)Cc3ccc(cc3)[N+](=O)[O-])(c4ccc(cc4)Cl)OCC5(CC5)CO,O=C1c2cccc(Cl)c2[C@](OCC2(CO)CC2)(c2ccc(Cl)cc2)N1Cc1ccc([N+](=O)[O-])cc1,"InChI=1S/C26H22Cl2N2O5/c27-19-8-6-18(7-9-19)26(35-16-25(15-31)12-13-25)23-21(2-1-3-22(23)28)24(32)29(26)14-17-4-10-20(11-5-17)30(33)34/h1-11,31H,12-16H2/t26-/m1/s1",DWRQUFAXBKEFJN-AREMUKBSSA-N,0.0,35.0,1.0,39.0,18.0
TVK,(3~{R})-2-[(5-chloranylpyridin-2-yl)methyl]-3-(4-chlorophenyl)-4-fluoranyl-3-[[1-(hydroxymethyl)cyclopropyl]methoxy]-6-(2-oxidanylpropan-2-yl)isoindol-1-one,C28 H27 Cl2 F N2 O4,non-polymer,CC(C)(c1cc2c(c(c1)F)[C@@](N(C2=O)Cc3ccc(cn3)Cl)(c4ccc(cc4)Cl)OCC5(CC5)CO)O,CC(C)(O)c1cc(F)c2c(c1)C(=O)N(Cc1ccc(Cl)cn1)[C@@]2(OCC1(CO)CC1)c1ccc(Cl)cc1,"InChI=1S/C28H27Cl2FN2O4/c1-26(2,36)18-11-22-24(23(31)12-18)28(17-3-5-19(29)6-4-17,37-16-27(15-34)9-10-27)33(25(22)35)14-21-8-7-20(30)13-32-21/h3-8,11-13,34,36H,9-10,14-16H2,1-2H3/t28-/m1/s1",WLOCTJJGJPSXJZ-MUUNZHRXSA-N,0.0,37.0,1.0,41.0,18.0
TX6,"(6aS,7S,10aS)-8-hydroxy-4-methoxy-2,7,10a-trimethyl-5,6,6a,7,10,10a-hexahydrobenzo[h]quinazoline-9-carbonitrile",C17 H21 N3 O2,non-polymer,Cc1nc2c(c(n1)OC)CC[C@@H]3[C@@]2(CC(=C([C@H]3C)O)C#N)C,COc1nc(C)nc2c1CC[C@H]1[C@H](C)C(O)=C(C#N)C[C@]21C,"InChI=1S/C17H21N3O2/c1-9-13-6-5-12-15(19-10(2)20-16(12)22-4)17(13,3)7-11(8-18)14(9)21/h9,13,21H,5-7H2,1-4H3/t9-,13-,17-/m0/s1",LBBXSDQROZEAQX-YHYSRRTLSA-N,0.0,22.0,3.0,24.0,6.0
U0S,(5S)-7-(pyrazin-2-yl)-2-oxa-7-azaspiro[4.4]nonane,C11 H15 N3 O,non-polymer,c1cnc(cn1)N2CC[C@@]3(C2)CCOC3,c1cnc(N2CC[C@]3(CCOC3)C2)cn1,"InChI=1S/C11H15N3O/c1-5-14(10-7-12-3-4-13-10)8-11(1)2-6-15-9-11/h3-4,7H,1-2,5-6,8-9H2/t11-/m0/s1",ITTBXBSSJHVWJS-NSHDSACASA-N,0.0,15.0,1.0,17.0,6.0
U1H,[4-(trifluoromethyl)phenyl]methanamine,C8 H8 F3 N,non-polymer,c1cc(ccc1CN)C(F)(F)F,NCc1ccc(C(F)(F)F)cc1,"InChI=1S/C8H8F3N/c9-8(10,11)7-3-1-6(5-12)2-4-7/h1-4H,5,12H2",PRDBLLIPPDOICK-UHFFFAOYSA-N,0.0,12.0,0.0,12.0,6.0
U2R,(4-fluorophenoxy)acetic acid,C8 H7 F O3,non-polymer,c1cc(ccc1OCC(=O)O)F,O=C(O)COc1ccc(F)cc1,"InChI=1S/C8H7FO3/c9-6-1-3-7(4-2-6)12-5-8(10)11/h1-4H,5H2,(H,10,11)",ZBIULCVFFJJYTN-UHFFFAOYSA-N,0.0,12.0,0.0,12.0,6.0
U3I,"(3S)-3-(5-{(1R)-1-[(2R)-1-ethylpiperidin-2-yl]ethoxy}-1-oxo-1,3-dihydro-2H-isoindol-2-yl)piperidine-2,6-dione",C22 H29 N3 O4,non-polymer,CCN1CCCC[C@@H]1[C@@H](C)Oc2ccc3c(c2)CN(C3=O)[C@H]4CCC(=O)NC4=O,CCN1CCCC[C@@H]1[C@@H](C)Oc1ccc2c(c1)CN([C@H]1CCC(=O)NC1=O)C2=O,"InChI=1S/C22H29N3O4/c1-3-24-11-5-4-6-18(24)14(2)29-16-7-8-17-15(12-16)13-25(22(17)28)19-9-10-20(26)23-21(19)27/h7-8,12,14,18-19H,3-6,9-11,13H2,1-2H3,(H,23,26,27)/t14-,18-,19+/m1/s1",FVZCFUKXGUUDBQ-ZMYBRWDISA-N,0.0,29.0,3.0,32.0,6.0
U3Z,(3~{R})-3-(4-chlorophenyl)-2-[(4-ethynylphenyl)methyl]-3-[[1-(hydroxymethyl)cyclopropyl]methoxy]-6-(2-oxidanylpropan-2-yl)isoindol-1-one,C31 H30 Cl N O4,non-polymer,CC(C)(c1ccc2c(c1)C(=O)N([C@]2(c3ccc(cc3)Cl)OCC4(CC4)CO)Cc5ccc(cc5)C#C)O,C#Cc1ccc(CN2C(=O)c3cc(C(C)(C)O)ccc3[C@]2(OCC2(CO)CC2)c2ccc(Cl)cc2)cc1,"InChI=1S/C31H30ClNO4/c1-4-21-5-7-22(8-6-21)18-33-28(35)26-17-24(29(2,3)36)11-14-27(26)31(33,23-9-12-25(32)13-10-23)37-20-30(19-34)15-16-30/h1,5-14,17,34,36H,15-16,18-20H2,2-3H3/t31-/m1/s1",LTEBUYNLVXWZOS-WJOKGBTCSA-N,0.0,37.0,1.0,41.0,18.0
U78,~{N}-[2-(2-methylphenyl)ethyl]ethanamide,C11 H15 N O,non-polymer,Cc1ccccc1CCNC(=O)C,CC(=O)NCCc1ccccc1C,"InChI=1S/C11H15NO/c1-9-5-3-4-6-11(9)7-8-12-10(2)13/h3-6H,7-8H2,1-2H3,(H,12,13)",OAMCTZZCYXDSLI-UHFFFAOYSA-N,0.0,13.0,0.0,13.0,6.0
UA2,"3,4-PYRROLIDINEDIOL,2-(4-AMINO-5H-PYRROLO[3,2-D]PYRIMIDIN-7-YL)-5-(HYDROXYMETHYL)-2S,3S,4R,5R",C11 H15 N5 O3,non-polymer,c1c(c2c([nH]1)c(ncn2)N)[C@H]3[C@@H]([C@@H]([C@H](N3)CO)O)O,Nc1ncnc2c([C@@H]3N[C@H](CO)[C@@H](O)[C@H]3O)c[nH]c12,"InChI=1S/C11H15N5O3/c12-11-8-6(14-3-15-11)4(1-13-8)7-10(19)9(18)5(2-17)16-7/h1,3,5,7,9-10,13,16-19H,2H2,(H2,12,14,15)/t5-,7+,9-,10+/m1/s1",AMFDITJFBUXZQN-KUBHLMPHSA-N,0.0,19.0,4.0,21.0,10.0
UB2,N-[(S)-({[(benzyloxy)carbonyl]amino}methyl)(hydroxy)phosphoryl]-L-alanyl-L-leucine,C18 H28 N3 O7 P,peptide-like,CC(C)C[C@@H](C(=O)O)NC(=O)[C@H](C)N[P@](=O)(CNC(=O)OCc1ccccc1)O,CC(C)C[C@H](NC(=O)[C@H](C)N[P@@](=O)(O)CNC(=O)OCc1ccccc1)C(=O)O,"InChI=1S/C18H28N3O7P/c1-12(2)9-15(17(23)24)20-16(22)13(3)21-29(26,27)11-19-18(25)28-10-14-7-5-4-6-8-14/h4-8,12-13,15H,9-11H2,1-3H3,(H,19,25)(H,20,22)(H,23,24)(H2,21,26,27)/t13-,15-/m0/s1",RFIATXCLWWIOFV-ZFWWWQNUSA-N,0.0,29.0,3.0,29.0,6.0
UB3,N-[(S)-({[(benzyloxy)carbonyl]amino}methyl)(hydroxy)phosphoryl]-L-valyl-L-leucine,C20 H32 N3 O7 P,non-polymer,CC(C)C[C@@H](C(=O)O)NC(=O)[C@H](C(C)C)N[P@](=O)(CNC(=O)OCc1ccccc1)O,CC(C)C[C@H](NC(=O)[C@@H](N[P@@](=O)(O)CNC(=O)OCc1ccccc1)C(C)C)C(=O)O,"InChI=1S/C20H32N3O7P/c1-13(2)10-16(19(25)26)22-18(24)17(14(3)4)23-31(28,29)12-21-20(27)30-11-15-8-6-5-7-9-15/h5-9,13-14,16-17H,10-12H2,1-4H3,(H,21,27)(H,22,24)(H,25,26)(H2,23,28,29)/t16-,17-/m0/s1",NFEZDCCCWWWKAJ-IRXDYDNUSA-N,0.0,31.0,3.0,31.0,6.0
UCK,"(2S,4R)-1-(2-chlorophenyl)carbonyl-N-[(4-chlorophenyl)methyl]-4-oxidanyl-pyrrolidine-2-carboxamide",C19 H18 Cl2 N2 O3,non-polymer,c1ccc(c(c1)C(=O)N2C[C@@H](C[C@H]2C(=O)NCc3ccc(cc3)Cl)O)Cl,O=C(NCc1ccc(Cl)cc1)[C@@H]1C[C@@H](O)CN1C(=O)c1ccccc1Cl,"InChI=1S/C19H18Cl2N2O3/c20-13-7-5-12(6-8-13)10-22-18(25)17-9-14(24)11-23(17)19(26)15-3-1-2-4-16(15)21/h1-8,14,17,24H,9-11H2,(H,22,25)/t14-,17+/m1/s1",POSPLUDREYFAQC-PBHICJAKSA-N,0.0,26.0,2.0,28.0,12.0
UDP,URIDINE-5'-DIPHOSPHATE,C9 H14 N2 O12 P2,RNA linking,C1=CN(C(=O)NC1=O)[C@H]2[C@@H]([C@@H]([C@H](O2)CO[P@@](=O)(O)OP(=O)(O)O)O)O,O=c1ccn([C@@H]2O[C@H](CO[P@@](=O)(O)OP(=O)(O)O)[C@@H](O)[C@H]2O)c(=O)[nH]1,"InChI=1S/C9H14N2O12P2/c12-5-1-2-11(9(15)10-5)8-7(14)6(13)4(22-8)3-21-25(19,20)23-24(16,17)18/h1-2,4,6-8,13-14H,3H2,(H,19,20)(H,10,12,15)(H2,16,17,18)/t4-,6-,7-,8-/m1/s1",XCCTYIAWTASOJW-XVFCMESISA-N,0.0,25.0,5.0,26.0,6.0
UUM,"5-methyl-N-(1-methyl-1H-pyrazol-4-yl)-1,2-oxazole-3-carboxamide",C9 H10 N4 O2,non-polymer,Cc1cc(no1)C(=O)Nc2cnn(c2)C,Cc1cc(C(=O)Nc2cnn(C)c2)no1,"InChI=1S/C9H10N4O2/c1-6-3-8(12-15-6)9(14)11-7-4-10-13(2)5-7/h3-5H,1-2H3,(H,11,14)",NZGVYOGTUDYUSZ-UHFFFAOYSA-N,0.0,15.0,0.0,16.0,10.0
UUP,"N-cyclopropylpyrazolo[1,5-a]pyrimidine-3-carboxamide",C10 H10 N4 O,non-polymer,c1cnc2c(cnn2c1)C(=O)NC3CC3,O=C(NC1CC1)c1cnn2cccnc12,"InChI=1S/C10H10N4O/c15-10(13-7-2-3-7)8-6-12-14-5-1-4-11-9(8)14/h1,4-7H,2-3H2,(H,13,15)",IDVABKGFSZEUEE-UHFFFAOYSA-N,0.0,15.0,0.0,17.0,10.0
UVA,N-methyl-2-(methylsulfonyl)aniline,C8 H11 N O2 S,non-polymer,CNc1ccccc1S(=O)(=O)C,CNc1ccccc1S(C)(=O)=O,"InChI=1S/C8H11NO2S/c1-9-7-5-3-4-6-8(7)12(2,10)11/h3-6,9H,1-2H3",YLDKGNWSSXYUAH-UHFFFAOYSA-N,0.0,12.0,0.0,12.0,6.0
UWS,"6-methyl-2-[(3-methyl-1,2-oxazol-5-yl)methyl]pyridazin-3(2H)-one",C10 H11 N3 O2,non-polymer,Cc1cc(on1)CN2C(=O)C=CC(=N2)C,Cc1cc(Cn2nc(C)ccc2=O)on1,"InChI=1S/C10H11N3O2/c1-7-3-4-10(14)13(11-7)6-9-5-8(2)12-15-9/h3-5H,6H2,1-2H3",PLCLGFAKZPXQFY-UHFFFAOYSA-N,0.0,15.0,0.0,16.0,11.0
UXA,"~{N}-cyclopropyl-1,3-benzodioxole-5-carboxamide",C11 H11 N O3,non-polymer,c1cc2c(cc1C(=O)NC3CC3)OCO2,O=C(NC1CC1)c1ccc2c(c1)OCO2,"InChI=1S/C11H11NO3/c13-11(12-8-2-3-8)7-1-4-9-10(5-7)15-6-14-9/h1,4-5,8H,2-3,6H2,(H,12,13)",OUGQMSXIPFSZBI-UHFFFAOYSA-N,0.0,15.0,0.0,17.0,6.0
UXD,(1H-pyrazol-4-yl)(pyrrolidin-1-yl)methanone,C8 H11 N3 O,non-polymer,c1c(cn[nH]1)C(=O)N2CCCC2,O=C(c1cn[nH]c1)N1CCCC1,"InChI=1S/C8H11N3O/c12-8(7-5-9-10-6-7)11-3-1-2-4-11/h5-6H,1-4H2,(H,9,10)",ZCTYYKNBCKBIMR-UHFFFAOYSA-N,0.0,12.0,0.0,13.0,5.0
UXG,1-(diphenylmethyl)azetidin-3-ol,C16 H17 N O,non-polymer,c1ccc(cc1)C(c2ccccc2)N3CC(C3)O,OC1CN(C(c2ccccc2)c2ccccc2)C1,"InChI=1S/C16H17NO/c18-15-11-17(12-15)16(13-7-3-1-4-8-13)14-9-5-2-6-10-14/h1-10,15-16,18H,11-12H2",MMAJXKGUZYDTHV-UHFFFAOYSA-N,0.0,18.0,0.0,20.0,12.0
V4M,"2-(4-chlorophenyl)-N-({2-[(3S)-2,6-dioxopiperidin-3-yl]-1-oxo-2,3-dihydro-1H-isoindol-5-yl}methyl)-2,2-difluoroacetamide",C22 H18 Cl F2 N3 O4,non-polymer,c1cc(ccc1C(C(=O)NCc2ccc3c(c2)CN(C3=O)[C@H]4CCC(=O)NC4=O)(F)F)Cl,O=C1CC[C@H](N2Cc3cc(CNC(=O)C(F)(F)c4ccc(Cl)cc4)ccc3C2=O)C(=O)N1,"InChI=1S/C22H18ClF2N3O4/c23-15-4-2-14(3-5-15)22(24,25)21(32)26-10-12-1-6-16-13(9-12)11-28(20(16)31)17-7-8-18(29)27-19(17)30/h1-6,9,17H,7-8,10-11H2,(H,26,32)(H,27,29,30)/t17-/m0/s1",PWBHUSLMHZLGRN-KRWDZBQOSA-N,0.0,32.0,1.0,35.0,12.0
V6F,(4R)-1-acetyl-4-hydroxy-N-methyl-L-prolinamide,C8 H14 N2 O3,non-polymer,CC(=O)N1C[C@@H](C[C@H]1C(=O)NC)O,CNC(=O)[C@@H]1C[C@@H](O)CN1C(C)=O,"InChI=1S/C8H14N2O3/c1-5(11)10-4-6(12)3-7(10)8(13)9-2/h6-7,12H,3-4H2,1-2H3,(H,9,13)/t6-,7+/m1/s1",XAZYBLFYZNUKHD-RQJHMYQMSA-N,0.0,13.0,2.0,13.0,0.0
V7J,"2-(2,5-dioxopyrrolidin-1-yl)acetamide",C6 H8 N2 O3,non-polymer,C1CC(=O)N(C1=O)CC(=O)N,NC(=O)CN1C(=O)CCC1=O,"InChI=1S/C6H8N2O3/c7-4(9)3-8-5(10)1-2-6(8)11/h1-3H2,(H2,7,9)",RLSJGKULBJWLEW-UHFFFAOYSA-N,0.0,11.0,0.0,11.0,0.0
VBK,"[(4S)-6,7-dihydro-4H-thieno[3,2-c]pyran-4-yl]methanamine",C8 H11 N O S,non-polymer,c1csc2c1[C@H](OCC2)CN,NC[C@H]1OCCc2sccc21,"InChI=1S/C8H11NOS/c9-5-7-6-2-4-11-8(6)1-3-10-7/h2,4,7H,1,3,5,9H2/t7-/m1/s1",NMVKUIFBCHQTHO-SSDOTTSWSA-N,0.0,11.0,1.0,12.0,5.0
VBQ,2-[(9-oxidanylidenefluoren-4-yl)carbonylamino]ethanoic acid,C16 H11 N O4,non-polymer,c1ccc2c(c1)-c3c(cccc3C(=O)NCC(=O)O)C2=O,O=C(O)CNC(=O)c1cccc2c1-c1ccccc1C2=O,"InChI=1S/C16H11NO4/c18-13(19)8-17-16(21)12-7-3-6-11-14(12)9-4-1-2-5-10(9)15(11)20/h1-7H,8H2,(H,17,21)(H,18,19)",XIDITRUNIYHCDR-UHFFFAOYSA-N,0.0,21.0,0.0,23.0,12.0
VBT,"2,6-bis(chloranyl)-5-fluoranyl-pyridine-3-carboxylic acid",C6 H2 Cl2 F N O2,non-polymer,c1c(c(nc(c1F)Cl)Cl)C(=O)O,O=C(O)c1cc(F)c(Cl)nc1Cl,"InChI=1S/C6H2Cl2FNO2/c7-4-2(6(11)12)1-3(9)5(8)10-4/h1H,(H,11,12)",LTDGKGCHRNNCAC-UHFFFAOYSA-N,0.0,12.0,0.0,12.0,6.0
VBW,6-fluoranyl-2-methyl-quinolin-4-ol,C10 H8 F N O,non-polymer,Cc1cc(c2cc(ccc2n1)F)O,Cc1cc(O)c2cc(F)ccc2n1,"InChI=1S/C10H8FNO/c1-6-4-10(13)8-5-7(11)2-3-9(8)12-6/h2-5H,1H3,(H,12,13)",BKXCHVFCJZJATJ-UHFFFAOYSA-N,0.0,13.0,0.0,14.0,11.0
VCB,(2~{R})-2-[(9-oxidanylidenefluoren-4-yl)carbonylamino]-2-phenyl-ethanoic acid,C22 H15 N O4,non-polymer,c1ccc(cc1)[C@H](C(=O)O)NC(=O)c2cccc3c2-c4ccccc4C3=O,O=C(N[C@@H](C(=O)O)c1ccccc1)c1cccc2c1-c1ccccc1C2=O,"InChI=1S/C22H15NO4/c24-20-15-10-5-4-9-14(15)18-16(20)11-6-12-17(18)21(25)23-19(22(26)27)13-7-2-1-3-8-13/h1-12,19H,(H,23,25)(H,26,27)/t19-/m1/s1",JJNHPDOJBUAQDZ-LJQANCHMSA-N,0.0,27.0,1.0,30.0,18.0
VCN,"~{N},~{N}-diethyl-9-oxidanylidene-fluorene-4-carboxamide",C18 H17 N O2,non-polymer,CCN(CC)C(=O)c1cccc2c1-c3ccccc3C2=O,CCN(CC)C(=O)c1cccc2c1-c1ccccc1C2=O,"InChI=1S/C18H17NO2/c1-3-19(4-2)18(21)15-11-7-10-14-16(15)12-8-5-6-9-13(12)17(14)20/h5-11H,3-4H2,1-2H3",ABJOLLLERVOCAY-UHFFFAOYSA-N,0.0,21.0,0.0,23.0,12.0
VCQ,(2~{S})-2-cyclopentyl-2-oxidanyl-2-phenyl-ethanoic acid,C13 H16 O3,non-polymer,c1ccc(cc1)[C@@](C2CCCC2)(C(=O)O)O,O=C(O)[C@@](O)(c1ccccc1)C1CCCC1,"InChI=1S/C13H16O3/c14-12(15)13(16,11-8-4-5-9-11)10-6-2-1-3-7-10/h1-3,6-7,11,16H,4-5,8-9H2,(H,14,15)/t13-/m1/s1",WFLUEQCOAQCQLP-CYBMUJFWSA-N,0.0,16.0,1.0,17.0,6.0
VCT,"~{N},~{N}-dimethyl-9-oxidanylidene-fluorene-4-carboxamide",C16 H13 N O2,non-polymer,CN(C)C(=O)c1cccc2c1-c3ccccc3C2=O,CN(C)C(=O)c1cccc2c1-c1ccccc1C2=O,"InChI=1S/C16H13NO2/c1-17(2)16(19)13-9-5-8-12-14(13)10-6-3-4-7-11(10)15(12)18/h3-9H,1-2H3",WQYXZHZSFYVUSA-UHFFFAOYSA-N,0.0,19.0,0.0,21.0,12.0
VFO,"(2~{S},4~{R})-1-[(2~{S})-2-[(1-fluoranylcyclopropyl)carbonylamino]-3,3-dimethyl-butanoyl]-~{N}-[(1~{S})-7-fluoranyl-6-(4-methyl-1,3-thiazol-5-yl)-1,2,3,4-tetrahydronaphthalen-1-yl]-4-oxidanyl-pyrrolidine-2-carboxamide",C29 H36 F2 N4 O4 S,non-polymer,Cc1c(scn1)c2cc3c(cc2F)[C@H](CCC3)NC(=O)[C@@H]4C[C@H](CN4C(=O)[C@H](C(C)(C)C)NC(=O)C5(CC5)F)O,Cc1ncsc1-c1cc2c(cc1F)[C@@H](NC(=O)[C@@H]1C[C@@H](O)CN1C(=O)[C@@H](NC(=O)C1(F)CC1)C(C)(C)C)CCC2,"InChI=1S/C29H36F2N4O4S/c1-15-23(40-14-32-15)19-10-16-6-5-7-21(18(16)12-20(19)30)33-25(37)22-11-17(36)13-35(22)26(38)24(28(2,3)4)34-27(39)29(31)8-9-29/h10,12,14,17,21-22,24,36H,5-9,11,13H2,1-4H3,(H,33,37)(H,34,39)/t17-,21+,22+,24-/m1/s1",HWXXTNVUYSSVNI-IBTIQNRDSA-N,0.0,40.0,4.0,44.0,11.0
VH3,"(2~{S},4~{R})-1-[(2~{S})-2-[(1-fluoranylcyclopropyl)carbonylamino]-3,3-dimethyl-butanoyl]-~{N}-[(1~{S})-1-[5-fluoranyl-2-methoxy-4-(4-methyl-1,3-thiazol-5-yl)phenyl]ethyl]-4-oxidanyl-pyrrolidine-2-carboxamide",C28 H36 F2 N4 O5 S,non-polymer,Cc1c(scn1)c2cc(c(cc2F)[C@H](C)NC(=O)[C@@H]3C[C@H](CN3C(=O)[C@H](C(C)(C)C)NC(=O)C4(CC4)F)O)OC,COc1cc(-c2scnc2C)c(F)cc1[C@H](C)NC(=O)[C@@H]1C[C@@H](O)CN1C(=O)[C@@H](NC(=O)C1(F)CC1)C(C)(C)C,"InChI=1S/C28H36F2N4O5S/c1-14(17-10-19(29)18(11-21(17)39-6)22-15(2)31-13-40-22)32-24(36)20-9-16(35)12-34(20)25(37)23(27(3,4)5)33-26(38)28(30)7-8-28/h10-11,13-14,16,20,23,35H,7-9,12H2,1-6H3,(H,32,36)(H,33,38)/t14-,16+,20-,23+/m0/s1",PWPAOVSRKMPDRI-SKSOZTCFSA-N,0.0,40.0,4.0,43.0,11.0
VL6,"(2S,4R)-1-[(2R)-2-[3-[2-(2-methoxyethoxy)ethoxy]-1,2-oxazol-5-yl]-3-methyl-butanoyl]-N-[(1S)-1-[4-(4-methyl-1,3-thiazol-5-yl)phenyl]ethyl]-4-oxidanyl-pyrrolidine-2-carboxamide",C30 H40 N4 O7 S,non-polymer,Cc1c(scn1)c2ccc(cc2)[C@H](C)NC(=O)[C@@H]3C[C@H](CN3C(=O)[C@@H](c4cc(no4)OCCOCCOC)C(C)C)O,COCCOCCOc1cc([C@H](C(=O)N2C[C@H](O)C[C@H]2C(=O)N[C@@H](C)c2ccc(-c3scnc3C)cc2)C(C)C)on1,"InChI=1S/C30H40N4O7S/c1-18(2)27(25-15-26(33-41-25)40-13-12-39-11-10-38-5)30(37)34-16-23(35)14-24(34)29(36)32-19(3)21-6-8-22(9-7-21)28-20(4)31-17-42-28/h6-9,15,17-19,23-24,27,35H,10-14,16H2,1-5H3,(H,32,36)/t19-,23+,24-,27+/m0/s1",NBSZVQIAZCKTLM-BOALBMDWSA-N,0.0,42.0,4.0,45.0,16.0
VLS,"N-[1,3-dihydroxy-2-(hydroxymethyl)propan-2-yl]glycine",C6 H13 N O5,non-polymer,C(C(=O)O)NC(CO)(CO)CO,O=C(O)CNC(CO)(CO)CO,"InChI=1S/C6H13NO5/c8-2-6(3-9,4-10)7-1-5(11)12/h7-10H,1-4H2,(H,11,12)",SEQKRHFRPICQDD-UHFFFAOYSA-N,0.0,12.0,0.0,11.0,0.0
VLW,"5-[1-(4-methoxyphenyl)cyclopropyl]-8-(4-methylpiperazin-1-yl)-2,3-dihydroimidazo[2,1-a]isoquinoline",C26 H30 N4 O,non-polymer,CN1CCN(CC1)c2ccc3c(c2)C=C(N4C3=NCC4)C5(CC5)c6ccc(cc6)OC,COc1ccc(C2(C3=Cc4cc(N5CCN(C)CC5)ccc4C4=NCCN34)CC2)cc1,"InChI=1S/C26H30N4O/c1-28-13-15-29(16-14-28)21-5-8-23-19(17-21)18-24(30-12-11-27-25(23)30)26(9-10-26)20-3-6-22(31-2)7-4-20/h3-8,17-18H,9-16H2,1-2H3",PAHRGUYMKQCNRV-UHFFFAOYSA-N,0.0,31.0,0.0,36.0,12.0
VM3,"5-[1-(4-chlorophenyl)cyclopropyl]imidazo[2,1-a]isoquinoline",C20 H15 Cl N2,non-polymer,c1ccc2c(c1)cc(n3c2ncc3)C4(CC4)c5ccc(cc5)Cl,Clc1ccc(C2(c3cc4ccccc4c4nccn34)CC2)cc1,"InChI=1S/C20H15ClN2/c21-16-7-5-15(6-8-16)20(9-10-20)18-13-14-3-1-2-4-17(14)19-22-11-12-23(18)19/h1-8,11-13H,9-10H2",ASWUWXCCIBIVFW-UHFFFAOYSA-N,0.0,23.0,0.0,27.0,21.0
VM8,"5-(2-methyl-1-phenyl-propan-2-yl)imidazo[2,1-a]isoquinoline",C21 H20 N2,non-polymer,CC(C)(Cc1ccccc1)c2cc3ccccc3c4n2ccn4,CC(C)(Cc1ccccc1)c1cc2ccccc2c2nccn12,"InChI=1S/C21H20N2/c1-21(2,15-16-8-4-3-5-9-16)19-14-17-10-6-7-11-18(17)20-22-12-13-23(19)20/h3-14H,15H2,1-2H3",XLRFROIINIWWJO-UHFFFAOYSA-N,0.0,23.0,0.0,26.0,21.0
VMR,(4~{R})-4-[3-(4-chloranylphenoxy)phenyl]pyrrolidin-2-imine,C16 H15 Cl N2 O,non-polymer,[H]/N=C\1/C[C@@H](CN1)c2cccc(c2)Oc3ccc(cc3)Cl,[H]/N=C1/C[C@H](c2cccc(Oc3ccc(Cl)cc3)c2)CN1,"InChI=1S/C16H15ClN2O/c17-13-4-6-14(7-5-13)20-15-3-1-2-11(8-15)12-9-16(18)19-10-12/h1-8,12H,9-10H2,(H2,18,19)/t12-/m0/s1",YHXWMEXRFSXVKK-LBPRGKRZSA-N,0.0,21.0,1.0,23.0,12.0
VMZ,1-[4-[4-(2-azanylethylamino)-2-[1-(4-chlorophenyl)cyclopentyl]quinazolin-7-yl]piperazin-1-yl]ethanone,C27 H33 Cl N6 O,non-polymer,CC(=O)N1CCN(CC1)c2ccc3c(c2)nc(nc3NCCN)C4(CCCC4)c5ccc(cc5)Cl,CC(=O)N1CCN(c2ccc3c(NCCN)nc(C4(c5ccc(Cl)cc5)CCCC4)nc3c2)CC1,"InChI=1S/C27H33ClN6O/c1-19(35)33-14-16-34(17-15-33)22-8-9-23-24(18-22)31-26(32-25(23)30-13-12-29)27(10-2-3-11-27)20-4-6-21(28)7-5-20/h4-9,18H,2-3,10-17,29H2,1H3,(H,30,31,32)",QNLFBABAPIXMQM-UHFFFAOYSA-N,0.0,35.0,0.0,39.0,17.0
VN5,"~{N}'-[2-[1-(4-methoxyphenyl)cyclopropyl]-7-(4-methylpiperazin-1-yl)quinazolin-4-yl]ethane-1,2-diamine",C25 H32 N6 O,non-polymer,CN1CCN(CC1)c2ccc3c(c2)nc(nc3NCCN)C4(CC4)c5ccc(cc5)OC,COc1ccc(C2(c3nc(NCCN)c4ccc(N5CCN(C)CC5)cc4n3)CC2)cc1,"InChI=1S/C25H32N6O/c1-30-13-15-31(16-14-30)19-5-8-21-22(17-19)28-24(29-23(21)27-12-11-26)25(9-10-25)18-3-6-20(32-2)7-4-18/h3-8,17H,9-16,26H2,1-2H3,(H,27,28,29)",XTLPTSDXAUSHCD-UHFFFAOYSA-N,0.0,32.0,0.0,36.0,17.0
VP9,"4-azanyl-2-[(3~{S})-2,6-bis(oxidanylidene)piperidin-3-yl]-7-methoxy-isoindole-1,3-dione",C14 H13 N3 O5,non-polymer,COc1ccc(c2c1C(=O)N(C2=O)[C@H]3CCC(=O)NC3=O)N,COc1ccc(N)c2c1C(=O)N([C@H]1CCC(=O)NC1=O)C2=O,"InChI=1S/C14H13N3O5/c1-22-8-4-2-6(15)10-11(8)14(21)17(13(10)20)7-3-5-9(18)16-12(7)19/h2,4,7H,3,5,15H2,1H3,(H,16,18,19)/t7-/m0/s1",JQKAGYPIPZUGHW-ZETCQYMHSA-N,0.0,22.0,1.0,24.0,6.0
VW4,(2S)-2-phenylpropane-1-sulfonamide,C9 H13 N O2 S,non-polymer,C[C@H](CS(=O)(=O)N)c1ccccc1,C[C@H](CS(N)(=O)=O)c1ccccc1,"InChI=1S/C9H13NO2S/c1-8(7-13(10,11)12)9-5-3-2-4-6-9/h2-6,8H,7H2,1H3,(H2,10,11,12)/t8-/m1/s1",HXLOQIXEAPZOSG-MRVPVSSYSA-N,0.0,13.0,1.0,13.0,6.0
VWV,"ethyl (1,1-dioxo-1lambda~6~,4-thiazinan-4-yl)acetate",C8 H15 N O4 S,non-polymer,CCOC(=O)CN1CCS(=O)(=O)CC1,CCOC(=O)CN1CCS(=O)(=O)CC1,"InChI=1S/C8H15NO4S/c1-2-13-8(10)7-9-3-5-14(11,12)6-4-9/h2-7H2,1H3",KWVBKMSCALADDC-UHFFFAOYSA-N,0.0,14.0,0.0,14.0,0.0
VYQ,"(2~{S},4~{R})-1-[(2~{S})-2-[(1-fluoranylcyclopropyl)carbonylamino]-3,3-dimethyl-butanoyl]-~{N}-[(1~{S})-1-[2-methyl-4-(4-methyl-1,3-thiazol-5-yl)phenyl]ethyl]-4-oxidanyl-pyrrolidine-2-carboxamide",C28 H37 F N4 O4 S,non-polymer,Cc1cc(ccc1[C@H](C)NC(=O)[C@@H]2C[C@H](CN2C(=O)[C@H](C(C)(C)C)NC(=O)C3(CC3)F)O)c4c(ncs4)C,Cc1cc(-c2scnc2C)ccc1[C@H](C)NC(=O)[C@@H]1C[C@@H](O)CN1C(=O)[C@@H](NC(=O)C1(F)CC1)C(C)(C)C,"InChI=1S/C28H37FN4O4S/c1-15-11-18(22-17(3)30-14-38-22)7-8-20(15)16(2)31-24(35)21-12-19(34)13-33(21)25(36)23(27(4,5)6)32-26(37)28(29)9-10-28/h7-8,11,14,16,19,21,23,34H,9-10,12-13H2,1-6H3,(H,31,35)(H,32,37)/t16-,19+,21-,23+/m0/s1",NBHYPBDUODSQHJ-DTPUHQDNSA-N,0.0,38.0,4.0,41.0,11.0
VZV,"1-{[(5R,6S)-5,6-bis(4-chlorophenyl)-6-methyl-3-(propan-2-yl)-5,6-dihydroimidazo[2,1-b][1,3]thiazol-2-yl]carbonyl}-N,N-dimethyl-L-prolinamide",C29 H32 Cl2 N4 O2 S,non-polymer,CC(C)C1=C(SC2=N[C@@]([C@H](N12)c3ccc(cc3)Cl)(C)c4ccc(cc4)Cl)C(=O)N5CCC[C@H]5C(=O)N(C)C,CC(C)C1=C(C(=O)N2CCC[C@H]2C(=O)N(C)C)SC2=N[C@@](C)(c3ccc(Cl)cc3)[C@@H](c3ccc(Cl)cc3)N21,"InChI=1S/C29H32Cl2N4O2S/c1-17(2)23-24(27(37)34-16-6-7-22(34)26(36)33(4)5)38-28-32-29(3,19-10-14-21(31)15-11-19)25(35(23)28)18-8-12-20(30)13-9-18/h8-15,17,22,25H,6-7,16H2,1-5H3/t22-,25+,29-/m0/s1",BWUMOCARMRPCIP-HQQGYVGFSA-N,0.0,38.0,3.0,42.0,12.0
VZY,N-(3-methylbenzene-1-carbonyl)glycine,C10 H11 N O3,non-polymer,Cc1cccc(c1)C(=O)NCC(=O)O,Cc1cccc(C(=O)NCC(=O)O)c1,"InChI=1S/C10H11NO3/c1-7-3-2-4-8(5-7)10(14)11-6-9(12)13/h2-5H,6H2,1H3,(H,11,14)(H,12,13)",YKAKNMHEIJUKEX-UHFFFAOYSA-N,0.0,14.0,0.0,14.0,6.0
W0Y,N-methyl-4-sulfamoylbenzamide,C8 H10 N2 O3 S,non-polymer,CNC(=O)c1ccc(cc1)S(=O)(=O)N,CNC(=O)c1ccc(S(N)(=O)=O)cc1,"InChI=1S/C8H10N2O3S/c1-10-8(11)6-2-4-7(5-3-6)14(9,12)13/h2-5H,1H3,(H,10,11)(H2,9,12,13)",CTDFBRMMEMHBEO-UHFFFAOYSA-N,0.0,14.0,0.0,14.0,6.0
W0Z,"4-azanyl-~{N}-[(3~{S})-2,6-bis(oxidanylidene)piperidin-3-yl]-2,5-bis(fluoranyl)-3-methoxy-benzamide",C13 H13 F2 N3 O4,non-polymer,COc1c(c(cc(c1F)C(=O)N[C@H]2CCC(=O)NC2=O)F)N,COc1c(N)c(F)cc(C(=O)N[C@H]2CCC(=O)NC2=O)c1F,"InChI=1S/C13H13F2N3O4/c1-22-11-9(15)5(4-6(14)10(11)16)12(20)17-7-2-3-8(19)18-13(7)21/h4,7H,2-3,16H2,1H3,(H,17,20)(H,18,19,21)/t7-/m0/s1",AJJIOMGESOLWQL-ZETCQYMHSA-N,0.0,22.0,1.0,23.0,6.0
W1A,N-[(piperidin-4-yl)methyl]methanesulfonamide,C7 H16 N2 O2 S,non-polymer,CS(=O)(=O)NCC1CCNCC1,CS(=O)(=O)NCC1CCNCC1,"InChI=1S/C7H16N2O2S/c1-12(10,11)9-6-7-2-4-8-5-3-7/h7-9H,2-6H2,1H3",LULUGSQUPICPQM-UHFFFAOYSA-N,0.0,12.0,0.0,12.0,0.0
W1B,"4-azanyl-~{N}-[(3~{S})-2,6-bis(oxidanylidene)piperidin-3-yl]-2-oxidanyl-benzamide",C12 H13 N3 O4,non-polymer,c1cc(c(cc1N)O)C(=O)N[C@H]2CCC(=O)NC2=O,Nc1ccc(C(=O)N[C@H]2CCC(=O)NC2=O)c(O)c1,"InChI=1S/C12H13N3O4/c13-6-1-2-7(9(16)5-6)11(18)14-8-3-4-10(17)15-12(8)19/h1-2,5,8,16H,3-4,13H2,(H,14,18)(H,15,17,19)/t8-/m0/s1",IPUAAMOPTISHEC-QMMMGPOBSA-N,0.0,19.0,1.0,20.0,6.0
W1F,"4-azanyl-~{N}-[(3~{S})-2,6-bis(oxidanylidene)piperidin-3-yl]-2-methoxy-benzamide",C13 H15 N3 O4,non-polymer,COc1cc(ccc1C(=O)N[C@H]2CCC(=O)NC2=O)N,COc1cc(N)ccc1C(=O)N[C@H]1CCC(=O)NC1=O,"InChI=1S/C13H15N3O4/c1-20-10-6-7(14)2-3-8(10)12(18)15-9-4-5-11(17)16-13(9)19/h2-3,6,9H,4-5,14H2,1H3,(H,15,18)(H,16,17,19)/t9-/m0/s1",SLGDHJMSLPDYEO-VIFPVBQESA-N,0.0,20.0,1.0,21.0,6.0
W1T,"4-azanyl-~{N}-[(3~{S})-2,6-bis(oxidanylidene)piperidin-3-yl]-2-fluoranyl-benzamide",C12 H12 F N3 O3,non-polymer,c1cc(c(cc1N)F)C(=O)N[C@H]2CCC(=O)NC2=O,Nc1ccc(C(=O)N[C@H]2CCC(=O)NC2=O)c(F)c1,"InChI=1S/C12H12FN3O3/c13-8-5-6(14)1-2-7(8)11(18)15-9-3-4-10(17)16-12(9)19/h1-2,5,9H,3-4,14H2,(H,15,18)(H,16,17,19)/t9-/m0/s1",PDXLABFIWQGDLW-VIFPVBQESA-N,0.0,19.0,1.0,20.0,6.0
W1X,"4-azanyl-~{N}-[(3~{S})-2,6-bis(oxidanylidene)piperidin-3-yl]-2-(trifluoromethyl)benzamide",C13 H12 F3 N3 O3,non-polymer,c1cc(c(cc1N)C(F)(F)F)C(=O)N[C@H]2CCC(=O)NC2=O,Nc1ccc(C(=O)N[C@H]2CCC(=O)NC2=O)c(C(F)(F)F)c1,"InChI=1S/C13H12F3N3O3/c14-13(15,16)8-5-6(17)1-2-7(8)11(21)18-9-3-4-10(20)19-12(9)22/h1-2,5,9H,3-4,17H2,(H,18,21)(H,19,20,22)/t9-/m0/s1",HPKPRXOHNCNKLQ-VIFPVBQESA-N,0.0,22.0,1.0,23.0,6.0
W26,"4-azanyl-~{N}-[(3~{S})-2,6-bis(oxidanylidene)piperidin-3-yl]-2-methyl-benzamide",C13 H15 N3 O3,non-polymer,Cc1cc(ccc1C(=O)N[C@H]2CCC(=O)NC2=O)N,Cc1cc(N)ccc1C(=O)N[C@H]1CCC(=O)NC1=O,"InChI=1S/C13H15N3O3/c1-7-6-8(14)2-3-9(7)12(18)15-10-4-5-11(17)16-13(10)19/h2-3,6,10H,4-5,14H2,1H3,(H,15,18)(H,16,17,19)/t10-/m0/s1",BUTHFOQUICVORE-JTQLQIEISA-N,0.0,19.0,1.0,20.0,6.0
W2F,"4-azanyl-~{N}-[(3~{S})-2,6-bis(oxidanylidene)piperidin-3-yl]-2-chloranyl-benzamide",C12 H12 Cl N3 O3,non-polymer,c1cc(c(cc1N)Cl)C(=O)N[C@H]2CCC(=O)NC2=O,Nc1ccc(C(=O)N[C@H]2CCC(=O)NC2=O)c(Cl)c1,"InChI=1S/C12H12ClN3O3/c13-8-5-6(14)1-2-7(8)11(18)15-9-3-4-10(17)16-12(9)19/h1-2,5,9H,3-4,14H2,(H,15,18)(H,16,17,19)/t9-/m0/s1",ODBDBMXVJIBLEY-VIFPVBQESA-N,0.0,19.0,1.0,20.0,6.0
WBN,"(3~{R},5~{R})-~{N}-[[4-(4-methyl-1,3-thiazol-5-yl)phenyl]methyl]-5-oxidanyl-2-oxidanylidene-1-pyridin-2-yl-piperidine-3-carboxamide",C22 H22 N4 O3 S,non-polymer,Cc1c(scn1)c2ccc(cc2)CNC(=O)[C@H]3C[C@H](CN(C3=O)c4ccccn4)O,Cc1ncsc1-c1ccc(CNC(=O)[C@H]2C[C@@H](O)CN(c3ccccn3)C2=O)cc1,"InChI=1S/C22H22N4O3S/c1-14-20(30-13-25-14)16-7-5-15(6-8-16)11-24-21(28)18-10-17(27)12-26(22(18)29)19-4-2-3-9-23-19/h2-9,13,17-18,27H,10-12H2,1H3,(H,24,28)/t17-,18-/m1/s1",LCYOGYSKPSKGLU-QZTJIDSGSA-N,0.0,30.0,2.0,33.0,17.0
WGM,"(3S)-1-(3-fluoropyridin-2-yl)-4,4-dimethylpyrrolidin-3-ol",C11 H15 F N2 O,non-polymer,CC1(CN(C[C@@H]1O)c2c(cccn2)F)C,CC1(C)CN(c2ncccc2F)C[C@@H]1O,"InChI=1S/C11H15FN2O/c1-11(2)7-14(6-9(11)15)10-8(12)4-3-5-13-10/h3-5,9,15H,6-7H2,1-2H3/t9-/m0/s1",UEGVWHVSUHDHHI-VIFPVBQESA-N,0.0,15.0,1.0,16.0,6.0
WHP,N-[(1R)-1-(2-chlorophenyl)ethyl]methanesulfonamide,C9 H12 Cl N O2 S,non-polymer,C[C@H](c1ccccc1Cl)NS(=O)(=O)C,C[C@@H](NS(C)(=O)=O)c1ccccc1Cl,"InChI=1S/C9H12ClNO2S/c1-7(11-14(2,12)13)8-5-3-4-6-9(8)10/h3-7,11H,1-2H3/t7-/m1/s1",HMJIOKFBRSKMHO-SSDOTTSWSA-N,0.0,14.0,1.0,14.0,6.0
WJA,"N-methyl-1-(5-methyl-1,2-oxazol-3-yl)methanesulfonamide",C6 H10 N2 O3 S,non-polymer,Cc1cc(no1)CS(=O)(=O)NC,CNS(=O)(=O)Cc1cc(C)on1,"InChI=1S/C6H10N2O3S/c1-5-3-6(8-11-5)4-12(9,10)7-2/h3,7H,4H2,1-2H3",SDSNLNFNGILSAL-UHFFFAOYSA-N,0.0,12.0,0.0,12.0,5.0
WKG,1-(2-azaspiro[5.6]dodecan-2-yl)ethan-1-one,C13 H23 N O,non-polymer,CC(=O)N1CCCC2(C1)CCCCCC2,CC(=O)N1CCCC2(CCCCCC2)C1,"InChI=1S/C13H23NO/c1-12(15)14-10-6-9-13(11-14)7-4-2-3-5-8-13/h2-11H2,1H3",JPZFTAQMOATKEN-UHFFFAOYSA-N,0.0,15.0,0.0,16.0,0.0
WKS,"2,4-dimethyl-6-(piperazin-1-yl)pyrimidine",C10 H16 N4,non-polymer,Cc1cc(nc(n1)C)N2CCNCC2,Cc1cc(N2CCNCC2)nc(C)n1,"InChI=1S/C10H16N4/c1-8-7-10(13-9(2)12-8)14-5-3-11-4-6-14/h7,11H,3-6H2,1-2H3",NARMKNJWXHFJFF-UHFFFAOYSA-N,0.0,14.0,0.0,15.0,6.0
WNY,1-[4-(4-chlorophenyl)piperazin-1-yl]ethan-1-one,C12 H15 Cl N2 O,non-polymer,CC(=O)N1CCN(CC1)c2ccc(cc2)Cl,CC(=O)N1CCN(c2ccc(Cl)cc2)CC1,"InChI=1S/C12H15ClN2O/c1-10(16)14-6-8-15(9-7-14)12-4-2-11(13)3-5-12/h2-5H,6-9H2,1H3",UVYFWYMZWQBGAQ-UHFFFAOYSA-N,0.0,16.0,0.0,17.0,6.0
WW8,"N-[(3S)-1-({6-chloro-3-[1-(4-chlorobenzyl)-4-phenyl-1H-imidazol-5-yl]-1H-indol-2-yl}carbonyl)pyrrolidin-3-yl]-N,N',N'-trimethylpropane-1,3-diamine",C35 H38 Cl2 N6 O,non-polymer,C[N@@](CCCN(C)C)[C@H]1CCN(C1)C(=O)c2c(c3ccc(cc3[nH]2)Cl)c4c(ncn4Cc5ccc(cc5)Cl)c6ccccc6,CN(C)CCCN(C)[C@H]1CCN(C(=O)c2[nH]c3cc(Cl)ccc3c2-c2c(-c3ccccc3)ncn2Cc2ccc(Cl)cc2)C1,"InChI=1S/C35H38Cl2N6O/c1-40(2)17-7-18-41(3)28-16-19-42(22-28)35(44)33-31(29-15-14-27(37)20-30(29)39-33)34-32(25-8-5-4-6-9-25)38-23-43(34)21-24-10-12-26(36)13-11-24/h4-6,8-15,20,23,28,39H,7,16-19,21-22H2,1-3H3/t28-/m0/s1",LWWQYOWAPGRPRH-NDEPHWFRSA-N,0.0,44.0,1.0,49.0,27.0
X1J,"1-(5-amino-1,3-dihydro-2H-isoindol-2-yl)ethan-1-one",C10 H12 N2 O,non-polymer,CC(=O)N1Cc2ccc(cc2C1)N,CC(=O)N1Cc2ccc(N)cc2C1,"InChI=1S/C10H12N2O/c1-7(13)12-5-8-2-3-10(11)4-9(8)6-12/h2-4H,5-6,11H2,1H3",YIOYWZUOBVMFGA-UHFFFAOYSA-N,0.0,13.0,0.0,14.0,6.0
X23,"(3S,6S,7R,9aS)-6-{[(2S)-2-aminobutanoyl]amino}-7-(aminomethyl)-N-(diphenylmethyl)-5-oxooctahydro-1H-pyrrolo[1,2-a]azepine-3-carboxamide",C28 H37 N5 O3,non-polymer,CC[C@@H](C(=O)N[C@H]1[C@H](CC[C@H]2CC[C@H](N2C1=O)C(=O)NC(c3ccccc3)c4ccccc4)CN)N,CC[C@H](N)C(=O)N[C@@H]1C(=O)N2[C@@H](CC[C@@H]1CN)CC[C@H]2C(=O)NC(c1ccccc1)c1ccccc1,"InChI=1S/C28H37N5O3/c1-2-22(30)26(34)32-25-20(17-29)13-14-21-15-16-23(33(21)28(25)36)27(35)31-24(18-9-5-3-6-10-18)19-11-7-4-8-12-19/h3-12,20-25H,2,13-17,29-30H2,1H3,(H,31,35)(H,32,34)/t20-,21+,22+,23+,25+/m1/s1",XXJHZERDDCOFPK-FCRIMTMASA-N,0.0,36.0,5.0,39.0,12.0
X6C,"(2S,4R)-1-ethanoyl-N-[[4-(1,3-oxazol-5-yl)phenyl]methyl]-4-oxidanyl-pyrrolidine-2-carboxamide",C17 H19 N3 O4,non-polymer,CC(=O)N1C[C@@H](C[C@H]1C(=O)NCc2ccc(cc2)c3cnco3)O,CC(=O)N1C[C@H](O)C[C@H]1C(=O)NCc1ccc(-c2cnco2)cc1,"InChI=1S/C17H19N3O4/c1-11(21)20-9-14(22)6-15(20)17(23)19-7-12-2-4-13(5-3-12)16-8-18-10-24-16/h2-5,8,10,14-15,22H,6-7,9H2,1H3,(H,19,23)/t14-,15+/m1/s1",KFYARNZFJDIZMC-CABCVRRESA-N,0.0,24.0,2.0,26.0,11.0
XJI,(3P)-N-[(1S)-3-amino-1-(3-chloro-4-fluorophenyl)-3-oxopropyl]-3-(4-chloro-2-fluorophenyl)-1H-pyrazole-4-carboxamide,C19 H14 Cl2 F2 N4 O2,non-polymer,c1cc(c(cc1[C@H](CC(=O)N)NC(=O)c2c[nH]nc2c3ccc(cc3F)Cl)Cl)F,NC(=O)C[C@H](NC(=O)c1c[nH]nc1-c1ccc(Cl)cc1F)c1ccc(F)c(Cl)c1,"InChI=1S/C19H14Cl2F2N4O2/c20-10-2-3-11(15(23)6-10)18-12(8-25-27-18)19(29)26-16(7-17(24)28)9-1-4-14(22)13(21)5-9/h1-6,8,16H,7H2,(H2,24,28)(H,25,27)(H,26,29)/t16-/m0/s1",IPDMIUDPUBUHSU-INIZCTEOSA-N,0.0,29.0,1.0,31.0,17.0
XMS,(3S)-3-(4-chlorophenyl)-3-(1-methylbenzotriazol-5-yl)propanoic acid,C16 H14 Cl N3 O2,non-polymer,Cn1c2ccc(cc2nn1)[C@@H](CC(=O)O)c3ccc(cc3)Cl,Cn1nnc2cc([C@@H](CC(=O)O)c3ccc(Cl)cc3)ccc21,"InChI=1S/C16H14ClN3O2/c1-20-15-7-4-11(8-14(15)18-19-20)13(9-16(21)22)10-2-5-12(17)6-3-10/h2-8,13H,9H2,1H3,(H,21,22)/t13-/m0/s1",LCHKWRPFWJXZAW-ZDUSSCGKSA-N,0.0,22.0,1.0,24.0,16.0
XXT,"[(3aS,5R,5aS,6S,8S,8aS,9S,9aR)-9-acetyloxy-8-hydroxy-5,8a-dimethyl-1-methylidene-2-oxo-4,5,5a,6,7,8,9,9a-octahydro-3aH-azuleno[6,5-b]furan-6-yl] acetate",C19 H26 O7,non-polymer,C[C@@H]1C[C@H]2[C@H]([C@@H]([C@]3([C@H]1[C@H](C[C@@H]3O)OC(=O)C)C)OC(=O)C)C(=C)C(=O)O2,C=C1C(=O)O[C@H]2C[C@@H](C)[C@@H]3[C@@H](OC(C)=O)C[C@H](O)[C@@]3(C)[C@@H](OC(C)=O)[C@H]12,"InChI=1S/C19H26O7/c1-8-6-12-15(9(2)18(23)26-12)17(25-11(4)21)19(5)14(22)7-13(16(8)19)24-10(3)20/h8,12-17,22H,2,6-7H2,1,3-5H3/t8-,12+,13+,14+,15-,16-,17+,19-/m1/s1",JXEGMONJOSAULB-IZZBGLMFSA-N,0.0,26.0,8.0,28.0,0.0
XYP,beta-D-xylopyranose,C5 H10 O5,"D-saccharide, beta linking",C1[C@H]([C@@H]([C@H]([C@@H](O1)O)O)O)O,O[C@@H]1[C@@H](O)[C@H](O)OC[C@H]1O,"InChI=1S/C5H10O5/c6-2-1-10-5(9)4(8)3(2)7/h2-9H,1H2/t2-,3+,4-,5-/m1/s1",SRBFZHDQGSBBOR-KKQCNMDGSA-N,0.0,10.0,4.0,10.0,0.0
XYY,"(3s)-{4-Chloro-3-[(N-methylmethanesulfonamido) methyl]phenyl}-3-(1-methyl-1H-1,2,3-benzotriazol-5-yl) propanoic acid",C19 H21 Cl N4 O4 S,non-polymer,Cn1c2ccc(cc2nn1)[C@@H](CC(=O)O)c3ccc(c(c3)CN(C)S(=O)(=O)C)Cl,CN(Cc1cc([C@H](CC(=O)O)c2ccc3c(c2)nnn3C)ccc1Cl)S(C)(=O)=O,"InChI=1S/C19H21ClN4O4S/c1-23(29(3,27)28)11-14-8-12(4-6-16(14)20)15(10-19(25)26)13-5-7-18-17(9-13)21-22-24(18)2/h4-9,15H,10-11H2,1-3H3,(H,25,26)/t15-/m0/s1",USDLDJOPUXHGLC-HNNXBMFYSA-N,0.0,29.0,1.0,31.0,16.0
Y30,3-{(1S)-2-(tert-butylamino)-1-[{4-[(4-chlorobenzyl)oxy]benzyl}(formyl)amino]-2-oxoethyl}-6-chloro-1H-indole-2-carboxylic acid,C30 H29 Cl2 N3 O5,non-polymer,CC(C)(C)NC(=O)[C@@H](c1c2ccc(cc2[nH]c1C(=O)O)Cl)N(Cc3ccc(cc3)OCc4ccc(cc4)Cl)C=O,CC(C)(C)NC(=O)[C@@H](c1c(C(=O)O)[nH]c2cc(Cl)ccc12)N(C=O)Cc1ccc(OCc2ccc(Cl)cc2)cc1,"InChI=1S/C30H29Cl2N3O5/c1-30(2,3)34-28(37)27(25-23-13-10-21(32)14-24(23)33-26(25)29(38)39)35(17-36)15-18-6-11-22(12-7-18)40-16-19-4-8-20(31)9-5-19/h4-14,17,27,33H,15-16H2,1-3H3,(H,34,37)(H,38,39)/t27-/m1/s1",PESUUIPTWNTJKA-HHHXNRCGSA-N,0.0,40.0,1.0,43.0,22.0
YIN,"(6R,7S)-6,7-bis(4-bromophenyl)-7,11-dihydro-6H-chromeno[4,3-d][1,2,4]triazolo[1,5-a]pyrimidine",C24 H16 Br2 N4 O,non-polymer,c1ccc2c(c1)C3=C([C@@H](N4C(=N3)NC=N4)c5ccc(cc5)Br)[C@H](O2)c6ccc(cc6)Br,Brc1ccc([C@H]2C3=C(N=C4NC=NN42)c2ccccc2O[C@@H]3c2ccc(Br)cc2)cc1,"InChI=1S/C24H16Br2N4O/c25-16-9-5-14(6-10-16)22-20-21(29-24-27-13-28-30(22)24)18-3-1-2-4-19(18)31-23(20)15-7-11-17(26)12-8-15/h1-13,22-23H,(H,27,28,29)/t22-,23+/m0/s1",HNNGTASVWGJHBY-XZOQPEGZSA-N,0.0,31.0,2.0,36.0,18.0
YK3,"tert-butyl [(6S,10P)-4-{4-[(ethanesulfonyl)amino]phenyl}-2,3,9-trimethyl-6H-thieno[3,2-f][1,2,4]triazolo[4,3-a][1,4]diazepin-6-yl]acetate",C25 H31 N5 O4 S2,non-polymer,CCS(=O)(=O)Nc1ccc(cc1)C2=N[C@H](c3nnc(n3-c4c2c(c(s4)C)C)C)CC(=O)OC(C)(C)C,CCS(=O)(=O)Nc1ccc(C2=N[C@@H](CC(=O)OC(C)(C)C)c3nnc(C)n3-c3sc(C)c(C)c32)cc1,"InChI=1S/C25H31N5O4S2/c1-8-36(32,33)29-18-11-9-17(10-12-18)22-21-14(2)15(3)35-24(21)30-16(4)27-28-23(30)19(26-22)13-20(31)34-25(5,6)7/h9-12,19,29H,8,13H2,1-7H3/t19-/m0/s1",XORZMCOMRGZMHU-IBGZPJMESA-N,0.0,36.0,1.0,39.0,16.0
YOT,"(3S)-3-{5-[(1,2-benzoxazol-3-yl)amino]-1-oxo-1,3-dihydro-2H-isoindol-2-yl}piperidine-2,6-dione",C20 H16 N4 O4,non-polymer,c1ccc2c(c1)c(no2)Nc3ccc4c(c3)CN(C4=O)[C@H]5CCC(=O)NC5=O,O=C1CC[C@H](N2Cc3cc(Nc4noc5ccccc45)ccc3C2=O)C(=O)N1,"InChI=1S/C20H16N4O4/c25-17-8-7-15(19(26)22-17)24-10-11-9-12(5-6-13(11)20(24)27)21-18-14-3-1-2-4-16(14)28-23-18/h1-6,9,15H,7-8,10H2,(H,21,23)(H,22,25,26)/t15-/m0/s1",AJUZTJBGJWQZFW-HNNXBMFYSA-N,0.0,28.0,1.0,32.0,16.0
YQO,"(5S)-3-(2,4-dichlorophenyl)-1-oxa-2,9-diazaspiro[4.5]dec-2-ene-8,10-dione",C13 H10 Cl2 N2 O3,non-polymer,c1cc(c(cc1Cl)Cl)C2=NO[C@]3(C2)CCC(=O)NC3=O,O=C1CC[C@]2(CC(c3ccc(Cl)cc3Cl)=NO2)C(=O)N1,"InChI=1S/C13H10Cl2N2O3/c14-7-1-2-8(9(15)5-7)10-6-13(20-17-10)4-3-11(18)16-12(13)19/h1-2,5H,3-4,6H2,(H,16,18,19)/t13-/m0/s1",KFAVXUHSPFYSLI-ZDUSSCGKSA-N,0.0,20.0,1.0,22.0,6.0
ZQA,"4-ethyl-2-(1H-imidazol-5-yl)-1,3-thiazole",C8 H9 N3 S,non-polymer,CCc1csc(n1)c2cnc[nH]2,CCc1csc(-c2cnc[nH]2)n1,"InChI=1S/C8H9N3S/c1-2-6-4-12-8(11-6)7-3-9-5-10-7/h3-5H,2H2,1H3,(H,9,10)",RXFWINHPQUVOEC-UHFFFAOYSA-N,0.0,12.0,0.0,13.0,10.0
ZTD,METHYL 4-[({(4R)-4-HYDROXY-1-[(3-METHYLISOXAZOL-5-YL)ACETYL]-L-PROLYL}AMINO)METHYL]BENZOATE,C20 H23 N3 O6,non-polymer,Cc1cc(on1)CC(=O)N2C[C@@H](C[C@H]2C(=O)NCc3ccc(cc3)C(=O)OC)O,COC(=O)c1ccc(CNC(=O)[C@@H]2C[C@@H](O)CN2C(=O)Cc2cc(C)no2)cc1,"InChI=1S/C20H23N3O6/c1-12-7-16(29-22-12)9-18(25)23-11-15(24)8-17(23)19(26)21-10-13-3-5-14(6-4-13)20(27)28-2/h3-7,15,17,24H,8-11H2,1-2H3,(H,21,26)/t15-,17+/m1/s1",HMFSOBWOOWBCBL-WBVHZDCISA-N,0.0,29.0,2.0,31.0,11.0
ZTQ,"(2S)-2-[([1,1'-biphenyl]-4-yl)oxy]propanoic acid",C15 H14 O3,non-polymer,C[C@@H](C(=O)O)Oc1ccc(cc1)c2ccccc2,C[C@H](Oc1ccc(-c2ccccc2)cc1)C(=O)O,"InChI=1S/C15H14O3/c1-11(15(16)17)18-14-9-7-13(8-10-14)12-5-3-2-4-6-12/h2-11H,1H3,(H,16,17)/t11-/m0/s1",FUPGQEMJIGUBGO-NSHDSACASA-N,0.0,18.0,1.0,19.0,12.0
ZUN,(4R)-N-[4-(DIHYDROXYAMINO)BENZYL]-4-HYDROXY-1-[(3-METHYLISOXAZOL-5-YL)ACETYL]-L-PROLINAMIDE,C18 H22 N4 O6,non-polymer,Cc1cc(on1)CC(=O)N2C[C@@H](C[C@H]2C(=O)NCc3ccc(cc3)N(O)O)O,Cc1cc(CC(=O)N2C[C@H](O)C[C@H]2C(=O)NCc2ccc(N(O)O)cc2)on1,"InChI=1S/C18H22N4O6/c1-11-6-15(28-20-11)8-17(24)21-10-14(23)7-16(21)18(25)19-9-12-2-4-13(5-3-12)22(26)27/h2-6,14,16,23,26-27H,7-10H2,1H3,(H,19,25)/t14-,16+/m1/s1",WJYVXCQUWDPFNN-ZBFHGGJFSA-N,0.0,28.0,2.0,30.0,11.0
