Ligase,pdb_id,Ligand,Variant,RECRUITER_CODE,Chain,atom_id,exact_atom,atom_type,x,y,z,smiles_atom_index,smile_atom
CHIP,9QF1,A91,1,L00538,A,1054,C,C,3.47,28.771,12.221,0,C
CHIP,9QF1,A91,1,L00538,A,1053,N,N,4.321,28.84,11.037,1,N
CHIP,9QF1,A91,1,L00538,A,1025,C1,C,5.618,28.54,11.105,2,C
CHIP,9QF1,A91,1,L00538,A,1051,N1,N,6.54,28.736,10.205,3,N
CHIP,9QF1,A91,1,L00538,A,1050,N2,N,7.721,28.241,10.756,4,N
CHIP,9QF1,A91,1,L00538,A,1026,C2,C,7.408,27.751,11.905,5,C
CHIP,9QF1,A91,1,L00538,A,1052,O,O,6.087,27.907,12.216,6,O
CHIP,9QF1,A91,1,L00538,A,1027,C3,C,8.304,27.156,12.877,7,C
CHIP,9QF1,A91,1,L00538,A,1048,C4,C,8.227,27.288,14.248,8,C
CHIP,9QF1,A91,1,L00538,A,1047,N3,N,9.294,26.672,14.842,9,N
CHIP,9QF1,A91,1,L00538,A,1046,C5,C,10.079,26.106,13.866,10,C
CHIP,9QF1,A91,1,L00538,A,1049,C6,C,9.498,26.394,12.617,11,C
CHIP,9QF1,A91,1,L00538,A,1028,C7,C,10.113,25.893,11.481,12,C
CHIP,9QF1,A91,1,L00538,A,1029,C8,C,11.28,25.171,11.55,13,C
CHIP,9QF1,A91,1,L00538,A,1030,C9,C,11.87,24.938,12.772,14,C
CHIP,9QF1,A91,1,L00538,A,1031,C10,C,11.252,25.371,13.922,15,C
CHIP,9QF1,A91,1,L00538,A,1045,F,F,11.829,25.138,15.114,16,F
CHIP,9QF1,A91,1,L00538,A,1044,F1,F,13.002,24.217,12.837,17,F
CHIP,9QF1,A91,1,L00538,A,1043,F2,F,11.881,24.769,10.417,18,F
CHIP,9QF1,A91,1,L00538,A,1042,F3,F,9.614,26.169,10.263,19,F
CHIP,9QF1,A91,1,L00538,A,1032,C11,C,3.697,29.21,9.762,20,C
CHIP,9QF1,A91,1,L00538,A,1033,C12,C,3.13,30.639,9.759,21,C
CHIP,9QF1,A91,1,L00538,A,1034,C13,C,4.201,31.716,9.873,22,C
CHIP,9QF1,A91,1,L00538,A,1057,N4,N,3.672,32.939,10.494,23,N
CHIP,9QF1,A91,1,L00538,A,1035,C14,C,3.731,34.127,9.635,24,C
CHIP,9QF1,A91,1,L00538,A,1036,C15,C,5.125,34.685,9.869,25,C
CHIP,9QF1,A91,1,L00538,A,1037,C16,C,5.563,34.139,11.207,26,C
CHIP,9QF1,A91,1,L00538,A,1058,C17,C,4.37,33.351,11.716,27,C
CHIP,9QF1,A91,1,L00538,A,1055,C18,C,2.768,28.092,9.327,28,C
CHIP,9QF1,A91,1,L00538,A,1038,C19,C,3.32,26.831,9.145,29,C
CHIP,9QF1,A91,1,L00538,A,1039,C20,C,2.49,25.789,8.783,30,C
CHIP,9QF1,A91,1,L00538,A,1040,C21,C,1.153,26.026,8.586,31,C
CHIP,9QF1,A91,1,L00538,A,1041,C22,C,0.687,27.31,8.772,32,C
CHIP,9QF1,A91,1,L00538,A,1056,N5,N,1.461,28.336,9.153,33,N
CHIP,9QFS,A87,1,L00539,A,1036,C,C,8.082,8.434,22.951,0,C
CHIP,9QFS,A87,1,L00539,A,1017,C1,C,7.818,8.69,24.276,1,C
CHIP,9QFS,A87,1,L00539,A,1018,C2,C,8.974,9.372,24.788,2,C
CHIP,9QFS,A87,1,L00539,A,1019,C3,C,9.891,9.465,23.729,3,C
CHIP,9QFS,A87,1,L00539,A,1038,N,N,9.322,8.882,22.624,4,N
CHIP,9QFS,A87,1,L00539,A,1045,C4,C,11.124,10.059,23.935,5,C
CHIP,9QFS,A87,1,L00539,A,1044,C5,C,11.469,10.568,25.165,6,C
CHIP,9QFS,A87,1,L00539,A,1043,C6,C,10.576,10.487,26.209,7,C
CHIP,9QFS,A87,1,L00539,A,1020,C7,C,9.35,9.892,26.016,8,C
CHIP,9QFS,A87,1,L00539,A,1035,F,F,8.505,9.823,27.057,9,F
CHIP,9QFS,A87,1,L00539,A,1034,F1,F,10.909,10.987,27.411,10,F
CHIP,9QFS,A87,1,L00539,A,1033,F2,F,12.661,11.158,25.35,11,F
CHIP,9QFS,A87,1,L00539,A,1030,F3,F,11.99,10.142,22.912,12,F
CHIP,9QFS,A87,1,L00539,A,1021,C8,C,6.528,8.364,24.916,13,C
CHIP,9QFS,A87,1,L00539,A,1039,N1,N,5.836,7.362,24.334,15,N
CHIP,9QFS,A87,1,L00539,A,1041,N2,N,4.58,7.065,24.838,16,N
CHIP,9QFS,A87,1,L00539,A,1022,C9,C,4.368,6.459,26.064,17,C
CHIP,9QFS,A87,1,L00539,A,1023,C10,C,2.852,6.395,26.238,19,C
CHIP,9QFS,A87,1,L00539,A,1032,N3,N,2.397,6.964,25.006,20,N
CHIP,9QFS,A87,1,L00539,A,1024,C11,C,3.394,7.4,24.219,21,C
CHIP,9QFS,A87,1,L00539,A,1025,C12,C,2.265,7.269,27.36,23,C
CHIP,9QFS,A87,1,L00539,A,1026,C13,C,1.454,6.471,28.376,24,C
CHIP,9QFS,A87,1,L00539,A,1027,C14,C,0.786,7.371,29.409,25,C
CHIP,9QFS,A87,1,L00539,A,1028,C15,C,1.197,8.82,29.238,26,C
CHIP,9QFS,A87,1,L00539,A,1029,C16,C,2.71,8.954,29.187,27,C
CHIP,9QFS,A87,1,L00539,A,1031,C17,C,3.307,8.138,28.045,28,C
CHIP,9QFY,A88,1,L00540,A,1009,C1,C,1.019,26.041,8.692,0,C
CHIP,9QFY,A88,1,L00540,A,1035,N,N,1.764,27.245,8.313,1,N
CHIP,9QFY,A88,1,L00540,A,1036,C,C,0.98,28.48,8.389,2,C
CHIP,9QFY,A88,1,L00540,A,1032,S,S,3.293,27.354,8.81,3,S
CHIP,9QFY,A88,1,L00540,A,1010,C2,C,3.204,27.79,10.528,6,C
CHIP,9QFY,A88,1,L00540,A,1011,C3,C,4.572,27.725,11.204,7,C
CHIP,9QFY,A88,1,L00540,A,1031,C4,C,5.459,28.931,10.868,8,C
CHIP,9QFY,A88,1,L00540,A,1030,C5,C,6.782,28.91,11.637,9,C
CHIP,9QFY,A88,1,L00540,A,1029,C6,C,6.547,28.73,13.135,10,C
CHIP,9QFY,A88,1,L00540,A,1028,N1,N,5.667,27.58,13.383,11,N
CHIP,9QFY,A88,1,L00540,A,1012,C7,C,4.37,27.671,12.711,12,C
CHIP,9QFY,A88,1,L00540,A,1013,C8,C,5.98,26.507,14.122,13,C
CHIP,9QFY,A88,1,L00540,A,1014,C9,C,7.357,26.4,14.669,15,C
CHIP,9QFY,A88,1,L00540,A,1015,C10,C,7.698,26.599,15.988,16,C
CHIP,9QFY,A88,1,L00540,A,1026,N2,N,9.031,26.363,16.171,17,N
CHIP,9QFY,A88,1,L00540,A,1016,C11,C,9.561,25.88,14.999,18,C
CHIP,9QFY,A88,1,L00540,A,1017,C12,C,8.546,25.896,14.023,19,C
CHIP,9QFY,A88,1,L00540,A,1018,C13,C,8.884,25.501,12.733,20,C
CHIP,9QFY,A88,1,L00540,A,1019,C14,C,10.156,25.078,12.417,21,C
CHIP,9QFY,A88,1,L00540,A,1020,C15,C,11.136,25.062,13.385,22,C
CHIP,9QFY,A88,1,L00540,A,1021,C16,C,10.841,25.466,14.664,23,C
CHIP,9QFY,A88,1,L00540,A,1025,F,F,11.803,25.436,15.606,24,F
CHIP,9QFY,A88,1,L00540,A,1024,F1,F,12.375,24.649,13.07,25,F
CHIP,9QFY,A88,1,L00540,A,1023,F2,F,10.473,24.727,11.16,26,F
CHIP,9QFY,A88,1,L00540,A,1022,F3,F,7.964,25.527,11.747,27,F
CRBN,4CI1,EF2,1,L00003,A,11418,C11,C,-1.16,1.494,12.472,0,C
CRBN,4CI1,EF2,1,L00003,A,11425,C20,C,-2.454,1.343,13.013,1,C
CRBN,4CI1,EF2,1,L00003,A,11424,C19,C,-3.147,2.454,13.535,2,C
CRBN,4CI1,EF2,1,L00003,A,11421,C14,C,-2.505,3.704,13.476,3,C
CRBN,4CI1,EF2,1,L00003,A,11420,C13,C,-1.227,3.848,12.907,4,C
CRBN,4CI1,EF2,1,L00003,A,11419,C12,C,-0.521,2.751,12.388,5,C
CRBN,4CI1,EF2,1,L00003,A,11427,C4,C,-0.868,5.316,13.043,6,C
CRBN,4CI1,EF2,1,L00003,A,11417,N09,N,-1.896,5.966,13.669,8,N
CRBN,4CI1,EF2,1,L00003,A,11426,C3,C,-2.9,5.091,13.926,9,C
CRBN,4CI1,EF2,1,L00003,A,11416,C08,C,-2.001,7.399,13.899,11,C
CRBN,4CI1,EF2,1,L00003,A,11415,C07,C,-1.111,7.854,15.077,12,C
CRBN,4CI1,EF2,1,L00003,A,11414,C06,C,-1.306,9.377,15.284,13,C
CRBN,4CI1,EF2,1,L00003,A,11412,C04,C,-1.071,10.098,13.979,14,C
CRBN,4CI1,EF2,1,L00003,A,11411,N03,N,-1.294,9.48,12.795,16,N
CRBN,4CI1,EF2,1,L00003,A,11410,C02,C,-1.715,8.198,12.649,17,C
CRBN,4TZC,EF2,1,L00564,A,3173,C11,C,49.528,-28.269,-68.88,0,C
CRBN,4TZC,EF2,1,L00564,A,3180,C20,C,50.827,-28.636,-69.331,1,C
CRBN,4TZC,EF2,1,L00564,A,3179,C19,C,51.329,-29.952,-69.182,2,C
CRBN,4TZC,EF2,1,L00564,A,3176,C14,C,50.474,-30.853,-68.557,3,C
CRBN,4TZC,EF2,1,L00564,A,3175,C13,C,49.198,-30.501,-68.112,4,C
CRBN,4TZC,EF2,1,L00564,A,3174,C12,C,48.681,-29.209,-68.245,5,C
CRBN,4TZC,EF2,1,L00564,A,3182,C4,C,48.666,-31.757,-67.525,6,C
CRBN,4TZC,EF2,1,L00564,A,3172,N09,N,49.52,-32.801,-67.598,8,N
CRBN,4TZC,EF2,1,L00564,A,3181,C3,C,50.589,-32.291,-68.205,9,C
CRBN,4TZC,EF2,1,L00564,A,3171,C08,C,49.313,-34.212,-67.232,11,C
CRBN,4TZC,EF2,1,L00564,A,3170,C07,C,49.205,-34.479,-65.749,12,C
CRBN,4TZC,EF2,1,L00564,A,3169,C06,C,49.035,-36.005,-65.605,13,C
CRBN,4TZC,EF2,1,L00564,A,3167,C04,C,47.848,-36.495,-66.397,14,C
CRBN,4TZC,EF2,1,L00564,A,3166,N03,N,47.432,-35.784,-67.461,16,N
CRBN,4TZC,EF2,1,L00564,A,3165,C02,C,48.057,-34.696,-67.945,17,C
CRBN,4V2Y,EF2,1,L00565,A,2520,C11,C,29.569,21.859,-10.077,0,C
CRBN,4V2Y,EF2,1,L00565,A,2527,C20,C,30.115,21.807,-8.812,1,C
CRBN,4V2Y,EF2,1,L00565,A,2526,C19,C,29.487,21.152,-7.772,2,C
CRBN,4V2Y,EF2,1,L00565,A,2523,C14,C,28.271,20.55,-7.997,3,C
CRBN,4V2Y,EF2,1,L00565,A,2522,C13,C,27.736,20.59,-9.25,4,C
CRBN,4V2Y,EF2,1,L00565,A,2521,C12,C,28.357,21.205,-10.318,5,C
CRBN,4V2Y,EF2,1,L00565,A,2529,C4,C,26.501,19.789,-9.117,6,C
CRBN,4V2Y,EF2,1,L00565,A,2519,N09,N,26.311,19.422,-7.884,8,N
CRBN,4V2Y,EF2,1,L00565,A,2528,C3,C,27.399,19.846,-7.209,9,C
CRBN,4V2Y,EF2,1,L00565,A,2518,C08,C,25.263,18.531,-7.368,11,C
CRBN,4V2Y,EF2,1,L00565,A,2517,C07,C,23.948,19.303,-7.316,12,C
CRBN,4V2Y,EF2,1,L00565,A,2516,C06,C,22.871,18.372,-6.847,13,C
CRBN,4V2Y,EF2,1,L00565,A,2514,C04,C,22.776,17.084,-7.6,14,C
CRBN,4V2Y,EF2,1,L00565,A,2513,N03,N,23.872,16.656,-8.277,16,N
CRBN,4V2Y,EF2,1,L00565,A,2512,C02,C,25.042,17.282,-8.151,17,C
CRBN,4V32,EF2,1,L00566,A,2436,C11,C,30.181,21.35,-8.688,0,C
CRBN,4V32,EF2,1,L00566,A,2443,C20,C,29.641,21.367,-9.974,1,C
CRBN,4V32,EF2,1,L00566,A,2442,C19,C,28.42,20.753,-10.251,2,C
CRBN,4V32,EF2,1,L00566,A,2439,C14,C,27.765,20.16,-9.197,3,C
CRBN,4V32,EF2,1,L00566,A,2438,C13,C,28.299,20.171,-7.911,4,C
CRBN,4V32,EF2,1,L00566,A,2437,C12,C,29.525,20.763,-7.64,5,C
CRBN,4V32,EF2,1,L00566,A,2445,C4,C,27.388,19.477,-7.167,6,C
CRBN,4V32,EF2,1,L00566,A,2435,N09,N,26.298,19.063,-7.854,8,N
CRBN,4V32,EF2,1,L00566,A,2444,C3,C,26.581,19.483,-9.085,9,C
CRBN,4V32,EF2,1,L00566,A,2434,C08,C,25.175,18.268,-7.33,11,C
CRBN,4V32,EF2,1,L00566,A,2433,C07,C,23.879,19.025,-7.351,12,C
CRBN,4V32,EF2,1,L00566,A,2432,C06,C,22.827,18.063,-6.866,13,C
CRBN,4V32,EF2,1,L00566,A,2430,C04,C,22.872,16.769,-7.713,14,C
CRBN,4V32,EF2,1,L00566,A,2429,N03,N,23.939,16.42,-8.353,16,N
CRBN,4V32,EF2,1,L00566,A,2428,C02,C,25.072,16.993,-8.162,17,C
CRBN,5AMH,EF2,1,L00567,A,894,C11,C,23.857,-10.702,-30.316,0,C
CRBN,5AMH,EF2,1,L00567,A,901,C20,C,22.431,-10.864,-30.367,1,C
CRBN,5AMH,EF2,1,L00567,A,900,C19,C,21.732,-10.943,-29.092,2,C
CRBN,5AMH,EF2,1,L00567,A,897,C14,C,22.473,-10.712,-27.891,3,C
CRBN,5AMH,EF2,1,L00567,A,896,C13,C,23.831,-10.491,-28.01,4,C
CRBN,5AMH,EF2,1,L00567,A,895,C12,C,24.596,-10.439,-29.216,5,C
CRBN,5AMH,EF2,1,L00567,A,903,C4,C,24.395,-10.308,-26.721,6,C
CRBN,5AMH,EF2,1,L00567,A,893,N09,N,23.266,-10.453,-25.793,8,N
CRBN,5AMH,EF2,1,L00567,A,902,C3,C,22.137,-10.82,-26.443,9,C
CRBN,5AMH,EF2,1,L00567,A,892,C08,C,23.429,-10.485,-24.37,11,C
CRBN,5AMH,EF2,1,L00567,A,891,C07,C,22.61,-9.427,-23.696,12,C
CRBN,5AMH,EF2,1,L00567,A,890,C06,C,22.834,-9.527,-22.179,13,C
CRBN,5AMH,EF2,1,L00567,A,888,C04,C,22.677,-10.914,-21.642,14,C
CRBN,5AMH,EF2,1,L00567,A,887,N03,N,22.846,-11.968,-22.505,16,N
CRBN,5AMH,EF2,1,L00567,A,886,C02,C,23.191,-11.871,-23.825,17,C
CRBN,5AMI,EF2,1,L00568,A,2258,C11,C,30.901,20.199,-9.206,0,C
CRBN,5AMI,EF2,1,L00568,A,2265,C20,C,30.286,20.109,-10.454,1,C
CRBN,5AMI,EF2,1,L00568,A,2264,C19,C,29.012,19.55,-10.594,2,C
CRBN,5AMI,EF2,1,L00568,A,2261,C14,C,28.368,19.168,-9.407,3,C
CRBN,5AMI,EF2,1,L00568,A,2260,C13,C,28.962,19.257,-8.192,4,C
CRBN,5AMI,EF2,1,L00568,A,2259,C12,C,30.254,19.748,-8.043,5,C
CRBN,5AMI,EF2,1,L00568,A,2267,C4,C,28.065,18.584,-7.261,6,C
CRBN,5AMI,EF2,1,L00568,A,2257,N09,N,26.814,18.239,-7.903,8,N
CRBN,5AMI,EF2,1,L00568,A,2266,C3,C,27.108,18.451,-9.283,9,C
CRBN,5AMI,EF2,1,L00568,A,2256,C08,C,25.764,17.525,-7.292,11,C
CRBN,5AMI,EF2,1,L00568,A,2255,C07,C,24.395,18.256,-7.409,12,C
CRBN,5AMI,EF2,1,L00568,A,2254,C06,C,23.381,17.357,-6.76,13,C
CRBN,5AMI,EF2,1,L00568,A,2252,C04,C,23.196,16.026,-7.46,14,C
CRBN,5AMI,EF2,1,L00568,A,2251,N03,N,24.372,15.507,-8.112,16,N
CRBN,5AMI,EF2,1,L00568,A,2250,C02,C,25.667,16.148,-7.977,17,C
CRBN,5AMJ,EF2,1,L00569,A,857,C11,C,31.066,20.056,-9.107,0,C
CRBN,5AMJ,EF2,1,L00569,A,864,C20,C,30.446,19.956,-10.322,1,C
CRBN,5AMJ,EF2,1,L00569,A,863,C19,C,29.177,19.345,-10.5,2,C
CRBN,5AMJ,EF2,1,L00569,A,860,C14,C,28.578,18.889,-9.343,3,C
CRBN,5AMJ,EF2,1,L00569,A,859,C13,C,29.157,19.003,-8.115,4,C
CRBN,5AMJ,EF2,1,L00569,A,858,C12,C,30.441,19.616,-7.947,5,C
CRBN,5AMJ,EF2,1,L00569,A,851,C4,C,28.214,18.456,-7.177,6,C
CRBN,5AMJ,EF2,1,L00569,A,856,N09,N,27.074,17.887,-7.862,8,N
CRBN,5AMJ,EF2,1,L00569,A,848,C3,C,27.237,18.312,-9.216,9,C
CRBN,5AMJ,EF2,1,L00569,A,855,C08,C,25.961,17.264,-7.283,11,C
CRBN,5AMJ,EF2,1,L00569,A,854,C07,C,24.642,17.969,-7.374,12,C
CRBN,5AMJ,EF2,1,L00569,A,853,C06,C,23.561,17.094,-6.797,13,C
CRBN,5AMJ,EF2,1,L00569,A,850,C04,C,23.45,15.767,-7.455,14,C
CRBN,5AMJ,EF2,1,L00569,A,849,N03,N,24.649,15.239,-8.055,16,N
CRBN,5AMJ,EF2,1,L00569,A,847,C02,C,25.905,15.913,-7.979,17,C
CRBN,5YIZ,EF2,1,L00572,A,11864,C11,C,-17.528,42.974,6.469,0,C
CRBN,5YIZ,EF2,1,L00572,A,11871,C20,C,-16.321,42.357,6.793,1,C
CRBN,5YIZ,EF2,1,L00572,A,11870,C19,C,-16.097,41.023,6.453,2,C
CRBN,5YIZ,EF2,1,L00572,A,11867,C14,C,-17.076,40.321,5.753,3,C
CRBN,5YIZ,EF2,1,L00572,A,11866,C13,C,-18.291,40.927,5.449,4,C
CRBN,5YIZ,EF2,1,L00572,A,11865,C12,C,-18.515,42.256,5.798,5,C
CRBN,5YIZ,EF2,1,L00572,A,11873,C4,C,-18.99,40.014,4.657,6,C
CRBN,5YIZ,EF2,1,L00572,A,11863,N09,N,-18.377,38.833,4.746,8,N
CRBN,5YIZ,EF2,1,L00572,A,11872,C3,C,-17.19,39.006,5.309,9,C
CRBN,5YIZ,EF2,1,L00572,A,11862,C08,C,-18.668,37.633,3.944,11,C
CRBN,5YIZ,EF2,1,L00572,A,11861,C07,C,-19.756,36.774,4.586,12,C
CRBN,5YIZ,EF2,1,L00572,A,11860,C06,C,-19.969,35.52,3.731,13,C
CRBN,5YIZ,EF2,1,L00572,A,11858,C04,C,-20.314,35.913,2.295,14,C
CRBN,5YIZ,EF2,1,L00572,A,11857,N03,N,-19.971,37.184,1.818,16,N
CRBN,5YIZ,EF2,1,L00572,A,11856,C02,C,-19.078,38.001,2.518,17,C
CRBN,5YJ0,EF2,1,L00573,A,11864,C11,C,-17.637,42.976,6.613,0,C
CRBN,5YJ0,EF2,1,L00573,A,11871,C20,C,-16.436,42.362,6.955,1,C
CRBN,5YJ0,EF2,1,L00573,A,11870,C19,C,-16.182,41.051,6.564,2,C
CRBN,5YJ0,EF2,1,L00573,A,11867,C14,C,-17.133,40.371,5.813,3,C
CRBN,5YJ0,EF2,1,L00573,A,11866,C13,C,-18.351,40.966,5.514,4,C
CRBN,5YJ0,EF2,1,L00573,A,11865,C12,C,-18.601,42.276,5.898,5,C
CRBN,5YJ0,EF2,1,L00573,A,11873,C4,C,-19.035,40.063,4.704,6,C
CRBN,5YJ0,EF2,1,L00573,A,11863,N09,N,-18.408,38.891,4.766,8,N
CRBN,5YJ0,EF2,1,L00573,A,11872,C3,C,-17.22,39.073,5.332,9,C
CRBN,5YJ0,EF2,1,L00573,A,11862,C08,C,-18.729,37.722,3.94,11,C
CRBN,5YJ0,EF2,1,L00573,A,11861,C07,C,-19.866,36.93,4.575,12,C
CRBN,5YJ0,EF2,1,L00573,A,11860,C06,C,-20.115,35.685,3.73,13,C
CRBN,5YJ0,EF2,1,L00573,A,11858,C04,C,-20.395,36.072,2.278,14,C
CRBN,5YJ0,EF2,1,L00573,A,11857,N03,N,-19.958,37.302,1.767,16,N
CRBN,5YJ0,EF2,1,L00573,A,11856,C02,C,-19.135,38.14,2.528,17,C
CRBN,6R0U,EF2,1,L00575,A,2518,C11,C,29.274,22.02,-9.748,0,C
CRBN,6R0U,EF2,1,L00575,A,2519,C12,C,28.158,21.23,-10.017,1,C
CRBN,6R0U,EF2,1,L00575,A,2520,C13,C,27.633,20.48,-8.948,2,C
CRBN,6R0U,EF2,1,L00575,A,2521,C14,C,28.218,20.507,-7.675,3,C
CRBN,6R0U,EF2,1,L00575,A,2524,C19,C,29.351,21.276,-7.406,4,C
CRBN,6R0U,EF2,1,L00575,A,2525,C20,C,29.894,22.027,-8.472,5,C
CRBN,6R0U,EF2,1,L00575,A,2526,C3,C,27.333,19.6,-6.896,7,C
CRBN,6R0U,EF2,1,L00575,A,2517,N09,N,26.336,19.109,-7.614,9,N
CRBN,6R0U,EF2,1,L00575,A,2516,C08,C,25.342,18.207,-7.141,10,C
CRBN,6R0U,EF2,1,L00575,A,2515,C07,C,24.058,18.994,-7.189,11,C
CRBN,6R0U,EF2,1,L00575,A,2514,C06,C,23.018,18.104,-6.62,12,C
CRBN,6R0U,EF2,1,L00575,A,2510,C02,C,25.25,17.021,-8.031,15,C
CRBN,6R0U,EF2,1,L00575,A,2511,N03,N,24.029,16.45,-8.162,14,N
CRBN,6R0U,EF2,1,L00575,A,2527,C4,C,26.547,19.648,-8.828,17,C
CRBN,6R0U,EF2,1,L00575,A,2522,O16,O,25.643,19.272,-9.884,19,O
CRBN,6R12,EF2,1,L00576,A,2536,C11,C,29.857,20.916,-8.65,0,C
CRBN,6R12,EF2,1,L00576,A,2543,C20,C,29.317,20.898,-9.928,1,C
CRBN,6R12,EF2,1,L00576,A,2542,C19,C,28.098,20.285,-10.185,2,C
CRBN,6R12,EF2,1,L00576,A,2539,C14,C,27.449,19.696,-9.121,3,C
CRBN,6R12,EF2,1,L00576,A,2538,C13,C,27.988,19.714,-7.846,4,C
CRBN,6R12,EF2,1,L00576,A,2537,C12,C,29.197,20.321,-7.583,5,C
CRBN,6R12,EF2,1,L00576,A,2545,C4,C,27.053,19.002,-6.937,6,C
CRBN,6R12,EF2,1,L00576,A,2535,N09,N,26.0,18.553,-7.742,8,N
CRBN,6R12,EF2,1,L00576,A,2544,C3,C,26.153,18.972,-9.068,9,C
CRBN,6R12,EF2,1,L00576,A,2534,C08,C,24.889,17.751,-7.261,11,C
CRBN,6R12,EF2,1,L00576,A,2533,C07,C,23.563,18.491,-7.294,12,C
CRBN,6R12,EF2,1,L00576,A,2532,C06,C,22.463,17.576,-6.792,13,C
CRBN,6R12,EF2,1,L00576,A,2530,C04,C,22.44,16.242,-7.468,14,C
CRBN,6R12,EF2,1,L00576,A,2529,N03,N,23.597,15.829,-8.097,16,N
CRBN,6R12,EF2,1,L00576,A,2528,C02,C,24.822,16.457,-8.069,17,C
CRBN,6R13,EF2,1,L00577,A,2243,C11,C,30.07,20.657,-8.381,0,C
CRBN,6R13,EF2,1,L00577,A,2250,C20,C,29.462,20.776,-9.642,1,C
CRBN,6R13,EF2,1,L00577,A,2249,C19,C,28.207,20.191,-9.901,2,C
CRBN,6R13,EF2,1,L00577,A,2246,C14,C,27.566,19.456,-8.904,3,C
CRBN,6R13,EF2,1,L00577,A,2245,C13,C,28.154,19.374,-7.641,4,C
CRBN,6R13,EF2,1,L00577,A,2244,C12,C,29.395,19.958,-7.358,5,C
CRBN,6R13,EF2,1,L00577,A,2252,C4,C,27.157,18.587,-6.83,6,C
CRBN,6R13,EF2,1,L00577,A,2242,N09,N,26.139,18.272,-7.616,8,N
CRBN,6R13,EF2,1,L00577,A,2251,C3,C,26.208,18.898,-8.942,9,C
CRBN,6R13,EF2,1,L00577,A,2241,C08,C,25.002,17.541,-7.384,11,C
CRBN,6R13,EF2,1,L00577,A,2240,C07,C,23.74,18.266,-7.104,12,C
CRBN,6R13,EF2,1,L00577,A,2239,C06,C,22.729,17.306,-6.545,13,C
CRBN,6R13,EF2,1,L00577,A,2237,C04,C,22.622,16.054,-7.356,14,C
CRBN,6R13,EF2,1,L00577,A,2236,N03,N,23.737,15.626,-8.024,16,N
CRBN,6R13,EF2,1,L00577,A,2235,C02,C,24.921,16.25,-7.872,17,C
CRBN,6R18,EF2,1,L00578,A,161,C,C,12.374,12.106,11.726,10,C
CRBN,6R18,EF2,1,L00578,A,162,O,O,12.358,11.28,10.811,11,O
CRBN,6R18,EF2,1,L00578,A,170,N,N,11.28,12.653,12.256,12,N
CRBN,6R18,EF2,1,L00578,A,171,CA,C,9.961,12.221,11.793,13,C
CRBN,6R18,EF2,1,L00578,A,174,CB,C,8.856,12.862,12.648,14,C
CRBN,6R18,EF2,1,L00578,A,175,CG,C,8.775,12.213,14.054,15,C
CRBN,6R18,EF2,1,L00578,A,176,OD1,O,9.306,11.112,14.247,16,O
CRBN,6R18,EF2,1,L00578,A,172,C,C,9.731,12.536,10.338,18,C
CRBN,6R18,EF2,1,L00578,A,178,N,N,10.518,13.443,9.758,17,N
CRBN,6R18,EF2,1,L00578,A,173,O,O,8.791,11.977,9.732,19,O
CRBN,6R19,EF2,1,L00579,A,2637,C11,C,30.187,20.966,-8.667,0,C
CRBN,6R19,EF2,1,L00579,A,2644,C20,C,29.629,21.067,-9.948,1,C
CRBN,6R19,EF2,1,L00579,A,2643,C19,C,28.355,20.538,-10.196,2,C
CRBN,6R19,EF2,1,L00579,A,2640,C14,C,27.724,19.939,-9.14,3,C
CRBN,6R19,EF2,1,L00579,A,2639,C13,C,28.275,19.856,-7.864,4,C
CRBN,6R19,EF2,1,L00579,A,2638,C12,C,29.529,20.383,-7.599,5,C
CRBN,6R19,EF2,1,L00579,A,2646,C4,C,27.341,19.236,-7.046,6,C
CRBN,6R19,EF2,1,L00579,A,2636,N09,N,26.252,18.852,-7.742,8,N
CRBN,6R19,EF2,1,L00579,A,2645,C3,C,26.506,19.309,-8.955,9,C
CRBN,6R19,EF2,1,L00579,A,2635,C08,C,25.122,18.09,-7.232,11,C
CRBN,6R19,EF2,1,L00579,A,2634,C07,C,23.842,18.855,-7.286,12,C
CRBN,6R19,EF2,1,L00579,A,2633,C06,C,22.805,17.922,-6.729,13,C
CRBN,6R19,EF2,1,L00579,A,2631,C04,C,22.616,16.639,-7.498,14,C
CRBN,6R19,EF2,1,L00579,A,2630,N03,N,23.774,16.217,-8.174,16,N
CRBN,6R19,EF2,1,L00579,A,2629,C02,C,24.996,16.821,-8.068,17,C
CRBN,6R1A,EF2,1,L00580,A,2631,C11,C,30.003,21.443,-8.653,0,C
CRBN,6R1A,EF2,1,L00580,A,2638,C20,C,29.462,21.435,-9.931,1,C
CRBN,6R1A,EF2,1,L00580,A,2637,C19,C,28.293,20.741,-10.212,2,C
CRBN,6R1A,EF2,1,L00580,A,2634,C14,C,27.696,20.062,-9.171,3,C
CRBN,6R1A,EF2,1,L00580,A,2633,C13,C,28.235,20.07,-7.898,4,C
CRBN,6R1A,EF2,1,L00580,A,2632,C12,C,29.396,20.757,-7.61,5,C
CRBN,6R1A,EF2,1,L00580,A,2640,C4,C,27.359,19.252,-7.02,6,C
CRBN,6R1A,EF2,1,L00580,A,2630,N09,N,26.391,18.695,-7.858,8,N
CRBN,6R1A,EF2,1,L00580,A,2639,C3,C,26.459,19.239,-9.143,9,C
CRBN,6R1A,EF2,1,L00580,A,2629,C08,C,25.248,17.941,-7.369,11,C
CRBN,6R1A,EF2,1,L00580,A,2628,C07,C,23.969,18.758,-7.371,12,C
CRBN,6R1A,EF2,1,L00580,A,2627,C06,C,22.833,17.92,-6.819,13,C
CRBN,6R1A,EF2,1,L00580,A,2625,C04,C,22.706,16.579,-7.47,14,C
CRBN,6R1A,EF2,1,L00580,A,2624,N03,N,23.823,16.074,-8.105,16,N
CRBN,6R1A,EF2,1,L00580,A,2623,C02,C,25.077,16.641,-8.151,17,C
CRBN,6R1C,EF2,1,L00581,A,2613,C12,C,28.315,20.395,-10.097,0,C
CRBN,6R1C,EF2,1,L00581,A,2612,C11,C,29.548,20.977,-9.837,1,C
CRBN,6R1C,EF2,1,L00581,A,2619,C20,C,30.095,20.963,-8.562,2,C
CRBN,6R1C,EF2,1,L00581,A,2618,C19,C,29.427,20.368,-7.5,15,C
CRBN,6R1C,EF2,1,L00581,A,2614,C13,C,27.658,19.805,-9.037,5,C
CRBN,6R1C,EF2,1,L00581,A,2615,C14,C,28.203,19.792,-7.766,4,C
CRBN,6R1C,EF2,1,L00581,A,2620,C3,C,27.257,19.088,-6.862,3,C
CRBN,6R1C,EF2,1,L00581,A,2621,C4,C,26.346,19.11,-8.988,6,C
CRBN,6R1C,EF2,1,L00581,A,2611,N09,N,26.19,18.675,-7.668,7,N
CRBN,6R1C,EF2,1,L00581,A,2610,C08,C,25.062,17.893,-7.193,8,C
CRBN,6R1C,EF2,1,L00581,A,2609,C07,C,23.768,18.686,-7.14,10,C
CRBN,6R1C,EF2,1,L00581,A,2608,C06,C,22.647,17.79,-6.652,11,C
CRBN,6R1C,EF2,1,L00581,A,2606,C04,C,22.546,16.499,-7.4,12,C
CRBN,6R1C,EF2,1,L00581,A,2607,O05,O,21.531,15.829,-7.41,14,O
CRBN,6R1W,EF2,1,L00582,A,89,C,C,26.936,23.026,13.059,8,C
CRBN,6R1W,EF2,1,L00582,A,90,O,O,27.646,23.044,14.096,9,O
CRBN,6R1W,EF2,1,L00582,A,98,N,N,26.948,23.987,12.155,10,N
CRBN,6R1W,EF2,1,L00582,A,99,CA,C,27.824,25.175,12.337,11,C
CRBN,6R1W,EF2,1,L00582,A,102,CB,C,28.196,25.752,11.01,12,C
CRBN,6R1W,EF2,1,L00582,A,103,CG,C,28.913,24.768,10.19,13,C
CRBN,6R1W,EF2,1,L00582,A,104,CD,C,30.158,24.172,10.817,14,C
CRBN,6R1W,EF2,1,L00582,A,105,OE1,O,30.923,24.834,11.458,15,O
CRBN,6R1W,EF2,1,L00582,A,100,C,C,27.209,26.215,13.203,17,C
CRBN,6R1W,EF2,1,L00582,A,107,N,N,25.916,26.371,13.324,16,N
CRBN,6R1W,EF2,1,L00582,A,101,O,O,27.936,26.947,13.915,18,O
CRBN,7BQU,EF2,1,L00583,A,1062,C11,C,24.935,15.454,9.493,0,C
CRBN,7BQU,EF2,1,L00583,A,1069,C20,C,23.707,14.962,9.915,1,C
CRBN,7BQU,EF2,1,L00583,A,1068,C19,C,23.232,15.339,11.167,2,C
CRBN,7BQU,EF2,1,L00583,A,1065,C14,C,23.952,16.153,11.946,3,C
CRBN,7BQU,EF2,1,L00583,A,1064,C13,C,25.134,16.625,11.536,4,C
CRBN,7BQU,EF2,1,L00583,A,1063,C12,C,25.638,16.299,10.342,5,C
CRBN,7BQU,EF2,1,L00583,A,1071,C4,C,25.603,17.396,12.515,6,C
CRBN,7BQU,EF2,1,L00583,A,1061,N09,N,24.755,17.432,13.535,8,N
CRBN,7BQU,EF2,1,L00583,A,1070,C3,C,23.735,16.658,13.165,9,C
CRBN,7BQU,EF2,1,L00583,A,1060,C08,C,25.0,18.226,14.779,11,C
CRBN,7BQU,EF2,1,L00583,A,1059,C07,C,26.195,17.657,15.531,12,C
CRBN,7BQU,EF2,1,L00583,A,1058,C06,C,26.44,18.471,16.788,13,C
CRBN,7BQU,EF2,1,L00583,A,1056,C04,C,26.696,19.804,16.435,14,C
CRBN,7BQU,EF2,1,L00583,A,1055,N03,N,26.099,20.348,15.279,16,N
CRBN,7BQU,EF2,1,L00583,A,1054,C02,C,25.256,19.574,14.483,17,C
CRBN,7PSO,EF2,1,L00584,A,2534,C12,C,28.353,21.481,-10.249,3,C
CRBN,7PSO,EF2,1,L00584,A,2533,C11,C,29.523,22.173,-9.94,4,C
CRBN,7PSO,EF2,1,L00584,A,2540,C20,C,30.077,22.135,-8.643,5,C
CRBN,7PSO,EF2,1,L00584,A,2539,C19,C,29.494,21.43,-7.596,6,C
CRBN,7PSO,EF2,1,L00584,A,2536,C14,C,28.333,20.756,-7.873,7,C
CRBN,7PSO,EF2,1,L00584,A,2535,C13,C,27.782,20.757,-9.219,8,C
CRBN,7PSO,EF2,1,L00584,A,2542,C4,C,26.583,19.909,-9.073,9,C
CRBN,7PSO,EF2,1,L00584,A,2532,N09,N,26.347,19.432,-7.863,11,N
CRBN,7PSO,EF2,1,L00584,A,2531,C08,C,25.286,18.552,-7.356,12,C
CRBN,7PSO,EF2,1,L00584,A,2530,C07,C,23.961,19.336,-7.294,13,C
CRBN,7PSO,EF2,1,L00584,A,2529,C06,C,22.914,18.377,-6.795,14,C
CRBN,7PSO,EF2,1,L00584,A,2527,C04,C,22.804,17.145,-7.656,15,C
CRBN,7PSO,EF2,1,L00584,A,2526,N03,N,23.928,16.76,-8.301,17,N
CRBN,7PSO,EF2,1,L00584,A,2525,C02,C,25.133,17.336,-8.193,18,C
CRBN,7PSO,EF2,1,L00584,A,2541,C3,C,27.396,19.912,-7.123,1,C
CRBN,8BC7,EF2,1,L00585,A,2454,C11,C,29.377,21.121,-10.048,0,C
CRBN,8BC7,EF2,1,L00585,A,2461,C20,C,29.94,21.15,-8.777,1,C
CRBN,8BC7,EF2,1,L00585,A,2460,C19,C,29.271,20.622,-7.68,2,C
CRBN,8BC7,EF2,1,L00585,A,2457,C14,C,27.999,20.118,-7.88,3,C
CRBN,8BC7,EF2,1,L00585,A,2456,C13,C,27.455,20.071,-9.149,4,C
CRBN,8BC7,EF2,1,L00585,A,2455,C12,C,28.114,20.574,-10.254,5,C
CRBN,8BC7,EF2,1,L00585,A,2463,C4,C,26.139,19.392,-9.05,6,C
CRBN,8BC7,EF2,1,L00585,A,2453,N09,N,25.922,19.102,-7.678,8,N
CRBN,8BC7,EF2,1,L00585,A,2462,C3,C,27.056,19.446,-6.949,9,C
CRBN,8BC7,EF2,1,L00585,A,2452,C08,C,24.896,18.212,-7.136,11,C
CRBN,8BC7,EF2,1,L00585,A,2451,C07,C,23.527,18.826,-7.02,12,C
CRBN,8BC7,EF2,1,L00585,A,2450,C06,C,22.5,17.789,-6.568,13,C
CRBN,8BC7,EF2,1,L00585,A,2448,C04,C,22.459,16.555,-7.387,14,C
CRBN,8BC7,EF2,1,L00585,A,2447,N03,N,23.634,16.246,-8.058,16,N
CRBN,8BC7,EF2,1,L00585,A,2446,C02,C,24.835,16.928,-7.973,17,C
CRBN,8OU3,EF2,1,L00586,A,68,CG,C,28.301,20.406,12.808,0,C
CRBN,8OU3,EF2,1,L00586,A,67,CB,C,27.058,20.83,12.077,1,C
CRBN,8OU3,EF2,1,L00586,A,64,CA,C,26.208,21.878,12.809,2,C
CRBN,8OU3,EF2,1,L00586,A,65,C,C,27.032,23.13,13.113,8,C
CRBN,8OU3,EF2,1,L00586,A,66,O,O,27.727,23.156,14.152,9,O
CRBN,8OU3,EF2,1,L00586,A,74,N,N,27.042,24.102,12.194,10,N
CRBN,8OU3,EF2,1,L00586,A,75,CA,C,27.927,25.255,12.365,11,C
CRBN,8OU3,EF2,1,L00586,A,78,CB,C,28.348,25.832,11.015,12,C
CRBN,8OU3,EF2,1,L00586,A,79,CG,C,29.061,24.827,10.143,13,C
CRBN,8OU3,EF2,1,L00586,A,80,CD,C,30.273,24.205,10.773,14,C
CRBN,8OU3,EF2,1,L00586,A,81,OE1,O,30.532,23.009,10.621,15,O
CRBN,8OU3,EF2,1,L00586,A,76,C,C,27.309,26.334,13.238,17,C
CRBN,8OU3,EF2,1,L00586,A,83,N,N,25.99,26.442,13.309,16,N
CRBN,8OU3,EF2,1,L00586,A,77,O,O,28.041,27.049,13.906,18,O
CRBN,8OU3,EF2,1,L00586,A,69,CD,C,28.987,19.327,12.022,5,C
CRBN,8OU3,EF2,1,L00586,A,70,NE,N,30.265,19.089,12.653,6,N
CRBN,9DWV,A36,1,L00491,A,8869,C1,C,175.286,183.117,95.649,0,C
CRBN,9DWV,A36,1,L00491,A,8868,O2,O,173.941,183.325,95.336,1,O
CRBN,9DWV,A36,1,L00491,A,8870,C3,C,173.541,182.604,94.211,2,C
CRBN,9DWV,A36,1,L00491,A,8871,C4,C,174.153,182.71,92.918,3,C
CRBN,9DWV,A36,1,L00491,A,8874,S5,S,173.39,181.666,91.798,4,S
CRBN,9DWV,A36,1,L00491,A,8872,C6,C,172.245,181.021,92.893,5,C
CRBN,9DWV,A36,1,L00491,A,8873,C7,C,172.407,181.593,94.198,6,C
CRBN,9DWV,A36,1,L00491,A,8875,C8,C,171.546,181.243,95.401,7,C
CRBN,9DWV,A36,1,L00491,A,8876,C9,C,170.875,180.049,95.582,8,C
CRBN,9DWV,A36,1,L00491,A,8866,N10,N,170.194,180.124,96.8,9,N
CRBN,9DWV,A36,1,L00491,A,8877,N11,N,170.452,181.36,97.346,10,N
CRBN,9DWV,A36,1,L00491,A,8878,N12,N,171.285,182.045,96.477,11,N
CRBN,9DWV,A36,1,L00491,A,8863,C13,C,169.364,179.084,97.379,12,C
CRBN,9DWV,A36,1,L00491,A,8862,C14,C,167.975,179.118,96.744,13,C
CRBN,9DWV,A36,1,L00491,A,8879,C15,C,167.085,178.038,97.363,14,C
CRBN,9DWV,A36,1,L00491,A,8864,C16,C,167.712,176.669,97.157,15,C
CRBN,9DWV,A36,1,L00491,A,8881,N18,N,169.139,176.546,97.033,17,N
CRBN,9DWV,A36,1,L00491,A,8865,C19,C,169.984,177.713,97.127,18,C
CRBN,9DWW,A37,1,L00492,A,9133,C1,C,158.251,156.127,111.381,0,C
CRBN,9DWW,A37,1,L00492,A,9132,O2,O,156.923,156.641,111.121,1,O
CRBN,9DWW,A37,1,L00492,A,9134,C3,C,156.072,155.837,110.44,2,C
CRBN,9DWW,A37,1,L00492,A,9135,C4,C,156.184,155.359,109.177,3,C
CRBN,9DWW,A37,1,L00492,A,9138,S5,S,154.856,154.366,108.772,4,S
CRBN,9DWW,A37,1,L00492,A,9136,C6,C,154.128,154.579,110.294,5,C
CRBN,9DWW,A37,1,L00492,A,9137,C7,C,154.876,155.39,111.1,6,C
CRBN,9DWW,A37,1,L00492,A,9139,C8,C,154.463,155.75,112.46,7,C
CRBN,9DWW,A37,1,L00492,A,9140,C9,C,153.706,155.006,113.324,8,C
CRBN,9DWW,A37,1,L00492,A,9130,N10,N,153.59,155.775,114.422,9,N
CRBN,9DWW,A37,1,L00492,A,9141,N11,N,154.24,156.949,114.261,10,N
CRBN,9DWW,A37,1,L00492,A,9142,N12,N,154.774,156.932,113.062,11,N
CRBN,9DWW,A37,1,L00492,A,9127,C13,C,152.895,155.479,115.674,12,C
CRBN,9DWW,A37,1,L00492,A,9126,C14,C,151.518,156.15,115.677,13,C
CRBN,9DWW,A37,1,L00492,A,9143,C15,C,150.647,155.594,116.8,14,C
CRBN,9DWW,A37,1,L00492,A,9128,C16,C,150.538,154.104,116.711,15,C
CRBN,9DWW,A37,1,L00492,A,9145,N18,N,151.591,153.451,116.144,17,N
CRBN,9DWW,A37,1,L00492,A,9129,C19,C,152.821,153.979,115.889,18,C
CRBN,9GAO,A82,1,L00541,A,4941,C01,C,-10.667,27.212,-36.041,0,C
CRBN,9GAO,A82,1,L00541,A,4952,N02,N,-11.773,26.704,-35.25,1,N
CRBN,9GAO,A82,1,L00541,A,4942,C03,C,-11.525,25.813,-34.129,2,C
CRBN,9GAO,A82,1,L00541,A,4943,C05,C,-12.702,25.29,-33.307,4,C
CRBN,9GAO,A82,1,L00541,A,4955,O06,O,-13.747,26.215,-33.448,5,O
CRBN,9GAO,A82,1,L00541,A,4944,C07,C,-14.695,26.226,-32.415,6,C
CRBN,9GAO,A82,1,L00541,A,4945,C08,C,-15.728,27.147,-32.462,7,C
CRBN,9GAO,A82,1,L00541,A,4946,C09,C,-16.677,27.18,-31.453,8,C
CRBN,9GAO,A82,1,L00541,A,4938,C10,C,-16.596,26.29,-30.395,9,C
CRBN,9GAO,A82,1,L00541,A,4947,C11,C,-15.562,25.367,-30.347,10,C
CRBN,9GAO,A82,1,L00541,A,4948,C12,C,-14.611,25.332,-31.356,11,C
CRBN,9GAO,A82,1,L00541,A,4939,C13,C,-17.643,26.315,-29.274,12,C
CRBN,9GAO,A82,1,L00541,A,4949,C14,C,-17.436,27.515,-28.427,13,C
CRBN,9GAO,A82,1,L00541,A,4940,C15,C,-18.465,27.644,-27.366,14,C
CRBN,9GAO,A82,1,L00541,A,4950,C16,C,-19.894,27.684,-27.898,15,C
CRBN,9GAO,A82,1,L00541,A,4953,N18,N,-20.103,26.974,-29.201,17,N
CRBN,9GAO,A82,1,L00541,A,4951,C19,C,-19.022,26.242,-29.933,18,C
CRBN,9GJQ,A81,1,L00542,A,864,C6,C,-8.816,-26.418,-7.043,0,C
CRBN,9GJQ,A81,1,L00542,A,865,C5,C,-8.849,-26.368,-5.668,1,C
CRBN,9GJQ,A81,1,L00542,A,862,C4,C,-8.78,-25.161,-4.997,2,C
CRBN,9GJQ,A81,1,L00542,A,856,C11,C,-8.664,-23.953,-5.694,3,C
CRBN,9GJQ,A81,1,L00542,A,855,C10,C,-8.633,-24.027,-7.095,4,C
CRBN,9GJQ,A81,1,L00542,A,852,C7,C,-8.709,-25.256,-7.785,5,C
CRBN,9GJQ,A81,1,L00542,A,853,C8,C,-8.642,-24.952,-9.178,6,C
CRBN,9GJQ,A81,1,L00542,A,854,C9,C,-8.54,-23.607,-9.282,7,C
CRBN,9GJQ,A81,1,L00542,A,863,N2,N,-8.534,-23.038,-8.036,8,N
CRBN,9GJQ,A81,1,L00542,A,861,N,N,-8.835,-25.263,-3.578,9,N
CRBN,9GJQ,A81,1,L00542,A,850,C2,C,-10.131,-25.01,-2.919,10,C
CRBN,9GJQ,A81,1,L00542,A,849,C1,C,-9.936,-24.64,-1.45,11,C
CRBN,9GJQ,A81,1,L00542,A,859,C,C,-8.926,-25.546,-0.807,12,C
CRBN,9GJQ,A81,1,L00542,A,858,N1,N,-7.832,-25.886,-1.567,14,N
CRBN,9GJQ,A81,1,L00542,A,851,C3,C,-7.734,-25.774,-2.936,15,C
CRBN,9GY3,B03,1,L00543,A,5098,C14,C,-4.548,-7.312,5.214,0,C
CRBN,9GY3,B03,1,L00543,A,5087,C15,C,-5.493,-6.933,4.278,1,C
CRBN,9GY3,B03,1,L00543,A,5099,C16,C,-6.47,-5.994,4.599,2,C
CRBN,9GY3,B03,1,L00543,A,5106,C29,C,-6.481,-5.45,5.878,3,C
CRBN,9GY3,B03,1,L00543,A,5097,C12,C,-5.535,-5.825,6.827,4,C
CRBN,9GY3,B03,1,L00543,A,5086,C13,C,-4.567,-6.766,6.484,5,C
CRBN,9GY3,B03,1,L00543,A,5096,C11,C,-5.576,-5.22,8.2,6,C
CRBN,9GY3,B03,1,L00543,A,5114,N4,N,-6.123,-4.004,8.3,8,N
CRBN,9GY3,B03,1,L00543,A,5085,C10,C,-6.314,-3.311,9.564,9,C
CRBN,9GY3,B03,1,L00543,A,5112,C9,C,-7.374,-3.996,10.405,10,C
CRBN,9GY3,B03,1,L00543,A,5079,N3,N,-8.581,-4.316,9.628,11,N
CRBN,9GY3,B03,1,L00543,A,5084,C8,C,-9.172,-3.127,8.995,12,C
CRBN,9GY3,B03,1,L00543,A,5083,C7,C,-10.142,-2.419,9.936,13,C
CRBN,9GY3,B03,1,L00543,A,5082,C6,C,-11.353,-3.293,10.195,14,C
CRBN,9GY3,B03,1,L00543,A,5109,C31,C,-10.992,-4.749,9.974,15,C
CRBN,9GY3,B03,1,L00543,A,5108,C30,C,-9.572,-5.016,10.46,16,C
CRBN,9GY3,B03,1,L00543,A,5113,N2,N,-12.485,-2.92,9.328,17,N
CRBN,9GY3,B03,1,L00543,A,5125,S1,S,-14.009,-3.421,9.547,18,S
CRBN,9GY3,B03,1,L00543,A,5078,N1,N,-14.833,-2.414,10.522,21,N
CRBN,9GY3,B03,1,L00543,A,5081,C5,C,-15.438,-1.174,10.006,22,C
CRBN,9GY3,B03,1,L00543,A,5080,C4,C,-16.063,-0.595,11.254,23,C
CRBN,9GY3,B03,1,L00543,A,5107,C3,C,-16.691,-1.816,11.934,24,C
CRBN,9GY3,B03,1,L00543,A,5110,C32,C,-15.727,-2.966,11.567,25,C
CRBN,9GY3,B03,1,L00543,A,5102,C2,C,-17.056,-1.583,13.408,26,C
CRBN,9GY3,B03,1,L00543,A,5095,C1,C,-18.474,-1.084,13.352,27,C
CRBN,9GY3,B03,1,L00543,A,5118,N8,N,-18.997,-1.487,12.146,29,N
CRBN,9GY3,B03,1,L00543,A,5111,C33,C,-18.062,-2.088,11.331,30,C
CRBN,9GY3,B03,1,L00543,A,5088,C17,C,-7.479,-5.599,3.609,32,C
CRBN,9GY3,B03,1,L00543,A,5100,C18,C,-8.403,-4.594,3.697,33,C
CRBN,9GY3,B03,1,L00543,A,5115,N5,N,-9.119,-4.634,2.526,34,N
CRBN,9GY3,B03,1,L00543,A,5094,C28,C,-8.599,-5.675,1.77,39,C
CRBN,9GY3,B03,1,L00543,A,5117,N7,N,-7.604,-6.27,2.416,40,N
CRBN,9GY3,B03,1,L00543,A,5105,C27,C,-9.162,-5.932,0.508,38,C
CRBN,9GY3,B03,1,L00543,A,5093,C26,C,-10.205,-5.157,0.063,37,C
CRBN,9GY3,B03,1,L00543,A,5089,C20,C,-10.72,-4.105,0.842,36,C
CRBN,9GY3,B03,1,L00543,A,5101,C19,C,-10.158,-3.855,2.088,35,C
CRBN,9GY3,B03,1,L00543,A,5090,C21,C,-11.857,-3.294,0.299,41,C
CRBN,9GY3,B03,1,L00543,A,5116,N6,N,-11.89,-1.986,0.607,43,N
CRBN,9GY3,B03,1,L00543,A,5091,C22,C,-12.927,-1.122,0.107,44,C
CRBN,9GY3,B03,1,L00543,A,5103,C23,C,-14.343,-1.308,0.687,45,C
CRBN,9GY3,B03,1,L00543,A,5092,C24,C,-13.915,-0.301,1.766,46,C
CRBN,9GY3,B03,1,L00543,A,5104,C25,C,-13.003,0.304,0.688,47,C
CRBN,9H59,A86,1,L00544,A,13399,C1,C,155.996,140.047,80.216,0,C
CRBN,9H59,A86,1,L00544,A,13400,C2,C,155.219,140.654,79.096,1,C
CRBN,9H59,A86,1,L00544,A,13422,N1,N,153.807,140.804,79.459,2,N
CRBN,9H59,A86,1,L00544,A,13401,C3,C,152.975,141.417,78.422,3,C
CRBN,9H59,A86,1,L00544,A,13420,C4,C,153.669,142.641,77.836,4,C
CRBN,9H59,A86,1,L00544,A,13403,C5,C,153.734,143.775,78.857,5,C
CRBN,9H59,A86,1,L00544,A,13421,C6,C,152.381,144.007,79.487,6,C
CRBN,9H59,A86,1,L00544,A,13423,N2,N,151.97,142.755,80.117,10,N
CRBN,9H59,A86,1,L00544,A,13406,C9,C,151.647,141.848,79.033,9,C
CRBN,9H59,A86,1,L00544,A,13405,C8,C,150.741,142.749,78.203,8,C
CRBN,9H59,A86,1,L00544,A,13404,C7,C,151.27,144.179,78.461,7,C
CRBN,9H59,A86,1,L00544,A,13407,C10,C,151.887,142.516,81.473,11,C
CRBN,9H59,A86,1,L00544,A,13408,C11,C,152.536,143.417,82.305,12,C
CRBN,9H59,A86,1,L00544,A,13409,C12,C,152.513,143.249,83.674,13,C
CRBN,9H59,A86,1,L00544,A,13410,C13,C,151.832,142.161,84.178,14,C
CRBN,9H59,A86,1,L00544,A,13411,C14,C,151.185,141.253,83.352,15,C
CRBN,9H59,A86,1,L00544,A,13412,C15,C,151.2,141.413,81.99,16,C
CRBN,9H59,A86,1,L00544,A,13413,C16,C,150.55,140.223,84.212,17,C
CRBN,9H59,A86,1,L00544,A,13424,N3,N,150.754,140.654,85.525,19,N
CRBN,9H59,A86,1,L00544,A,13415,C22,C,151.638,141.729,85.579,20,C
CRBN,9H59,A86,1,L00544,A,13414,C17,C,150.161,140.086,86.713,22,C
CRBN,9H59,A86,1,L00544,A,13416,C18,C,148.742,140.592,86.955,23,C
CRBN,9H59,A86,1,L00544,A,13417,C19,C,147.736,139.675,86.289,24,C
CRBN,9H59,A86,1,L00544,A,13418,C20,C,147.904,138.285,86.795,25,C
CRBN,9H59,A86,1,L00544,A,13402,N4,N,149.197,137.806,86.783,27,N
CRBN,9H59,A86,1,L00544,A,13419,C21,C,150.336,138.569,86.652,28,C
CRBN,9NFQ,A43,1,L00493,A,11518,C26,C,6.217,3.883,59.993,0,C
CRBN,9NFQ,A43,1,L00493,A,11517,C25,C,5.035,4.602,60.022,1,C
CRBN,9NFQ,A43,1,L00493,A,11515,C24,C,5.037,5.927,60.429,2,C
CRBN,9NFQ,A43,1,L00493,A,11514,C23,C,6.219,6.547,60.817,3,C
CRBN,9NFQ,A43,1,L00493,A,11516,C28,C,7.401,5.817,60.778,4,C
CRBN,9NFQ,A43,1,L00493,A,11534,C27,C,7.4,4.492,60.368,5,C
CRBN,9NFQ,A43,1,L00493,A,11513,C22,C,6.212,7.966,61.317,6,C
CRBN,9NFQ,A43,1,L00493,A,11543,S,S,6.425,9.157,60.001,7,S
CRBN,9NFQ,A43,1,L00493,A,11539,N5,N,5.082,10.092,59.973,10,N
CRBN,9NFQ,A43,1,L00493,A,11533,C21,C,4.885,11.08,61.055,11,C
CRBN,9NFQ,A43,1,L00493,A,11524,C16,C,3.432,11.459,61.243,12,C
CRBN,9NFQ,A43,1,L00493,A,11522,C17,C,3.114,12.565,62.028,13,C
CRBN,9NFQ,A43,1,L00493,A,11512,C18,C,1.793,12.921,62.242,14,C
CRBN,9NFQ,A43,1,L00493,A,11521,C19,C,0.776,12.168,61.695,15,C
CRBN,9NFQ,A43,1,L00493,A,11532,C20,C,1.071,11.071,60.904,16,C
CRBN,9NFQ,A43,1,L00493,A,11525,C15,C,2.394,10.713,60.653,17,C
CRBN,9NFQ,A43,1,L00493,A,11511,C14,C,2.7,9.589,59.695,18,C
CRBN,9NFQ,A43,1,L00493,A,11519,C13,C,4.007,9.876,58.965,19,C
CRBN,9NFQ,A43,1,L00493,A,11530,C,C,3.809,11.027,57.971,20,C
CRBN,9NFQ,A43,1,L00493,A,11529,N,N,4.702,12.022,58.003,22,N
CRBN,9NFQ,A43,1,L00493,A,11504,C1,C,4.8,13.01,56.949,23,C
CRBN,9NFQ,A43,1,L00493,A,11503,C2,C,4.087,14.3,57.256,24,C
CRBN,9NFQ,A43,1,L00493,A,11520,C12,C,3.134,14.438,58.35,25,C
CRBN,9NFQ,A43,1,L00493,A,11526,C11,C,2.52,15.613,58.587,26,C
CRBN,9NFQ,A43,1,L00493,A,11538,N4,N,2.793,16.697,57.776,27,N
CRBN,9NFQ,A43,1,L00493,A,11506,C4,C,3.687,16.616,56.719,28,C
CRBN,9NFQ,A43,1,L00493,A,11505,C3,C,4.34,15.385,56.48,29,C
CRBN,9NFQ,A43,1,L00493,A,11535,N1,N,3.773,17.777,56.071,30,N
CRBN,9NFQ,A43,1,L00493,A,11508,C5,C,2.912,18.63,56.732,31,C
CRBN,9NFQ,A43,1,L00493,A,11509,C6,C,2.318,17.989,57.772,32,C
CRBN,9NFQ,A43,1,L00493,A,11536,N2,N,1.454,18.496,58.702,33,N
CRBN,9NFQ,A43,1,L00493,A,11510,C10,C,0.023,18.523,58.345,34,C
CRBN,9NFQ,A43,1,L00493,A,11527,C9,C,-0.684,19.698,59.007,35,C
CRBN,9NFQ,A43,1,L00493,A,11528,C8,C,-0.263,19.877,60.437,36,C
CRBN,9NFQ,A43,1,L00493,A,11537,N3,N,1.019,19.507,60.766,38,N
CRBN,9NFQ,A43,1,L00493,A,11507,C7,C,1.949,18.978,59.905,39,C
CRBN,9NFR,A39,1,L00494,A,12089,C5,C,-39.493,3.482,-18.585,8,C
CRBN,9NFR,A39,1,L00494,A,12079,C21,C,-40.242,4.606,-18.266,9,C
CRBN,9NFR,A39,1,L00494,A,12078,C20,C,-39.782,5.485,-17.3,10,C
CRBN,9NFR,A39,1,L00494,A,12091,C8,C,-38.576,5.262,-16.637,11,C
CRBN,9NFR,A39,1,L00494,A,12075,C7,C,-37.854,4.112,-16.955,12,C
CRBN,9NFR,A39,1,L00494,A,12090,C6,C,-38.298,3.233,-17.927,13,C
CRBN,9NFR,A39,1,L00494,A,12076,C9,C,-38.021,6.272,-15.695,14,C
CRBN,9NFR,A39,1,L00494,A,12082,C19,C,-38.869,6.8,-14.726,15,C
CRBN,9NFR,A39,1,L00494,A,12080,C18,C,-38.396,7.745,-13.841,16,C
CRBN,9NFR,A39,1,L00494,A,12088,C17,C,-37.101,8.218,-13.935,17,C
CRBN,9NFR,A39,1,L00494,A,12085,C11,C,-36.231,7.726,-14.901,18,C
CRBN,9NFR,A39,1,L00494,A,12084,C10,C,-36.703,6.724,-15.754,19,C
CRBN,9NFR,A39,1,L00494,A,12095,CL,Cl,-35.618,5.994,-16.884,20,Cl
CRBN,9NFR,A39,1,L00494,A,12086,C12,C,-34.847,8.334,-15.052,21,C
CRBN,9NFR,A39,1,L00494,A,12077,C13,C,-33.737,7.425,-14.517,22,C
CRBN,9NFR,A39,1,L00494,A,12087,C14,C,-32.371,8.043,-14.783,23,C
CRBN,9NFR,A39,1,L00494,A,12083,C15,C,-32.176,8.37,-16.234,24,C
CRBN,9NFR,A39,1,L00494,A,12092,N1,N,-33.3,8.708,-16.951,26,N
CRBN,9NFR,A39,1,L00494,A,12081,C16,C,-34.603,8.752,-16.495,27,C
CRBN,9NGT,A38,1,L00495,A,10010,C1,C,-90.485,26.097,-49.764,0,C
CRBN,9NGT,A38,1,L00495,A,10009,O2,O,-89.907,25.013,-48.997,1,O
CRBN,9NGT,A38,1,L00495,A,10011,C3,C,-90.465,24.705,-47.797,2,C
CRBN,9NGT,A38,1,L00495,A,10012,C4,C,-91.757,24.815,-47.406,3,C
CRBN,9NGT,A38,1,L00495,A,10015,S5,S,-91.959,24.274,-45.802,4,S
CRBN,9NGT,A38,1,L00495,A,10013,C6,C,-90.309,23.893,-45.637,5,C
CRBN,9NGT,A38,1,L00495,A,10014,C7,C,-89.605,24.157,-46.779,6,C
CRBN,9NGT,A38,1,L00495,A,10016,C8,C,-88.188,23.801,-46.909,7,C
CRBN,9NGT,A38,1,L00495,A,10017,C9,C,-87.384,24.029,-47.994,8,C
CRBN,9NGT,A38,1,L00495,A,10007,N10,N,-86.19,23.515,-47.639,9,N
CRBN,9NGT,A38,1,L00495,A,10018,N11,N,-86.241,22.976,-46.403,10,N
CRBN,9NGT,A38,1,L00495,A,10019,N12,N,-87.461,23.156,-45.954,11,N
CRBN,9NGT,A38,1,L00495,A,10004,C13,C,-84.934,23.544,-48.385,12,C
CRBN,9NGT,A38,1,L00495,A,10003,C14,C,-84.975,22.584,-49.578,13,C
CRBN,9NGT,A38,1,L00495,A,10020,C15,C,-83.621,22.629,-50.285,14,C
CRBN,9NGT,A38,1,L00495,A,10005,C16,C,-83.181,24.017,-50.653,15,C
CRBN,9NGT,A38,1,L00495,A,10022,N18,N,-83.703,25.052,-49.912,17,N
CRBN,9NGT,A38,1,L00495,A,10006,C19,C,-84.564,24.945,-48.838,18,C
CRBN,9ODR,A53,1,L00601,A,3404,C11,C,-44.698,6.126,31.632,0,C
CRBN,9ODR,A53,1,L00601,A,3405,C12,C,-45.793,5.874,32.512,1,C
CRBN,9ODR,A53,1,L00601,A,3394,C8,C,-46.996,5.446,31.981,2,C
CRBN,9ODR,A53,1,L00601,A,3393,C7,C,-47.117,5.231,30.626,3,C
CRBN,9ODR,A53,1,L00601,A,3403,C9,C,-46.054,5.463,29.761,4,C
CRBN,9ODR,A53,1,L00601,A,3395,C10,C,-44.84,5.904,30.268,5,C
CRBN,9ODR,A53,1,L00601,A,3407,C14,C,-43.891,6.137,29.154,6,C
CRBN,9ODR,A53,1,L00601,A,3406,N2,N,-44.601,5.844,28.03,8,N
CRBN,9ODR,A53,1,L00601,A,3396,C13,C,-45.943,5.348,28.276,9,C
CRBN,9ODR,A53,1,L00601,A,3397,C15,C,-44.096,6.012,26.691,10,C
CRBN,9ODR,A53,1,L00601,A,3410,C19,C,-44.283,4.761,25.828,11,C
CRBN,9ODR,A53,1,L00601,A,3409,C18,C,-43.782,5.043,24.423,12,C
CRBN,9ODR,A53,1,L00601,A,3398,C17,C,-44.445,6.241,23.832,13,C
CRBN,9ODR,A53,1,L00601,A,3389,N3,N,-44.937,7.196,24.709,15,N
CRBN,9ODR,A53,1,L00601,A,3408,C16,C,-44.727,7.245,26.063,16,C
CRBN,9ODR,A53,1,L00601,A,3402,O1,O,-48.376,4.797,30.292,18,O
CRBN,9ODR,A53,1,L00601,A,3392,C6,C,-48.871,4.223,31.533,19,C
CRBN,9ODR,A53,1,L00601,A,3390,C4,C,-48.303,5.108,32.651,20,C
CRBN,9ODR,A53,1,L00601,A,3391,C5,C,-49.211,6.341,32.787,21,C
CRBN,9ODR,A53,1,L00601,A,3399,C1,C,-50.498,6.049,33.537,22,C
CRBN,9ODR,A53,1,L00601,A,3388,N1,N,-50.134,5.519,34.876,23,N
CRBN,9ODR,A53,1,L00601,A,3400,C2,C,-49.323,4.267,34.822,24,C
CRBN,9ODR,A53,1,L00601,A,3401,C3,C,-48.049,4.459,34.018,25,C
CRBN,9ODS,A52,1,L00602,A,3408,C6,C,-2.441,18.875,39.009,0,C
CRBN,9ODS,A52,1,L00602,A,3407,C5,C,-1.578,19.707,39.634,1,C
CRBN,9ODS,A52,1,L00602,A,3406,N4,N,-0.883,19.299,40.757,2,N
CRBN,9ODS,A52,1,L00602,A,3402,C2,C,-0.011,20.039,41.572,3,C
CRBN,9ODS,A52,1,L00602,A,3403,C3,C,0.413,19.082,42.496,4,C
CRBN,9ODS,A52,1,L00602,A,3404,N3,N,-0.254,17.874,42.393,5,N
CRBN,9ODS,A52,1,L00602,A,3405,C4,C,-1.042,18.029,41.293,6,C
CRBN,9ODS,A52,1,L00602,A,3410,C8,C,-1.963,17.122,40.623,7,C
CRBN,9ODS,A52,1,L00602,A,3409,C7,C,-2.641,17.535,39.53,8,C
CRBN,9ODS,A52,1,L00602,A,3413,C10,C,-3.518,16.392,39.042,9,C
CRBN,9ODS,A52,1,L00602,A,3414,C11,C,-4.991,16.8,38.908,10,C
CRBN,9ODS,A52,1,L00602,A,3415,C12,C,-5.833,15.697,38.302,11,C
CRBN,9ODS,A52,1,L00602,A,3416,N5,N,-5.313,15.282,36.994,12,N
CRBN,9ODS,A52,1,L00602,A,3417,C13,C,-3.926,14.814,37.102,13,C
CRBN,9ODS,A52,1,L00602,A,3418,C14,C,-3.02,15.881,37.683,14,C
CRBN,9ODS,A52,1,L00602,A,3412,C9,C,-3.275,15.345,40.159,15,C
CRBN,9ODS,A52,1,L00602,A,3411,O2,O,-2.223,15.864,41.026,16,O
CRBN,9ODS,A52,1,L00602,A,3401,N2,N,0.463,21.302,41.295,17,N
CRBN,9ODS,A52,1,L00602,A,3419,C15,C,1.917,21.379,41.089,18,C
CRBN,9ODS,A52,1,L00602,A,3420,C16,C,2.442,22.793,40.92,19,C
CRBN,9ODS,A52,1,L00602,A,3421,C17,C,1.453,23.887,40.694,20,C
CRBN,9ODS,A52,1,L00602,A,3400,N1,N,0.155,23.579,40.791,22,N
CRBN,9ODS,A52,1,L00602,A,3399,C1,C,-0.386,22.347,41.082,23,C
CRBN,9OHQ,A56,1,L00603,A,4320,C21,C,30.425,-9.818,-7.078,0,C
CRBN,9OHQ,A56,1,L00603,A,4319,N3,N,29.358,-10.757,-6.75,1,N
CRBN,9OHQ,A56,1,L00603,A,4318,C20,C,29.014,-11.928,-7.448,2,C
CRBN,9OHQ,A56,1,L00603,A,4317,C19,C,27.968,-12.534,-6.837,3,C
CRBN,9OHQ,A56,1,L00603,A,4316,C18,C,27.669,-11.769,-5.661,4,C
CRBN,9OHQ,A56,1,L00603,A,4321,C22,C,28.561,-10.69,-5.644,5,C
CRBN,9OHQ,A56,1,L00603,A,4322,N4,N,28.617,-9.766,-4.695,6,N
CRBN,9OHQ,A56,1,L00603,A,4307,C10,C,27.718,-9.877,-3.691,7,C
CRBN,9OHQ,A56,1,L00603,A,4308,C11,C,26.746,-10.907,-3.649,8,C
CRBN,9OHQ,A56,1,L00603,A,4309,C12,C,26.725,-11.889,-4.64,9,C
CRBN,9OHQ,A56,1,L00603,A,4310,C13,C,25.681,-12.979,-4.618,10,C
CRBN,9OHQ,A56,1,L00603,A,4311,N2,N,26.011,-14.106,-3.76,11,N
CRBN,9OHQ,A56,1,L00603,A,4312,C14,C,24.923,-15.058,-3.694,12,C
CRBN,9OHQ,A56,1,L00603,A,4313,C15,C,25.556,-16.294,-3.11,13,C
CRBN,9OHQ,A56,1,L00603,A,4314,C16,C,27.014,-16.2,-3.541,14,C
CRBN,9OHQ,A56,1,L00603,A,4315,C17,C,27.13,-14.865,-4.257,15,C
CRBN,9OHQ,A56,1,L00603,A,4306,C9,C,27.773,-8.789,-2.68,16,C
CRBN,9OHQ,A56,1,L00603,A,4305,C8,C,28.305,-7.543,-3.03,17,C
CRBN,9OHQ,A56,1,L00603,A,4304,C7,C,28.37,-6.494,-2.136,18,C
CRBN,9OHQ,A56,1,L00603,A,4303,C6,C,27.808,-6.665,-0.883,19,C
CRBN,9OHQ,A56,1,L00603,A,4302,C5,C,27.234,-7.87,-0.525,20,C
CRBN,9OHQ,A56,1,L00603,A,4323,C23,C,27.224,-8.948,-1.402,21,C
CRBN,9OHQ,A56,1,L00603,A,4301,C4,C,26.723,-7.764,0.878,22,C
CRBN,9OHQ,A56,1,L00603,A,4298,N1,N,26.996,-6.361,1.203,23,N
CRBN,9OHQ,A56,1,L00603,A,4299,C3,C,27.682,-5.713,0.224,24,C
CRBN,9OHQ,A56,1,L00603,A,4297,C2,C,26.667,-5.765,2.49,26,C
CRBN,9OHQ,A56,1,L00603,A,4324,C24,C,25.159,-5.65,2.72,27,C
CRBN,9OHQ,A56,1,L00603,A,4325,C25,C,24.884,-5.179,4.146,28,C
CRBN,9OHQ,A56,1,L00603,A,4327,C26,C,25.547,-6.071,5.158,29,C
CRBN,9OHQ,A56,1,L00603,A,4326,N5,N,26.762,-6.632,4.798,31,N
CRBN,9OHQ,A56,1,L00603,A,4296,C1,C,27.408,-6.503,3.586,32,C
CRBN,9OHR,A57,1,L00604,A,4227,C10,C,-19.419,-10.785,11.147,0,C
CRBN,9OHR,A57,1,L00604,A,4243,C9,C,-18.066,-10.469,11.244,1,C
CRBN,9OHR,A57,1,L00604,A,4226,C8,C,-17.245,-10.749,10.152,2,C
CRBN,9OHR,A57,1,L00604,A,4225,C7,C,-17.741,-11.329,9.002,3,C
CRBN,9OHR,A57,1,L00604,A,4255,C27,C,-19.085,-11.64,8.914,4,C
CRBN,9OHR,A57,1,L00604,A,4244,C11,C,-19.927,-11.432,10.016,5,C
CRBN,9OHR,A57,1,L00604,A,4245,C12,C,-21.367,-11.738,9.885,6,C
CRBN,9OHR,A57,1,L00604,A,4228,C13,C,-21.85,-12.73,8.995,7,C
CRBN,9OHR,A57,1,L00604,A,4246,C14,C,-23.208,-12.948,8.868,8,C
CRBN,9OHR,A57,1,L00604,A,4231,C20,C,-24.063,-12.096,9.628,9,C
CRBN,9OHR,A57,1,L00604,A,4232,C21,C,-23.487,-11.112,10.431,13,C
CRBN,9OHR,A57,1,L00604,A,4250,N4,N,-22.187,-10.906,10.556,14,N
CRBN,9OHR,A57,1,L00604,A,4252,N5,N,-24.5,-10.426,11.06,12,N
CRBN,9OHR,A57,1,L00604,A,4251,C23,C,-25.7,-10.971,10.658,11,C
CRBN,9OHR,A57,1,L00604,A,4233,C22,C,-25.476,-11.98,9.791,10,C
CRBN,9OHR,A57,1,L00604,A,4234,C24,C,-24.33,-9.342,12.02,15,C
CRBN,9OHR,A57,1,L00604,A,4235,C26,C,-23.994,-9.782,13.474,16,C
CRBN,9OHR,A57,1,L00604,A,4254,O3,O,-25.423,-9.777,13.737,17,O
CRBN,9OHR,A57,1,L00604,A,4253,C25,C,-25.602,-8.761,12.716,18,C
CRBN,9OHR,A57,1,L00604,A,4229,C15,C,-23.751,-14.03,7.965,19,C
CRBN,9OHR,A57,1,L00604,A,4221,N3,N,-24.057,-13.577,6.598,20,N
CRBN,9OHR,A57,1,L00604,A,4247,C16,C,-25.073,-12.505,6.503,21,C
CRBN,9OHR,A57,1,L00604,A,4230,C17,C,-26.244,-13.14,5.795,22,C
CRBN,9OHR,A57,1,L00604,A,4248,C18,C,-25.563,-14.108,4.849,23,C
CRBN,9OHR,A57,1,L00604,A,4249,C19,C,-24.417,-14.668,5.672,24,C
CRBN,9OHR,A57,1,L00604,A,4224,C6,C,-16.638,-11.517,8.005,25,C
CRBN,9OHR,A57,1,L00604,A,4242,N2,N,-15.48,-11.005,8.73,26,N
CRBN,9OHR,A57,1,L00604,A,4236,C28,C,-15.802,-10.523,9.961,27,C
CRBN,9OHR,A57,1,L00604,A,4239,C2,C,-14.125,-11.023,8.221,29,C
CRBN,9OHR,A57,1,L00604,A,4240,C3,C,-13.496,-12.403,8.236,30,C
CRBN,9OHR,A57,1,L00604,A,4222,C4,C,-12.134,-12.384,7.555,31,C
CRBN,9OHR,A57,1,L00604,A,4223,C5,C,-12.154,-11.764,6.196,32,C
CRBN,9OHR,A57,1,L00604,A,4220,N1,N,-13.134,-10.818,5.96,34,N
CRBN,9OHR,A57,1,L00604,A,4238,C1,C,-14.055,-10.345,6.865,35,C
CRBN,9Q03,A60,1,L00605,A,4693,C29,C,121.693,126.54,178.884,0,C
CRBN,9Q03,A60,1,L00605,A,4701,C36,C,121.815,125.617,177.682,1,C
CRBN,9Q03,A60,1,L00605,A,4695,C30,C,120.98,126.129,176.52,2,C
CRBN,9Q03,A60,1,L00605,A,4699,C34,C,123.272,125.427,177.272,3,C
CRBN,9Q03,A60,1,L00605,A,4700,C35,C,123.461,124.462,176.107,4,C
CRBN,9Q03,A60,1,L00605,A,4708,N7,N,124.872,124.248,175.785,5,N
CRBN,9Q03,A60,1,L00605,A,4684,C12,C,125.654,123.154,176.155,6,C
CRBN,9Q03,A60,1,L00605,A,4669,C6,C,125.369,122.012,176.887,7,C
CRBN,9Q03,A60,1,L00605,A,4673,C13,C,126.387,121.083,177.09,8,C
CRBN,9Q03,A60,1,L00605,A,4667,C4,C,127.662,121.304,176.565,9,C
CRBN,9Q03,A60,1,L00605,A,4694,C3,C,127.94,122.448,175.833,10,C
CRBN,9Q03,A60,1,L00605,A,4683,C11,C,126.923,123.369,175.635,11,C
CRBN,9Q03,A60,1,L00605,A,4707,N6,N,126.885,124.586,174.961,12,N
CRBN,9Q03,A60,1,L00605,A,4676,C20,C,125.633,125.137,175.045,13,C
CRBN,9Q03,A60,1,L00605,A,4697,C32,C,128.002,125.213,174.257,15,C
CRBN,9Q03,A60,1,L00605,A,4710,N9,N,126.112,119.921,177.832,16,N
CRBN,9Q03,A60,1,L00605,A,4686,C16,C,126.076,118.615,177.439,17,C
CRBN,9Q03,A60,1,L00605,A,4685,C14,C,125.674,117.618,178.329,18,C
CRBN,9Q03,A60,1,L00605,A,4670,C7,C,125.649,116.307,177.9,19,C
CRBN,9Q03,A60,1,L00605,A,4665,N1,N,125.999,115.963,176.658,20,N
CRBN,9Q03,A60,1,L00605,A,4675,C17,C,126.377,116.973,175.854,21,C
CRBN,9Q03,A60,1,L00605,A,4666,N3,N,126.431,118.288,176.189,22,N
CRBN,9Q03,A60,1,L00605,A,4703,N10,N,126.735,116.64,174.585,23,N
CRBN,9Q03,A60,1,L00605,A,4698,C33,C,126.641,115.264,174.123,24,C
CRBN,9Q03,A60,1,L00605,A,4681,C28,C,127.206,117.671,173.639,25,C
CRBN,9Q03,A60,1,L00605,A,4679,C24,C,128.411,117.192,172.839,26,C
CRBN,9Q03,A60,1,L00605,A,4680,C26,C,128.839,118.249,171.832,27,C
CRBN,9Q03,A60,1,L00605,A,4709,N8,N,127.721,118.56,170.941,28,N
CRBN,9Q03,A60,1,L00605,A,4691,C25,C,126.613,119.141,171.698,29,C
CRBN,9Q03,A60,1,L00605,A,4690,C23,C,126.089,118.132,172.711,30,C
CRBN,9Q03,A60,1,L00605,A,4672,C10,C,127.982,118.989,169.643,31,C
CRBN,9Q03,A60,1,L00605,A,4689,C2,C,128.798,118.231,168.799,32,C
CRBN,9Q03,A60,1,L00605,A,4682,C1,C,129.067,118.645,167.504,33,C
CRBN,9Q03,A60,1,L00605,A,4671,C8,C,128.525,119.83,167.019,34,C
CRBN,9Q03,A60,1,L00605,A,4702,C9,C,127.711,120.584,167.863,35,C
CRBN,9Q03,A60,1,L00605,A,4668,C5,C,127.436,120.18,169.159,36,C
CRBN,9Q03,A60,1,L00605,A,4705,N4,N,127.32,121.674,167.154,37,N
CRBN,9Q03,A60,1,L00605,A,4704,N2,N,127.838,121.67,165.888,38,N
CRBN,9Q03,A60,1,L00605,A,4674,C15,C,128.552,120.592,165.782,39,C
CRBN,9Q03,A60,1,L00605,A,4692,C27,C,129.282,120.261,164.499,40,C
CRBN,9Q03,A60,1,L00605,A,4678,C22,C,130.793,120.504,164.653,41,C
CRBN,9Q03,A60,1,L00605,A,4677,C21,C,131.535,120.087,163.392,42,C
CRBN,9Q03,A60,1,L00605,A,4687,C18,C,131.182,118.7,162.95,43,C
CRBN,9Q03,A60,1,L00605,A,4706,N5,N,130.026,118.163,163.451,45,N
CRBN,9Q03,A60,1,L00605,A,4688,C19,C,128.993,118.841,164.038,46,C
CRBN,9Q03,A60,1,L00605,A,4696,C31,C,126.461,122.765,167.591,48,C
CRBN,9Q03,A60,1,L00605,A,4715,CL1,Cl,125.212,118.021,179.951,49,Cl
CRBN,9Q03,A60,1,L00605,A,4714,O4,O,121.29,124.331,178.062,50,O
CRBN,9Q22,A54,1,L00606,A,9416,C1,C,-37.501,96.523,59.227,0,C
CRBN,9Q22,A54,1,L00606,A,9417,C2,C,-37.736,95.208,58.891,1,C
CRBN,9Q22,A54,1,L00606,A,9405,C6,C,-36.717,94.431,58.362,2,C
CRBN,9Q22,A54,1,L00606,A,9421,C12,C,-35.448,94.962,58.163,3,C
CRBN,9Q22,A54,1,L00606,A,9406,C7,C,-35.222,96.286,58.517,4,C
CRBN,9Q22,A54,1,L00606,A,9418,C3,C,-36.244,97.062,59.042,5,C
CRBN,9Q22,A54,1,L00606,A,9427,C25,C,-34.348,94.127,57.549,6,C
CRBN,9Q22,A54,1,L00606,A,9402,N3,N,-34.294,94.238,56.086,7,N
CRBN,9Q22,A54,1,L00606,A,9413,C21,C,-33.009,93.778,55.558,8,C
CRBN,9Q22,A54,1,L00606,A,9425,C19,C,-32.916,94.03,54.063,9,C
CRBN,9Q22,A54,1,L00606,A,9415,C24,C,-34.044,93.335,53.288,10,C
CRBN,9Q22,A54,1,L00606,A,9412,C20,C,-35.383,93.69,53.949,11,C
CRBN,9Q22,A54,1,L00606,A,9414,C22,C,-35.365,93.467,55.452,12,C
CRBN,9Q22,A54,1,L00606,A,9408,C10,C,-34.07,93.768,51.825,13,C
CRBN,9Q22,A54,1,L00606,A,9404,C5,C,-34.146,92.835,50.793,14,C
CRBN,9Q22,A54,1,L00606,A,9403,C4,C,-34.17,93.226,49.465,15,C
CRBN,9Q22,A54,1,L00606,A,9419,C9,C,-34.192,94.58,49.144,16,C
CRBN,9Q22,A54,1,L00606,A,9420,C11,C,-34.159,95.521,50.155,17,C
CRBN,9Q22,A54,1,L00606,A,9407,C8,C,-34.084,95.113,51.477,18,C
CRBN,9Q22,A54,1,L00606,A,9423,C16,C,-34.2,96.899,49.564,19,C
CRBN,9Q22,A54,1,L00606,A,9428,N2,N,-34.258,96.615,48.125,20,N
CRBN,9Q22,A54,1,L00606,A,9409,C13,C,-34.269,95.281,47.841,21,C
CRBN,9Q22,A54,1,L00606,A,9426,C23,C,-34.353,97.645,47.099,23,C
CRBN,9Q22,A54,1,L00606,A,9424,C18,C,-35.765,98.236,46.945,24,C
CRBN,9Q22,A54,1,L00606,A,9411,C17,C,-35.759,99.445,46.018,25,C
CRBN,9Q22,A54,1,L00606,A,9422,C14,C,-34.749,100.469,46.433,26,C
CRBN,9Q22,A54,1,L00606,A,9401,N1,N,-33.599,100.006,47.02,28,N
CRBN,9Q22,A54,1,L00606,A,9410,C15,C,-33.286,98.702,47.334,29,C
CRBN,9Q22,A54,1,L00606,A,9432,O4,O,-33.848,91.925,53.417,31,O
DCAF1,9DLW,A47,1,L00496,A,4884,C03,C,11.95,-16.934,4.598,0,C
DCAF1,9DLW,A47,1,L00496,A,4883,C02,C,10.987,-16.684,3.422,1,C
DCAF1,9DLW,A47,1,L00496,A,4882,C01,C,11.728,-17.003,2.103,2,C
DCAF1,9DLW,A47,1,L00496,A,4941,N01,N,10.871,-16.744,0.955,3,N
DCAF1,9DLW,A47,1,L00496,A,4888,C07,C,9.652,-17.537,1.045,4,C
DCAF1,9DLW,A47,1,L00496,A,4886,C05,C,8.891,-17.244,2.357,5,C
DCAF1,9DLW,A47,1,L00496,A,4942,N02,N,9.759,-17.504,3.529,6,N
DCAF1,9DLW,A47,1,L00496,A,4885,C04,C,9.041,-17.199,4.771,7,C
DCAF1,9DLW,A47,1,L00496,A,4887,C06,C,7.614,-18.105,2.381,8,C
DCAF1,9DLW,A47,1,L00496,A,4897,C33,C,11.449,-16.804,-0.324,9,C
DCAF1,9DLW,A47,1,L00496,A,4896,C32,C,12.671,-17.561,-0.592,10,C
DCAF1,9DLW,A47,1,L00496,A,4895,C31,C,13.193,-17.626,-1.826,11,C
DCAF1,9DLW,A47,1,L00496,A,4900,C36,C,12.507,-16.915,-2.971,12,C
DCAF1,9DLW,A47,1,L00496,A,4899,C35,C,11.372,-16.231,-2.798,13,C
DCAF1,9DLW,A47,1,L00496,A,4898,C34,C,10.761,-16.164,-1.375,14,C
DCAF1,9DLW,A47,1,L00496,A,4946,N06,N,9.552,-15.324,-1.352,15,N
DCAF1,9DLW,A47,1,L00496,A,4902,C38,C,8.339,-15.737,-2.017,16,C
DCAF1,9DLW,A47,1,L00496,A,4903,C39,C,7.258,-14.668,-1.99,18,C
DCAF1,9DLW,A47,1,L00496,A,4904,C40,C,7.745,-13.341,-2.317,19,C
DCAF1,9DLW,A47,1,L00496,A,4947,N07,N,6.856,-12.227,-2.361,20,N
DCAF1,9DLW,A47,1,L00496,A,4905,C41,C,5.519,-12.421,-2.122,21,C
DCAF1,9DLW,A47,1,L00496,A,4906,C42,C,4.985,-13.744,-1.804,23,C
DCAF1,9DLW,A47,1,L00496,A,4907,C43,C,5.832,-14.846,-1.75,24,C
DCAF1,9DLW,A47,1,L00496,A,4934,C70,C,5.314,-16.267,-1.441,25,C
DCAF1,9DLW,A47,1,L00496,A,4938,F04,F,4.052,-16.201,-0.958,26,F
DCAF1,9DLW,A47,1,L00496,A,4939,F05,F,5.33,-16.991,-2.612,27,F
DCAF1,9DLW,A47,1,L00496,A,4940,F06,F,6.113,-16.863,-0.514,28,F
DCAF1,9DLW,A47,1,L00496,A,4901,C37,C,13.088,-17.073,-4.414,29,C
DCAF1,9DLW,A47,1,L00496,A,4908,C44,C,12.193,-17.325,-5.344,30,C
DCAF1,9DLW,A47,1,L00496,A,4909,C45,C,12.639,-17.536,-6.769,31,C
DCAF1,9DLW,A47,1,L00496,A,4910,C46,C,13.915,-17.501,-7.078,32,C
DCAF1,9DLW,A47,1,L00496,A,4911,C47,C,14.943,-17.246,-5.981,33,C
DCAF1,9DLW,A47,1,L00496,A,4912,C48,C,14.553,-17.062,-4.733,34,C
DCAF1,9DLW,A47,1,L00496,A,4937,F03,F,15.432,-16.819,-3.739,35,F
DCAF1,9DLW,A47,1,L00496,A,4913,C49,C,11.546,-17.798,-7.819,36,C
DCAF1,9DLW,A47,1,L00496,A,4948,N08,N,10.452,-18.528,-7.405,38,N
DCAF1,9DLW,A47,1,L00496,A,4914,C50,C,9.328,-18.781,-8.302,39,C
DCAF1,9DLW,A47,1,L00496,A,4915,C51,C,8.02,-19.038,-7.541,40,C
DCAF1,9DLW,A47,1,L00496,A,4956,O07,O,7.277,-17.848,-7.303,41,O
DCAF1,9DLW,A47,1,L00496,A,4916,C52,C,7.64,-17.082,-6.16,42,C
DCAF1,9DLW,A47,1,L00496,A,4917,C53,C,6.368,-16.403,-5.635,43,C
DCAF1,9DLW,A47,1,L00496,A,4957,O08,O,6.11,-15.155,-6.265,44,O
DCAF1,9DLW,A47,1,L00496,A,4918,C54,C,6.606,-14.052,-5.52,45,C
DCAF1,9DLW,A47,1,L00496,A,4919,C55,C,6.192,-12.7,-6.13,46,C
DCAF1,9DLW,A47,1,L00496,A,4958,O09,O,6.925,-12.374,-7.305,47,O
DCAF1,9DLW,A47,1,L00496,A,4920,C56,C,8.087,-11.558,-7.141,48,C
DCAF1,9DLW,A47,1,L00496,A,4921,C57,C,9.244,-12.265,-6.417,49,C
DCAF1,9DLW,A47,1,L00496,A,4959,O10,O,9.42,-13.552,-6.99,50,O
DCAF1,9DLW,A47,1,L00496,A,4922,C58,C,10.519,-14.297,-6.485,51,C
DCAF1,9DLW,A47,1,L00496,A,4923,C59,C,11.842,-13.798,-7.082,52,C
DCAF1,9DLW,A47,1,L00496,A,4960,O11,O,11.635,-13.355,-8.411,53,O
DCAF1,9DLW,A47,1,L00496,A,4924,C60,C,11.472,-14.383,-9.383,54,C
DCAF1,9DLW,A47,1,L00496,A,4925,C61,C,11.019,-13.716,-10.667,55,C
DCAF1,9DLW,A47,1,L00496,A,4961,O12,O,11.925,-12.659,-10.935,56,O
DCAF1,9DLW,A47,1,L00496,A,4926,C62,C,11.53,-11.915,-12.06,57,C
DCAF1,9DLW,A47,1,L00496,A,4927,C63,C,12.203,-12.519,-13.311,58,C
DCAF1,9DLW,A47,1,L00496,A,4962,O13,O,11.712,-11.883,-14.484,59,O
DCAF1,9DLW,A47,1,L00496,A,4928,C64,C,12.309,-10.614,-14.765,60,C
DCAF1,9DLW,A47,1,L00496,A,4929,C65,C,11.278,-9.474,-14.709,61,C
DCAF1,9DLW,A47,1,L00496,A,4963,O14,O,10.665,-9.273,-15.973,62,O
DCAF1,9DLW,A47,1,L00496,A,4930,C66,C,9.588,-10.159,-16.231,63,C
DCAF1,9DLW,A47,1,L00496,A,4931,C67,C,9.251,-10.119,-17.724,64,C
DCAF1,9DLW,A47,1,L00496,A,4964,O15,O,10.246,-10.86,-18.42,65,O
DCAF1,9DLW,A47,1,L00496,A,4932,C68,C,9.915,-11.209,-19.754,66,C
DCAF1,9DLW,A47,1,L00496,A,4933,C69,C,8.976,-12.425,-19.762,67,C
DCAF1,9DLW,A47,1,L00496,A,4949,N09,N,8.878,-13.025,-21.103,68,N
DCAF1,9DLW,A47,1,L00496,A,4889,C08,C,8.227,-14.254,-21.307,69,C
DCAF1,9DLW,A47,1,L00496,A,4890,C09,C,8.126,-14.735,-22.716,71,C
DCAF1,9PLY,A58,1,L00607,A,4765,C21,C,-4.171,-14.665,35.575,9,C
DCAF1,9PLY,A58,1,L00607,A,4764,C20,C,-3.475,-13.922,34.587,10,C
DCAF1,9PLY,A58,1,L00607,A,4784,C31,C,-2.234,-13.323,34.693,11,C
DCAF1,9PLY,A58,1,L00607,A,4768,C1,C,-1.976,-12.678,33.438,12,C
DCAF1,9PLY,A58,1,L00607,A,4778,C18,C,-3.074,-12.913,32.641,13,C
DCAF1,9PLY,A58,1,L00607,A,4779,N19,N,-3.976,-13.637,33.347,14,N
DCAF1,9PLY,A58,1,L00607,A,4769,C2,C,-0.774,-11.861,33.133,15,C
DCAF1,9PLY,A58,1,L00607,A,4771,N4,N,-0.702,-11.327,31.925,17,N
DCAF1,9PLY,A58,1,L00607,A,4757,C5,C,0.381,-10.411,31.57,18,C
DCAF1,9PLY,A58,1,L00607,A,4775,C14,C,0.807,-10.634,30.146,19,C
DCAF1,9PLY,A58,1,L00607,A,4763,C15,C,1.208,-12.071,29.943,20,C
DCAF1,9PLY,A58,1,L00607,A,4777,N17,N,0.454,-12.773,29.112,22,N
DCAF1,9PLY,A58,1,L00607,A,4758,C6,C,0.012,-8.961,31.758,23,C
DCAF1,9PLY,A58,1,L00607,A,4762,C13,C,0.988,-7.981,31.918,24,C
DCAF1,9PLY,A58,1,L00607,A,4774,C12,C,0.653,-6.638,31.948,25,C
DCAF1,9PLY,A58,1,L00607,A,4761,C10,C,-0.664,-6.286,31.816,26,C
DCAF1,9PLY,A58,1,L00607,A,4760,C8,C,-1.648,-7.245,31.667,27,C
DCAF1,9PLY,A58,1,L00607,A,4759,C7,C,-1.308,-8.575,31.637,28,C
DCAF1,9PLY,A58,1,L00607,A,4772,CL9,Cl,-3.312,-6.794,31.606,29,Cl
DCAF1,9PLY,A58,1,L00607,A,4773,F11,F,-1.0,-4.969,31.753,30,F
DCAF1,9PLY,A58,1,L00607,A,4785,C32,C,-1.418,-13.358,35.908,31,C
DCAF1,9PLY,A58,1,L00607,A,4792,C39,C,-1.815,-12.656,37.045,32,C
DCAF1,9PLY,A58,1,L00607,A,4791,C38,C,-1.059,-12.685,38.2,33,C
DCAF1,9PLY,A58,1,L00607,A,4789,C36,C,0.099,-13.42,38.223,34,C
DCAF1,9PLY,A58,1,L00607,A,4788,C35,C,0.531,-14.132,37.122,35,C
DCAF1,9PLY,A58,1,L00607,A,4786,C33,C,-0.243,-14.079,35.991,36,C
DCAF1,9PLY,A58,1,L00607,A,4787,F34,F,0.181,-14.744,34.901,37,F
DCAF1,9PLY,A58,1,L00607,A,4790,CL37,Cl,1.034,-13.481,39.686,38,Cl
DCAF1,9Y76,A59,1,L00608,A,4748,C19,C,0.93,-7.927,32.14,0,C
DCAF1,9Y76,A59,1,L00608,A,4747,C18,C,0.58,-6.592,32.16,1,C
DCAF1,9Y76,A59,1,L00608,A,4745,C16,C,-0.741,-6.254,32.037,2,C
DCAF1,9Y76,A59,1,L00608,A,4743,C14,C,-1.716,-7.217,31.906,3,C
DCAF1,9Y76,A59,1,L00608,A,4729,C13,C,-1.362,-8.548,31.886,4,C
DCAF1,9Y76,A59,1,L00608,A,4742,C12,C,-0.032,-8.917,31.997,5,C
DCAF1,9Y76,A59,1,L00608,A,4727,C7,C,0.389,-10.356,31.814,6,C
DCAF1,9Y76,A59,1,L00608,A,4728,C8,C,0.794,-10.568,30.37,7,C
DCAF1,9Y76,A59,1,L00608,A,4739,C9,C,1.228,-11.999,30.157,8,C
DCAF1,9Y76,A59,1,L00608,A,4740,N10,N,0.451,-12.746,29.388,10,N
DCAF1,9Y76,A59,1,L00608,A,4738,N6,N,-0.647,-11.326,32.186,11,N
DCAF1,9Y76,A59,1,L00608,A,4726,C4,C,-0.644,-11.912,33.388,12,C
DCAF1,9Y76,A59,1,L00608,A,4736,C3,C,-1.817,-12.812,33.706,14,C
DCAF1,9Y76,A59,1,L00608,A,4735,C2,C,-2.939,-13.047,32.934,15,C
DCAF1,9Y76,A59,1,L00608,A,4725,N1,N,-3.796,-13.873,33.639,16,N
DCAF1,9Y76,A59,1,L00608,A,4753,C29,C,-3.244,-14.17,34.854,17,C
DCAF1,9Y76,A59,1,L00608,A,4730,C20,C,-2.012,-13.531,34.932,18,C
DCAF1,9Y76,A59,1,L00608,A,4731,C21,C,-1.162,-13.552,36.114,19,C
DCAF1,9Y76,A59,1,L00608,A,4732,C22,C,-1.527,-12.832,37.257,20,C
DCAF1,9Y76,A59,1,L00608,A,4749,C23,C,-0.745,-12.87,38.396,21,C
DCAF1,9Y76,A59,1,L00608,A,4733,C24,C,0.406,-13.633,38.4,22,C
DCAF1,9Y76,A59,1,L00608,A,4734,C26,C,0.8,-14.355,37.296,23,C
DCAF1,9Y76,A59,1,L00608,A,4751,C27,C,0.004,-14.299,36.185,24,C
DCAF1,9Y76,A59,1,L00608,A,4752,F28,F,0.339,-15.075,35.139,25,F
DCAF1,9Y76,A59,1,L00608,A,4750,CL2,Cl,1.419,-13.648,39.822,26,Cl
DCAF1,9Y76,A59,1,L00608,A,4754,C30,C,-3.914,-15.08,35.807,27,C
DCAF1,9Y76,A59,1,L00608,A,4755,C31,C,-5.223,-15.561,35.745,28,C
DCAF1,9Y76,A59,1,L00608,A,4756,N32,N,-5.528,-16.324,36.782,29,N
DCAF1,9Y76,A59,1,L00608,A,4757,N33,N,-4.399,-16.336,37.535,30,N
DCAF1,9Y76,A59,1,L00608,A,4766,C42,C,-3.413,-15.603,36.984,31,C
DCAF1,9Y76,A59,1,L00608,A,4758,C34,C,-4.372,-17.075,38.803,32,C
DCAF1,9Y76,A59,1,L00608,A,4759,C35,C,-4.386,-18.547,38.516,33,C
DCAF1,9Y76,A59,1,L00608,A,4760,N36,N,-4.247,-19.421,39.741,34,N
DCAF1,9Y76,A59,1,L00608,A,4761,C37,C,-2.851,-19.413,40.283,35,C
DCAF1,9Y76,A59,1,L00608,A,4762,C38,C,-2.786,-20.254,41.525,36,C
DCAF1,9Y76,A59,1,L00608,A,4763,O39,O,-3.158,-21.602,41.256,37,O
DCAF1,9Y76,A59,1,L00608,A,4764,C40,C,-4.515,-21.657,40.785,38,C
DCAF1,9Y76,A59,1,L00608,A,4765,C41,C,-4.693,-20.855,39.517,39,C
DCAF1,9Y76,A59,1,L00608,A,4744,CL1,Cl,-3.373,-6.772,31.818,40,Cl
DCAF1,9Y76,A59,1,L00608,A,4746,F17,F,-1.09,-4.944,31.997,41,F
HUWE1,5Y5C,HXA,1,L00264,A,132,CE1,C,3.536,-11.201,-2.934,16,C
HUWE1,5Y5C,HXA,1,L00264,A,130,CD1,C,4.463,-10.194,-3.165,17,C
HUWE1,5Y5C,HXA,1,L00264,A,129,CG,C,5.441,-10.33,-4.158,18,C
HUWE1,5Y5C,HXA,1,L00264,A,128,CB,C,6.447,-9.256,-4.416,19,C
HUWE1,5Y5C,HXA,1,L00264,A,125,CA,C,7.547,-9.216,-3.373,20,C
HUWE1,5Y5C,HXA,1,L00264,A,126,C,C,8.622,-8.246,-3.843,21,C
HUWE1,5Y5C,HXA,1,L00264,A,127,O,O,8.364,-7.034,-3.909,22,O
HUWE1,5Y5C,HXA,1,L00793,A,132,CE1,C,3.536,-11.201,-2.934,16,C
HUWE1,5Y5C,HXA,1,L00793,A,130,CD1,C,4.463,-10.194,-3.165,17,C
HUWE1,5Y5C,HXA,1,L00793,A,129,CG,C,5.441,-10.33,-4.158,18,C
HUWE1,5Y5C,HXA,1,L00793,A,128,CB,C,6.447,-9.256,-4.416,19,C
HUWE1,5Y5C,HXA,1,L00793,A,125,CA,C,7.547,-9.216,-3.373,20,C
HUWE1,5Y5C,HXA,1,L00793,A,126,C,C,8.622,-8.246,-3.843,21,C
HUWE1,5Y5C,HXA,1,L00793,A,127,O,O,8.364,-7.034,-3.909,22,O
HUWE1,9I1S,MPO,1,L00046,A,4443,CD1,C,1.811,0.808,-31.781,0,C
HUWE1,9I1S,MPO,1,L00046,A,4442,CG,C,2.0,2.284,-32.097,1,C
HUWE1,9I1S,MPO,1,L00046,A,4444,CD2,C,1.645,3.144,-30.895,2,C
HUWE1,9I1S,MPO,1,L00046,A,4441,CB,C,3.434,2.565,-32.553,9,C
HUWE1,9I1S,MPO,1,L00046,A,4438,CA,C,3.737,4.03,-32.887,10,C
HUWE1,9I1S,MPO,1,L00046,A,4439,C,C,5.221,4.285,-32.696,11,C
HUWE1,9I1S,MPO,1,L00046,A,4440,O,O,5.651,4.56,-31.574,12,O
KEAP1,8XGK,B13,1,L00623,A,2385,C21,C,17.104,64.758,32.806,0,C
KEAP1,8XGK,B13,1,L00623,A,2381,C16,C,17.107,64.526,31.27,1,C
KEAP1,8XGK,B13,1,L00623,A,2379,C14,C,18.162,63.969,30.675,2,C
KEAP1,8XGK,B13,1,L00623,A,2378,C12,C,18.149,63.688,29.28,3,C
KEAP1,8XGK,B13,1,L00623,A,2376,C8,C,17.058,64.071,28.536,4,C
KEAP1,8XGK,B13,1,L00623,A,2377,C11,C,15.994,64.74,29.163,5,C
KEAP1,8XGK,B13,1,L00623,A,2380,C15,C,16.051,64.97,30.525,6,C
KEAP1,8XGK,B13,1,L00623,A,2398,O18,O,14.993,65.548,31.168,7,O
KEAP1,8XGK,B13,1,L00623,A,2383,C19,C,13.822,65.982,30.479,8,C
KEAP1,8XGK,B13,1,L00623,A,2384,C20,C,12.79,66.363,31.535,9,C
KEAP1,8XGK,B13,1,L00623,A,2386,C22,C,12.58,65.224,32.43,10,C
KEAP1,8XGK,B13,1,L00623,A,2387,C24,C,13.204,67.526,32.431,11,C
KEAP1,8XGK,B13,1,L00623,A,2388,C25,C,11.452,66.737,30.869,12,C
KEAP1,8XGK,B13,1,L00623,A,2371,C4,C,17.069,63.769,27.067,14,C
KEAP1,8XGK,B13,1,L00623,A,2370,C3,C,17.373,65.008,26.201,15,C
KEAP1,8XGK,B13,1,L00623,A,2382,C17,C,18.717,65.656,26.625,16,C
KEAP1,8XGK,B13,1,L00623,A,2372,C5,C,17.438,64.618,24.769,17,C
KEAP1,8XGK,B13,1,L00623,A,2396,O10,O,16.619,65.251,23.954,19,O
KEAP1,8XGK,B13,1,L00623,A,2374,N1,N,15.766,63.255,26.611,20,N
KEAP1,8XGK,B13,1,L00623,A,2369,C2,C,15.306,62.074,27.039,21,C
KEAP1,8XGK,B13,1,L00623,A,2375,C7,C,13.927,61.682,26.573,23,C
KEAP1,8XGK,B13,1,L00623,A,2373,C6,C,12.886,62.247,27.495,24,C
KEAP1,8XGK,B13,1,L00623,A,2389,C26,C,12.964,62.101,28.865,25,C
KEAP1,8XGK,B13,1,L00623,A,2390,C27,C,12.042,62.545,29.744,26,C
KEAP1,8XGK,B13,1,L00623,A,2393,C30,C,10.929,63.11,29.201,27,C
KEAP1,8XGK,B13,1,L00623,A,2392,C29,C,10.758,63.279,27.85,28,C
KEAP1,8XGK,B13,1,L00623,A,2391,C28,C,11.736,62.832,26.934,29,C
KEAP1,8XGK,B13,1,L00623,A,2400,CL31,Cl,9.654,63.678,30.218,30,Cl
KEAP1,8XGK,B13,1,L00623,A,2394,F32,F,13.88,60.232,26.619,31,F
KEAP1,8XGV,B14,1,L00624,A,2341,C34,C,6.474,64.631,27.524,0,C
KEAP1,8XGV,B14,1,L00624,A,2340,C33,C,7.212,65.815,28.113,1,C
KEAP1,8XGV,B14,1,L00624,A,2346,O32,O,8.266,65.25,28.89,2,O
KEAP1,8XGV,B14,1,L00624,A,2339,C30,C,9.074,66.117,29.567,3,C
KEAP1,8XGV,B14,1,L00624,A,2338,C29,C,8.95,67.511,29.563,4,C
KEAP1,8XGV,B14,1,L00624,A,2337,C28,C,9.855,68.274,30.304,5,C
KEAP1,8XGV,B14,1,L00624,A,2336,C27,C,10.841,67.618,31.016,6,C
KEAP1,8XGV,B14,1,L00624,A,2343,N26,N,10.988,66.28,31.037,7,N
KEAP1,8XGV,B14,1,L00624,A,2335,C25,C,10.104,65.551,30.318,8,C
KEAP1,8XGV,B14,1,L00624,A,2334,C24,C,10.313,64.061,30.369,9,C
KEAP1,8XGV,B14,1,L00624,A,2333,C23,C,11.239,63.526,29.311,10,C
KEAP1,8XGV,B14,1,L00624,A,2332,C22,C,12.366,62.836,29.73,11,C
KEAP1,8XGV,B14,1,L00624,A,2331,C21,C,13.252,62.307,28.799,12,C
KEAP1,8XGV,B14,1,L00624,A,2323,C13,C,13.029,62.464,27.428,13,C
KEAP1,8XGV,B14,1,L00624,A,2329,C19,C,11.899,63.151,27.009,14,C
KEAP1,8XGV,B14,1,L00624,A,2330,C20,C,11.001,63.678,27.942,15,C
KEAP1,8XGV,B14,1,L00624,A,2320,C9,C,13.994,61.849,26.441,16,C
KEAP1,8XGV,B14,1,L00624,A,2318,C5,C,15.426,62.161,26.851,17,C
KEAP1,8XGV,B14,1,L00624,A,2344,N4,N,15.885,63.395,26.516,19,N
KEAP1,8XGV,B14,1,L00624,A,2316,C2,C,17.15,63.925,26.951,20,C
KEAP1,8XGV,B14,1,L00624,A,2319,C6,C,17.102,64.16,28.449,21,C
KEAP1,8XGV,B14,1,L00624,A,2321,C10,C,18.203,63.868,29.239,22,C
KEAP1,8XGV,B14,1,L00624,A,2324,C14,C,18.2,64.068,30.618,23,C
KEAP1,8XGV,B14,1,L00624,A,2326,C16,C,17.072,64.564,31.237,24,C
KEAP1,8XGV,B14,1,L00624,A,2325,C15,C,15.958,64.855,30.461,25,C
KEAP1,8XGV,B14,1,L00624,A,2322,C11,C,15.964,64.658,29.08,26,C
KEAP1,8XGV,B14,1,L00624,A,2328,C18,C,17.087,64.754,32.727,27,C
KEAP1,8XGV,B14,1,L00624,A,2315,C1,C,17.502,65.147,26.092,28,C
KEAP1,8XGV,B14,1,L00624,A,2327,C17,C,18.777,65.806,26.596,29,C
KEAP1,8XGV,B14,1,L00624,A,2317,C3,C,17.547,64.817,24.601,30,C
KEAP1,8XGV,B14,1,L00624,A,2345,O12,O,16.766,65.441,23.843,32,O
KEAP1,8XGV,B14,1,L00624,A,2342,F31,F,13.896,60.461,26.471,33,F
KEAP1,9DU7,A41,1,L00497,A,1993,C,C,24.6,44.422,2.544,0,C
KEAP1,9DU7,A41,1,L00497,A,1992,C1,C,26.026,43.899,2.866,1,C
KEAP1,9DU7,A41,1,L00497,A,1977,C2,C,25.916,43.036,4.086,2,C
KEAP1,9DU7,A41,1,L00497,A,1990,N,N,26.743,42.014,4.369,4,N
KEAP1,9DU7,A41,1,L00497,A,1978,C3,C,26.404,41.109,5.496,5,C
KEAP1,9DU7,A41,1,L00497,A,1979,C4,C,27.625,40.701,6.268,6,C
KEAP1,9DU7,A41,1,L00497,A,1989,O1,O,28.483,40.087,5.335,7,O
KEAP1,9DU7,A41,1,L00497,A,1980,C5,C,29.003,41.006,4.38,8,C
KEAP1,9DU7,A41,1,L00497,A,1981,C6,C,27.893,41.627,3.535,9,C
KEAP1,9DU7,A41,1,L00497,A,1982,C7,C,27.413,40.719,2.431,10,C
KEAP1,9DU7,A41,1,L00497,A,1996,C8,C,28.313,40.296,1.454,11,C
KEAP1,9DU7,A41,1,L00497,A,1995,C9,C,27.873,39.486,0.41,12,C
KEAP1,9DU7,A41,1,L00497,A,1994,C10,C,26.537,39.096,0.304,13,C
KEAP1,9DU7,A41,1,L00497,A,1988,C11,C,25.623,39.51,1.252,14,C
KEAP1,9DU7,A41,1,L00497,A,1983,C12,C,26.053,40.322,2.323,15,C
KEAP1,9DU7,A41,1,L00497,A,1987,CL,Cl,23.907,38.957,1.133,16,Cl
KEAP1,9DU7,A41,1,L00497,A,1984,C13,C,28.8,39.0,-0.623,17,C
KEAP1,9DU7,A41,1,L00497,A,1997,N4,N,30.111,39.327,-0.59,18,N
KEAP1,9DU7,A41,1,L00497,A,1986,C15,C,30.962,38.884,-1.546,19,C
KEAP1,9DU7,A41,1,L00497,A,1998,N3,N,30.494,38.126,-2.556,20,N
KEAP1,9DU7,A41,1,L00497,A,1985,C14,C,29.164,37.815,-2.59,21,C
KEAP1,9DU7,A41,1,L00497,A,1999,N1,N,28.312,38.247,-1.629,22,N
KEAP1,9DU7,A41,1,L00497,A,2000,N2,N,28.688,37.043,-3.582,23,N
KEAP1,9HWR,A83,1,L00545,A,2380,C13,C,33.494,25.42,-5.223,0,C
KEAP1,9HWR,A83,1,L00545,A,2379,C12,C,33.578,25.542,-6.588,1,C
KEAP1,9HWR,A83,1,L00545,A,2371,C5,C,34.684,24.986,-7.249,2,C
KEAP1,9HWR,A83,1,L00545,A,2370,C4,C,35.647,24.304,-6.511,3,C
KEAP1,9HWR,A83,1,L00545,A,2369,C3,C,35.516,24.185,-5.135,4,C
KEAP1,9HWR,A83,1,L00545,A,2381,C14,C,34.419,24.755,-4.486,5,C
KEAP1,9HWR,A83,1,L00545,A,2390,O2,O,36.351,23.529,-4.298,6,O
KEAP1,9HWR,A83,1,L00545,A,2368,C2,C,37.487,22.912,-4.88,7,C
KEAP1,9HWR,A83,1,L00545,A,2367,C1,C,38.561,23.912,-5.213,8,C
KEAP1,9HWR,A83,1,L00545,A,2389,N2,N,39.238,23.68,-6.335,10,N
KEAP1,9HWR,A83,1,L00545,A,2382,C15,C,40.31,24.525,-6.862,11,C
KEAP1,9HWR,A83,1,L00545,A,2383,C16,C,39.734,25.754,-7.536,12,C
KEAP1,9HWR,A83,1,L00545,A,2384,C17,C,40.861,26.686,-7.985,13,C
KEAP1,9HWR,A83,1,L00545,A,2385,C18,C,41.798,25.967,-8.908,14,C
KEAP1,9HWR,A83,1,L00545,A,2386,C19,C,42.351,24.702,-8.293,15,C
KEAP1,9HWR,A83,1,L00545,A,2387,C20,C,41.239,23.766,-7.796,16,C
KEAP1,9HWR,A83,1,L00545,A,2375,N1,N,34.79,25.116,-8.635,17,N
KEAP1,9HWR,A83,1,L00545,A,2372,C6,C,35.548,26.278,-9.099,18,C
KEAP1,9HWR,A83,1,L00545,A,2373,C7,C,35.724,26.337,-10.612,19,C
KEAP1,9HWR,A83,1,L00545,A,2374,C8,C,34.416,26.179,-11.337,20,C
KEAP1,9HWR,A83,1,L00545,A,2377,C10,C,33.688,24.937,-10.85,21,C
KEAP1,9HWR,A83,1,L00545,A,2378,C11,C,33.512,24.969,-9.366,22,C
KEAP1,9HWR,A83,1,L00545,A,2388,C9,C,34.59,26.096,-12.848,23,C
KEAP1,9HWR,A83,1,L00545,A,2391,O3,O,33.596,26.27,-13.485,25,O
KEAP1,9HWS,A85,1,L00546,A,2340,C19,C,-33.205,25.677,5.63,0,C
KEAP1,9HWS,A85,1,L00546,A,2339,C18,C,-33.404,25.587,6.993,1,C
KEAP1,9HWS,A85,1,L00546,A,2335,C14,C,-34.523,24.92,7.487,2,C
KEAP1,9HWS,A85,1,L00546,A,2334,C13,C,-35.417,24.338,6.609,3,C
KEAP1,9HWS,A85,1,L00546,A,2333,C12,C,-35.213,24.417,5.225,4,C
KEAP1,9HWS,A85,1,L00546,A,2341,C20,C,-34.075,25.107,4.711,5,C
KEAP1,9HWS,A85,1,L00546,A,2342,C21,C,-33.872,25.176,3.301,6,C
KEAP1,9HWS,A85,1,L00546,A,2343,C22,C,-34.818,24.558,2.482,7,C
KEAP1,9HWS,A85,1,L00546,A,2331,C10,C,-35.944,23.888,2.988,8,C
KEAP1,9HWS,A85,1,L00546,A,2332,C11,C,-36.139,23.814,4.359,9,C
KEAP1,9HWS,A85,1,L00546,A,2346,O2,O,-36.802,23.3,2.082,10,O
KEAP1,9HWS,A85,1,L00546,A,2330,C9,C,-38.023,22.654,2.463,11,C
KEAP1,9HWS,A85,1,L00546,A,2322,C1,C,-38.843,23.746,3.099,12,C
KEAP1,9HWS,A85,1,L00546,A,2344,N1,N,-39.343,23.464,4.32,14,N
KEAP1,9HWS,A85,1,L00546,A,2323,C2,C,-40.135,24.279,5.246,15,C
KEAP1,9HWS,A85,1,L00546,A,2324,C3,C,-39.663,25.739,5.391,16,C
KEAP1,9HWS,A85,1,L00546,A,2325,C4,C,-40.753,26.834,5.431,17,C
KEAP1,9HWS,A85,1,L00546,A,2326,C5,C,-41.812,26.758,6.535,18,C
KEAP1,9HWS,A85,1,L00546,A,2327,C6,C,-42.23,25.39,7.094,19,C
KEAP1,9HWS,A85,1,L00546,A,2328,C7,C,-42.651,24.382,6.02,20,C
KEAP1,9HWS,A85,1,L00546,A,2329,C8,C,-41.625,24.12,4.908,21,C
KEAP1,9HWS,A85,1,L00546,A,2336,C15,C,-34.883,24.749,8.957,22,C
KEAP1,9HWS,A85,1,L00546,A,2337,C16,C,-34.693,25.887,9.955,23,C
KEAP1,9HWS,A85,1,L00546,A,2338,C17,C,-34.018,25.335,11.23,24,C
KEAP1,9HWS,A85,1,L00546,A,2347,O3,O,-34.46,24.117,11.622,26,O
KEAP1,9HWT,A96,1,L00547,A,2394,C29,C,34.937,27.836,-9.965,0,C
KEAP1,9HWT,A96,1,L00547,A,2393,C28,C,35.884,27.098,-10.874,1,C
KEAP1,9HWT,A96,1,L00547,A,2392,C27,C,37.033,27.827,-11.182,2,C
KEAP1,9HWT,A96,1,L00547,A,2391,C26,C,37.966,27.26,-12.006,3,C
KEAP1,9HWT,A96,1,L00547,A,2390,C25,C,37.779,26.005,-12.518,4,C
KEAP1,9HWT,A96,1,L00547,A,2389,C24,C,36.643,25.239,-12.227,5,C
KEAP1,9HWT,A96,1,L00547,A,2388,C23,C,35.636,25.792,-11.388,6,C
KEAP1,9HWT,A96,1,L00547,A,2364,C3,C,34.337,25.001,-11.005,7,C
KEAP1,9HWT,A96,1,L00547,A,2368,C2,C,33.997,23.76,-11.853,8,C
KEAP1,9HWT,A96,1,L00547,A,2363,C1,C,33.673,24.278,-13.259,9,C
KEAP1,9HWT,A96,1,L00547,A,2383,O1,O,33.61,25.488,-13.556,11,O
KEAP1,9HWT,A96,1,L00547,A,2365,C4,C,34.271,24.89,-9.479,12,C
KEAP1,9HWT,A96,1,L00547,A,2387,C22,C,33.15,25.419,-8.86,13,C
KEAP1,9HWT,A96,1,L00547,A,2386,C21,C,32.99,25.403,-7.494,14,C
KEAP1,9HWT,A96,1,L00547,A,2385,C20,C,33.971,24.858,-6.678,15,C
KEAP1,9HWT,A96,1,L00547,A,2366,C6,C,35.141,24.308,-7.295,20,C
KEAP1,9HWT,A96,1,L00547,A,2370,C5,C,35.289,24.344,-8.704,21,C
KEAP1,9HWT,A96,1,L00547,A,2372,C7,C,36.12,23.746,-6.469,19,C
KEAP1,9HWT,A96,1,L00547,A,2373,C8,C,35.95,23.715,-5.083,18,C
KEAP1,9HWT,A96,1,L00547,A,2380,C18,C,34.791,24.251,-4.503,17,C
KEAP1,9HWT,A96,1,L00547,A,2381,C19,C,33.79,24.811,-5.276,16,C
KEAP1,9HWT,A96,1,L00547,A,2384,O2,O,36.885,23.181,-4.227,22,O
KEAP1,9HWT,A96,1,L00547,A,2382,C9,C,37.997,22.449,-4.773,23,C
KEAP1,9HWT,A96,1,L00547,A,2374,C10,C,38.893,23.575,-5.267,24,C
KEAP1,9HWT,A96,1,L00547,A,2367,N1,N,39.681,23.479,-6.362,26,N
KEAP1,9HWT,A96,1,L00547,A,2369,C11,C,40.538,24.581,-6.805,27,C
KEAP1,9HWT,A96,1,L00547,A,2376,C12,C,41.747,24.178,-7.69,28,C
KEAP1,9HWT,A96,1,L00547,A,2377,C13,C,42.162,25.257,-8.717,29,C
KEAP1,9HWT,A96,1,L00547,A,2371,C14,C,41.249,25.338,-9.967,30,C
KEAP1,9HWT,A96,1,L00547,A,2379,C15,C,39.773,24.905,-9.831,31,C
KEAP1,9HWT,A96,1,L00547,A,2375,C16,C,38.954,25.64,-8.748,32,C
KEAP1,9HWT,A96,1,L00547,A,2378,C17,C,39.66,25.751,-7.366,33,C
KEAP1,9HWT,A96,1,L00547,A,2398,O5,O,38.863,25.696,-13.29,34,O
KEAP1,9HWT,A96,1,L00547,A,2395,C30,C,39.796,26.729,-13.049,35,C
KEAP1,9HWT,A96,1,L00547,A,2397,O4,O,39.135,27.803,-12.42,36,O
KEAP1,9HWU,A92,1,L00548,A,2348,C13,C,38.728,-15.942,-5.369,0,C
KEAP1,9HWU,A92,1,L00548,A,2347,C12,C,38.888,-16.037,-6.721,1,C
KEAP1,9HWU,A92,1,L00548,A,2346,C11,C,39.039,-17.274,-7.332,2,C
KEAP1,9HWU,A92,1,L00548,A,2359,C28,C,38.991,-18.461,-6.587,3,C
KEAP1,9HWU,A92,1,L00548,A,2350,C15,C,38.796,-18.381,-5.179,4,C
KEAP1,9HWU,A92,1,L00548,A,2349,C14,C,38.662,-17.079,-4.586,5,C
KEAP1,9HWU,A92,1,L00548,A,2358,C27,C,38.468,-16.97,-3.184,6,C
KEAP1,9HWU,A92,1,L00548,A,2365,C26,C,38.446,-18.106,-2.439,7,C
KEAP1,9HWU,A92,1,L00548,A,2352,C17,C,38.559,-19.375,-2.986,8,C
KEAP1,9HWU,A92,1,L00548,A,2351,C16,C,38.745,-19.525,-4.363,9,C
KEAP1,9HWU,A92,1,L00548,A,2372,O5,O,38.483,-20.448,-2.131,10,O
KEAP1,9HWU,A92,1,L00548,A,2353,C18,C,38.593,-21.766,-2.652,11,C
KEAP1,9HWU,A92,1,L00548,A,2354,C19,C,40.028,-21.97,-3.101,12,C
KEAP1,9HWU,A92,1,L00548,A,2339,N1,N,40.218,-22.623,-4.245,14,N
KEAP1,9HWU,A92,1,L00548,A,2355,C20,C,41.511,-22.9,-4.826,15,C
KEAP1,9HWU,A92,1,L00548,A,2356,C21,C,41.326,-24.013,-5.854,16,C
KEAP1,9HWU,A92,1,L00548,A,2362,C22,C,42.706,-24.244,-6.49,17,C
KEAP1,9HWU,A92,1,L00548,A,2357,C23,C,43.328,-22.989,-7.134,18,C
KEAP1,9HWU,A92,1,L00548,A,2363,C24,C,43.346,-21.729,-6.251,19,C
KEAP1,9HWU,A92,1,L00548,A,2364,C25,C,42.018,-21.6,-5.485,20,C
KEAP1,9HWU,A92,1,L00548,A,2340,C3,C,39.289,-17.287,-8.856,21,C
KEAP1,9HWU,A92,1,L00548,A,2361,C2,C,38.085,-17.556,-9.696,22,C
KEAP1,9HWU,A92,1,L00548,A,2360,C1,C,38.28,-17.282,-11.187,23,C
KEAP1,9HWU,A92,1,L00548,A,2368,O1,O,37.922,-18.075,-12.025,25,O
KEAP1,9HWU,A92,1,L00548,A,2341,C4,C,40.571,-18.103,-9.184,26,C
KEAP1,9HWU,A92,1,L00548,A,2345,C10,C,41.795,-17.707,-8.589,27,C
KEAP1,9HWU,A92,1,L00548,A,2367,C9,C,42.995,-18.386,-8.819,28,C
KEAP1,9HWU,A92,1,L00548,A,2366,C8,C,42.935,-19.466,-9.656,29,C
KEAP1,9HWU,A92,1,L00548,A,2343,C6,C,41.779,-19.893,-10.242,30,C
KEAP1,9HWU,A92,1,L00548,A,2342,C5,C,40.554,-19.238,-10.032,31,C
KEAP1,9HWU,A92,1,L00548,A,2370,O3,O,42.072,-20.975,-10.998,32,O
KEAP1,9HWU,A92,1,L00548,A,2344,C7,C,43.441,-20.778,-11.246,33,C
KEAP1,9HWU,A92,1,L00548,A,2371,O4,O,43.949,-20.288,-10.039,34,O
KEAP1,9HWV,A93,1,L00549,A,2369,C25,C,38.691,15.993,7.426,0,C
KEAP1,9HWV,A93,1,L00549,A,2368,C24,C,38.823,16.045,8.798,1,C
KEAP1,9HWV,A93,1,L00549,A,2361,C13,C,38.883,17.251,9.478,2,C
KEAP1,9HWV,A93,1,L00549,A,2373,C12,C,38.796,18.456,8.748,3,C
KEAP1,9HWV,A93,1,L00549,A,2360,C11,C,38.647,18.428,7.33,4,C
KEAP1,9HWV,A93,1,L00549,A,2370,C26,C,38.595,17.157,6.675,5,C
KEAP1,9HWV,A93,1,L00549,A,2371,C27,C,38.441,17.071,5.273,6,C
KEAP1,9HWV,A93,1,L00549,A,2378,C28,C,38.354,18.237,4.536,7,C
KEAP1,9HWV,A93,1,L00549,A,2359,C9,C,38.4,19.504,5.129,8,C
KEAP1,9HWV,A93,1,L00549,A,2372,C10,C,38.545,19.599,6.529,9,C
KEAP1,9HWV,A93,1,L00549,A,2384,O2,O,38.28,20.529,4.214,10,O
KEAP1,9HWV,A93,1,L00549,A,2381,C8,C,38.535,21.906,4.581,11,C
KEAP1,9HWV,A93,1,L00549,A,2353,C1,C,39.929,21.854,5.178,12,C
KEAP1,9HWV,A93,1,L00549,A,2382,N1,N,40.153,22.487,6.341,14,N
KEAP1,9HWV,A93,1,L00549,A,2354,C2,C,41.425,22.505,7.033,15,C
KEAP1,9HWV,A93,1,L00549,A,2358,C7,C,41.494,21.33,8.08,16,C
KEAP1,9HWV,A93,1,L00549,A,2380,C6,C,42.382,21.609,9.322,17,C
KEAP1,9HWV,A93,1,L00549,A,2356,C5,C,43.496,22.652,9.027,18,C
KEAP1,9HWV,A93,1,L00549,A,2355,C4,C,42.809,23.907,8.504,19,C
KEAP1,9HWV,A93,1,L00549,A,2379,C3,C,41.716,23.811,7.724,20,C
KEAP1,9HWV,A93,1,L00549,A,2374,C14,C,39.057,17.196,11.018,21,C
KEAP1,9HWV,A93,1,L00549,A,2366,C22,C,37.853,17.546,11.915,22,C
KEAP1,9HWV,A93,1,L00549,A,2367,C23,C,38.164,17.219,13.384,23,C
KEAP1,9HWV,A93,1,L00549,A,2357,O6,O,37.701,17.869,14.31,25,O
KEAP1,9HWV,A93,1,L00549,A,2362,C15,C,40.384,17.905,11.299,26,C
KEAP1,9HWV,A93,1,L00549,A,2363,C16,C,41.526,17.257,10.802,27,C
KEAP1,9HWV,A93,1,L00549,A,2375,C17,C,42.8,17.8,10.99,28,C
KEAP1,9HWV,A93,1,L00549,A,2376,C18,C,42.907,18.993,11.678,29,C
KEAP1,9HWV,A93,1,L00549,A,2377,C20,C,41.81,19.651,12.16,30,C
KEAP1,9HWV,A93,1,L00549,A,2365,C21,C,40.522,19.136,11.991,31,C
KEAP1,9HWV,A93,1,L00549,A,2386,O4,O,42.223,20.79,12.781,32,O
KEAP1,9HWV,A93,1,L00549,A,2364,C19,C,43.612,20.895,12.537,33,C
KEAP1,9HWV,A93,1,L00549,A,2385,O3,O,44.032,19.692,11.958,34,O
KEAP1,9HWW,A94,1,L00550,A,2344,C26,C,33.358,25.636,-7.354,0,C
KEAP1,9HWW,A94,1,L00550,A,2343,C25,C,33.477,25.721,-8.709,1,C
KEAP1,9HWW,A94,1,L00550,A,2329,C13,C,34.542,25.135,-9.363,2,C
KEAP1,9HWW,A94,1,L00550,A,2328,C12,C,35.517,24.449,-8.639,3,C
KEAP1,9HWW,A94,1,L00550,A,2327,C11,C,35.398,24.342,-7.222,4,C
KEAP1,9HWW,A94,1,L00550,A,2345,C27,C,34.275,24.956,-6.584,5,C
KEAP1,9HWW,A94,1,L00550,A,2346,C28,C,34.087,24.891,-5.185,6,C
KEAP1,9HWW,A94,1,L00550,A,2347,C29,C,35.027,24.222,-4.45,7,C
KEAP1,9HWW,A94,1,L00550,A,2337,C9,C,36.152,23.596,-5.023,8,C
KEAP1,9HWW,A94,1,L00550,A,2326,C10,C,36.336,23.646,-6.408,9,C
KEAP1,9HWW,A94,1,L00550,A,2350,O2,O,36.955,22.973,-4.1,10,O
KEAP1,9HWW,A94,1,L00550,A,2325,C8,C,38.256,22.445,-4.438,11,C
KEAP1,9HWW,A94,1,L00550,A,2319,C1,C,38.971,23.596,-5.124,12,C
KEAP1,9HWW,A94,1,L00550,A,2348,N1,N,39.634,23.348,-6.264,14,N
KEAP1,9HWW,A94,1,L00550,A,2320,C2,C,40.342,24.338,-7.024,15,C
KEAP1,9HWW,A94,1,L00550,A,2321,C3,C,41.51,23.874,-7.894,16,C
KEAP1,9HWW,A94,1,L00550,A,2338,C4,C,42.247,25.121,-8.438,17,C
KEAP1,9HWW,A94,1,L00550,A,2322,C5,C,41.305,26.274,-8.831,18,C
KEAP1,9HWW,A94,1,L00550,A,2323,C6,C,39.853,25.822,-9.095,19,C
KEAP1,9HWW,A94,1,L00550,A,2324,C7,C,39.265,25.056,-7.901,20,C
KEAP1,9HWW,A94,1,L00550,A,2336,C14,C,34.551,25.343,-10.865,21,C
KEAP1,9HWW,A94,1,L00550,A,2341,C23,C,33.77,24.371,-11.787,22,C
KEAP1,9HWW,A94,1,L00550,A,2342,C24,C,33.864,24.754,-13.268,23,C
KEAP1,9HWW,A94,1,L00550,A,2353,O5,O,34.447,23.778,-13.999,25,O
KEAP1,9HWW,A94,1,L00550,A,2330,C15,C,35.965,25.55,-11.408,26,C
KEAP1,9HWW,A94,1,L00550,A,2340,C22,C,36.695,24.494,-12.015,27,C
KEAP1,9HWW,A94,1,L00550,A,2339,C21,C,37.974,24.694,-12.514,28,C
KEAP1,9HWW,A94,1,L00550,A,2335,C20,C,38.525,25.957,-12.39,29,C
KEAP1,9HWW,A94,1,L00550,A,2332,C17,C,37.792,27.004,-11.782,30,C
KEAP1,9HWW,A94,1,L00550,A,2331,C16,C,36.519,26.815,-11.286,31,C
KEAP1,9HWW,A94,1,L00550,A,2351,O3,O,38.288,28.252,-11.637,32,O
KEAP1,9HWW,A94,1,L00550,A,2333,C18,C,39.704,28.242,-11.833,33,C
KEAP1,9HWW,A94,1,L00550,A,2334,C19,C,40.006,27.519,-13.162,34,C
KEAP1,9HWW,A94,1,L00550,A,2352,O4,O,39.793,26.12,-12.907,35,O
KEAP1,9HWX,A97,1,L00551,A,2302,C27,C,33.187,25.495,-7.358,0,C
KEAP1,9HWX,A97,1,L00551,A,2301,C26,C,33.317,25.613,-8.719,1,C
KEAP1,9HWX,A97,1,L00551,A,2289,C14,C,34.449,25.152,-9.363,2,C
KEAP1,9HWX,A97,1,L00551,A,2288,C13,C,35.441,24.544,-8.642,3,C
KEAP1,9HWX,A97,1,L00551,A,2287,C12,C,35.331,24.396,-7.239,4,C
KEAP1,9HWX,A97,1,L00551,A,2303,C28,C,34.167,24.881,-6.584,5,C
KEAP1,9HWX,A97,1,L00551,A,2304,C29,C,34.026,24.755,-5.201,6,C
KEAP1,9HWX,A97,1,L00551,A,2305,C30,C,34.99,24.186,-4.458,7,C
KEAP1,9HWX,A97,1,L00551,A,2285,C10,C,36.168,23.668,-5.069,8,C
KEAP1,9HWX,A97,1,L00551,A,2286,C11,C,36.333,23.787,-6.447,9,C
KEAP1,9HWX,A97,1,L00551,A,2275,O2,O,37.048,23.107,-4.203,10,O
KEAP1,9HWX,A97,1,L00551,A,2308,C9,C,38.278,22.566,-4.736,11,C
KEAP1,9HWX,A97,1,L00551,A,2277,C1,C,39.174,23.657,-5.269,12,C
KEAP1,9HWX,A97,1,L00551,A,2276,N1,N,39.948,23.552,-6.396,14,N
KEAP1,9HWX,A97,1,L00551,A,2278,C2,C,40.845,24.602,-6.911,15,C
KEAP1,9HWX,A97,1,L00551,A,2279,C3,C,41.805,24.118,-8.06,16,C
KEAP1,9HWX,A97,1,L00551,A,2280,C4,C,41.171,23.694,-9.421,17,C
KEAP1,9HWX,A97,1,L00551,A,2281,C5,C,40.239,24.724,-10.124,18,C
KEAP1,9HWX,A97,1,L00551,A,2282,C6,C,38.905,24.859,-9.382,19,C
KEAP1,9HWX,A97,1,L00551,A,2306,C7,C,38.896,25.855,-8.203,20,C
KEAP1,9HWX,A97,1,L00551,A,2307,C8,C,40.193,25.93,-7.374,21,C
KEAP1,9HWX,A97,1,L00551,A,2290,C15,C,34.505,25.368,-10.858,22,C
KEAP1,9HWX,A97,1,L00551,A,2299,C24,C,33.717,24.306,-11.635,23,C
KEAP1,9HWX,A97,1,L00551,A,2300,C25,C,33.652,24.638,-13.107,24,C
KEAP1,9HWX,A97,1,L00551,A,2309,O5,O,33.964,23.531,-13.815,26,O
KEAP1,9HWX,A97,1,L00551,A,2291,C16,C,35.878,25.61,-11.492,27,C
KEAP1,9HWX,A97,1,L00551,A,2298,C23,C,36.574,24.592,-12.174,28,C
KEAP1,9HWX,A97,1,L00551,A,2297,C22,C,37.818,24.808,-12.759,29,C
KEAP1,9HWX,A97,1,L00551,A,2296,C21,C,38.356,26.069,-12.649,30,C
KEAP1,9HWX,A97,1,L00551,A,2293,C18,C,37.656,27.072,-11.971,31,C
KEAP1,9HWX,A97,1,L00551,A,2292,C17,C,36.418,26.872,-11.387,32,C
KEAP1,9HWX,A97,1,L00551,A,2283,O3,O,38.201,28.297,-11.858,33,O
KEAP1,9HWX,A97,1,L00551,A,2294,C19,C,39.562,28.079,-11.464,34,C
KEAP1,9HWX,A97,1,L00551,A,2295,C20,C,40.316,27.361,-12.604,35,C
KEAP1,9HWX,A97,1,L00551,A,2284,O4,O,39.589,26.279,-13.215,36,O
KEAP1,9UO8,B15,1,L00625,A,4398,C23,C,42.772,9.695,38.517,0,C
KEAP1,9UO8,B15,1,L00625,A,4397,C22,C,41.65,9.054,39.38,1,C
KEAP1,9UO8,B15,1,L00625,A,4418,O21,O,41.403,9.795,40.585,2,O
KEAP1,9UO8,B15,1,L00625,A,4394,C18,C,40.458,9.393,41.472,3,C
KEAP1,9UO8,B15,1,L00625,A,4393,C17,C,40.302,9.992,42.714,4,C
KEAP1,9UO8,B15,1,L00625,A,4383,C16,C,39.347,9.573,43.614,5,C
KEAP1,9UO8,B15,1,L00625,A,4382,C15,C,38.44,8.529,43.428,6,C
KEAP1,9UO8,B15,1,L00625,A,4396,C20,C,38.606,7.909,42.158,7,C
KEAP1,9UO8,B15,1,L00625,A,4395,C19,C,39.564,8.308,41.207,8,C
KEAP1,9UO8,B15,1,L00625,A,4423,S12,S,37.248,8.083,44.665,9,S
KEAP1,9UO8,B15,1,L00625,A,4413,N11,N,37.905,6.938,45.668,12,N
KEAP1,9UO8,B15,1,L00625,A,4381,C10,C,38.286,5.643,45.254,13,C
KEAP1,9UO8,B15,1,L00625,A,4392,C09,C,39.494,5.357,44.719,14,C
KEAP1,9UO8,B15,1,L00625,A,4391,C08,C,39.925,4.063,44.289,15,C
KEAP1,9UO8,B15,1,L00625,A,4390,C07,C,39.062,2.987,44.399,16,C
KEAP1,9UO8,B15,1,L00625,A,4384,C01,C,37.736,3.249,44.954,17,C
KEAP1,9UO8,B15,1,L00625,A,4385,C02,C,37.355,4.55,45.376,18,C
KEAP1,9UO8,B15,1,L00625,A,4386,C03,C,36.066,4.722,45.907,19,C
KEAP1,9UO8,B15,1,L00625,A,4387,C04,C,35.164,3.697,46.04,20,C
KEAP1,9UO8,B15,1,L00625,A,4388,C05,C,35.539,2.395,45.625,21,C
KEAP1,9UO8,B15,1,L00625,A,4389,C06,C,36.786,2.209,45.099,22,C
KEAP1,9UO8,B15,1,L00625,A,4414,N24,N,39.298,1.667,44.032,23,N
KEAP1,9UO8,B15,1,L00625,A,4424,S25,S,39.235,1.041,42.483,24,S
KEAP1,9UO8,B15,1,L00625,A,4399,C28,C,40.754,1.396,41.729,27,C
KEAP1,9UO8,B15,1,L00625,A,4400,C29,C,41.964,0.935,42.318,28,C
KEAP1,9UO8,B15,1,L00625,A,4401,C30,C,43.234,1.179,41.791,29,C
KEAP1,9UO8,B15,1,L00625,A,4402,C31,C,43.365,1.911,40.582,30,C
KEAP1,9UO8,B15,1,L00625,A,4403,C32,C,42.179,2.384,39.972,31,C
KEAP1,9UO8,B15,1,L00625,A,4404,C33,C,40.933,2.123,40.534,32,C
KEAP1,9UO8,B15,1,L00625,A,4421,O34,O,44.611,2.126,40.078,33,O
KEAP1,9UO8,B15,1,L00625,A,4405,C35,C,44.809,3.068,39.03,34,C
KEAP1,9UO8,B15,1,L00625,A,4406,C36,C,46.293,3.014,38.642,35,C
KEAP1,9UO8,B15,1,L00625,A,4407,C37,C,41.347,4.029,43.723,36,C
KEAP1,9UO8,B15,1,L00625,A,4408,C38,C,41.569,5.291,42.744,37,C
KEAP1,9UO8,B15,1,L00625,A,4415,N39,N,42.431,6.426,43.182,39,N
KEAP1,9UO8,B15,1,L00625,A,4409,C41,C,42.716,7.599,42.404,40,C
KEAP1,9UO8,B15,1,L00625,A,4410,C42,C,43.544,8.446,43.12,41,C
KEAP1,9UO8,B15,1,L00625,A,4411,C43,C,43.813,7.826,44.36,42,C
KEAP1,9UO8,B15,1,L00625,A,4412,C44,C,43.146,6.631,44.382,43,C
KEAP1,9VD2,B16,1,L00626,A,2259,C47,C,3.184,30.01,15.891,0,C
KEAP1,9VD2,B16,1,L00626,A,2258,O46,O,3.032,28.711,15.31,1,O
KEAP1,9VD2,B16,1,L00626,A,2256,C44,C,3.892,28.443,14.23,2,C
KEAP1,9VD2,B16,1,L00626,A,2255,C43,C,5.372,28.274,14.571,3,C
KEAP1,9VD2,B16,1,L00626,A,2253,C41,C,5.41,27.189,13.461,4,C
KEAP1,9VD2,B16,1,L00626,A,2257,C45,C,3.888,27.005,13.712,5,C
KEAP1,9VD2,B16,1,L00626,A,2252,C40,C,5.959,27.586,12.033,6,C
KEAP1,9VD2,B16,1,L00626,A,2234,N22,N,6.869,26.459,12.299,7,N
KEAP1,9VD2,B16,1,L00626,A,2254,C42,C,6.389,25.958,13.592,8,C
KEAP1,9VD2,B16,1,L00626,A,2229,C17,C,7.974,25.98,11.51,9,C
KEAP1,9VD2,B16,1,L00626,A,2228,C16,C,8.23,26.534,10.262,10,C
KEAP1,9VD2,B16,1,L00626,A,2224,C15,C,9.294,26.068,9.514,11,C
KEAP1,9VD2,B16,1,L00626,A,2223,C13,C,10.129,25.059,9.989,12,C
KEAP1,9VD2,B16,1,L00626,A,2231,C19,C,9.861,24.519,11.244,13,C
KEAP1,9VD2,B16,1,L00626,A,2230,C18,C,8.801,24.976,12.009,14,C
KEAP1,9VD2,B16,1,L00626,A,2232,CL20,Cl,10.878,23.256,11.868,15,Cl
KEAP1,9VD2,B16,1,L00626,A,2222,C12,C,11.346,24.64,9.225,16,C
KEAP1,9VD2,B16,1,L00626,A,2226,N9,N,11.203,23.783,8.203,18,N
KEAP1,9VD2,B16,1,L00626,A,2220,C10,C,12.365,23.289,7.458,19,C
KEAP1,9VD2,B16,1,L00626,A,2217,C5,C,12.456,21.812,7.7,20,C
KEAP1,9VD2,B16,1,L00626,A,2218,C6,C,13.638,21.107,7.471,21,C
KEAP1,9VD2,B16,1,L00626,A,2213,C1,C,13.696,19.747,7.695,22,C
KEAP1,9VD2,B16,1,L00626,A,2214,C2,C,12.574,19.078,8.142,23,C
KEAP1,9VD2,B16,1,L00626,A,2215,C3,C,11.38,19.758,8.413,24,C
KEAP1,9VD2,B16,1,L00626,A,2216,C4,C,11.323,21.121,8.145,25,C
KEAP1,9VD2,B16,1,L00626,A,2225,O7,O,10.107,21.737,8.385,26,O
KEAP1,9VD2,B16,1,L00626,A,2219,C8,C,9.963,23.079,7.858,27,C
KEAP1,9VD2,B16,1,L00626,A,2221,C11,C,10.184,19.013,8.9,28,C
KEAP1,9VD2,B16,1,L00626,A,2239,C27,C,9.528,19.414,10.06,29,C
KEAP1,9VD2,B16,1,L00626,A,2238,C26,C,8.434,18.708,10.572,30,C
KEAP1,9VD2,B16,1,L00626,A,2237,C25,C,8.009,17.539,9.907,31,C
KEAP1,9VD2,B16,1,L00626,A,2236,C24,C,8.687,17.113,8.763,32,C
KEAP1,9VD2,B16,1,L00626,A,2235,C23,C,9.777,17.825,8.312,33,C
KEAP1,9VD2,B16,1,L00626,A,2244,F32,F,10.362,17.42,7.16,34,F
KEAP1,9VD2,B16,1,L00626,A,2240,C28,C,6.874,16.68,10.398,35,C
KEAP1,9VD2,B16,1,L00626,A,2241,O29,O,5.816,17.245,10.731,37,O
KEAP1,9VD2,B16,1,L00626,A,2243,N31,N,7.783,19.171,11.763,38,N
KEAP1,9VD2,B16,1,L00626,A,2245,C33,C,7.745,18.307,12.952,39,C
KEAP1,9VD2,B16,1,L00626,A,2250,C38,C,9.121,18.593,13.539,40,C
KEAP1,9VD2,B16,1,L00626,A,2251,C39,C,9.356,20.091,13.208,41,C
KEAP1,9VD2,B16,1,L00626,A,2249,C37,C,8.153,20.476,12.339,42,C
KEAP1,9VD2,B16,1,L00626,A,2248,C36,C,7.027,21.003,13.22,43,C
KEAP1,9VD2,B16,1,L00626,A,2247,O35,O,6.883,20.095,14.327,44,O
KEAP1,9VD2,B16,1,L00626,A,2246,C34,C,6.626,18.755,13.881,45,C
KEAP1,9VD2,B16,1,L00626,A,2233,CL21,Cl,9.554,26.709,7.922,46,Cl
MDM2,3FEA,PM3,1,L00698,A,707,CG,C,15.216,21.715,8.421,0,C
MDM2,3FEA,PM3,1,L00698,A,708,CD1,C,13.945,22.272,8.23,1,C
MDM2,3FEA,PM3,1,L00698,A,709,CE1,C,13.31,22.953,9.287,2,C
MDM2,3FEA,PM3,1,L00698,A,712,CZ,C,13.957,23.04,10.526,3,C
MDM2,3FEA,PM3,1,L00698,A,711,CE2,C,15.21,22.436,10.733,4,C
MDM2,3FEA,PM3,1,L00698,A,713,CH4,C,13.256,23.749,11.704,5,C
MDM2,9GFK,B20,2,L00737,A,263,SD,S,0.465,3.286,29.192,1,S
MDM2,9GFK,B21,2,L00738,A,263,SD,S,0.465,3.286,29.192,1,S
PARKIN,2YMV,PGE,1,L00694,A,290,C,C,-44.303,67.108,-11.095,3,C
PARKIN,2YMV,PGE,1,L00694,A,289,CA,C,-42.89,66.934,-11.646,4,C
PARKIN,2YMV,PGE,1,L00694,A,292,CB,C,-42.697,65.466,-11.961,5,C
PARKIN,2YMV,PGE,1,L00694,A,293,CG,C,-43.55,64.9,-13.093,6,C
PARKIN,2YMV,PGE,1,L00694,A,294,CD1,C,-43.105,65.586,-14.376,7,C
PARKIN,2YMV,PGE,1,L00694,A,295,CD2,C,-43.418,63.413,-13.216,1,C
PARKIN,2YMV,PGE,1,L00694,A,288,N,N,-41.948,67.327,-10.606,8,N
PARKIN,2YMV,PGE,1,L00694,A,281,C,C,-40.983,68.194,-10.878,18,C
PARKIN,2YMV,PGE,1,L00694,A,280,CA,C,-40.083,68.548,-9.711,19,C
PARKIN,2YMV,PGE,1,L00694,A,283,CB,C,-40.904,69.4,-8.737,20,C
PARKIN,2YMV,PGE,1,L00694,A,284,CG,C,-40.162,69.785,-7.499,21,C
PARKIN,2YMV,PGE,1,L00694,A,285,CD,C,-41.018,70.596,-6.553,22,C
PARKIN,2YMV,PGE,1,L00694,A,287,OE2,O,-40.756,70.379,-5.369,23,O
PARKIN,2YMV,PGE,1,L00694,A,296,N,N,-45.066,67.944,-11.752,11,N
PARKIN,2YMV,PGE,1,L00694,A,297,CA,C,-46.43,68.233,-11.355,10,C
PARKIN,2YMV,PGE,1,L00694,A,300,CB,C,-46.717,69.689,-11.568,9,C
PARKIN,2YMV,PGE,1,L00694,A,298,C,C,-47.363,67.397,-12.179,12,C
PARKIN,2YMV,PGE,1,L00694,A,299,O,O,-47.24,67.289,-13.4,13,O
PARKIN,2YMV,PGE,1,L00694,A,305,N,N,-48.334,66.798,-11.505,14,N
PARKIN,2YMV,PGE,1,L00694,A,306,CA,C,-49.36,65.937,-12.13,15,C
PARKIN,2YMV,PGE,1,L00695,A,290,C,C,-44.303,67.108,-11.095,3,C
PARKIN,2YMV,PGE,1,L00695,A,289,CA,C,-42.89,66.934,-11.646,4,C
PARKIN,2YMV,PGE,1,L00695,A,292,CB,C,-42.697,65.466,-11.961,5,C
PARKIN,2YMV,PGE,1,L00695,A,293,CG,C,-43.55,64.9,-13.093,6,C
PARKIN,2YMV,PGE,1,L00695,A,294,CD1,C,-43.105,65.586,-14.376,7,C
PARKIN,2YMV,PGE,1,L00695,A,295,CD2,C,-43.418,63.413,-13.216,1,C
PARKIN,2YMV,PGE,1,L00695,A,288,N,N,-41.948,67.327,-10.606,8,N
PARKIN,2YMV,PGE,1,L00695,A,281,C,C,-40.983,68.194,-10.878,18,C
PARKIN,2YMV,PGE,1,L00695,A,280,CA,C,-40.083,68.548,-9.711,19,C
PARKIN,2YMV,PGE,1,L00695,A,283,CB,C,-40.904,69.4,-8.737,20,C
PARKIN,2YMV,PGE,1,L00695,A,284,CG,C,-40.162,69.785,-7.499,21,C
PARKIN,2YMV,PGE,1,L00695,A,285,CD,C,-41.018,70.596,-6.553,22,C
PARKIN,2YMV,PGE,1,L00695,A,287,OE2,O,-40.756,70.379,-5.369,23,O
PARKIN,2YMV,PGE,1,L00695,A,296,N,N,-45.066,67.944,-11.752,11,N
PARKIN,2YMV,PGE,1,L00695,A,297,CA,C,-46.43,68.233,-11.355,10,C
PARKIN,2YMV,PGE,1,L00695,A,300,CB,C,-46.717,69.689,-11.568,9,C
PARKIN,2YMV,PGE,1,L00695,A,298,C,C,-47.363,67.397,-12.179,12,C
PARKIN,2YMV,PGE,1,L00695,A,299,O,O,-47.24,67.289,-13.4,13,O
PARKIN,2YMV,PGE,1,L00695,A,305,N,N,-48.334,66.798,-11.505,14,N
PARKIN,2YMV,PGE,1,L00695,A,306,CA,C,-49.36,65.937,-12.13,15,C
TRIM21,7HLA,A05,2,L00498,A,1086,CA,C,-26.889,-6.573,-9.38,0,C
TRIM21,7HLA,A05,2,L00498,A,1087,C,C,-27.377,-5.378,-10.182,1,C
TRIM21,7HLA,A05,2,L00498,A,1092,N,N,-26.527,-4.377,-10.307,2,N
TRIM21,7HLA,A05,2,L00498,A,1093,CA,C,-26.755,-3.27,-11.257,9,C
TRIM21,7HLA,A05,2,L00498,A,1096,CB,C,-26.356,-1.928,-10.67,10,C
TRIM21,7HLA,A05,2,L00498,A,1097,SG,S,-27.327,-1.473,-9.207,11,S
TRIM21,7HLA,A05,2,L00498,A,1085,N,N,-27.864,-7.18,-8.504,5,N
TRIM21,7HLA,A05,2,L00498,A,1080,C,C,-28.22,-6.584,-7.345,4,C
TRIM21,7HLA,A05,2,L00498,A,1079,CA,C,-29.186,-7.289,-6.411,3,C
TRIM21,7HLA,A05,2,L00498,A,1091,CD,C,-28.25,-8.534,-8.886,6,C
TRIM21,7HLA,A05,2,L00498,A,1090,CG,C,-27.578,-8.725,-10.216,7,C
TRIM21,7HLA,A06,2,L00499,A,1086,CA,C,-26.889,-6.573,-9.38,0,C
TRIM21,7HLA,A06,2,L00499,A,1087,C,C,-27.377,-5.378,-10.182,1,C
TRIM21,7HLA,A06,2,L00499,A,1092,N,N,-26.527,-4.377,-10.307,2,N
TRIM21,7HLA,A06,2,L00499,A,1093,CA,C,-26.755,-3.27,-11.257,9,C
TRIM21,7HLA,A06,2,L00499,A,1096,CB,C,-26.356,-1.928,-10.67,10,C
TRIM21,7HLA,A06,2,L00499,A,1097,SG,S,-27.327,-1.473,-9.207,11,S
TRIM21,7HLA,A06,2,L00499,A,1085,N,N,-27.864,-7.18,-8.504,5,N
TRIM21,7HLA,A06,2,L00499,A,1080,C,C,-28.22,-6.584,-7.345,4,C
TRIM21,7HLA,A06,2,L00499,A,1079,CA,C,-29.186,-7.289,-6.411,3,C
TRIM21,7HLA,A06,2,L00499,A,1091,CD,C,-28.25,-8.534,-8.886,6,C
TRIM21,7HLA,A06,2,L00499,A,1090,CG,C,-27.578,-8.725,-10.216,7,C
TRIM21,7HLF,A18,1,L00500,A,1588,C1,C,-36.685,7.255,-17.742,0,C
TRIM21,7HLF,A18,1,L00500,A,1590,C2,C,-35.775,7.762,-18.834,1,C
TRIM21,7HLF,A18,1,L00500,A,1591,C3,C,-35.354,6.618,-19.755,2,C
TRIM21,7HLF,A18,1,L00500,A,1582,C4,C,-34.035,6.951,-20.461,3,C
TRIM21,7HLF,A18,1,L00500,A,1583,C5,C,-32.988,6.645,-19.418,4,C
TRIM21,7HLF,A18,1,L00500,A,1581,N1,N,-33.669,5.723,-18.516,5,N
TRIM21,7HLF,A18,1,L00500,A,1584,C6,C,-35.001,5.363,-18.981,6,C
TRIM21,7HLF,A18,1,L00500,A,1585,C7,C,-33.086,5.159,-17.434,7,C
TRIM21,7HLF,A18,1,L00500,A,1586,C8,C,-33.861,4.709,-16.372,8,C
TRIM21,7HLF,A18,1,L00500,A,1592,C9,C,-33.196,4.119,-15.312,9,C
TRIM21,7HLF,A18,1,L00500,A,1587,C10,C,-31.841,3.968,-15.405,10,C
TRIM21,7HLF,A18,1,L00500,A,1589,C11,C,-31.143,4.417,-16.476,11,C
TRIM21,7HLF,A18,1,L00500,A,1594,N2,N,-31.751,5.024,-17.503,12,N
TRIM21,7HLF,A18,1,L00500,A,1593,F1,F,-31.184,3.377,-14.395,13,F
TRIM21,7HLF,A18,1,L00500,A,1595,O1,O,-36.363,6.362,-20.734,14,O
TRIM21,7HLG,A10,1,L00501,A,1588,C1,C,-37.797,6.807,-20.047,0,C
TRIM21,7HLG,A10,1,L00501,A,1589,C2,C,-36.304,6.614,-20.314,1,C
TRIM21,7HLG,A10,1,L00501,A,1583,C5,C,-35.378,7.327,-19.307,2,C
TRIM21,7HLG,A10,1,L00501,A,1582,C4,C,-34.965,5.962,-18.739,3,C
TRIM21,7HLG,A10,1,L00501,A,1590,C3,C,-35.645,5.275,-19.938,4,C
TRIM21,7HLG,A10,1,L00501,A,1581,N1,N,-33.547,5.782,-18.516,5,N
TRIM21,7HLG,A10,1,L00501,A,1584,C6,C,-33.058,5.152,-17.411,6,C
TRIM21,7HLG,A10,1,L00501,A,1587,C10,C,-31.676,4.863,-17.26,7,C
TRIM21,7HLG,A10,1,L00501,A,1591,C9,C,-31.237,4.211,-16.142,8,C
TRIM21,7HLG,A10,1,L00501,A,1586,C8,C,-32.147,3.851,-15.172,9,C
TRIM21,7HLG,A10,1,L00501,A,1585,C7,C,-33.468,4.169,-15.358,10,C
TRIM21,7HLG,A10,1,L00501,A,1593,N2,N,-33.939,4.784,-16.453,11,N
TRIM21,7HLG,A10,1,L00501,A,1592,F1,F,-30.795,5.223,-18.216,12,F
TRIM21,7HLG,A10,1,L00501,A,1594,O1,O,-36.066,6.955,-21.682,13,O
TRIM21,7HLI,A12,1,L00502,A,1563,C01,C,-50.001,-7.245,-30.518,0,C
TRIM21,7HLI,A12,1,L00502,A,1564,C02,C,-49.049,-8.046,-29.685,1,C
TRIM21,7HLI,A12,1,L00502,A,1573,N04,N,-48.12,-7.376,-28.964,3,N
TRIM21,7HLI,A12,1,L00502,A,1565,C05,C,-47.931,-5.924,-28.961,4,C
TRIM21,7HLI,A12,1,L00502,A,1566,C06,C,-46.867,-5.539,-27.923,5,C
TRIM21,7HLI,A12,1,L00502,A,1567,C07,C,-47.262,-6.092,-26.544,6,C
TRIM21,7HLI,A12,1,L00502,A,1568,C08,C,-47.487,-7.603,-26.636,7,C
TRIM21,7HLI,A12,1,L00502,A,1569,C09,C,-47.19,-8.071,-28.058,8,C
TRIM21,7HLI,A12,1,L00502,A,1560,C10,C,-45.763,-7.649,-28.35,9,C
TRIM21,7HLI,A12,1,L00502,A,1562,C15,C,-45.606,-6.261,-28.355,10,C
TRIM21,7HLI,A12,1,L00502,A,1572,C14,C,-44.361,-5.703,-28.627,11,C
TRIM21,7HLI,A12,1,L00502,A,1561,C13,C,-43.275,-6.532,-28.88,12,C
TRIM21,7HLI,A12,1,L00502,A,1571,C12,C,-43.431,-7.914,-28.869,13,C
TRIM21,7HLI,A12,1,L00502,A,1570,C11,C,-44.673,-8.473,-28.605,14,C
TRIM21,7HLO,A02,1,L00503,A,1587,C1,C,-35.87,8.726,-23.463,0,C
TRIM21,7HLO,A02,1,L00503,A,1588,C2,C,-36.903,8.096,-22.577,1,C
TRIM21,7HLO,A02,1,L00503,A,1581,N1,N,-36.553,7.745,-21.323,3,N
TRIM21,7HLO,A02,1,L00503,A,1585,C6,C,-37.339,6.803,-20.53,4,C
TRIM21,7HLO,A02,1,L00503,A,1584,C5,C,-36.495,5.592,-20.195,5,C
TRIM21,7HLO,A02,1,L00503,A,1590,N2,N,-35.288,6.004,-19.49,6,N
TRIM21,7HLO,A02,1,L00503,A,1583,C4,C,-34.499,6.981,-20.236,7,C
TRIM21,7HLO,A02,1,L00503,A,1589,C3,C,-35.35,8.179,-20.611,8,C
TRIM21,7HLO,A02,1,L00503,A,1586,C7,C,-34.928,5.473,-18.308,9,C
TRIM21,7HLO,A02,1,L00503,A,1582,N3,N,-35.844,4.788,-17.632,11,N
TRIM21,7HLP,A33,1,L00504,A,1588,C1,C,-37.377,-11.921,-18.621,0,C
TRIM21,7HLP,A33,1,L00504,A,1592,C2,C,-37.309,-13.358,-19.106,1,C
TRIM21,7HLP,A33,1,L00504,A,1593,C3,C,-38.159,-14.264,-18.241,2,C
TRIM21,7HLP,A33,1,L00504,A,1581,C4,C,-38.503,-15.657,-18.718,3,C
TRIM21,7HLP,A33,1,L00504,A,1582,C5,C,-37.956,-16.202,-19.835,4,C
TRIM21,7HLP,A33,1,L00504,A,1583,C6,C,-38.28,-17.529,-20.278,5,C
TRIM21,7HLP,A33,1,L00504,A,1596,O2,O,-39.182,-18.243,-19.53,7,O
TRIM21,7HLP,A33,1,L00504,A,1584,C7,C,-39.758,-17.731,-18.395,8,C
TRIM21,7HLP,A33,1,L00504,A,1591,C14,C,-39.435,-16.454,-17.942,9,C
TRIM21,7HLP,A33,1,L00504,A,1587,C13,C,-40.092,-16.031,-16.778,10,C
TRIM21,7HLP,A33,1,L00504,A,1590,C12,C,-40.976,-16.843,-16.106,11,C
TRIM21,7HLP,A33,1,L00504,A,1594,C9,C,-41.248,-18.124,-16.593,12,C
TRIM21,7HLP,A33,1,L00504,A,1585,C8,C,-40.638,-18.578,-17.746,13,C
TRIM21,7HLP,A33,1,L00504,A,1597,O3,O,-42.167,-18.938,-15.898,14,O
TRIM21,7HLP,A33,1,L00504,A,1586,C10,C,-43.425,-18.443,-15.706,15,C
TRIM21,7HLP,A33,1,L00504,A,1589,C11,C,-43.769,-18.416,-14.259,17,C
TRIM21,7HLP,A34,1,L00505,A,1588,C1,C,-37.377,-11.921,-18.621,0,C
TRIM21,7HLP,A34,1,L00505,A,1592,C2,C,-37.309,-13.358,-19.106,1,C
TRIM21,7HLP,A34,1,L00505,A,1593,C3,C,-38.159,-14.264,-18.241,2,C
TRIM21,7HLP,A34,1,L00505,A,1581,C4,C,-38.503,-15.657,-18.718,3,C
TRIM21,7HLP,A34,1,L00505,A,1582,C5,C,-37.956,-16.202,-19.835,4,C
TRIM21,7HLP,A34,1,L00505,A,1583,C6,C,-38.28,-17.529,-20.278,5,C
TRIM21,7HLP,A34,1,L00505,A,1596,O2,O,-39.182,-18.243,-19.53,7,O
TRIM21,7HLP,A34,1,L00505,A,1584,C7,C,-39.758,-17.731,-18.395,8,C
TRIM21,7HLP,A34,1,L00505,A,1591,C14,C,-39.435,-16.454,-17.942,9,C
TRIM21,7HLP,A34,1,L00505,A,1587,C13,C,-40.092,-16.031,-16.778,10,C
TRIM21,7HLP,A34,1,L00505,A,1590,C12,C,-40.976,-16.843,-16.106,11,C
TRIM21,7HLP,A34,1,L00505,A,1594,C9,C,-41.248,-18.124,-16.593,12,C
TRIM21,7HLP,A34,1,L00505,A,1585,C8,C,-40.638,-18.578,-17.746,13,C
TRIM21,7HLP,A34,1,L00505,A,1597,O3,O,-42.167,-18.938,-15.898,14,O
TRIM21,7HLP,A34,1,L00505,A,1586,C10,C,-43.425,-18.443,-15.706,15,C
TRIM21,7HLP,A34,1,L00505,A,1589,C11,C,-43.769,-18.416,-14.259,17,C
TRIM21,7HLV,A27,2,L00507,A,1593,C8,C,-25.843,-26.012,-16.383,0,C
TRIM21,7HLV,A27,2,L00507,A,1597,C9,C,-27.162,-26.239,-16.468,1,C
TRIM21,7HLV,A27,2,L00507,A,1601,S1,S,-27.56,-26.902,-18.002,2,S
TRIM21,7HLV,A27,2,L00507,A,1592,C7,C,-25.87,-26.943,-18.371,3,C
TRIM21,7HLV,A27,2,L00507,A,1588,N3,N,-25.09,-26.405,-17.469,4,N
TRIM21,7HLV,A27,2,L00507,A,1598,N2,N,-25.36,-27.487,-19.538,5,N
TRIM21,7HLV,A27,2,L00507,A,1594,C1,C,-26.133,-27.991,-20.549,6,C
TRIM21,7HLV,A27,2,L00507,A,1595,C2,C,-25.387,-28.682,-21.673,8,C
TRIM21,7HLV,A27,2,L00507,A,1587,N1,N,-26.19,-28.815,-22.855,9,N
TRIM21,7HLV,A27,2,L00507,A,1591,C6,C,-26.202,-27.909,-23.836,10,C
TRIM21,7HLV,A27,2,L00507,A,1590,C5,C,-27.18,-28.369,-24.906,11,C
TRIM21,7HLV,A27,2,L00507,A,1589,C4,C,-27.92,-29.514,-24.299,12,C
TRIM21,7HLV,A27,2,L00507,A,1596,C3,C,-27.11,-29.918,-23.067,13,C
TRIM21,7HLV,A28,2,L00508,A,1593,C8,C,-25.843,-26.012,-16.383,0,C
TRIM21,7HLV,A28,2,L00508,A,1597,C9,C,-27.162,-26.239,-16.468,1,C
TRIM21,7HLV,A28,2,L00508,A,1601,S1,S,-27.56,-26.902,-18.002,2,S
TRIM21,7HLV,A28,2,L00508,A,1592,C7,C,-25.87,-26.943,-18.371,3,C
TRIM21,7HLV,A28,2,L00508,A,1588,N3,N,-25.09,-26.405,-17.469,4,N
TRIM21,7HLV,A28,2,L00508,A,1598,N2,N,-25.36,-27.487,-19.538,5,N
TRIM21,7HLV,A28,2,L00508,A,1594,C1,C,-26.133,-27.991,-20.549,6,C
TRIM21,7HLV,A28,2,L00508,A,1595,C2,C,-25.387,-28.682,-21.673,8,C
TRIM21,7HLV,A28,2,L00508,A,1587,N1,N,-26.19,-28.815,-22.855,9,N
TRIM21,7HLV,A28,2,L00508,A,1591,C6,C,-26.202,-27.909,-23.836,10,C
TRIM21,7HLV,A28,2,L00508,A,1590,C5,C,-27.18,-28.369,-24.906,11,C
TRIM21,7HLV,A28,2,L00508,A,1589,C4,C,-27.92,-29.514,-24.299,12,C
TRIM21,7HLV,A28,2,L00508,A,1596,C3,C,-27.11,-29.918,-23.067,13,C
TRIM21,7HLW,A31,1,L00509,A,1561,C01,C,-42.479,-6.054,-28.182,0,C
TRIM21,7HLW,A31,1,L00509,A,1562,C02,C,-43.7,-6.361,-29.051,1,C
TRIM21,7HLW,A31,1,L00509,A,1569,N04,N,-44.996,-5.748,-28.806,3,N
TRIM21,7HLW,A31,1,L00509,A,1563,C05,C,-46.209,-6.033,-29.644,4,C
TRIM21,7HLW,A31,1,L00509,A,1564,C06,C,-47.49,-6.246,-28.844,5,C
TRIM21,7HLW,A31,1,L00509,A,1565,C07,C,-47.72,-5.196,-27.832,6,C
TRIM21,7HLW,A31,1,L00509,A,1566,C08,C,-46.553,-4.989,-26.941,7,C
TRIM21,7HLW,A31,1,L00509,A,1560,C15,C,-45.293,-4.728,-27.747,8,C
TRIM21,7HLW,A31,1,L00509,A,1567,C09,C,-46.819,-3.787,-26.023,9,C
TRIM21,7HLW,A31,1,L00509,A,1570,N10,N,-45.614,-3.192,-25.431,10,N
TRIM21,7HLW,A31,1,L00509,A,1574,S11,S,-45.424,-3.068,-23.736,11,S
TRIM21,7HLW,A31,1,L00509,A,1568,C14,C,-45.358,-4.666,-22.949,14,C
TRIM21,7HM0,A09,1,L00510,A,1574,C8,C,-46.504,-2.457,-22.49,0,C
TRIM21,7HM0,A09,1,L00510,A,1573,C7,C,-45.562,-3.162,-23.41,1,C
TRIM21,7HM0,A09,1,L00510,A,1580,N2,N,-46.06,-3.476,-24.608,3,N
TRIM21,7HM0,A09,1,L00510,A,1572,C6,C,-45.215,-3.579,-25.788,4,C
TRIM21,7HM0,A09,1,L00510,A,1571,C5,C,-45.709,-4.527,-26.855,5,C
TRIM21,7HM0,A09,1,L00510,A,1579,C9,C,-47.056,-4.758,-27.071,6,C
TRIM21,7HM0,A09,1,L00510,A,1575,C10,C,-47.436,-5.628,-28.07,7,C
TRIM21,7HM0,A09,1,L00510,A,1569,N3,N,-46.576,-6.28,-28.86,8,N
TRIM21,7HM0,A09,1,L00510,A,1578,C3,C,-45.255,-6.06,-28.664,9,C
TRIM21,7HM0,A09,1,L00510,A,1570,C4,C,-44.793,-5.181,-27.665,10,C
TRIM21,7HM0,A09,1,L00510,A,1568,N1,N,-44.395,-6.733,-29.465,11,N
TRIM21,7HM0,A09,1,L00510,A,1576,C1,C,-43.488,-6.039,-30.361,12,C
TRIM21,7HM0,A09,1,L00510,A,1577,C2,C,-44.336,-8.185,-29.464,13,C
TRIM21,7HM6,A11,1,L00511,A,1581,C1,C,-32.466,4.699,-16.648,0,C
TRIM21,7HM6,A11,1,L00511,A,1582,C2,C,-33.415,5.139,-17.554,1,C
TRIM21,7HM6,A11,1,L00511,A,1583,C3,C,-34.765,4.988,-17.223,2,C
TRIM21,7HM6,A11,1,L00511,A,1572,N1,N,-35.162,4.445,-16.054,3,N
TRIM21,7HM6,A11,1,L00511,A,1584,C9,C,-34.22,4.036,-15.189,4,C
TRIM21,7HM6,A11,1,L00511,A,1579,C,C,-32.895,4.153,-15.469,5,C
TRIM21,7HM6,A11,1,L00511,A,1585,F,F,-31.984,3.685,-14.568,6,F
TRIM21,7HM6,A11,1,L00511,A,1578,N,N,-35.786,5.378,-18.042,7,N
TRIM21,7HM6,A11,1,L00511,A,1573,C4,C,-35.664,5.911,-19.393,8,C
TRIM21,7HM6,A11,1,L00511,A,1574,C5,C,-36.974,5.701,-20.144,9,C
TRIM21,7HM6,A11,1,L00511,A,1575,C6,C,-37.013,6.476,-21.437,10,C
TRIM21,7HM6,A11,1,L00511,A,1580,O,O,-36.727,7.854,-21.218,11,O
TRIM21,7HM6,A11,1,L00511,A,1576,C7,C,-35.407,8.021,-20.709,12,C
TRIM21,7HM6,A11,1,L00511,A,1577,C8,C,-35.267,7.381,-19.35,13,C
TRIM21,7HM7,A08,1,L00512,A,1086,CA,C,-26.864,-6.455,-9.452,0,C
TRIM21,7HM7,A08,1,L00512,A,1087,C,C,-27.357,-5.243,-10.241,1,C
TRIM21,7HM7,A08,1,L00512,A,1092,N,N,-26.497,-4.247,-10.369,2,N
TRIM21,7HM7,A08,1,L00512,A,1093,CA,C,-26.71,-3.134,-11.329,9,C
TRIM21,7HM7,A08,1,L00512,A,1096,CB,C,-26.336,-1.788,-10.746,10,C
TRIM21,7HM7,A08,1,L00512,A,1097,SG,S,-27.346,-1.359,-9.297,11,S
TRIM21,7HM7,A08,1,L00512,A,1085,N,N,-27.87,-7.037,-8.584,5,N
TRIM21,7HM7,A08,1,L00512,A,1080,C,C,-28.261,-6.425,-7.453,4,C
TRIM21,7HM7,A08,1,L00512,A,1079,CA,C,-29.24,-7.106,-6.519,3,C
TRIM21,7HM7,A08,1,L00512,A,1091,CD,C,-28.254,-8.403,-8.948,6,C
TRIM21,7HM7,A08,1,L00512,A,1090,CG,C,-27.548,-8.622,-10.241,7,C
TRIM21,7HM9,A14,1,L00513,A,1575,C1,C,-46.453,-2.484,-23.217,0,C
TRIM21,7HM9,A14,1,L00513,A,1568,N1,N,-46.221,-3.737,-23.923,1,N
TRIM21,7HM9,A14,1,L00513,A,1578,C2,C,-47.302,-4.166,-24.803,2,C
TRIM21,7HM9,A14,1,L00513,A,1579,C3,C,-45.104,-4.458,-23.758,3,C
TRIM21,7HM9,A14,1,L00513,A,1569,C4,C,-44.716,-5.457,-24.814,5,C
TRIM21,7HM9,A14,1,L00513,A,1570,C5,C,-44.488,-6.795,-24.466,6,C
TRIM21,7HM9,A14,1,L00513,A,1571,C6,C,-44.104,-7.724,-25.41,7,C
TRIM21,7HM9,A14,1,L00513,A,1572,C7,C,-43.926,-7.332,-26.744,8,C
TRIM21,7HM9,A14,1,L00513,A,1576,C11,C,-44.154,-6.006,-27.122,9,C
TRIM21,7HM9,A14,1,L00513,A,1577,C12,C,-44.535,-5.08,-26.143,10,C
TRIM21,7HM9,A14,1,L00513,A,1574,C10,C,-43.954,-5.609,-28.555,11,C
TRIM21,7HM9,A14,1,L00513,A,1580,C9,C,-42.859,-6.461,-29.171,12,C
TRIM21,7HM9,A14,1,L00513,A,1573,C8,C,-43.209,-7.917,-29.048,13,C
TRIM21,7HM9,A14,1,L00513,A,1581,N2,N,-43.548,-8.266,-27.68,14,N
TRIM21,7HMI,A07,1,L00515,A,1571,C01,C,-45.815,-9.209,-30.783,0,C
TRIM21,7HMI,A07,1,L00515,A,1578,N02,N,-45.167,-8.094,-30.08,1,N
TRIM21,7HMI,A07,1,L00515,A,1572,C03,C,-43.709,-8.017,-29.992,2,C
TRIM21,7HMI,A07,1,L00515,A,1573,C04,C,-46.001,-7.059,-29.485,3,C
TRIM21,7HMI,A07,1,L00515,A,1580,N08,N,-45.698,-6.296,-28.405,4,N
TRIM21,7HMI,A07,1,L00515,A,1574,C07,C,-46.753,-5.487,-28.179,5,C
TRIM21,7HMI,A07,1,L00515,A,1581,O06,O,-47.652,-5.719,-29.085,6,O
TRIM21,7HMI,A07,1,L00515,A,1579,N05,N,-47.2,-6.705,-29.904,7,N
TRIM21,7HMI,A07,1,L00515,A,1575,C09,C,-46.884,-4.445,-27.061,8,C
TRIM21,7HMI,A07,1,L00515,A,1568,C10,C,-47.432,-5.125,-25.859,9,C
TRIM21,7HMI,A07,1,L00515,A,1576,C11,C,-47.597,-4.158,-24.695,10,C
TRIM21,7HMI,A07,1,L00515,A,1569,N12,N,-46.382,-3.328,-24.414,11,N
TRIM21,7HMI,A07,1,L00515,A,1570,C13,C,-45.696,-2.797,-25.639,12,C
TRIM21,7HMI,A07,1,L00515,A,1577,C14,C,-45.556,-3.844,-26.727,13,C
TRIM21,7HMR,A03,1,L00516,A,1086,CA,C,-26.933,-6.409,-9.486,0,C
TRIM21,7HMR,A03,1,L00516,A,1087,C,C,-27.439,-5.205,-10.277,1,C
TRIM21,7HMR,A03,1,L00516,A,1092,N,N,-26.563,-4.22,-10.407,2,N
TRIM21,7HMR,A03,1,L00516,A,1093,CA,C,-26.759,-3.112,-11.369,9,C
TRIM21,7HMR,A03,1,L00516,A,1096,CB,C,-26.371,-1.778,-10.758,10,C
TRIM21,7HMR,A03,1,L00516,A,1097,SG,S,-27.364,-1.321,-9.312,11,S
TRIM21,7HMR,A03,1,L00516,A,1085,N,N,-27.951,-6.993,-8.643,5,N
TRIM21,7HMR,A03,1,L00516,A,1080,C,C,-28.323,-6.382,-7.502,4,C
TRIM21,7HMR,A03,1,L00516,A,1079,CA,C,-29.313,-7.069,-6.596,3,C
TRIM21,7HMR,A03,1,L00516,A,1091,CD,C,-28.28,-8.377,-9.011,6,C
TRIM21,7HMR,A03,1,L00516,A,1090,CG,C,-27.663,-8.497,-10.366,7,C
TRIM21,7HMT,A04,1,L00517,A,1570,C01,C,-42.537,-7.438,-28.62,0,C
TRIM21,7HMT,A04,1,L00517,A,1571,C02,C,-43.555,-6.757,-29.542,1,C
TRIM21,7HMT,A04,1,L00517,A,1572,C04,C,-44.942,-6.887,-28.922,2,C
TRIM21,7HMT,A04,1,L00517,A,1573,C05,C,-45.619,-8.047,-28.598,3,C
TRIM21,7HMT,A04,1,L00517,A,1578,N06,N,-46.79,-7.683,-28.071,4,N
TRIM21,7HMT,A04,1,L00517,A,1579,N07,N,-46.826,-6.299,-28.053,5,N
TRIM21,7HMT,A04,1,L00517,A,1574,C08,C,-45.712,-5.821,-28.58,6,C
TRIM21,7HMT,A04,1,L00517,A,1575,C09,C,-47.858,-5.328,-27.624,7,C
TRIM21,7HMT,A04,1,L00517,A,1568,C10,C,-49.294,-5.543,-28.185,8,C
TRIM21,7HMT,A04,1,L00517,A,1576,C11,C,-50.138,-5.034,-27.209,9,C
TRIM21,7HMT,A04,1,L00517,A,1577,C12,C,-49.23,-4.585,-25.91,10,C
TRIM21,7HMT,A04,1,L00517,A,1569,C13,C,-48.046,-5.32,-26.048,11,C
TRIM21,7HMT,A04,1,L00517,A,1580,O03,O,-43.462,-7.379,-30.793,12,O
TRIM21,7HMZ,A35,1,L00518,A,1571,C10,C,-45.193,-7.736,-29.88,0,C
TRIM21,7HMZ,A35,1,L00518,A,1574,C11,C,-44.086,-8.308,-29.275,1,C
TRIM21,7HMZ,A35,1,L00518,A,1575,C12,C,-43.063,-7.489,-28.906,2,C
TRIM21,7HMZ,A35,1,L00518,A,1572,C13,C,-43.084,-6.135,-29.084,3,C
TRIM21,7HMZ,A35,1,L00518,A,1576,C14,C,-44.205,-5.581,-29.677,4,C
TRIM21,7HMZ,A35,1,L00518,A,1579,C9,C,-45.263,-6.367,-30.102,5,C
TRIM21,7HMZ,A35,1,L00518,A,1570,C8,C,-46.479,-5.75,-30.738,6,C
TRIM21,7HMZ,A35,1,L00518,A,1569,C7,C,-47.772,-6.172,-30.06,7,C
TRIM21,7HMZ,A35,1,L00518,A,1565,N1,N,-48.014,-5.763,-28.8,9,N
TRIM21,7HMZ,A35,1,L00518,A,1567,C5,C,-47.231,-4.803,-28.022,10,C
TRIM21,7HMZ,A35,1,L00518,A,1566,C4,C,-46.557,-5.522,-26.872,11,C
TRIM21,7HMZ,A35,1,L00518,A,1578,C3,C,-47.518,-6.472,-26.16,12,C
TRIM21,7HMZ,A35,1,L00518,A,1577,C2,C,-48.975,-6.225,-26.567,13,C
TRIM21,7HMZ,A35,1,L00518,A,1568,C6,C,-49.135,-6.358,-28.078,14,C
TRIM21,7HMZ,A35,1,L00518,A,1573,C1,C,-50.019,-7.087,-25.845,15,C
TRIM21,7HMZ,A35,1,L00518,A,1581,O1,O,-51.104,-7.227,-26.367,17,O
TRIM21,7HMZ,A35,1,L00518,A,1580,F1,F,-41.973,-8.036,-28.308,18,F
TRIM21,7HN1,A13,1,L00519,A,1580,C1,C,-43.157,-22.047,-15.4,0,C
TRIM21,7HN1,A13,1,L00519,A,1583,C2,C,-42.973,-21.311,-16.698,1,C
TRIM21,7HN1,A13,1,L00519,A,1572,N1,N,-42.803,-19.863,-16.506,2,N
TRIM21,7HN1,A13,1,L00519,A,1584,C3,C,-42.538,-19.085,-17.73,3,C
TRIM21,7HN1,A13,1,L00519,A,1577,C7,C,-41.107,-19.308,-18.209,4,C
TRIM21,7HN1,A13,1,L00519,A,1576,C6,C,-40.124,-18.567,-17.335,5,C
TRIM21,7HN1,A13,1,L00519,A,1586,N2,N,-40.402,-17.121,-17.406,6,N
TRIM21,7HN1,A13,1,L00519,A,1575,C5,C,-41.746,-16.796,-16.867,7,C
TRIM21,7HN1,A13,1,L00519,A,1574,C4,C,-42.834,-17.588,-17.579,8,C
TRIM21,7HN1,A13,1,L00519,A,1578,C8,C,-39.506,-16.188,-17.936,9,C
TRIM21,7HN1,A13,1,L00519,A,1582,C12,C,-39.423,-14.892,-17.415,10,C
TRIM21,7HN1,A13,1,L00519,A,1581,C11,C,-38.517,-14.02,-17.977,11,C
TRIM21,7HN1,A13,1,L00519,A,1573,N3,N,-37.715,-14.337,-18.998,12,N
TRIM21,7HN1,A13,1,L00519,A,1579,C10,C,-37.798,-15.583,-19.48,13,C
TRIM21,7HN1,A13,1,L00519,A,1585,C9,C,-38.661,-16.538,-18.997,14,C
TRIM21,7HN2,A20,1,L00520,A,1086,CA,C,-26.873,-6.474,-9.453,0,C
TRIM21,7HN2,A20,1,L00520,A,1087,C,C,-27.381,-5.264,-10.242,1,C
TRIM21,7HN2,A20,1,L00520,A,1092,N,N,-26.518,-4.258,-10.344,2,N
TRIM21,7HN2,A20,1,L00520,A,1093,CA,C,-26.718,-3.13,-11.294,9,C
TRIM21,7HN2,A20,1,L00520,A,1096,CB,C,-26.316,-1.791,-10.701,10,C
TRIM21,7HN2,A20,1,L00520,A,1097,SG,S,-27.334,-1.367,-9.248,11,S
TRIM21,7HN2,A20,1,L00520,A,1085,N,N,-27.876,-7.054,-8.582,5,N
TRIM21,7HN2,A20,1,L00520,A,1080,C,C,-28.278,-6.434,-7.453,4,C
TRIM21,7HN2,A20,1,L00520,A,1079,CA,C,-29.266,-7.122,-6.534,3,C
TRIM21,7HN2,A20,1,L00520,A,1091,CD,C,-28.226,-8.442,-8.925,6,C
TRIM21,7HN2,A20,1,L00520,A,1090,CG,C,-27.617,-8.592,-10.284,7,C
TRIM21,7HN3,A01,1,L00521,A,1086,CA,C,-26.824,-6.403,-9.471,0,C
TRIM21,7HN3,A01,1,L00521,A,1087,C,C,-27.327,-5.185,-10.252,1,C
TRIM21,7HN3,A01,1,L00521,A,1092,N,N,-26.46,-4.201,-10.381,2,N
TRIM21,7HN3,A01,1,L00521,A,1093,CA,C,-26.661,-3.092,-11.345,9,C
TRIM21,7HN3,A01,1,L00521,A,1096,CB,C,-26.258,-1.744,-10.78,10,C
TRIM21,7HN3,A01,1,L00521,A,1097,SG,S,-27.243,-1.274,-9.331,11,S
TRIM21,7HN3,A01,1,L00521,A,1085,N,N,-27.828,-6.968,-8.6,5,N
TRIM21,7HN3,A01,1,L00521,A,1080,C,C,-28.221,-6.347,-7.47,4,C
TRIM21,7HN3,A01,1,L00521,A,1079,CA,C,-29.205,-7.05,-6.557,3,C
TRIM21,7HN3,A01,1,L00521,A,1091,CD,C,-28.167,-8.364,-8.923,6,C
TRIM21,7HN3,A01,1,L00521,A,1090,CG,C,-27.576,-8.524,-10.29,7,C
TRIM21,7HN6,A17,1,L00522,A,1078,CA,C,-27.042,-6.492,-9.361,0,C
TRIM21,7HN6,A17,1,L00522,A,1079,C,C,-27.514,-5.279,-10.173,1,C
TRIM21,7HN6,A17,1,L00522,A,1084,N,N,-26.661,-4.259,-10.273,2,N
TRIM21,7HN6,A17,1,L00522,A,1085,CA,C,-26.85,-3.131,-11.221,9,C
TRIM21,7HN6,A17,1,L00522,A,1088,CB,C,-26.461,-1.786,-10.623,10,C
TRIM21,7HN6,A17,1,L00522,A,1089,SG,S,-27.56,-1.383,-9.228,11,S
TRIM21,7HN6,A17,1,L00522,A,1077,N,N,-28.064,-7.086,-8.516,5,N
TRIM21,7HN6,A17,1,L00522,A,1072,C,C,-28.458,-6.486,-7.379,4,C
TRIM21,7HN6,A17,1,L00522,A,1071,CA,C,-29.442,-7.179,-6.455,3,C
TRIM21,7HN6,A17,1,L00522,A,1083,CD,C,-28.391,-8.468,-8.882,6,C
TRIM21,7HN6,A17,1,L00522,A,1082,CG,C,-27.679,-8.638,-10.186,7,C
TRIM21,7HN8,A22,1,L00523,A,1577,C3,C,-38.929,-15.498,-17.394,2,C
TRIM21,7HN8,A22,1,L00523,A,1569,C4,C,-38.011,-14.544,-18.022,3,C
TRIM21,7HN8,A22,1,L00523,A,1568,N1,N,-37.95,-14.691,-19.475,4,N
TRIM21,7HN8,A22,1,L00523,A,1570,C5,C,-37.434,-16.002,-19.88,5,C
TRIM21,7HN8,A22,1,L00523,A,1571,C6,C,-39.18,-14.298,-20.203,6,C
TRIM21,7HN8,A22,1,L00523,A,1572,C7,C,-38.919,-14.219,-21.699,7,C
TRIM21,7HN8,A22,1,L00523,A,1573,C8,C,-40.2,-14.046,-22.5,8,C
TRIM21,7HN8,A22,1,L00523,A,1581,S1,S,-40.964,-12.506,-22.075,9,S
TRIM21,7HN8,A22,1,L00523,A,1578,C9,C,-41.156,-12.71,-20.337,12,C
TRIM21,7HN8,A22,1,L00523,A,1574,C10,C,-39.818,-13.012,-19.681,13,C
TRIM21,7HN8,A23,1,L00524,A,1577,C3,C,-38.929,-15.498,-17.394,2,C
TRIM21,7HN8,A23,1,L00524,A,1569,C4,C,-38.011,-14.544,-18.022,3,C
TRIM21,7HN8,A23,1,L00524,A,1568,N1,N,-37.95,-14.691,-19.475,4,N
TRIM21,7HN8,A23,1,L00524,A,1570,C5,C,-37.434,-16.002,-19.88,5,C
TRIM21,7HN8,A23,1,L00524,A,1571,C6,C,-39.18,-14.298,-20.203,6,C
TRIM21,7HN8,A23,1,L00524,A,1572,C7,C,-38.919,-14.219,-21.699,7,C
TRIM21,7HN8,A23,1,L00524,A,1573,C8,C,-40.2,-14.046,-22.5,8,C
TRIM21,7HN8,A23,1,L00524,A,1581,S1,S,-40.964,-12.506,-22.075,9,S
TRIM21,7HN8,A23,1,L00524,A,1578,C9,C,-41.156,-12.71,-20.337,12,C
TRIM21,7HN8,A23,1,L00524,A,1574,C10,C,-39.818,-13.012,-19.681,13,C
TRIM21,7HN9,A26,1,L00525,A,1576,C11,C,-42.739,-7.644,-28.628,0,C
TRIM21,7HN9,A26,1,L00525,A,1574,C10,C,-43.678,-7.438,-29.817,1,C
TRIM21,7HN9,A26,1,L00525,A,1579,C9,C,-43.831,-5.956,-30.139,2,C
TRIM21,7HN9,A26,1,L00525,A,1573,C8,C,-44.75,-5.252,-29.155,3,C
TRIM21,7HN9,A26,1,L00525,A,1568,N1,N,-46.056,-5.913,-29.098,4,N
TRIM21,7HN9,A26,1,L00525,A,1578,C3,C,-45.876,-7.269,-28.582,5,C
TRIM21,7HN9,A26,1,L00525,A,1577,C2,C,-45.063,-8.06,-29.595,6,C
TRIM21,7HN9,A26,1,L00525,A,1581,O1,O,-45.007,-9.377,-29.059,7,O
TRIM21,7HN9,A26,1,L00525,A,1575,C1,C,-46.1,-10.223,-29.427,8,C
TRIM21,7HN9,A26,1,L00525,A,1569,C4,C,-47.077,-5.144,-28.361,9,C
TRIM21,7HN9,A26,1,L00525,A,1570,C5,C,-46.795,-4.879,-26.917,10,C
TRIM21,7HN9,A26,1,L00525,A,1571,C6,C,-46.105,-3.871,-26.359,11,C
TRIM21,7HN9,A26,1,L00525,A,1580,N2,N,-46.367,-3.621,-25.025,12,N
TRIM21,7HN9,A26,1,L00525,A,1572,C7,C,-46.924,-4.692,-24.523,13,C
TRIM21,7HN9,A26,1,L00525,A,1582,S1,S,-47.428,-5.871,-25.657,14,S
TRIM21,7HNE,A24,1,L00526,A,1574,C1,C,-41.611,1.665,-22.875,0,C
TRIM21,7HNE,A24,1,L00526,A,1578,O1,O,-42.949,1.594,-22.411,1,O
TRIM21,7HNE,A24,1,L00526,A,1575,C2,C,-43.978,1.241,-23.296,2,C
TRIM21,7HNE,A24,1,L00526,A,1569,C4,C,-45.22,0.751,-22.545,3,C
TRIM21,7HNE,A24,1,L00526,A,1568,N1,N,-45.281,-0.394,-23.485,4,N
TRIM21,7HNE,A24,1,L00526,A,1576,C3,C,-43.911,-0.125,-23.999,5,C
TRIM21,7HNE,A24,1,L00526,A,1581,S1,S,-45.809,-1.87,-23.058,6,S
TRIM21,7HNE,A24,1,L00526,A,1577,N2,N,-46.462,-2.682,-24.299,9,N
TRIM21,7HNE,A24,1,L00526,A,1573,C8,C,-45.658,-3.667,-25.046,10,C
TRIM21,7HNE,A24,1,L00526,A,1572,C7,C,-46.369,-3.812,-26.354,11,C
TRIM21,7HNE,A24,1,L00526,A,1571,C6,C,-47.68,-3.083,-26.204,12,C
TRIM21,7HNE,A24,1,L00526,A,1570,C5,C,-47.441,-2.035,-25.187,13,C
TRIM21,7HNF,A21,1,L00527,A,1086,CA,C,-26.852,-6.422,-9.447,0,C
TRIM21,7HNF,A21,1,L00527,A,1087,C,C,-27.359,-5.219,-10.244,1,C
TRIM21,7HNF,A21,1,L00527,A,1092,N,N,-26.482,-4.235,-10.362,2,N
TRIM21,7HNF,A21,1,L00527,A,1093,CA,C,-26.687,-3.119,-11.321,9,C
TRIM21,7HNF,A21,1,L00527,A,1096,CB,C,-26.301,-1.78,-10.722,10,C
TRIM21,7HNF,A21,1,L00527,A,1097,SG,S,-27.303,-1.337,-9.275,11,S
TRIM21,7HNF,A21,1,L00527,A,1085,N,N,-27.857,-7.01,-8.594,5,N
TRIM21,7HNF,A21,1,L00527,A,1080,C,C,-28.253,-6.399,-7.459,4,C
TRIM21,7HNF,A21,1,L00527,A,1079,CA,C,-29.233,-7.098,-6.54,3,C
TRIM21,7HNF,A21,1,L00527,A,1091,CD,C,-28.206,-8.399,-8.943,6,C
TRIM21,7HNF,A21,1,L00527,A,1090,CG,C,-27.55,-8.569,-10.285,7,C
TRIM21,7HNH,A16,1,L00528,A,1086,CA,C,-26.946,-6.462,-9.494,0,C
TRIM21,7HNH,A16,1,L00528,A,1087,C,C,-27.435,-5.256,-10.299,1,C
TRIM21,7HNH,A16,1,L00528,A,1092,N,N,-26.581,-4.249,-10.401,2,N
TRIM21,7HNH,A16,1,L00528,A,1093,CA,C,-26.775,-3.118,-11.352,9,C
TRIM21,7HNH,A16,1,L00528,A,1096,CB,C,-26.363,-1.771,-10.788,10,C
TRIM21,7HNH,A16,1,L00528,A,1097,SG,S,-27.404,-1.334,-9.36,11,S
TRIM21,7HNH,A16,1,L00528,A,1085,N,N,-27.943,-7.055,-8.622,5,N
TRIM21,7HNH,A16,1,L00528,A,1080,C,C,-28.327,-6.442,-7.481,4,C
TRIM21,7HNH,A16,1,L00528,A,1079,CA,C,-29.343,-7.107,-6.578,3,C
TRIM21,7HNH,A16,1,L00528,A,1091,CD,C,-28.309,-8.428,-9.007,6,C
TRIM21,7HNH,A16,1,L00528,A,1090,CG,C,-27.649,-8.6,-10.348,7,C
TRIM21,7HNM,A29,1,L00529,A,1575,C1,C,-42.885,-7.467,-28.672,0,C
TRIM21,7HNM,A29,1,L00529,A,1576,C2,C,-43.168,-6.358,-29.659,1,C
TRIM21,7HNM,A29,1,L00529,A,1577,C3,C,-44.365,-5.514,-29.272,2,C
TRIM21,7HNM,A29,1,L00529,A,1568,N1,N,-45.617,-6.247,-29.489,3,N
TRIM21,7HNM,A29,1,L00529,A,1570,C4,C,-45.737,-6.76,-30.871,4,C
TRIM21,7HNM,A29,1,L00529,A,1572,C6,C,-44.558,-7.694,-31.087,5,C
TRIM21,7HNM,A29,1,L00529,A,1580,O1,O,-43.339,-6.961,-30.944,6,O
TRIM21,7HNM,A29,1,L00529,A,1571,C5,C,-47.096,-7.337,-31.229,7,C
TRIM21,7HNM,A29,1,L00529,A,1573,C7,C,-46.556,-6.388,-28.53,8,C
TRIM21,7HNM,A29,1,L00529,A,1574,C8,C,-46.547,-5.485,-27.446,10,C
TRIM21,7HNM,A29,1,L00529,A,1578,C9,C,-46.965,-5.824,-26.152,11,C
TRIM21,7HNM,A29,1,L00529,A,1579,N2,N,-47.02,-4.743,-25.401,12,N
TRIM21,7HNM,A29,1,L00529,A,1582,S1,S,-46.54,-3.416,-26.244,13,S
TRIM21,7HNM,A29,1,L00529,A,1569,N3,N,-46.138,-4.225,-27.595,14,N
TRIM21,7HNW,A30,1,L00530,A,1575,C1,C,-43.924,-4.11,-23.466,0,C
TRIM21,7HNW,A30,1,L00530,A,1582,S1,S,-45.279,-3.016,-23.609,1,S
TRIM21,7HNW,A30,1,L00530,A,1568,N1,N,-45.86,-3.192,-25.169,4,N
TRIM21,7HNW,A30,1,L00530,A,1576,C2,C,-45.774,-4.446,-25.947,5,C
TRIM21,7HNW,A30,1,L00530,A,1577,C3,C,-47.139,-5.11,-26.07,6,C
TRIM21,7HNW,A30,1,L00530,A,1569,C4,C,-46.995,-6.431,-26.792,7,C
TRIM21,7HNW,A30,1,L00530,A,1581,O3,O,-46.362,-6.266,-28.081,8,O
TRIM21,7HNW,A30,1,L00530,A,1570,C5,C,-45.078,-5.629,-28.059,9,C
TRIM21,7HNW,A30,1,L00530,A,1574,C10,C,-45.186,-4.284,-27.345,10,C
TRIM21,7HNW,A30,1,L00530,A,1571,C6,C,-44.044,-6.629,-27.499,11,C
TRIM21,7HNW,A30,1,L00530,A,1572,C7,C,-42.933,-6.72,-28.532,12,C
TRIM21,7HNW,A30,1,L00530,A,1573,C8,C,-43.616,-6.469,-29.837,13,C
TRIM21,7HNW,A30,1,L00530,A,1578,C9,C,-44.644,-5.4,-29.516,14,C
TRIM21,7HO1,A25,1,L00531,A,1578,C8,C,-45.225,-8.93,-28.883,0,C
TRIM21,7HO1,A25,1,L00531,A,1577,C7,C,-45.481,-7.491,-28.585,1,C
TRIM21,7HO1,A25,1,L00531,A,1574,C4,C,-44.719,-6.364,-28.84,2,C
TRIM21,7HO1,A25,1,L00531,A,1575,C5,C,-45.435,-5.305,-28.361,3,C
TRIM21,7HO1,A25,1,L00531,A,1582,N2,N,-46.592,-5.707,-27.835,4,N
TRIM21,7HO1,A25,1,L00531,A,1573,N3,N,-46.61,-7.059,-27.975,5,N
TRIM21,7HO1,A25,1,L00531,A,1576,C6,C,-47.734,-7.843,-27.489,6,C
TRIM21,7HO1,A25,1,L00531,A,1580,C2,C,-43.377,-6.394,-29.517,7,C
TRIM21,7HO1,A25,1,L00531,A,1579,C1,C,-42.279,-6.821,-28.551,8,C
TRIM21,7HO1,A25,1,L00531,A,1572,N1,N,-43.395,-7.314,-30.671,9,N
TRIM21,7HO1,A25,1,L00531,A,1585,S1,S,-43.74,-6.81,-32.172,10,S
TRIM21,7HO1,A25,1,L00531,A,1581,C3,C,-45.481,-6.948,-32.369,13,C
TRIM21,7HO3,A32,1,L00532,A,1566,C1,C,-42.498,-6.593,-27.61,0,C
TRIM21,7HO3,A32,1,L00532,A,1567,C2,C,-43.297,-5.671,-28.488,1,C
TRIM21,7HO3,A32,1,L00532,A,1568,C3,C,-44.744,-6.098,-28.514,2,C
TRIM21,7HO3,A32,1,L00532,A,1560,N1,N,-45.654,-5.402,-27.808,4,N
TRIM21,7HO3,A32,1,L00532,A,1561,C4,C,-47.089,-5.682,-27.844,5,C
TRIM21,7HO3,A32,1,L00532,A,1562,C5,C,-47.605,-6.013,-26.455,6,C
TRIM21,7HO3,A32,1,L00532,A,1563,C6,C,-47.402,-4.842,-25.492,7,C
TRIM21,7HO3,A32,1,L00532,A,1564,C7,C,-46.452,-3.798,-26.072,8,C
TRIM21,7HO3,A32,1,L00532,A,1565,C8,C,-45.261,-4.399,-26.821,9,C
TRIM21,7HO3,A32,1,L00532,A,1570,N2,N,-45.895,-2.86,-25.083,10,N
TRIM21,7HO3,A32,1,L00532,A,1574,S1,S,-45.388,-2.868,-23.498,11,S
TRIM21,7HO3,A32,1,L00532,A,1569,C9,C,-46.81,-3.174,-22.53,14,C
TRIM21,7HO6,A15,1,L00533,A,1564,C7,C,-43.077,-7.778,-28.964,0,C
TRIM21,7HO6,A15,1,L00533,A,1563,C6,C,-44.412,-8.051,-28.763,1,C
TRIM21,7HO6,A15,1,L00533,A,1562,C5,C,-45.274,-7.042,-28.356,2,C
TRIM21,7HO6,A15,1,L00533,A,1561,C4,C,-44.805,-5.757,-28.139,3,C
TRIM21,7HO6,A15,1,L00533,A,1571,C9,C,-43.462,-5.495,-28.358,4,C
TRIM21,7HO6,A15,1,L00533,A,1565,C8,C,-42.599,-6.504,-28.757,5,C
TRIM21,7HO6,A15,1,L00533,A,1570,C3,C,-45.742,-4.66,-27.694,6,C
TRIM21,7HO6,A15,1,L00533,A,1560,N1,N,-45.939,-4.566,-26.232,7,N
TRIM21,7HO6,A15,1,L00533,A,1566,C10,C,-47.282,-4.022,-25.957,8,C
TRIM21,7HO6,A15,1,L00533,A,1568,C11,C,-47.524,-3.684,-24.524,9,C
TRIM21,7HO6,A15,1,L00533,A,1572,N2,N,-46.45,-3.218,-23.803,11,N
TRIM21,7HO6,A15,1,L00533,A,1567,C1,C,-45.137,-3.42,-24.156,12,C
TRIM21,7HO6,A15,1,L00533,A,1569,C2,C,-44.873,-3.763,-25.59,14,C
TRIM21,9EK5,A42,1,L00534,A,1451,C1,C,-25.019,24.291,-6.15,0,C
TRIM21,9EK5,A42,1,L00534,A,1452,C2,C,-23.817,23.714,-6.821,1,C
TRIM21,9EK5,A42,1,L00534,A,1453,O1,O,-24.21,23.059,-8.044,2,O
TRIM21,9EK5,A42,1,L00534,A,1454,C3,C,-23.19,22.451,-8.733,3,C
TRIM21,9EK5,A42,1,L00534,A,1455,C4,C,-21.875,22.488,-8.294,4,C
TRIM21,9EK5,A42,1,L00534,A,1456,C5,C,-20.892,21.908,-9.045,5,C
TRIM21,9EK5,A42,1,L00534,A,1458,C6,C,-21.167,21.235,-10.225,6,C
TRIM21,9EK5,A42,1,L00534,A,1459,C7,C,-22.476,21.157,-10.653,7,C
TRIM21,9EK5,A42,1,L00534,A,1460,C8,C,-23.479,21.787,-9.93,8,C
TRIM21,9EK5,A42,1,L00534,A,1461,N1,N,-24.85,21.729,-10.385,9,N
TRIM21,9EK5,A42,1,L00534,A,1472,C16,C,-25.605,20.567,-10.266,10,C
TRIM21,9EK5,A42,1,L00534,A,1471,N2,N,-26.835,20.477,-10.65,11,N
TRIM21,9EK5,A42,1,L00534,A,1470,C15,C,-27.437,21.599,-11.227,12,C
TRIM21,9EK5,A42,1,L00534,A,1464,C10,C,-26.731,22.818,-11.396,17,C
TRIM21,9EK5,A42,1,L00534,A,1462,C9,C,-25.357,22.923,-10.928,18,C
TRIM21,9EK5,A42,1,L00534,A,1465,C11,C,-27.387,23.913,-11.992,16,C
TRIM21,9EK5,A42,1,L00534,A,1466,C12,C,-28.673,23.784,-12.393,15,C
TRIM21,9EK5,A42,1,L00534,A,1468,C13,C,-29.387,22.599,-12.245,14,C
TRIM21,9EK5,A42,1,L00534,A,1469,C14,C,-28.78,21.521,-11.662,13,C
TRIM21,9EK5,A42,1,L00534,A,1467,F1,F,-29.288,24.869,-12.954,20,F
TRIM21,9EK5,A42,1,L00534,A,1473,C17,C,-24.947,19.362,-9.637,21,C
TRIM21,9EK5,A42,1,L00534,A,1474,N3,N,-24.472,19.675,-8.287,22,N
TRIM21,9EK5,A42,1,L00534,A,1475,C18,C,-25.582,20.161,-7.477,23,C
TRIM21,9EK5,A42,1,L00534,A,1476,C19,C,-25.182,20.408,-6.011,24,C
TRIM21,9EK5,A42,1,L00534,A,1477,N4,N,-24.633,19.21,-5.38,25,N
TRIM21,9EK5,A42,1,L00534,A,1478,C20,C,-23.488,18.768,-6.177,26,C
TRIM21,9EK5,A42,1,L00534,A,1479,C21,C,-23.88,18.506,-7.647,27,C
TRIM21,9EK5,A42,1,L00534,A,1457,CL1,Cl,-19.267,22.018,-8.447,28,Cl
TRIM21,9Q9O,B00,1,L00553,A,5929,C28,C,27.125,-12.685,22.687,0,C
TRIM21,9Q9O,B00,1,L00553,A,5948,C27,C,25.968,-11.809,23.039,1,C
TRIM21,9Q9O,B00,1,L00553,A,5923,C17,C,25.871,-10.394,23.197,2,C
TRIM21,9Q9O,B00,1,L00553,A,5941,C18,C,24.581,-10.164,23.576,3,C
TRIM21,9Q9O,B00,1,L00553,A,5942,N5,N,23.96,-11.368,23.592,4,N
TRIM21,9Q9O,B00,1,L00553,A,5947,N6,N,24.795,-12.398,23.25,5,N
TRIM21,9Q9O,B00,1,L00553,A,5943,C19,C,22.56,-11.642,23.91,6,C
TRIM21,9Q9O,B00,1,L00553,A,5924,C20,C,21.709,-10.412,24.151,7,C
TRIM21,9Q9O,B00,1,L00553,A,5925,C21,C,21.015,-10.25,25.343,8,C
TRIM21,9Q9O,B00,1,L00553,A,5926,C22,C,20.221,-9.138,25.584,9,C
TRIM21,9Q9O,B00,1,L00553,A,5944,C23,C,20.108,-8.158,24.611,10,C
TRIM21,9Q9O,B00,1,L00553,A,5946,C25,C,20.811,-8.285,23.42,11,C
TRIM21,9Q9O,B00,1,L00553,A,5928,C26,C,21.585,-9.411,23.194,12,C
TRIM21,9Q9O,B00,1,L00553,A,5945,O2,O,19.322,-7.065,24.859,13,O
TRIM21,9Q9O,B00,1,L00553,A,5927,C24,C,19.765,-5.798,24.37,14,C
TRIM21,9Q9O,B00,1,L00553,A,5940,C16,C,26.952,-9.401,23.173,15,C
TRIM21,9Q9O,B00,1,L00553,A,5949,C29,C,28.21,-9.842,23.517,16,C
TRIM21,9Q9O,B00,1,L00553,A,5935,C9,C,29.282,-8.976,23.537,17,C
TRIM21,9Q9O,B00,1,L00553,A,5920,C10,C,29.095,-7.62,23.309,18,C
TRIM21,9Q9O,B00,1,L00553,A,5936,C11,C,27.84,-7.141,23.007,19,C
TRIM21,9Q9O,B00,1,L00553,A,5937,C12,C,26.779,-8.031,22.966,20,C
TRIM21,9Q9O,B00,1,L00553,A,5914,N3,N,25.515,-7.505,22.658,21,N
TRIM21,9Q9O,B00,1,L00553,A,5921,C13,C,24.95,-6.415,23.258,22,C
TRIM21,9Q9O,B00,1,L00553,A,5938,C14,C,23.763,-6.237,22.655,23,C
TRIM21,9Q9O,B00,1,L00553,A,5939,N4,N,23.587,-7.185,21.667,24,N
TRIM21,9Q9O,B00,1,L00553,A,5922,C15,C,24.661,-7.938,21.713,25,C
TRIM21,9Q9O,B00,1,L00553,A,5919,C8,C,30.619,-9.514,23.945,26,C
TRIM21,9Q9O,B00,1,L00553,A,5934,N2,N,31.109,-8.742,25.085,27,N
TRIM21,9Q9O,B00,1,L00553,A,5918,C7,C,30.629,-9.241,26.373,28,C
TRIM21,9Q9O,B00,1,L00553,A,5917,C6,C,29.177,-8.963,26.696,29,C
TRIM21,9Q9O,B00,1,L00553,A,5916,C5,C,28.38,-10.008,27.146,30,C
TRIM21,9Q9O,B00,1,L00553,A,5915,C4,C,27.059,-9.794,27.493,31,C
TRIM21,9Q9O,B00,1,L00553,A,5933,C3,C,26.498,-8.524,27.392,32,C
TRIM21,9Q9O,B00,1,L00553,A,5951,C31,C,27.29,-7.471,26.925,33,C
TRIM21,9Q9O,B00,1,L00553,A,5950,C30,C,28.621,-7.688,26.595,34,C
TRIM21,9Q9O,B00,1,L00553,A,5931,C2,C,25.045,-8.419,27.797,35,C
TRIM21,9Q9O,B00,1,L00553,A,5913,N1,N,24.485,-7.2,27.781,37,N
TRIM21,9Q9O,B00,1,L00553,A,5930,C1,C,23.108,-7.003,27.368,38,C
TRIM21,9Q9P,B01,1,L00554,A,1504,C1,C,-7.831,-0.216,-5.635,0,C
TRIM21,9Q9P,B01,1,L00554,A,1487,N1,N,-8.079,-0.871,-6.911,1,N
TRIM21,9Q9P,B01,1,L00554,A,1505,C2,C,-7.118,-1.123,-7.796,2,C
TRIM21,9Q9P,B01,1,L00554,A,1507,C3,C,-6.21,0.03,-8.192,4,C
TRIM21,9Q9P,B01,1,L00554,A,1489,C4,C,-4.875,-0.12,-7.459,5,C
TRIM21,9Q9P,B01,1,L00554,A,1490,C5,C,-3.854,0.901,-7.888,6,C
TRIM21,9Q9P,B01,1,L00554,A,1491,C6,C,-3.031,1.536,-6.961,7,C
TRIM21,9Q9P,B01,1,L00554,A,1492,C7,C,-2.089,2.445,-7.406,8,C
TRIM21,9Q9P,B01,1,L00554,A,1508,N2,N,-1.924,2.774,-8.69,9,N
TRIM21,9Q9P,B01,1,L00554,A,1493,C8,C,-2.721,2.174,-9.575,10,C
TRIM21,9Q9P,B01,1,L00554,A,1509,C9,C,-3.68,1.244,-9.227,11,C
TRIM21,9Q9P,B01,1,L00554,A,1488,N3,N,-6.811,1.331,-7.94,12,N
TRIM21,9Q9P,B01,1,L00554,A,1494,C10,C,-7.204,2.15,-8.915,13,C
TRIM21,9Q9P,B01,1,L00554,A,1511,C11,C,-7.614,3.557,-8.483,15,C
TRIM21,9Q9P,B01,1,L00554,A,1512,C12,C,-6.469,4.561,-8.687,16,C
TRIM21,9Q9P,B01,1,L00554,A,1495,C13,C,-5.703,4.539,-7.354,17,C
TRIM21,9Q9P,B01,1,L00554,A,1498,C20,C,-6.791,4.319,-6.3,18,C
TRIM21,9Q9P,B01,1,L00554,A,1517,N4,N,-7.883,3.682,-7.048,19,N
TRIM21,9Q9P,B01,1,L00554,A,1499,C21,C,-9.035,3.343,-6.442,20,C
TRIM21,9Q9P,B01,1,L00554,A,1500,C22,C,-10.119,2.611,-7.195,22,C
TRIM21,9Q9P,B01,1,L00554,A,1519,C23,C,-11.425,2.605,-6.375,23,C
TRIM21,9Q9P,B01,1,L00554,A,1501,C24,C,-12.669,2.191,-7.144,24,C
TRIM21,9Q9P,B01,1,L00554,A,1521,C25,C,-12.563,1.63,-8.416,25,C
TRIM21,9Q9P,B01,1,L00554,A,1502,C26,C,-13.693,1.248,-9.116,26,C
TRIM21,9Q9P,B01,1,L00554,A,1522,C27,C,-14.942,1.41,-8.546,27,C
TRIM21,9Q9P,B01,1,L00554,A,1503,C28,C,-15.08,1.943,-7.279,28,C
TRIM21,9Q9P,B01,1,L00554,A,1523,C29,C,-13.948,2.338,-6.581,29,C
TRIM21,9Q9P,B01,1,L00554,A,1524,O4,O,-13.976,2.875,-5.318,30,O
TRIM21,9Q9P,B01,1,L00554,A,1525,C30,C,-15.121,3.616,-4.903,31,C
TRIM21,9Q9P,B01,1,L00554,A,1520,N5,N,-11.213,1.79,-5.169,32,N
TRIM21,9Q9P,B01,1,L00554,A,1513,C14,C,-4.823,5.751,-7.111,33,C
TRIM21,9Q9P,B01,1,L00554,A,1496,C15,C,-3.861,5.968,-8.272,34,C
TRIM21,9Q9P,B01,1,L00554,A,1514,C16,C,-2.646,6.821,-7.92,35,C
TRIM21,9Q9P,B01,1,L00554,A,1497,C17,C,-2.886,7.692,-6.702,36,C
TRIM21,9Q9P,B01,1,L00554,A,1515,C18,C,-3.232,6.886,-5.465,37,C
TRIM21,9Q9P,B01,1,L00554,A,1516,C19,C,-4.078,5.657,-5.78,38,C
TRIM21,9Q9Q,A95,1,L00555,A,2969,C1,C,-1.653,2.551,13.054,0,C
TRIM21,9Q9Q,A95,1,L00555,A,2953,N1,N,-1.614,1.632,14.179,1,N
TRIM21,9Q9Q,A95,1,L00555,A,2970,C2,C,-0.505,1.41,14.877,2,C
TRIM21,9Q9Q,A95,1,L00555,A,2972,C3,C,-0.551,0.328,15.945,4,C
TRIM21,9Q9Q,A95,1,L00555,A,2955,C4,C,0.668,0.496,16.864,5,C
TRIM21,9Q9Q,A95,1,L00555,A,2956,C5,C,0.863,-0.585,17.897,6,C
TRIM21,9Q9Q,A95,1,L00555,A,2957,C6,C,2.137,-1.023,18.25,7,C
TRIM21,9Q9Q,A95,1,L00555,A,2958,C7,C,2.284,-2.017,19.198,8,C
TRIM21,9Q9Q,A95,1,L00555,A,2973,N2,N,1.256,-2.596,19.82,9,N
TRIM21,9Q9Q,A95,1,L00555,A,2959,C8,C,0.032,-2.188,19.47,10,C
TRIM21,9Q9Q,A95,1,L00555,A,2974,C9,C,-0.209,-1.201,18.536,11,C
TRIM21,9Q9Q,A95,1,L00555,A,2954,N3,N,-0.603,-0.987,15.331,12,N
TRIM21,9Q9Q,A95,1,L00555,A,2960,C10,C,-1.751,-1.661,15.179,13,C
TRIM21,9Q9Q,A95,1,L00555,A,2976,C11,C,-1.63,-3.053,14.545,15,C
TRIM21,9Q9Q,A95,1,L00555,A,2977,C12,C,-1.384,-4.148,15.592,16,C
TRIM21,9Q9Q,A95,1,L00555,A,2961,C13,C,0.145,-4.203,15.775,17,C
TRIM21,9Q9Q,A95,1,L00555,A,2964,C20,C,0.729,-3.644,14.468,18,C
TRIM21,9Q9Q,A95,1,L00555,A,2982,N4,N,-0.444,-3.201,13.701,19,N
TRIM21,9Q9Q,A95,1,L00555,A,2965,C21,C,-0.422,-2.98,12.378,20,C
TRIM21,9Q9Q,A95,1,L00555,A,2966,C22,C,-1.618,-2.329,11.722,22,C
TRIM21,9Q9Q,A95,1,L00555,A,2984,C23,C,-1.385,-1.676,10.351,23,C
TRIM21,9Q9Q,A95,1,L00555,A,2967,C24,C,-2.707,-1.233,9.802,24,C
TRIM21,9Q9Q,A95,1,L00555,A,2986,C25,C,-3.365,-0.058,9.799,25,C
TRIM21,9Q9Q,A95,1,L00555,A,2968,C26,C,-4.609,-0.269,9.13,26,C
TRIM21,9Q9Q,A95,1,L00555,A,2987,C27,C,-4.625,-1.59,8.767,27,C
TRIM21,9Q9Q,A95,1,L00555,A,2988,O4,O,-3.459,-2.191,9.179,28,O
TRIM21,9Q9Q,A95,1,L00555,A,2985,N5,N,-0.392,-0.584,10.387,29,N
TRIM21,9Q9Q,A95,1,L00555,A,2978,C14,C,0.783,-5.534,16.107,30,C
TRIM21,9Q9Q,A95,1,L00555,A,2962,C15,C,-0.031,-6.362,17.095,31,C
TRIM21,9Q9Q,A95,1,L00555,A,2979,C16,C,0.571,-6.369,18.494,32,C
TRIM21,9Q9Q,A95,1,L00555,A,2963,C17,C,1.976,-6.943,18.519,33,C
TRIM21,9Q9Q,A95,1,L00555,A,2980,C18,C,2.767,-6.585,17.281,34,C
TRIM21,9Q9Q,A95,1,L00555,A,2981,C19,C,2.211,-5.342,16.604,35,C
TRIM21,9Q9R,B02,1,L00556,A,1494,C1,C,-7.115,-2.83,-9.17,0,C
TRIM21,9Q9R,B02,1,L00556,A,1477,N1,N,-7.622,-2.209,-7.964,1,N
TRIM21,9Q9R,B02,1,L00556,A,1495,C2,C,-7.25,-1.004,-7.533,2,C
TRIM21,9Q9R,B02,1,L00556,A,1497,C3,C,-6.393,-0.114,-8.446,4,C
TRIM21,9Q9R,B02,1,L00556,A,1479,C4,C,-4.909,-0.446,-8.209,5,C
TRIM21,9Q9R,B02,1,L00556,A,1480,C5,C,-3.926,0.703,-8.264,6,C
TRIM21,9Q9R,B02,1,L00556,A,1481,C6,C,-3.363,1.241,-7.108,7,C
TRIM21,9Q9R,B02,1,L00556,A,1482,C7,C,-2.457,2.28,-7.218,8,C
TRIM21,9Q9R,B02,1,L00556,A,1498,N2,N,-2.064,2.806,-8.387,9,N
TRIM21,9Q9R,B02,1,L00556,A,1483,C8,C,-2.596,2.287,-9.495,10,C
TRIM21,9Q9R,B02,1,L00556,A,1499,C9,C,-3.502,1.246,-9.48,11,C
TRIM21,9Q9R,B02,1,L00556,A,1478,N3,N,-6.661,1.305,-8.229,12,N
TRIM21,9Q9R,B02,1,L00556,A,1484,C10,C,-7.224,2.113,-9.138,13,C
TRIM21,9Q9R,B02,1,L00556,A,1501,C11,C,-7.688,3.483,-8.637,15,C
TRIM21,9Q9R,B02,1,L00556,A,1502,C12,C,-6.573,4.524,-8.782,16,C
TRIM21,9Q9R,B02,1,L00556,A,1485,C13,C,-5.808,4.443,-7.451,17,C
TRIM21,9Q9R,B02,1,L00556,A,1488,C20,C,-6.913,4.192,-6.421,18,C
TRIM21,9Q9R,B02,1,L00556,A,1507,N4,N,-7.985,3.548,-7.199,19,N
TRIM21,9Q9R,B02,1,L00556,A,1489,C21,C,-9.139,3.148,-6.635,20,C
TRIM21,9Q9R,B02,1,L00556,A,1490,C22,C,-10.217,2.469,-7.445,22,C
TRIM21,9Q9R,B02,1,L00556,A,1509,C23,C,-11.565,2.436,-6.69,23,C
TRIM21,9Q9R,B02,1,L00556,A,1491,C24,C,-12.803,2.084,-7.501,24,C
TRIM21,9Q9R,B02,1,L00556,A,1511,C25,C,-12.706,1.618,-8.809,25,C
TRIM21,9Q9R,B02,1,L00556,A,1492,C26,C,-13.846,1.325,-9.538,26,C
TRIM21,9Q9R,B02,1,L00556,A,1512,C27,C,-15.095,1.505,-8.973,27,C
TRIM21,9Q9R,B02,1,L00556,A,1493,C28,C,-15.227,1.963,-7.676,28,C
TRIM21,9Q9R,B02,1,L00556,A,1513,C29,C,-14.085,2.257,-6.95,29,C
TRIM21,9Q9R,B02,1,L00556,A,1514,O4,O,-14.104,2.716,-5.664,30,O
TRIM21,9Q9R,B02,1,L00556,A,1515,C30,C,-15.316,3.203,-5.075,31,C
TRIM21,9Q9R,B02,1,L00556,A,1516,C31,C,-15.036,3.503,-3.632,32,C
TRIM21,9Q9R,B02,1,L00556,A,1517,O5,O,-14.262,2.467,-3.021,33,O
TRIM21,9Q9R,B02,1,L00556,A,1518,C32,C,-13.48,2.913,-1.911,34,C
TRIM21,9Q9R,B02,1,L00556,A,1519,C33,C,-13.843,2.144,-0.656,35,C
TRIM21,9Q9R,B02,1,L00556,A,1520,O6,O,-14.319,2.984,0.4,36,O
TRIM21,9Q9R,B02,1,L00556,A,1510,N5,N,-11.457,1.573,-5.508,37,N
TRIM21,9Q9R,B02,1,L00556,A,1503,C14,C,-4.89,5.632,-7.222,38,C
TRIM21,9Q9R,B02,1,L00556,A,1486,C15,C,-4.042,5.469,-5.962,39,C
TRIM21,9Q9R,B02,1,L00556,A,1504,C16,C,-3.057,6.615,-5.738,40,C
TRIM21,9Q9R,B02,1,L00556,A,1487,C17,C,-2.184,6.86,-6.954,41,C
TRIM21,9Q9R,B02,1,L00556,A,1505,C18,C,-3.026,7.066,-8.198,42,C
TRIM21,9Q9R,B02,1,L00556,A,1506,C19,C,-3.988,5.902,-8.426,43,C
TRIM21,9QBA,A89,1,L00557,A,1433,C27,C,-20.689,13.569,9.425,0,C
TRIM21,9QBA,A89,1,L00557,A,1453,S26,S,-19.344,12.427,9.112,1,S
TRIM21,9QBA,A89,1,L00557,A,1452,C25,C,-17.903,13.44,9.247,2,C
TRIM21,9QBA,A89,1,L00557,A,1451,C24,C,-17.94,14.777,8.874,3,C
TRIM21,9QBA,A89,1,L00557,A,1449,C22,C,-16.775,15.496,8.937,4,C
TRIM21,9QBA,A89,1,L00557,A,1432,C21,C,-15.588,14.97,9.341,5,C
TRIM21,9QBA,A89,1,L00557,A,1448,C20,C,-15.553,13.642,9.712,6,C
TRIM21,9QBA,A89,1,L00557,A,1447,C19,C,-16.7,12.852,9.681,7,C
TRIM21,9QBA,A89,1,L00557,A,1431,C18,C,-16.561,11.456,10.175,8,C
TRIM21,9QBA,A89,1,L00557,A,1454,C28,C,-15.545,10.628,9.722,9,C
TRIM21,9QBA,A89,1,L00557,A,1434,C29,C,-15.399,9.34,10.206,10,C
TRIM21,9QBA,A89,1,L00557,A,1442,C11,C,-16.273,8.834,11.158,11,C
TRIM21,9QBA,A89,1,L00557,A,1429,C12,C,-17.294,9.671,11.622,12,C
TRIM21,9QBA,A89,1,L00557,A,1446,C17,C,-17.437,10.962,11.138,13,C
TRIM21,9QBA,A89,1,L00557,A,1443,S13,S,-18.489,9.169,12.815,14,S
TRIM21,9QBA,A89,1,L00557,A,1430,C15,C,-19.73,8.415,11.835,17,C
TRIM21,9QBA,A89,1,L00557,A,1426,C2,C,-16.088,7.418,11.595,18,C
TRIM21,9QBA,A89,1,L00557,A,1436,N3,N,-14.939,7.141,12.218,20,N
TRIM21,9QBA,A89,1,L00557,A,1437,C4,C,-14.629,5.813,12.71,21,C
TRIM21,9QBA,A89,1,L00557,A,1438,C5,C,-13.597,5.074,11.879,22,C
TRIM21,9QBA,A89,1,L00557,A,1427,C6,C,-14.063,4.87,10.44,23,C
TRIM21,9QBA,A89,1,L00557,A,1439,C7,C,-13.093,4.011,9.638,24,C
TRIM21,9QBA,A89,1,L00557,A,1440,C8,C,-12.861,2.675,10.303,25,C
TRIM21,9QBA,A89,1,L00557,A,1428,C9,C,-12.315,2.887,11.678,26,C
TRIM21,9QBA,A89,1,L00557,A,1441,C10,C,-13.272,3.724,12.52,27,C
TRIM21,9QBA,A89,1,L00557,A,1450,F23,F,-16.821,16.805,8.592,28,F
VHL,8YMB,B17,1,L00627,A,7042,C25,C,10.392,29.228,-14.861,0,C
VHL,8YMB,B17,1,L00627,A,7052,C35,C,11.633,30.031,-14.532,1,C
VHL,8YMB,B17,1,L00627,A,7053,C36,C,12.796,29.414,-14.168,2,C
VHL,8YMB,B17,1,L00627,A,7075,S2,S,14.045,30.498,-13.852,3,S
VHL,8YMB,B17,1,L00627,A,7059,C42,C,13.006,31.854,-14.199,4,C
VHL,8YMB,B17,1,L00627,A,7058,C41,C,11.687,31.427,-14.578,5,C
VHL,8YMB,B17,1,L00627,A,7057,C40,C,10.682,32.569,-14.914,6,C
VHL,8YMB,B17,1,L00627,A,7051,C34,C,9.308,32.554,-14.403,43,C
VHL,8YMB,B17,1,L00627,A,7044,C27,C,8.848,31.688,-13.392,42,C
VHL,8YMB,B17,1,L00627,A,7045,C28,C,7.511,31.71,-12.936,41,C
VHL,8YMB,B17,1,L00627,A,7046,C29,C,6.554,32.61,-13.45,40,C
VHL,8YMB,B17,1,L00627,A,7047,C30,C,7.011,33.476,-14.45,45,C
VHL,8YMB,B17,1,L00627,A,7048,C31,C,8.334,33.436,-14.896,44,C
VHL,8YMB,B17,1,L00627,A,7071,O4,O,5.238,32.646,-12.999,39,O
VHL,8YMB,B17,1,L00627,A,7062,C45,C,4.277,31.735,-13.558,38,C
VHL,8YMB,B17,1,L00627,A,7070,C53,C,3.741,30.645,-12.555,37,C
VHL,8YMB,B17,1,L00627,A,7063,C46,C,2.439,29.942,-13.062,36,C
VHL,8YMB,B17,1,L00627,A,7064,C47,C,2.152,29.998,-14.604,35,C
VHL,8YMB,B17,1,L00627,A,7065,C48,C,1.234,28.848,-15.161,34,C
VHL,8YMB,B17,1,L00627,A,7066,C49,C,1.015,28.771,-16.705,32,C
VHL,8YMB,B17,1,L00627,A,7024,N9,N,1.75,29.517,-17.51,31,N
VHL,8YMB,B17,1,L00627,A,7035,C11,C,1.684,29.565,-18.98,30,C
VHL,8YMB,B17,1,L00627,A,7028,C12,C,3.027,29.133,-19.471,28,C
VHL,8YMB,B17,1,L00627,A,7018,N2,N,3.122,28.255,-20.446,27,N
VHL,8YMB,B17,1,L00627,A,7038,C16,C,4.357,27.75,-21.008,23,C
VHL,8YMB,B17,1,L00627,A,7030,C20,C,5.324,28.841,-21.638,21,C
VHL,8YMB,B17,1,L00627,A,7027,N1,N,6.712,28.723,-21.441,20,N
VHL,8YMB,B17,1,L00627,A,7017,C2,C,7.789,29.614,-21.942,19,C
VHL,8YMB,B17,1,L00627,A,7060,C43,C,8.893,29.792,-20.932,18,C
VHL,8YMB,B17,1,L00627,A,7061,C44,C,8.445,30.297,-19.514,17,C
VHL,8YMB,B17,1,L00627,A,7025,C1,C,8.572,31.837,-19.204,16,C
VHL,8YMB,B17,1,L00627,A,7069,C52,C,8.707,32.813,-20.432,15,C
VHL,8YMB,B17,1,L00627,A,7068,C51,C,8.664,34.367,-20.144,14,C
VHL,8YMB,B17,1,L00627,A,7067,C50,C,10.017,35.198,-20.348,13,C
VHL,8YMB,B17,1,L00627,A,7010,N4,N,10.79,35.481,-19.156,12,N
VHL,8YMB,B17,1,L00627,A,7049,C32,C,11.448,34.598,-18.455,10,C
VHL,8YMB,B17,1,L00627,A,7050,C33,C,12.238,35.059,-17.169,9,C
VHL,8YMB,B17,1,L00627,A,7056,C39,C,12.255,33.887,-16.113,8,C
VHL,8YMB,B17,1,L00627,A,7055,C38,C,13.214,34.139,-15.043,63,C
VHL,8YMB,B17,1,L00627,A,7022,N7,N,13.565,33.149,-14.116,64,N
VHL,8YMB,B17,1,L00627,A,7054,C37,C,14.457,33.808,-13.342,65,C
VHL,8YMB,B17,1,L00627,A,7012,N5,N,14.623,35.095,-13.762,66,N
VHL,8YMB,B17,1,L00627,A,7007,N6,N,13.85,35.31,-14.825,67,N
VHL,8YMB,B17,1,L00627,A,7034,C24,C,15.216,33.347,-12.181,68,C
VHL,8YMB,B17,1,L00627,A,7023,N8,N,10.925,33.673,-15.574,7,N
VHL,8YMB,B17,1,L00627,A,7019,C3,C,8.333,29.021,-23.28,51,C
VHL,8YMB,B17,1,L00627,A,7016,C4,C,8.262,27.637,-23.524,52,C
VHL,8YMB,B17,1,L00627,A,7015,C5,C,8.726,27.031,-24.71,53,C
VHL,8YMB,B17,1,L00627,A,7014,C6,C,9.312,27.748,-25.78,54,C
VHL,8YMB,B17,1,L00627,A,7011,C7,C,9.375,29.137,-25.522,55,C
VHL,8YMB,B17,1,L00627,A,7008,C8,C,8.907,29.744,-24.333,56,C
VHL,8YMB,B17,1,L00627,A,7006,C9,C,9.808,27.166,-27.021,57,C
VHL,8YMB,B17,1,L00627,A,7021,C10,C,10.958,27.238,-27.774,58,C
VHL,8YMB,B17,1,L00627,A,7013,N3,N,11.017,26.454,-28.992,59,N
VHL,8YMB,B17,1,L00627,A,7032,C22,C,9.919,25.775,-29.179,60,C
VHL,8YMB,B17,1,L00627,A,7074,S1,S,8.741,26.039,-27.908,61,S
VHL,8YMB,B17,1,L00627,A,7033,C23,C,12.151,28.083,-27.402,62,C
VHL,8YMB,B17,1,L00627,A,7039,C17,C,3.915,26.845,-22.155,24,C
VHL,8YMB,B17,1,L00627,A,7040,C18,C,2.547,26.364,-21.736,25,C
VHL,8YMB,B17,1,L00627,A,7041,C19,C,1.973,27.647,-21.134,26,C
VHL,8YMB,B17,1,L00627,A,7026,O2,O,2.661,25.462,-20.691,50,O
VHL,8YMB,B17,1,L00627,A,7029,C13,C,1.391,31.007,-19.497,46,C
VHL,8YMB,B17,1,L00627,A,7031,C21,C,1.815,31.243,-20.949,47,C
VHL,8YMB,B17,1,L00627,A,7036,C14,C,-0.088,31.285,-19.321,48,C
VHL,8YMB,B17,1,L00627,A,7037,C15,C,2.16,32.017,-18.693,49,C
VHL,8YMB,B17,1,L00627,A,7043,C26,C,13.046,27.952,-14.033,69,C
VHL,9DTX,A45,1,L00535,A,3820,C1,C,58.266,18.052,29.299,0,C
VHL,9DTX,A45,1,L00535,A,3821,C2,C,56.807,17.704,29.059,1,C
VHL,9DTX,A45,1,L00535,A,3805,C4,C,56.137,17.934,27.9,2,C
VHL,9DTX,A45,1,L00535,A,3823,S,S,54.485,17.385,28.137,3,S
VHL,9DTX,A45,1,L00535,A,3822,C3,C,54.846,16.863,29.725,4,C
VHL,9DTX,A45,1,L00535,A,3803,N1,N,56.072,17.12,29.99,5,N
VHL,9DTX,A45,1,L00535,A,3806,C5,C,56.616,18.599,26.658,6,C
VHL,9DTX,A45,1,L00535,A,3807,C6,C,57.853,18.275,26.099,7,C
VHL,9DTX,A45,1,L00535,A,3808,C7,C,58.28,18.922,24.951,8,C
VHL,9DTX,A45,1,L00535,A,3809,C8,C,57.492,19.886,24.349,9,C
VHL,9DTX,A45,1,L00535,A,3865,C46,C,56.264,20.237,24.906,10,C
VHL,9DTX,A45,1,L00535,A,3866,C47,C,55.82,19.598,26.056,11,C
VHL,9DTX,A45,1,L00535,A,3824,C9,C,58.034,20.573,23.126,12,C
VHL,9DTX,A45,1,L00535,A,3810,C10,C,59.038,21.629,23.643,13,C
VHL,9DTX,A45,1,L00535,A,3825,N2,N,56.923,21.228,22.449,14,N
VHL,9DTX,A45,1,L00535,A,3826,C11,C,56.198,20.593,21.515,15,C
VHL,9DTX,A45,1,L00535,A,3828,C12,C,55.04,21.345,20.939,17,C
VHL,9DTX,A45,1,L00535,A,3811,C13,C,53.787,20.859,21.681,18,C
VHL,9DTX,A45,1,L00535,A,3829,C14,C,52.699,21.017,20.598,19,C
VHL,9DTX,A45,1,L00535,A,3812,C15,C,53.469,20.58,19.326,20,C
VHL,9DTX,A45,1,L00535,A,3804,N3,N,54.862,21.034,19.528,21,N
VHL,9DTX,A45,1,L00535,A,3831,C16,C,55.824,21.149,18.599,22,C
VHL,9DTX,A45,1,L00535,A,3813,C17,C,55.537,20.767,17.166,24,C
VHL,9DTX,A45,1,L00535,A,3833,C18,C,55.503,22.016,16.346,25,C
VHL,9DTX,A45,1,L00535,A,3834,C19,C,56.553,22.628,15.749,26,C
VHL,9DTX,A45,1,L00535,A,3814,C20,C,55.954,23.752,15.109,27,C
VHL,9DTX,A45,1,L00535,A,3860,N10,N,54.661,23.718,15.376,28,N
VHL,9DTX,A45,1,L00535,A,3861,O6,O,54.404,22.741,16.062,29,O
VHL,9DTX,A45,1,L00535,A,3835,O4,O,56.604,24.674,14.35,30,O
VHL,9DTX,A45,1,L00535,A,3815,C21,C,55.884,25.27,13.276,31,C
VHL,9DTX,A45,1,L00535,A,3816,C22,C,56.0,26.779,13.462,32,C
VHL,9DTX,A45,1,L00535,A,3836,C23,C,56.449,24.826,11.917,33,C
VHL,9DTX,A45,1,L00535,A,3837,N4,N,56.548,23.362,11.848,34,N
VHL,9DTX,A45,1,L00535,A,3817,C24,C,55.232,22.701,11.874,35,C
VHL,9DTX,A45,1,L00535,A,3838,C25,C,55.482,21.284,11.295,36,C
VHL,9DTX,A45,1,L00535,A,3818,C26,C,56.865,21.382,10.575,37,C
VHL,9DTX,A45,1,L00535,A,3859,C42,C,57.153,22.896,10.605,38,C
VHL,9DTX,A45,1,L00535,A,3839,N5,N,56.816,20.849,9.197,39,N
VHL,9DTX,A45,1,L00535,A,3840,C27,C,58.037,21.197,8.436,40,C
VHL,9DTX,A45,1,L00535,A,3819,C28,C,57.991,20.596,7.018,41,C
VHL,9DTX,A45,1,L00535,A,3841,N6,N,57.868,19.12,7.071,42,N
VHL,9DTX,A45,1,L00535,A,3857,C40,C,56.66,18.757,7.846,51,C
VHL,9DTX,A45,1,L00535,A,3858,C41,C,56.719,19.383,9.248,52,C
VHL,9DTX,A45,1,L00535,A,3856,C39,C,56.562,17.234,8.072,50,C
VHL,9DTX,A45,1,L00535,A,3855,N9,N,56.89,16.467,6.854,49,N
VHL,9DTX,A45,1,L00535,A,3854,C38,C,57.497,17.097,5.755,48,C
VHL,9DTX,A45,1,L00535,A,3842,C29,C,57.989,18.416,5.859,43,C
VHL,9DTX,A45,1,L00535,A,3843,C30,C,58.579,18.943,4.704,44,C
VHL,9DTX,A45,1,L00535,A,3844,C31,C,58.647,18.141,3.542,45,C
VHL,9DTX,A45,1,L00535,A,3852,N7,N,58.155,16.91,3.559,46,N
VHL,9DTX,A45,1,L00535,A,3853,N8,N,57.609,16.419,4.613,47,N
VHL,9DTX,A45,1,L00535,A,3845,C32,C,59.247,18.642,2.274,53,C
VHL,9DTX,A45,1,L00535,A,3846,C33,C,59.494,20.018,2.111,54,C
VHL,9DTX,A45,1,L00535,A,3847,C34,C,60.051,20.496,0.949,55,C
VHL,9DTX,A45,1,L00535,A,3848,C35,C,60.34,19.619,-0.077,56,C
VHL,9DTX,A45,1,L00535,A,3849,C36,C,60.094,18.269,0.052,57,C
VHL,9DTX,A45,1,L00535,A,3850,C37,C,59.54,17.767,1.217,58,C
VHL,9DTX,A45,1,L00535,A,3851,O5,O,59.306,16.437,1.289,59,O
VHL,9DTX,A45,1,L00535,A,3862,C43,C,56.607,19.783,16.669,60,C
VHL,9DTX,A45,1,L00535,A,3863,C44,C,56.298,19.362,15.222,61,C
VHL,9DTX,A45,1,L00535,A,3864,C45,C,56.651,18.513,17.536,62,C
VHL,9DTX,A45,1,L00535,A,3830,O2,O,52.247,22.356,20.533,63,O
VHL,9DTY,A46,1,L00536,A,36220,C1,C,-59.693,31.121,-100.135,0,C
VHL,9DTY,A46,1,L00536,A,36221,C2,C,-60.863,30.675,-99.302,1,C
VHL,9DTY,A46,1,L00536,A,36205,C4,C,-62.038,31.324,-99.279,2,C
VHL,9DTY,A46,1,L00536,A,36223,S,S,-63.082,30.443,-98.192,3,S
VHL,9DTY,A46,1,L00536,A,36222,C3,C,-61.856,29.311,-97.887,4,C
VHL,9DTY,A46,1,L00536,A,36203,N1,N,-60.808,29.61,-98.55,5,N
VHL,9DTY,A46,1,L00536,A,36206,C5,C,-62.442,32.537,-100.008,6,C
VHL,9DTY,A46,1,L00536,A,36207,C6,C,-61.853,32.917,-101.209,7,C
VHL,9DTY,A46,1,L00536,A,36208,C7,C,-62.267,34.051,-101.862,8,C
VHL,9DTY,A46,1,L00536,A,36209,C8,C,-63.286,34.809,-101.335,9,C
VHL,9DTY,A46,1,L00536,A,36265,C46,C,-63.869,34.426,-100.142,10,C
VHL,9DTY,A46,1,L00536,A,36266,C47,C,-63.461,33.302,-99.48,11,C
VHL,9DTY,A46,1,L00536,A,36224,C9,C,-63.764,36.057,-102.028,12,C
VHL,9DTY,A46,1,L00536,A,36210,C10,C,-62.554,36.934,-102.322,13,C
VHL,9DTY,A46,1,L00536,A,36225,N2,N,-64.661,36.749,-101.106,14,N
VHL,9DTY,A46,1,L00536,A,36226,C11,C,-65.955,36.413,-101.023,15,C
VHL,9DTY,A46,1,L00536,A,36228,C12,C,-66.836,37.088,-100.032,17,C
VHL,9DTY,A46,1,L00536,A,36211,C13,C,-67.202,36.016,-98.995,18,C
VHL,9DTY,A46,1,L00536,A,36229,C14,C,-68.598,36.463,-98.509,19,C
VHL,9DTY,A46,1,L00536,A,36212,C15,C,-69.201,37.106,-99.778,20,C
VHL,9DTY,A46,1,L00536,A,36204,N3,N,-68.082,37.512,-100.635,21,N
VHL,9DTY,A46,1,L00536,A,36231,C16,C,-68.198,38.204,-101.755,22,C
VHL,9DTY,A46,1,L00536,A,36213,C17,C,-69.56,38.587,-102.258,24,C
VHL,9DTY,A46,1,L00536,A,36233,C18,C,-69.784,40.042,-101.975,25,C
VHL,9DTY,A46,1,L00536,A,36234,C19,C,-68.896,41.032,-102.165,26,C
VHL,9DTY,A46,1,L00536,A,36214,C20,C,-69.593,42.18,-101.744,27,C
VHL,9DTY,A46,1,L00536,A,36260,N10,N,-70.772,41.792,-101.354,28,N
VHL,9DTY,A46,1,L00536,A,36261,O6,O,-70.89,40.606,-101.481,29,O
VHL,9DTY,A46,1,L00536,A,36235,O4,O,-69.118,43.437,-101.748,30,O
VHL,9DTY,A46,1,L00536,A,36215,C21,C,-70.084,44.458,-101.583,31,C
VHL,9DTY,A46,1,L00536,A,36216,C22,C,-69.748,45.247,-100.323,32,C
VHL,9DTY,A46,1,L00536,A,36236,C23,C,-70.01,45.4,-102.771,33,C
VHL,9DTY,A46,1,L00536,A,36237,N4,N,-71.367,45.877,-103.035,34,N
VHL,9DTY,A46,1,L00536,A,36217,C24,C,-71.313,47.005,-103.986,35,C
VHL,9DTY,A46,1,L00536,A,36238,C25,C,-71.183,48.229,-103.052,36,C
VHL,9DTY,A46,1,L00536,A,36218,C26,C,-72.276,47.845,-102.016,37,C
VHL,9DTY,A46,1,L00536,A,36259,C42,C,-71.962,46.366,-101.78,38,C
VHL,9DTY,A46,1,L00536,A,36239,N5,N,-73.58,47.944,-102.649,39,N
VHL,9DTY,A46,1,L00536,A,36240,C27,C,-73.84,49.305,-103.12,40,C
VHL,9DTY,A46,1,L00536,A,36219,C28,C,-75.161,49.318,-103.878,41,C
VHL,9DTY,A46,1,L00536,A,36241,N6,N,-76.224,48.832,-102.994,42,N
VHL,9DTY,A46,1,L00536,A,36257,C40,C,-75.922,47.484,-102.522,51,C
VHL,9DTY,A46,1,L00536,A,36258,C41,C,-74.624,47.515,-101.73,52,C
VHL,9DTY,A46,1,L00536,A,36256,C39,C,-75.796,46.592,-103.762,50,C
VHL,9DTY,A46,1,L00536,A,36255,N9,N,-77.145,46.537,-104.344,49,N
VHL,9DTY,A46,1,L00536,A,36254,C38,C,-77.908,47.704,-104.326,48,C
VHL,9DTY,A46,1,L00536,A,36242,C29,C,-77.434,48.835,-103.651,43,C
VHL,9DTY,A46,1,L00536,A,36243,C30,C,-78.213,49.979,-103.653,44,C
VHL,9DTY,A46,1,L00536,A,36244,C31,C,-79.432,49.928,-104.331,45,C
VHL,9DTY,A46,1,L00536,A,36252,N7,N,-79.8,48.808,-104.946,46,N
VHL,9DTY,A46,1,L00536,A,36253,N8,N,-79.074,47.748,-104.941,47,N
VHL,9DTY,A46,1,L00536,A,36245,C32,C,-80.297,51.128,-104.363,53,C
VHL,9DTY,A46,1,L00536,A,36246,C33,C,-80.175,52.112,-103.381,54,C
VHL,9DTY,A46,1,L00536,A,36247,C34,C,-80.976,53.233,-103.422,55,C
VHL,9DTY,A46,1,L00536,A,36248,C35,C,-81.908,53.381,-104.433,56,C
VHL,9DTY,A46,1,L00536,A,36249,C36,C,-82.037,52.411,-105.41,57,C
VHL,9DTY,A46,1,L00536,A,36250,C37,C,-81.234,51.284,-105.386,58,C
VHL,9DTY,A46,1,L00536,A,36251,O5,O,-81.353,50.333,-106.344,59,O
VHL,9DTY,A46,1,L00536,A,36262,C43,C,-69.597,38.323,-103.756,60,C
VHL,9DTY,A46,1,L00536,A,36263,C44,C,-68.92,36.979,-103.998,61,C
VHL,9DTY,A46,1,L00536,A,36264,C45,C,-71.042,38.206,-104.23,62,C
VHL,9DTY,A46,1,L00536,A,36230,O2,O,-68.466,37.416,-97.457,63,O
VHL,9GIO,A84,1,L00558,A,1683,C,C,17.89,18.869,37.005,6,C
VHL,9GIO,A84,1,L00558,A,1682,CA,C,17.587,18.071,35.734,7,C
VHL,9GIO,A84,1,L00558,A,1685,CB,C,18.631,16.929,35.603,8,C
VHL,9GIO,A84,1,L00558,A,1686,CG,C,19.162,17.047,34.126,9,C
VHL,9GIO,A84,1,L00558,A,1687,CD,C,19.169,18.581,33.949,12,C
VHL,9GIO,A84,1,L00558,A,1681,N,N,17.887,18.951,34.589,13,N
VHL,9GIO,A84,1,L00558,A,1675,C,C,17.011,19.921,34.254,14,C
VHL,9GIO,A84,1,L00558,A,1676,O,O,15.926,20.045,34.874,15,O
VHL,9GIO,A84,1,L00558,A,1674,CA,C,17.451,20.932,33.181,16,C
VHL,9GIO,A84,1,L00558,A,1677,CB,C,17.259,22.367,33.724,17,C
VHL,9GIO,A84,1,L00558,A,1678,CG,C,17.974,22.635,35.052,18,C
VHL,9GIO,A84,1,L00558,A,1679,CD1,C,19.49,22.735,34.799,19,C
VHL,9GIO,A84,1,L00558,A,1673,N,N,16.624,20.731,32.013,20,N
VHL,9GIO,A84,1,L00558,A,1668,C,C,17.003,20.044,30.934,21,C
VHL,9GIO,A84,1,L00558,A,1669,O,O,18.132,19.623,30.767,22,O
VHL,9GIO,A84,1,L00558,A,1667,CA,C,15.936,19.738,29.899,23,C
VHL,9GIO,A84,1,L00558,A,1670,CB,C,15.474,18.263,29.962,24,C
VHL,9GIO,A84,1,L00558,A,1671,CG1,C,15.382,17.715,31.404,25,C
VHL,9GIO,A84,1,L00558,A,1672,CG2,C,14.128,18.093,29.241,26,C
VHL,9GIO,A84,1,L00558,A,1666,N,N,16.348,20.066,28.523,28,N
VHL,9GIO,A84,1,L00558,A,1661,C,C,16.001,21.226,27.967,29,C
VHL,9GIO,A84,1,L00558,A,1662,O,O,15.34,22.079,28.571,30,O
VHL,9GIO,A84,1,L00558,A,1660,CA,C,16.35,21.419,26.485,31,C
VHL,9HYN,B04,1,L00559,A,7388,C49,C,-29.039,-9.636,18.868,0,C
VHL,9HYN,B04,1,L00559,A,7389,C50,C,-27.702,-10.202,19.219,1,C
VHL,9HYN,B04,1,L00559,A,7393,C54,C,-27.297,-10.676,20.446,2,C
VHL,9HYN,B04,1,L00559,A,7392,S53,S,-25.654,-11.194,20.356,3,S
VHL,9HYN,B04,1,L00559,A,7391,C52,C,-25.638,-10.747,18.698,4,C
VHL,9HYN,B04,1,L00559,A,7390,N51,N,-26.738,-10.248,18.234,5,N
VHL,9HYN,B04,1,L00559,A,7387,C48,C,-28.025,-10.798,21.726,6,C
VHL,9HYN,B04,1,L00559,A,7386,C47,C,-27.419,-10.443,22.926,7,C
VHL,9HYN,B04,1,L00559,A,7385,C46,C,-28.114,-10.549,24.118,8,C
VHL,9HYN,B04,1,L00559,A,7384,C45,C,-29.417,-11.039,24.158,9,C
VHL,9HYN,B04,1,L00559,A,7383,C44,C,-30.01,-11.416,22.947,10,C
VHL,9HYN,B04,1,L00559,A,7382,C43,C,-29.327,-11.291,21.744,11,C
VHL,9HYN,B04,1,L00559,A,7362,O18,O,-31.302,-11.882,23.031,12,O
VHL,9HYN,B04,1,L00559,A,7394,C55,C,-31.767,-12.844,22.062,13,C
VHL,9HYN,B04,1,L00559,A,7395,C56,C,-32.321,-13.993,22.803,14,C
VHL,9HYN,B04,1,L00559,A,7398,O59,O,-31.296,-14.526,23.636,15,O
VHL,9HYN,B04,1,L00559,A,7399,C60,C,-31.748,-14.887,24.929,16,C
VHL,9HYN,B04,1,L00559,A,7400,C61,C,-30.954,-16.076,25.408,17,C
VHL,9HYN,B04,1,L00559,A,7401,N62,N,-31.599,-16.953,26.455,18,N
VHL,9HYN,B04,1,L00559,A,7397,C58,C,-33.071,-16.713,26.64,19,C
VHL,9HYN,B04,1,L00559,A,7396,C57,C,-33.626,-17.737,27.598,20,C
VHL,9HYN,B04,1,L00559,A,7404,N65,N,-32.956,-17.65,28.893,21,N
VHL,9HYN,B04,1,L00559,A,7403,C64,C,-31.527,-17.926,28.702,22,C
VHL,9HYN,B04,1,L00559,A,7402,C63,C,-30.896,-16.894,27.777,23,C
VHL,9HYN,B04,1,L00559,A,7345,C17,C,-33.562,-18.575,29.846,24,C
VHL,9HYN,B04,1,L00559,A,7357,C12,C,-34.796,-17.974,30.454,25,C
VHL,9HYN,B04,1,L00559,A,7356,C11,C,-36.051,-18.489,30.311,26,C
VHL,9HYN,B04,1,L00559,A,7354,N7,N,-36.901,-17.677,31.033,27,N
VHL,9HYN,B04,1,L00559,A,7343,C8,C,-36.207,-16.649,31.598,37,C
VHL,9HYN,B04,1,L00559,A,7358,N13,N,-34.901,-16.821,31.224,38,N
VHL,9HYN,B04,1,L00559,A,7361,C16,C,-33.82,-15.933,31.648,39,C
VHL,9HYN,B04,1,L00559,A,7355,N9,N,-36.702,-15.703,32.344,36,N
VHL,9HYN,B04,1,L00559,A,7344,C10,C,-38.069,-15.686,32.601,34,C
VHL,9HYN,B04,1,L00559,A,7342,C6,C,-38.898,-16.773,32.034,33,C
VHL,9HYN,B04,1,L00559,A,7341,C5,C,-38.295,-17.781,31.242,28,C
VHL,9HYN,B04,1,L00559,A,7340,C4,C,-39.048,-18.809,30.684,29,C
VHL,9HYN,B04,1,L00559,A,7353,C3,C,-40.409,-18.872,30.935,30,C
VHL,9HYN,B04,1,L00559,A,7352,C2,C,-41.036,-17.889,31.686,31,C
VHL,9HYN,B04,1,L00559,A,7351,C1,C,-40.288,-16.863,32.242,32,C
VHL,9HYN,B04,1,L00559,A,7360,BR15,Br,-41.232,-15.598,33.296,40,Br
VHL,9HYN,B04,1,L00559,A,7381,C42,C,-30.183,-11.156,25.458,41,C
VHL,9HYN,B04,1,L00559,A,7380,N41,N,-29.371,-10.92,26.643,42,N
VHL,9HYN,B04,1,L00559,A,7379,C40,C,-28.849,-11.905,27.376,43,C
VHL,9HYN,B04,1,L00559,A,7378,C39,C,-27.828,-11.48,28.432,45,C
VHL,9HYN,B04,1,L00559,A,7376,C37,C,-26.425,-11.431,27.806,46,C
VHL,9HYN,B04,1,L00559,A,7375,C36,C,-25.487,-11.908,28.912,47,C
VHL,9HYN,B04,1,L00559,A,7374,C35,C,-26.316,-12.931,29.666,48,C
VHL,9HYN,B04,1,L00559,A,7373,N34,N,-27.679,-12.399,29.571,49,N
VHL,9HYN,B04,1,L00559,A,7372,C33,C,-28.755,-12.639,30.351,50,C
VHL,9HYN,B04,1,L00559,A,7369,C30,C,-28.597,-13.527,31.594,52,C
VHL,9HYN,B04,1,L00559,A,7348,C22,C,-29.032,-15.01,31.39,53,C
VHL,9HYN,B04,1,L00559,A,7347,C21,C,-28.322,-15.635,30.189,54,C
VHL,9HYN,B04,1,L00559,A,7346,C20,C,-28.672,-15.82,32.636,55,C
VHL,9HYN,B04,1,L00559,A,7363,C19,C,-30.539,-15.115,31.164,56,C
VHL,9HYN,B04,1,L00559,A,7368,N29,N,-29.364,-12.888,32.655,57,N
VHL,9HYN,B04,1,L00559,A,7350,C28,C,-28.89,-12.452,33.827,58,C
VHL,9HYN,B04,1,L00559,A,7367,C27,C,-29.901,-11.875,34.836,60,C
VHL,9HYN,B04,1,L00559,A,7364,C23,C,-29.769,-12.109,36.29,61,C
VHL,9HYN,B04,1,L00559,A,7349,C24,C,-29.597,-10.728,35.719,62,C
VHL,9HYN,B04,1,L00559,A,7365,F25,F,-31.227,-11.909,34.357,63,F
VHL,9HYN,B04,1,L00559,A,7371,O32,O,-25.116,-10.832,29.773,64,O
VHL,9HYO,B06,1,L00560,A,3665,C55,C,28.212,-10.946,-2.23,0,C
VHL,9HYO,B06,1,L00560,A,3637,C27,C,28.305,-9.672,-1.454,1,C
VHL,9HYO,B06,1,L00560,A,3621,C26,C,29.1,-8.58,-1.734,2,C
VHL,9HYO,B06,1,L00560,A,3640,S30,S,28.804,-7.331,-0.561,3,S
VHL,9HYO,B06,1,L00560,A,3639,C29,C,27.665,-8.37,0.21,4,C
VHL,9HYO,B06,1,L00560,A,3638,N28,N,27.501,-9.535,-0.337,5,N
VHL,9HYO,B06,1,L00560,A,3619,C22,C,30.159,-8.368,-2.748,6,C
VHL,9HYO,B06,1,L00560,A,3635,C23,C,31.403,-7.86,-2.379,7,C
VHL,9HYO,B06,1,L00560,A,3620,C24,C,32.475,-7.931,-3.246,8,C
VHL,9HYO,B06,1,L00560,A,3636,C25,C,32.337,-8.508,-4.509,9,C
VHL,9HYO,B06,1,L00560,A,3617,C20,C,31.065,-8.955,-4.897,10,C
VHL,9HYO,B06,1,L00560,A,3618,C21,C,29.981,-8.861,-4.038,11,C
VHL,9HYO,B06,1,L00560,A,3634,O19,O,31.014,-9.596,-6.113,12,O
VHL,9HYO,B06,1,L00560,A,3633,C18,C,29.96,-9.277,-7.032,13,C
VHL,9HYO,B06,1,L00560,A,3616,C17,C,30.484,-8.378,-8.116,14,C
VHL,9HYO,B06,1,L00560,A,3632,O16,O,29.644,-7.23,-8.258,15,O
VHL,9HYO,B06,1,L00560,A,3615,C15,C,28.275,-7.536,-8.567,16,C
VHL,9HYO,B06,1,L00560,A,3631,C14,C,27.357,-7.144,-7.431,17,C
VHL,9HYO,B06,1,L00560,A,3630,O13,O,26.982,-5.764,-7.488,18,O
VHL,9HYO,B06,1,L00560,A,3688,C78,C,27.773,-4.893,-6.674,19,C
VHL,9HYO,B06,1,L00560,A,3689,C79,C,28.601,-3.964,-7.538,20,C
VHL,9HYO,B06,1,L00560,A,3666,N56,N,27.885,-2.869,-8.291,21,N
VHL,9HYO,B06,1,L00560,A,3669,C59,C,26.426,-2.754,-7.933,22,C
VHL,9HYO,B06,1,L00560,A,3668,C58,C,25.581,-2.389,-9.146,23,C
VHL,9HYO,B06,1,L00560,A,3667,N57,N,25.707,-3.393,-10.217,24,N
VHL,9HYO,B06,1,L00560,A,3671,C61,C,27.071,-3.908,-10.408,25,C
VHL,9HYO,B06,1,L00560,A,3670,C60,C,28.102,-2.964,-9.781,26,C
VHL,9HYO,B06,1,L00560,A,3681,C71,C,25.138,-2.831,-11.441,27,C
VHL,9HYO,B06,1,L00560,A,3680,N70,N,24.167,-1.816,-11.35,28,N
VHL,9HYO,B06,1,L00560,A,3679,C69,C,23.886,-1.011,-12.41,29,C
VHL,9HYO,B06,1,L00560,A,3684,C74,C,24.53,-1.191,-13.638,30,C
VHL,9HYO,B06,1,L00560,A,3683,C73,C,25.509,-2.273,-13.699,31,C
VHL,9HYO,B06,1,L00560,A,3682,N72,N,25.738,-3.069,-12.642,32,N
VHL,9HYO,B06,1,L00560,A,3676,N66,N,26.392,-2.465,-14.765,33,N
VHL,9HYO,B06,1,L00560,A,3675,C65,C,25.949,-3.137,-15.982,34,C
VHL,9HYO,B06,1,L00560,A,3674,C64,C,27.854,-1.948,-14.676,35,C
VHL,9HYO,B06,1,L00560,A,3673,C63,C,28.726,-2.092,-13.473,36,C
VHL,9HYO,B06,1,L00560,A,3672,C62,C,29.027,-2.87,-14.716,37,C
VHL,9HYO,B06,1,L00560,A,3685,C75,C,24.272,-0.318,-14.846,38,C
VHL,9HYO,B06,1,L00560,A,3686,C76,C,22.827,0.095,-15.137,39,C
VHL,9HYO,B06,1,L00560,A,3687,N77,N,22.348,1.206,-14.293,40,N
VHL,9HYO,B06,1,L00560,A,3677,C67,C,22.994,1.362,-12.98,41,C
VHL,9HYO,B06,1,L00560,A,3678,C68,C,22.883,0.104,-12.125,42,C
VHL,9HYO,B06,1,L00560,A,3622,C1,C,21.334,1.987,-14.659,43,C
VHL,9HYO,B06,1,L00560,A,3623,N2,N,20.503,2.505,-13.802,44,N
VHL,9HYO,B06,1,L00560,A,3624,C3,C,19.195,2.768,-14.202,45,C
VHL,9HYO,B06,1,L00560,A,3612,C7,C,18.863,2.617,-15.632,47,C
VHL,9HYO,B06,1,L00560,A,3611,C6,C,19.916,2.234,-16.49,48,C
VHL,9HYO,B06,1,L00560,A,3625,O4,O,21.193,2.036,-16.015,54,O
VHL,9HYO,B06,1,L00560,A,3628,C11,C,19.719,1.972,-17.838,49,C
VHL,9HYO,B06,1,L00560,A,3614,C10,C,18.454,2.12,-18.383,50,C
VHL,9HYO,B06,1,L00560,A,3627,C9,C,17.398,2.556,-17.6,51,C
VHL,9HYO,B06,1,L00560,A,3613,C8,C,17.598,2.81,-16.246,52,C
VHL,9HYO,B06,1,L00560,A,3629,BR12,Br,16.106,3.534,-15.312,53,Br
VHL,9HYO,B06,1,L00560,A,3641,C31,C,33.528,-8.748,-5.41,55,C
VHL,9HYO,B06,1,L00560,A,3642,N32,N,34.577,-7.752,-5.255,56,N
VHL,9HYO,B06,1,L00560,A,3643,C33,C,34.434,-6.474,-5.613,57,C
VHL,9HYO,B06,1,L00560,A,3644,C34,C,35.393,-5.53,-4.903,59,C
VHL,9HYO,B06,1,L00560,A,3646,C36,C,34.71,-4.92,-3.666,60,C
VHL,9HYO,B06,1,L00560,A,3647,C37,C,35.247,-3.499,-3.603,61,C
VHL,9HYO,B06,1,L00560,A,3648,C38,C,35.362,-3.113,-5.069,62,C
VHL,9HYO,B06,1,L00560,A,3649,N39,N,35.799,-4.363,-5.696,63,N
VHL,9HYO,B06,1,L00560,A,3650,C40,C,36.537,-4.508,-6.82,64,C
VHL,9HYO,B06,1,L00560,A,3652,C42,C,36.951,-3.254,-7.603,66,C
VHL,9HYO,B06,1,L00560,A,3653,C43,C,36.046,-2.925,-8.829,67,C
VHL,9HYO,B06,1,L00560,A,3655,C45,C,34.595,-3.361,-8.609,68,C
VHL,9HYO,B06,1,L00560,A,3656,C46,C,36.068,-1.411,-9.05,69,C
VHL,9HYO,B06,1,L00560,A,3657,C47,C,36.575,-3.618,-10.087,70,C
VHL,9HYO,B06,1,L00560,A,3654,N44,N,38.344,-3.432,-7.984,71,N
VHL,9HYO,B06,1,L00560,A,3658,C48,C,39.426,-2.767,-7.556,72,C
VHL,9HYO,B06,1,L00560,A,3660,C50,C,40.614,-2.664,-8.559,74,C
VHL,9HYO,B06,1,L00560,A,3661,C51,C,41.263,-3.9,-9.054,75,C
VHL,9HYO,B06,1,L00560,A,3662,C52,C,41.986,-2.986,-8.11,76,C
VHL,9HYO,B06,1,L00560,A,3663,F53,F,40.525,-1.614,-9.519,77,F
VHL,9HYO,B06,1,L00560,A,3664,O54,O,36.516,-3.484,-2.94,78,O
VHL,9HYP,B05,1,L00561,A,3601,C47,C,-25.47,6.22,9.514,0,C
VHL,9HYP,B05,1,L00561,A,3563,C21,C,-24.099,5.822,9.076,1,C
VHL,9HYP,B05,1,L00561,A,3558,C7,C,-23.702,5.489,7.801,2,C
VHL,9HYP,B05,1,L00561,A,3579,S24,S,-22.031,5.099,7.799,3,S
VHL,9HYP,B05,1,L00561,A,3578,C23,C,-21.989,5.388,9.49,4,C
VHL,9HYP,B05,1,L00561,A,3577,N22,N,-23.104,5.762,10.029,5,N
VHL,9HYP,B05,1,L00561,A,3567,C3,C,-24.467,5.367,6.545,6,C
VHL,9HYP,B05,1,L00561,A,3566,C2,C,-24.389,4.212,5.777,7,C
VHL,9HYP,B05,1,L00561,A,3565,C1,C,-25.141,4.083,4.629,8,C
VHL,9HYP,B05,1,L00561,A,3557,C6,C,-26.013,5.091,4.22,9,C
VHL,9HYP,B05,1,L00561,A,3556,C5,C,-26.071,6.263,4.983,10,C
VHL,9HYP,B05,1,L00561,A,3555,C4,C,-25.295,6.406,6.128,11,C
VHL,9HYP,B05,1,L00561,A,3568,O8,O,-26.792,7.268,4.398,12,O
VHL,9HYP,B05,1,L00561,A,3569,C9,C,-26.491,8.649,4.643,13,C
VHL,9HYP,B05,1,L00561,A,3624,C70,C,-25.382,9.062,3.686,14,C
VHL,9HYP,B05,1,L00561,A,3625,C71,C,-25.451,8.415,2.296,15,C
VHL,9HYP,B05,1,L00561,A,3623,C69,C,-25.34,9.382,1.137,16,C
VHL,9HYP,B05,1,L00561,A,3573,N15,N,-26.657,9.584,0.439,17,N
VHL,9HYP,B05,1,L00561,A,3562,C20,C,-27.006,8.428,-0.455,18,C
VHL,9HYP,B05,1,L00561,A,3576,C19,C,-27.98,8.878,-1.532,19,C
VHL,9HYP,B05,1,L00561,A,3575,C18,C,-27.263,9.807,-2.513,20,C
VHL,9HYP,B05,1,L00561,A,3561,C17,C,-26.306,10.729,-1.748,21,C
VHL,9HYP,B05,1,L00561,A,3574,C16,C,-26.732,10.895,-0.294,22,C
VHL,9HYP,B05,1,L00561,A,3595,C41,C,-28.148,10.538,-3.507,23,C
VHL,9HYP,B05,1,L00561,A,3600,C46,C,-29.543,10.551,-3.402,24,C
VHL,9HYP,B05,1,L00561,A,3599,C45,C,-30.336,11.255,-4.3,25,C
VHL,9HYP,B05,1,L00561,A,3598,C44,C,-29.717,11.959,-5.327,26,C
VHL,9HYP,B05,1,L00561,A,3597,C43,C,-28.328,11.94,-5.44,27,C
VHL,9HYP,B05,1,L00561,A,3596,C42,C,-27.541,11.231,-4.548,28,C
VHL,9HYP,B05,1,L00561,A,3605,N51,N,-27.96,12.819,-6.455,29,N
VHL,9HYP,B05,1,L00561,A,3606,C52,C,-29.102,13.39,-6.969,30,C
VHL,9HYP,B05,1,L00561,A,3607,N53,N,-30.199,12.858,-6.299,41,N
VHL,9HYP,B05,1,L00561,A,3616,C62,C,-31.506,13.265,-6.733,35,C
VHL,9HYP,B05,1,L00561,A,3615,C61,C,-31.589,14.238,-7.762,34,C
VHL,9HYP,B05,1,L00561,A,3614,C60,C,-30.357,14.839,-8.306,32,C
VHL,9HYP,B05,1,L00561,A,3613,N59,N,-29.144,14.33,-7.874,31,N
VHL,9HYP,B05,1,L00561,A,3617,C63,C,-32.871,14.577,-8.247,39,C
VHL,9HYP,B05,1,L00561,A,3618,C64,C,-34.018,14.039,-7.682,38,C
VHL,9HYP,B05,1,L00561,A,3619,C65,C,-33.909,13.118,-6.657,37,C
VHL,9HYP,B05,1,L00561,A,3620,C66,C,-32.667,12.712,-6.2,36,C
VHL,9HYP,B05,1,L00561,A,3621,BR67,Br,-33.123,15.656,-9.797,40,Br
VHL,9HYP,B05,1,L00561,A,3608,C54,C,-26.575,13.158,-6.868,42,C
VHL,9HYP,B05,1,L00561,A,3609,C55,C,-25.697,11.942,-7.213,43,C
VHL,9HYP,B05,1,L00561,A,3610,C56,C,-24.386,12.149,-6.45,44,C
VHL,9HYP,B05,1,L00561,A,3611,C57,C,-24.347,13.579,-6.085,45,C
VHL,9HYP,B05,1,L00561,A,3612,C58,C,-25.786,13.945,-5.821,46,C
VHL,9HYP,B05,1,L00561,A,3559,C10,C,-26.904,4.929,3.008,47,C
VHL,9HYP,B05,1,L00561,A,3570,N11,N,-26.423,3.969,2.028,48,N
VHL,9HYP,B05,1,L00561,A,3571,C12,C,-25.624,4.299,1.012,49,C
VHL,9HYP,B05,1,L00561,A,3560,C13,C,-25.038,3.113,0.253,51,C
VHL,9HYP,B05,1,L00561,A,3580,C25,C,-23.662,2.763,0.83,52,C
VHL,9HYP,B05,1,L00561,A,3564,C26,C,-22.954,2.112,-0.346,53,C
VHL,9HYP,B05,1,L00561,A,3581,C27,C,-23.376,2.985,-1.518,54,C
VHL,9HYP,B05,1,L00561,A,3582,N28,N,-24.762,3.333,-1.176,55,N
VHL,9HYP,B05,1,L00561,A,3583,C29,C,-25.762,3.696,-2.004,56,C
VHL,9HYP,B05,1,L00561,A,3585,C31,C,-25.451,3.952,-3.483,58,C
VHL,9HYP,B05,1,L00561,A,3587,C33,C,-25.273,5.457,-3.846,59,C
VHL,9HYP,B05,1,L00561,A,3588,C34,C,-24.201,6.099,-2.961,60,C
VHL,9HYP,B05,1,L00561,A,3589,C35,C,-24.835,5.559,-5.306,61,C
VHL,9HYP,B05,1,L00561,A,3590,C36,C,-26.577,6.229,-3.669,62,C
VHL,9HYP,B05,1,L00561,A,3586,N32,N,-26.5,3.319,-4.265,63,N
VHL,9HYP,B05,1,L00561,A,3591,C37,C,-26.34,2.282,-5.094,64,C
VHL,9HYP,B05,1,L00561,A,3593,C39,C,-27.594,1.759,-5.845,66,C
VHL,9HYP,B05,1,L00561,A,3603,C49,C,-27.692,0.342,-6.247,67,C
VHL,9HYP,B05,1,L00561,A,3604,C50,C,-27.57,1.426,-7.284,68,C
VHL,9HYP,B05,1,L00561,A,3602,F48,F,-28.808,2.324,-5.391,69,F
VHL,9HYP,B05,1,L00561,A,3594,O40,O,-23.473,0.794,-0.5,70,O
VHL,9L6F,B18,1,L00631,A,16109,C17,C,59.086,5.1,4.023,0,C
VHL,9L6F,B18,1,L00631,A,16108,C16,C,59.658,4.379,2.852,1,C
VHL,9L6F,B18,1,L00631,A,16110,C18,C,58.97,3.265,2.431,2,C
VHL,9L6F,B18,1,L00631,A,16112,C19,C,59.371,2.503,1.365,3,C
VHL,9L6F,B18,1,L00631,A,16113,C20,C,60.509,2.924,0.736,4,C
VHL,9L6F,B18,1,L00631,A,16114,C21,C,61.235,4.032,1.131,5,C
VHL,9L6F,B18,1,L00631,A,16107,C15,C,60.816,4.788,2.208,6,C
VHL,9L6F,B18,1,L00631,A,16106,C14,C,61.584,5.947,2.629,7,C
VHL,9L6F,B18,1,L00631,A,16118,C23,C,62.34,5.877,3.781,8,C
VHL,9L6F,B18,1,L00631,A,16122,C27,C,63.021,6.995,4.208,9,C
VHL,9L6F,B18,1,L00631,A,16123,C28,C,62.968,8.185,3.519,10,C
VHL,9L6F,B18,1,L00631,A,16124,C29,C,62.227,8.273,2.357,11,C
VHL,9L6F,B18,1,L00631,A,16105,C13,C,61.548,7.142,1.937,12,C
VHL,9L6F,B18,1,L00631,A,16104,O2,O,60.785,7.211,0.783,13,O
VHL,9L6F,B18,1,L00631,A,16103,C12,C,61.737,7.298,-0.27,14,C
VHL,9L6F,B18,1,L00631,A,16102,C11,C,61.094,6.883,-1.536,15,C
VHL,9L6F,B18,1,L00631,A,16101,C10,C,61.382,7.566,-2.694,16,C
VHL,9L6F,B18,1,L00631,A,16100,C9,C,60.789,7.195,-3.883,17,C
VHL,9L6F,B18,1,L00631,A,16099,C8,C,59.924,6.123,-3.914,18,C
VHL,9L6F,B18,1,L00631,A,16144,C43,C,59.647,5.435,-2.751,19,C
VHL,9L6F,B18,1,L00631,A,16143,C42,C,60.225,5.817,-1.563,20,C
VHL,9L6F,B18,1,L00631,A,16098,C7,C,59.256,5.754,-5.131,21,C
VHL,9L6F,B18,1,L00631,A,16145,C44,C,58.067,5.056,-5.154,22,C
VHL,9L6F,B18,1,L00631,A,16095,N3,N,57.775,4.963,-6.481,23,N
VHL,9L6F,B18,1,L00631,A,16096,N4,N,58.703,5.573,-7.233,24,N
VHL,9L6F,B18,1,L00631,A,16097,N5,N,59.629,6.066,-6.416,25,N
VHL,9L6F,B18,1,L00631,A,16094,C6,C,56.599,4.321,-7.063,26,C
VHL,9L6F,B18,1,L00631,A,16146,C45,C,56.375,2.888,-6.582,27,C
VHL,9L6F,B18,1,L00631,A,16147,C46,C,57.623,2.045,-6.688,28,C
VHL,9L6F,B18,1,L00631,A,16148,C47,C,55.276,2.203,-7.369,29,C
VHL,9L6F,B18,1,L00631,A,16093,C5,C,55.381,5.117,-6.678,30,C
VHL,9L6F,B18,1,L00631,A,16092,N2,N,54.577,5.419,-7.765,32,N
VHL,9L6F,B18,1,L00631,A,16150,C48,C,55.118,5.516,-9.094,33,C
VHL,9L6F,B18,1,L00631,A,16151,C49,C,54.187,6.472,-9.792,34,C
VHL,9L6F,B18,1,L00631,A,16153,C50,C,52.883,6.362,-9.043,35,C
VHL,9L6F,B18,1,L00631,A,16091,C4,C,53.375,6.215,-7.63,36,C
VHL,9L6F,B18,1,L00631,A,16090,C3,C,52.407,5.354,-6.885,37,C
VHL,9L6F,B18,1,L00631,A,16089,N1,N,51.633,6.071,-5.989,39,N
VHL,9L6F,B18,1,L00631,A,16088,C2,C,50.408,5.48,-5.485,40,C
VHL,9L6F,B18,1,L00631,A,16087,C1,C,50.03,5.806,-4.043,41,C
VHL,9L6F,B18,1,L00631,A,16086,O1,O,50.838,6.808,-3.466,42,O
VHL,9L6F,B18,1,L00631,A,16155,C51,C,49.235,5.694,-6.389,43,C
VHL,9L6F,B18,1,L00631,A,16156,C52,C,48.016,5.177,-6.019,44,C
VHL,9L6F,B18,1,L00631,A,16157,C53,C,46.913,5.341,-6.824,45,C
VHL,9L6F,B18,1,L00631,A,16158,C54,C,46.994,6.027,-8.019,46,C
VHL,9L6F,B18,1,L00631,A,16165,C59,C,48.219,6.546,-8.387,47,C
VHL,9L6F,B18,1,L00631,A,16166,C60,C,49.328,6.382,-7.582,48,C
VHL,9L6F,B18,1,L00631,A,16159,C55,C,45.811,6.155,-8.866,49,C
VHL,9L6F,B18,1,L00631,A,16160,C56,C,44.454,6.077,-8.59,50,C
VHL,9L6F,B18,1,L00631,A,16162,N12,N,43.614,6.234,-9.664,51,N
VHL,9L6F,B18,1,L00631,A,16163,C58,C,44.298,6.429,-10.764,52,C
VHL,9L6F,B18,1,L00631,A,16164,S1,S,45.999,6.434,-10.555,53,S
VHL,9L6F,B18,1,L00631,A,16161,C57,C,43.815,5.851,-7.284,54,C
VHL,9L6F,B18,1,L00631,A,16152,O6,O,54.695,7.776,-9.576,55,O
VHL,9L6F,B18,1,L00631,A,16125,N8,N,62.145,9.419,1.669,56,N
VHL,9L6F,B18,1,L00631,A,16126,C30,C,62.82,10.464,2.148,57,C
VHL,9L6F,B18,1,L00631,A,16127,N9,N,63.566,10.485,3.247,58,N
VHL,9L6F,B18,1,L00631,A,16128,C31,C,63.626,9.333,3.917,59,C
VHL,9L6F,B18,1,L00631,A,16129,N10,N,64.428,9.416,5.067,60,N
VHL,9L6F,B18,1,L00631,A,16130,C32,C,64.7,8.341,6.002,61,C
VHL,9L6F,B18,1,L00631,A,16131,C33,C,65.796,9.04,6.769,62,C
VHL,9L6F,B18,1,L00631,A,16135,C36,C,65.212,10.42,6.925,63,C
VHL,9L6F,B18,1,L00631,A,16134,C35,C,65.094,10.648,5.442,64,C
VHL,9L6F,B18,1,L00631,A,16133,C34,C,66.534,10.516,5.042,65,C
VHL,9L6F,B18,1,L00631,A,16132,N11,N,66.912,9.322,5.834,66,N
VHL,9L6F,B18,1,L00631,A,16136,O3,O,62.788,11.673,1.492,67,O
VHL,9L6F,B18,1,L00631,A,16137,C37,C,61.928,11.589,0.366,68,C
VHL,9L6F,B18,1,L00631,A,16138,C38,C,60.549,11.946,0.871,69,C
VHL,9L6F,B18,1,L00631,A,16139,C39,C,59.765,12.773,-0.11,70,C
VHL,9L6F,B18,1,L00631,A,16140,O4,O,60.513,13.917,-0.478,71,O
VHL,9L6F,B18,1,L00631,A,16141,C40,C,61.607,13.554,-1.301,72,C
VHL,9L6F,B18,1,L00631,A,16142,C41,C,62.532,12.567,-0.628,73,C
VHL,9L6F,B18,1,L00631,A,16119,C24,C,62.445,4.626,4.571,74,C
VHL,9L6F,B18,1,L00631,A,16120,C25,C,61.772,4.532,5.908,75,C
VHL,9L6F,B18,1,L00631,A,16121,C26,C,63.262,4.538,5.823,76,C
VHL,9L6F,B18,1,L00631,A,16115,C22,C,62.308,4.074,0.209,77,C
VHL,9L6F,B18,1,L00631,A,16116,N6,N,62.258,3.079,-0.682,78,N
VHL,9L6F,B18,1,L00631,A,16117,N7,N,61.158,2.398,-0.336,79,N
VHL,9L6F,B18,1,L00631,A,16111,F1,F,57.864,2.893,3.086,80,F
VHL,9MR9,A44,1,L00537,A,30521,C39,C,17.802,26.454,82.783,0,C
VHL,9MR9,A44,1,L00537,A,30520,C38,C,17.688,26.247,81.306,1,C
VHL,9MR9,A44,1,L00537,A,30516,C36,C,17.882,27.217,80.401,2,C
VHL,9MR9,A44,1,L00537,A,30517,S,S,17.624,26.558,78.8,3,S
VHL,9MR9,A44,1,L00537,A,30518,C37,C,17.31,25.024,79.51,4,C
VHL,9MR9,A44,1,L00537,A,30519,N9,N,17.394,25.076,80.797,5,N
VHL,9MR9,A44,1,L00537,A,30513,C33,C,18.169,28.621,80.633,6,C
VHL,9MR9,A44,1,L00537,A,30512,C32,C,17.531,29.521,79.788,7,C
VHL,9MR9,A44,1,L00537,A,30511,C31,C,17.706,30.876,79.915,8,C
VHL,9MR9,A44,1,L00537,A,30510,C30,C,18.535,31.356,80.896,9,C
VHL,9MR9,A44,1,L00537,A,30515,C35,C,19.168,30.456,81.748,10,C
VHL,9MR9,A44,1,L00537,A,30514,C34,C,18.997,29.088,81.63,11,C
VHL,9MR9,A44,1,L00537,A,30486,C2,C,18.742,32.833,81.071,12,C
VHL,9MR9,A44,1,L00537,A,30485,C1,C,17.879,33.276,82.24,13,C
VHL,9MR9,A44,1,L00537,A,30468,N1,N,18.243,33.536,79.92,14,N
VHL,9MR9,A44,1,L00537,A,30487,C3,C,19.037,34.133,79.053,15,C
VHL,9MR9,A44,1,L00537,A,30470,C4,C,18.348,34.798,77.919,17,C
VHL,9MR9,A44,1,L00537,A,30471,C5,C,18.096,33.73,76.851,18,C
VHL,9MR9,A44,1,L00537,A,30472,C6,C,18.44,34.426,75.505,19,C
VHL,9MR9,A44,1,L00537,A,30473,C7,C,19.436,35.545,75.92,20,C
VHL,9MR9,A44,1,L00537,A,30490,N2,N,19.16,35.853,77.332,21,N
VHL,9MR9,A44,1,L00537,A,30474,C8,C,19.531,36.918,78.027,22,C
VHL,9MR9,A44,1,L00537,A,30492,C9,C,20.328,38.019,77.401,24,C
VHL,9MR9,A44,1,L00537,A,30483,C26,C,21.793,38.024,77.813,25,C
VHL,9MR9,A44,1,L00537,A,30484,C28,C,22.506,38.901,76.786,26,C
VHL,9MR9,A44,1,L00537,A,30508,C27,C,22.377,36.605,77.807,27,C
VHL,9MR9,A44,1,L00537,A,30509,C29,C,22.026,38.65,79.194,28,C
VHL,9MR9,A44,1,L00537,A,30469,N3,N,19.714,39.231,77.908,29,N
VHL,9MR9,A44,1,L00537,A,30475,C10,C,19.35,40.253,77.121,30,C
VHL,9MR9,A44,1,L00537,A,30494,C11,C,18.711,41.462,77.747,32,C
VHL,9MR9,A44,1,L00537,A,30495,N4,N,19.276,41.678,79.079,33,N
VHL,9MR9,A44,1,L00537,A,30477,C15,C,19.505,43.094,79.322,34,C
VHL,9MR9,A44,1,L00537,A,30498,C14,C,20.219,43.223,80.668,35,C
VHL,9MR9,A44,1,L00537,A,30497,N5,N,19.306,42.706,81.662,36,N
VHL,9MR9,A44,1,L00537,A,30476,C13,C,19.119,41.281,81.448,37,C
VHL,9MR9,A44,1,L00537,A,30496,C12,C,18.397,41.164,80.118,38,C
VHL,9MR9,A44,1,L00537,A,30499,C16,C,19.613,43.124,82.95,39,C
VHL,9MR9,A44,1,L00537,A,30478,C17,C,20.345,42.367,83.86,40,C
VHL,9MR9,A44,1,L00537,A,30500,C18,C,20.597,42.921,85.127,41,C
VHL,9MR9,A44,1,L00537,A,30501,N6,N,20.093,44.124,85.412,42,N
VHL,9MR9,A44,1,L00537,A,30502,N7,N,19.419,44.826,84.573,43,N
VHL,9MR9,A44,1,L00537,A,30503,C19,C,19.161,44.379,83.356,44,C
VHL,9MR9,A44,1,L00537,A,30504,N8,N,18.436,45.131,82.446,45,N
VHL,9MR9,A44,1,L00537,A,30479,C20,C,21.324,42.161,86.177,46,C
VHL,9MR9,A44,1,L00537,A,30480,C21,C,21.718,40.837,85.964,47,C
VHL,9MR9,A44,1,L00537,A,30481,C22,C,22.342,40.124,86.966,48,C
VHL,9MR9,A44,1,L00537,A,30505,C23,C,22.569,40.703,88.204,49,C
VHL,9MR9,A44,1,L00537,A,30482,C24,C,22.176,42.007,88.442,50,C
VHL,9MR9,A44,1,L00537,A,30506,C25,C,21.546,42.732,87.444,51,C
VHL,9MR9,A44,1,L00537,A,30507,O5,O,21.178,44.003,87.722,52,O
VHL,9MR9,A44,1,L00537,A,30489,O2,O,17.279,34.982,74.886,53,O
VHL,9OIO,A51,1,L00611,A,10419,C14,C,-7.714,-34.938,6.807,0,C
VHL,9OIO,A51,1,L00611,A,10418,C13,C,-7.35,-35.5,5.444,1,C
VHL,9OIO,A51,1,L00611,A,10420,C15,C,-8.258,-36.658,5.066,2,C
VHL,9OIO,A51,1,L00611,A,10424,N12,N,-7.327,-34.375,4.434,3,N
VHL,9OIO,A51,1,L00611,A,10421,C16,C,-8.04,-34.657,3.14,4,C
VHL,9OIO,A51,1,L00611,A,10422,C17,C,-7.058,-34.72,1.979,5,C
VHL,9OIO,A51,1,L00611,A,10425,N9,N,-6.454,-33.363,1.764,6,N
VHL,9OIO,A51,1,L00611,A,10416,C10,C,-6.043,-32.747,3.07,7,C
VHL,9OIO,A51,1,L00611,A,10417,C11,C,-5.96,-33.823,4.138,8,C
VHL,9OIO,A51,1,L00611,A,10415,C8,C,-7.382,-32.449,0.992,9,C
VHL,9OIO,A51,1,L00611,A,10414,C7,C,-7.309,-32.687,-0.491,10,C
VHL,9OIO,A51,1,L00611,A,10413,C6,C,-6.283,-33.485,-0.994,11,C
VHL,9OIO,A51,1,L00611,A,10412,C5,C,-6.153,-33.709,-2.354,12,C
VHL,9OIO,A51,1,L00611,A,10411,C4,C,-7.048,-33.141,-3.236,13,C
VHL,9OIO,A51,1,L00611,A,10410,C3,C,-8.08,-32.344,-2.765,14,C
VHL,9OIO,A51,1,L00611,A,10409,C2,C,-8.183,-32.14,-1.411,15,C
VHL,9OIO,A51,1,L00611,A,10423,F1,F,-9.205,-31.385,-0.948,16,F
VHL,9QE4,A99,1,L00562,A,10554,C23,C,13.754,49.591,80.955,0,C
VHL,9QE4,A99,1,L00562,A,10542,C21,C,14.987,50.531,81.3,1,C
VHL,9QE4,A99,1,L00562,A,10541,C20,C,15.023,51.229,82.474,2,C
VHL,9QE4,A99,1,L00562,A,10566,S1,S,16.56,52.16,82.481,3,S
VHL,9QE4,A99,1,L00562,A,10543,C22,C,17.057,51.544,80.898,4,C
VHL,9QE4,A99,1,L00562,A,10561,N4,N,16.168,50.728,80.412,5,N
VHL,9QE4,A99,1,L00562,A,10540,C17,C,14.19,51.491,83.785,6,C
VHL,9QE4,A99,1,L00562,A,10550,C16,C,14.137,52.752,84.444,7,C
VHL,9QE4,A99,1,L00562,A,10539,C15,C,13.374,52.985,85.631,8,C
VHL,9QE4,A99,1,L00562,A,10538,C13,C,12.608,51.969,86.246,9,C
VHL,9QE4,A99,1,L00562,A,10552,C19,C,12.644,50.695,85.608,10,C
VHL,9QE4,A99,1,L00562,A,10551,C18,C,13.411,50.473,84.418,11,C
VHL,9QE4,A99,1,L00562,A,10548,C12,C,11.754,52.266,87.592,12,C
VHL,9QE4,A99,1,L00562,A,10549,C14,C,10.229,52.298,87.25,13,C
VHL,9QE4,A99,1,L00562,A,10531,N3,N,12.174,53.537,88.307,14,N
VHL,9QE4,A99,1,L00562,A,10547,C11,C,13.303,53.667,89.143,15,C
VHL,9QE4,A99,1,L00562,A,10535,C7,C,13.78,54.978,89.907,17,C
VHL,9QE4,A99,1,L00562,A,10536,C8,C,15.02,55.57,89.12,18,C
VHL,9QE4,A99,1,L00562,A,10558,C9,C,16.087,55.961,90.168,19,C
VHL,9QE4,A99,1,L00562,A,10537,C10,C,15.682,55.058,91.432,20,C
VHL,9QE4,A99,1,L00562,A,10560,N2,N,14.204,54.723,91.333,21,N
VHL,9QE4,A99,1,L00562,A,10534,C6,C,13.346,54.233,92.387,22,C
VHL,9QE4,A99,1,L00562,A,10546,C1,C,13.711,53.915,93.951,24,C
VHL,9QE4,A99,1,L00562,A,10544,C24,C,13.949,52.323,94.227,25,C
VHL,9QE4,A99,1,L00562,A,10545,C26,C,15.005,51.791,93.197,26,C
VHL,9QE4,A99,1,L00562,A,10555,C25,C,14.47,52.119,95.674,27,C
VHL,9QE4,A99,1,L00562,A,10556,C27,C,12.616,51.533,94.032,28,C
VHL,9QE4,A99,1,L00562,A,10530,N1,N,12.607,54.443,94.831,29,N
VHL,9QE4,A99,1,L00562,A,10553,C2,C,12.384,55.773,95.188,30,C
VHL,9QE4,A99,1,L00562,A,10557,C3,C,11.213,56.329,96.105,32,C
VHL,9QE4,A99,1,L00562,A,10533,C5,C,11.344,56.457,97.62,33,C
VHL,9QE4,A99,1,L00562,A,10532,C4,C,11.294,57.702,96.778,34,C
VHL,9QE4,A99,1,L00562,A,10559,F1,F,9.972,56.0,95.65,35,F
VHL,9QE4,A99,1,L00562,A,10564,O3,O,15.973,57.323,90.465,36,O
VHL,9QE5,A98,1,L00563,A,10672,CBK,C,2.777,-33.066,10.232,0,C
VHL,9QE5,A98,1,L00563,A,10670,CBG,C,3.631,-31.827,9.881,1,C
VHL,9QE5,A98,1,L00563,A,10669,CBF,C,4.3,-31.723,8.658,2,C
VHL,9QE5,A98,1,L00563,A,10680,SBJ,S,5.166,-30.173,8.637,3,S
VHL,9QE5,A98,1,L00563,A,10671,CBI,C,4.585,-29.729,10.231,4,C
VHL,9QE5,A98,1,L00563,A,10676,NBH,N,3.806,-30.665,10.772,5,N
VHL,9QE5,A98,1,L00563,A,10666,CBC,C,4.501,-32.542,7.424,6,C
VHL,9QE5,A98,1,L00563,A,10665,CBB,C,5.754,-32.575,6.761,7,C
VHL,9QE5,A98,1,L00563,A,10664,CBA,C,5.993,-33.36,5.599,8,C
VHL,9QE5,A98,1,L00563,A,10662,CAY,C,4.98,-34.181,5.026,9,C
VHL,9QE5,A98,1,L00563,A,10668,CBE,C,3.733,-34.164,5.676,10,C
VHL,9QE5,A98,1,L00563,A,10667,CBD,C,3.504,-33.372,6.835,11,C
VHL,9QE5,A98,1,L00563,A,10661,CAX,C,5.267,-35.027,3.753,12,C
VHL,9QE5,A98,1,L00563,A,10663,CAZ,C,5.456,-36.52,4.156,13,C
VHL,9QE5,A98,1,L00563,A,10675,NAW,N,6.498,-34.537,3.12,14,N
VHL,9QE5,A98,1,L00563,A,10660,CAU,C,6.53,-33.383,2.289,15,C
VHL,9QE5,A98,1,L00563,A,10656,CAP,C,7.854,-32.846,1.658,17,C
VHL,9QE5,A98,1,L00563,A,10657,CAQ,C,8.366,-31.67,2.537,18,C
VHL,9QE5,A98,1,L00563,A,10658,CAR,C,8.984,-30.704,1.542,19,C
VHL,9QE5,A98,1,L00563,A,10659,CAS,C,7.957,-30.821,0.369,20,C
VHL,9QE5,A98,1,L00563,A,10674,NAO,N,7.673,-32.296,0.346,21,N
VHL,9QE5,A98,1,L00563,A,10646,C,C,7.315,-33.04,-0.797,22,C
VHL,9QE5,A98,1,L00563,A,10645,CA,C,7.111,-32.605,-2.252,24,C
VHL,9QE5,A98,1,L00563,A,10648,CB,C,5.741,-31.905,-2.401,25,C
VHL,9QE5,A98,1,L00563,A,10649,CAA,C,4.535,-32.848,-2.365,26,C
VHL,9QE5,A98,1,L00563,A,10650,CAB,C,4.667,-33.881,-3.476,27,C
VHL,9QE5,A98,1,L00563,A,10651,CAC,C,6.037,-34.601,-3.454,28,C
VHL,9QE5,A98,1,L00563,A,10644,N,N,7.287,-33.771,-3.168,29,N
VHL,9QE5,A98,1,L00563,A,10652,CAG,C,8.572,-34.12,-3.715,30,C
VHL,9QE5,A98,1,L00563,A,10653,CAI,C,8.932,-35.337,-4.698,32,C
VHL,9QE5,A98,1,L00563,A,10654,CAJ,C,9.341,-35.086,-6.134,33,C
VHL,9QE5,A98,1,L00563,A,10655,CAK,C,7.928,-35.527,-6.024,34,C
VHL,9QE5,A98,1,L00563,A,10673,FAL,F,9.538,-36.36,-4.187,35,F
VHL,9QE5,A98,1,L00563,A,10678,OAT,O,10.229,-31.2,1.117,36,O
XIAP,4WVS,4LZ,1,L00126,A,16,SD,S,-2.928,-845.919,24.754,1,S
