RECRUITER_CODE,Ligand,PDB_File,SMILES,Canonical_SMILES,InChIKey,Component_Status,Mapping_Status,Component_Heavy_Atoms,PDB_Heavy_Atoms,MCS_Atoms,Notes
LR00001,A90,Ligases/CHIP/PDB/9QEU_A90.pdb,O=C(O)Cc1ccc(CCNS(=O)(=O)c2ccc(Cl)cc2)cc1,O=C(O)Cc1ccc(CCNS(=O)(=O)c2ccc(Cl)cc2)cc1,IULOBWFWYDMECP-UHFFFAOYSA-N,valid_ccd,heavy_atom_count_mismatch,23,34,,CCD and coordinate ligand have different heavy-atom counts; review manually
LR00002,A91,Ligases/CHIP/PDB/9QF1_A91.pdb,Cc1cc(C#Cc2ccccc2CNn2ccoc2=O)nc(N)n1,Cc1cc(C#Cc2ccccc2CNn2ccoc2=O)nc(N)n1,ZUJWSOPIDUWELP-UHFFFAOYSA-N,valid_ccd,heavy_atom_count_mismatch,24,34,,CCD and coordinate ligand have different heavy-atom counts; review manually
LR00003,A87,Ligases/CHIP/PDB/9QFS_A87.pdb,CCCCN(CCc1c[nH]c2cc(O)ccc12)CCC1CCCCCC1,CCCCN(CCc1c[nH]c2cc(O)ccc12)CCC1CCCCCC1,KRICXPIAKQTZMM-UHFFFAOYSA-N,valid_ccd,heavy_atom_count_mismatch,26,29,,CCD and coordinate ligand have different heavy-atom counts; review manually
LR00004,A88,Ligases/CHIP/PDB/9QFY_A88.pdb,COc1cc(CN2C(=O)N(Cc3ccc(O)c(OC)c3)N(Cc3ccccc3)C[C@@H](O)[C@H]2Cc2ccccc2)ccc1O,COc1cc(CN2C(=O)N(Cc3ccc(O)c(OC)c3)N(Cc3ccccc3)C[C@@H](O)[C@H]2Cc2ccccc2)ccc1O,PMBZSBGCSQGJAQ-GRKNLSHJSA-N,valid_ccd,heavy_atom_count_mismatch,43,28,,CCD and coordinate ligand have different heavy-atom counts; review manually
LR00005,B07,Ligases/CHIP/PDB/9R1P_B07.pdb,COc1cccc(OC)c1C(=O)NCB(O)O,COc1cccc(OC)c1C(=O)NCB(O)O,SXURQNHWSSEFLG-UHFFFAOYSA-N,valid_ccd,heavy_atom_count_mismatch,17,38,,CCD and coordinate ligand have different heavy-atom counts; review manually
LR00006,EF2,Ligases/CRBN/PDB/4CI1_EF2.pdb,O=C1CC[C@H](N2C(=O)c3ccccc3C2=O)C(=O)N1,O=C1CC[C@H](N2C(=O)c3ccccc3C2=O)C(=O)N1,UEJJHQNACJXSKW-VIFPVBQESA-N,valid_ccd,full_heavy_atom_mcs,19,19,19,CCD graph and coordinate ligand fully mapped; safe for 2D SASA atom indices
LR00007,LVY,Ligases/CRBN/PDB/4CI2_LVY.pdb,Nc1cccc2c1CN([C@H]1CCC(=O)NC1=O)C2=O,Nc1cccc2c1CN([C@H]1CCC(=O)NC1=O)C2=O,GOTYRUGSSMKFNF-JTQLQIEISA-N,valid_ccd,full_heavy_atom_mcs,19,19,19,CCD graph and coordinate ligand fully mapped; safe for 2D SASA atom indices
LR00008,Y70,Ligases/CRBN/PDB/4CI3_Y70.pdb,Nc1cccc2c1C(=O)N([C@H]1CCC(=O)NC1=O)C2=O,Nc1cccc2c1C(=O)N([C@H]1CCC(=O)NC1=O)C2=O,UVSMNLNDYGZFPF-QMMMGPOBSA-N,valid_ccd,full_heavy_atom_mcs,20,20,20,CCD graph and coordinate ligand fully mapped; safe for 2D SASA atom indices
LR00009,LVY,Ligases/CRBN/PDB/4TZ4_LVY.pdb,Nc1cccc2c1CN([C@H]1CCC(=O)NC1=O)C2=O,Nc1cccc2c1CN([C@H]1CCC(=O)NC1=O)C2=O,GOTYRUGSSMKFNF-JTQLQIEISA-N,valid_ccd,full_heavy_atom_mcs,19,19,19,CCD graph and coordinate ligand fully mapped; safe for 2D SASA atom indices
LR00010,EF2,Ligases/CRBN/PDB/4TZC_EF2.pdb,O=C1CC[C@H](N2C(=O)c3ccccc3C2=O)C(=O)N1,O=C1CC[C@H](N2C(=O)c3ccccc3C2=O)C(=O)N1,UEJJHQNACJXSKW-VIFPVBQESA-N,valid_ccd,full_heavy_atom_mcs,19,19,19,CCD graph and coordinate ligand fully mapped; safe for 2D SASA atom indices
LR00011,Y70,Ligases/CRBN/PDB/4TZU_Y70.pdb,Nc1cccc2c1C(=O)N([C@H]1CCC(=O)NC1=O)C2=O,Nc1cccc2c1C(=O)N([C@H]1CCC(=O)NC1=O)C2=O,UVSMNLNDYGZFPF-QMMMGPOBSA-N,valid_ccd,full_heavy_atom_mcs,20,20,20,CCD graph and coordinate ligand fully mapped; safe for 2D SASA atom indices
LR00012,EF2,Ligases/CRBN/PDB/4V2Y_EF2.pdb,O=C1CC[C@H](N2C(=O)c3ccccc3C2=O)C(=O)N1,O=C1CC[C@H](N2C(=O)c3ccccc3C2=O)C(=O)N1,UEJJHQNACJXSKW-VIFPVBQESA-N,valid_ccd,full_heavy_atom_mcs,19,19,19,CCD graph and coordinate ligand fully mapped; safe for 2D SASA atom indices
LR00013,Y70,Ligases/CRBN/PDB/4V2Z_Y70.pdb,Nc1cccc2c1C(=O)N([C@H]1CCC(=O)NC1=O)C2=O,Nc1cccc2c1C(=O)N([C@H]1CCC(=O)NC1=O)C2=O,UVSMNLNDYGZFPF-QMMMGPOBSA-N,valid_ccd,full_heavy_atom_mcs,20,20,20,CCD graph and coordinate ligand fully mapped; safe for 2D SASA atom indices
LR00014,LVY,Ligases/CRBN/PDB/4V30_LVY.pdb,Nc1cccc2c1CN([C@H]1CCC(=O)NC1=O)C2=O,Nc1cccc2c1CN([C@H]1CCC(=O)NC1=O)C2=O,GOTYRUGSSMKFNF-JTQLQIEISA-N,valid_ccd,full_heavy_atom_mcs,19,19,19,CCD graph and coordinate ligand fully mapped; safe for 2D SASA atom indices
LR00015,DUR,Ligases/CRBN/PDB/4V31_DUR.pdb,O=c1ccn([C@H]2C[C@H](O)[C@@H](CO)O2)c(=O)[nH]1,O=c1ccn([C@H]2C[C@H](O)[C@@H](CO)O2)c(=O)[nH]1,MXHRCPNRJAMMIM-SHYZEUOFSA-N,valid_ccd,full_heavy_atom_mcs,16,16,16,CCD graph and coordinate ligand fully mapped; safe for 2D SASA atom indices
LR00016,EF2,Ligases/CRBN/PDB/4V32_EF2.pdb,O=C1CC[C@H](N2C(=O)c3ccccc3C2=O)C(=O)N1,O=C1CC[C@H](N2C(=O)c3ccccc3C2=O)C(=O)N1,UEJJHQNACJXSKW-VIFPVBQESA-N,valid_ccd,full_heavy_atom_mcs,19,19,19,CCD graph and coordinate ligand fully mapped; safe for 2D SASA atom indices
LR00017,EF2,Ligases/CRBN/PDB/5AMH_EF2.pdb,O=C1CC[C@H](N2C(=O)c3ccccc3C2=O)C(=O)N1,O=C1CC[C@H](N2C(=O)c3ccccc3C2=O)C(=O)N1,UEJJHQNACJXSKW-VIFPVBQESA-N,valid_ccd,full_heavy_atom_mcs,19,19,19,CCD graph and coordinate ligand fully mapped; safe for 2D SASA atom indices
LR00018,EF2,Ligases/CRBN/PDB/5AMI_EF2.pdb,O=C1CC[C@H](N2C(=O)c3ccccc3C2=O)C(=O)N1,O=C1CC[C@H](N2C(=O)c3ccccc3C2=O)C(=O)N1,UEJJHQNACJXSKW-VIFPVBQESA-N,valid_ccd,full_heavy_atom_mcs,19,19,19,CCD graph and coordinate ligand fully mapped; safe for 2D SASA atom indices
LR00019,EF2,Ligases/CRBN/PDB/5AMJ_EF2.pdb,O=C1CC[C@H](N2C(=O)c3ccccc3C2=O)C(=O)N1,O=C1CC[C@H](N2C(=O)c3ccccc3C2=O)C(=O)N1,UEJJHQNACJXSKW-VIFPVBQESA-N,valid_ccd,full_heavy_atom_mcs,19,19,19,CCD graph and coordinate ligand fully mapped; safe for 2D SASA atom indices
LR00020,LVY,Ligases/CRBN/PDB/5FQD_LVY.pdb,Nc1cccc2c1CN([C@H]1CCC(=O)NC1=O)C2=O,Nc1cccc2c1CN([C@H]1CCC(=O)NC1=O)C2=O,GOTYRUGSSMKFNF-JTQLQIEISA-N,valid_ccd,full_heavy_atom_mcs,19,19,19,CCD graph and coordinate ligand fully mapped; safe for 2D SASA atom indices
LR00021,85C,Ligases/CRBN/PDB/5HXB_85C.pdb,Cc1ccc(NC(=O)NCc2ccc3c(c2)CN([C@H]2CCC(=O)NC2=O)C3=O)cc1Cl,Cc1ccc(NC(=O)NCc2ccc3c(c2)CN([C@H]2CCC(=O)NC2=O)C3=O)cc1Cl,DOEVCIHTTTYVCC-SFHVURJKSA-N,valid_ccd,full_heavy_atom_mcs,31,31,31,CCD graph and coordinate ligand fully mapped; safe for 2D SASA atom indices
LR00022,8W7,Ligases/CRBN/PDB/5V3O_8W7.pdb,O=C1CC[C@H](N2Cc3c(OCc4ccc(CN5CCOCC5)cc4)cccc3C2=O)C(=O)N1,O=C1CC[C@H](N2Cc3c(OCc4ccc(CN5CCOCC5)cc4)cccc3C2=O)C(=O)N1,IXZOHGPZAQLIBH-NRFANRHFSA-N,valid_ccd,full_heavy_atom_mcs,33,33,33,CCD graph and coordinate ligand fully mapped; safe for 2D SASA atom indices
LR00023,EF2,Ligases/CRBN/PDB/5YIZ_EF2.pdb,O=C1CC[C@H](N2C(=O)c3ccccc3C2=O)C(=O)N1,O=C1CC[C@H](N2C(=O)c3ccccc3C2=O)C(=O)N1,UEJJHQNACJXSKW-VIFPVBQESA-N,valid_ccd,full_heavy_atom_mcs,19,19,19,CCD graph and coordinate ligand fully mapped; safe for 2D SASA atom indices
LR00024,EF2,Ligases/CRBN/PDB/5YJ0_EF2.pdb,O=C1CC[C@H](N2C(=O)c3ccccc3C2=O)C(=O)N1,O=C1CC[C@H](N2C(=O)c3ccccc3C2=O)C(=O)N1,UEJJHQNACJXSKW-VIFPVBQESA-N,valid_ccd,full_heavy_atom_mcs,19,19,19,CCD graph and coordinate ligand fully mapped; safe for 2D SASA atom indices
LR00025,6EL,Ligases/CRBN/PDB/5YJ1_6EL.pdb,O=C1CC[C@@H](N2C(=O)c3ccccc3C2=O)C(=O)N1,O=C1CC[C@@H](N2C(=O)c3ccccc3C2=O)C(=O)N1,UEJJHQNACJXSKW-SECBINFHSA-N,valid_ccd,full_heavy_atom_mcs,19,19,19,CCD graph and coordinate ligand fully mapped; safe for 2D SASA atom indices
LR00026,Y70,Ligases/CRBN/PDB/6H0F_Y70.pdb,Nc1cccc2c1C(=O)N([C@H]1CCC(=O)NC1=O)C2=O,Nc1cccc2c1C(=O)N([C@H]1CCC(=O)NC1=O)C2=O,UVSMNLNDYGZFPF-QMMMGPOBSA-N,valid_ccd,full_heavy_atom_mcs,20,20,20,CCD graph and coordinate ligand fully mapped; safe for 2D SASA atom indices
LR00027,Y70,Ligases/CRBN/PDB/6H0G_Y70.pdb,Nc1cccc2c1C(=O)N([C@H]1CCC(=O)NC1=O)C2=O,Nc1cccc2c1C(=O)N([C@H]1CCC(=O)NC1=O)C2=O,UVSMNLNDYGZFPF-QMMMGPOBSA-N,valid_ccd,full_heavy_atom_mcs,20,20,20,CCD graph and coordinate ligand fully mapped; safe for 2D SASA atom indices
LR00028,JNW,Ligases/CRBN/PDB/6R0Q_JNW.pdb,O=C1CC[C@H](NC(=O)c2ccccc2C(=O)O)C(=O)N1,O=C1CC[C@H](NC(=O)c2ccccc2C(=O)O)C(=O)N1,QTUSGYNZYGYXIN-VIFPVBQESA-N,valid_ccd,full_heavy_atom_mcs,20,20,20,CCD graph and coordinate ligand fully mapped; safe for 2D SASA atom indices
LR00029,EF2,Ligases/CRBN/PDB/6R0U_EF2.pdb,O=C1CC[C@H](N2C(=O)c3ccccc3C2=O)C(=O)N1,O=C1CC[C@H](N2C(=O)c3ccccc3C2=O)C(=O)N1,UEJJHQNACJXSKW-VIFPVBQESA-N,valid_ccd,full_heavy_atom_mcs,19,19,19,CCD graph and coordinate ligand fully mapped; safe for 2D SASA atom indices
LR00030,JO2,Ligases/CRBN/PDB/6R0V_JO2.pdb,O=C1C[C@H](NC(=O)c2cc([N+](=O)[O-])ccc2C(=O)O)C(=O)N1,O=C1C[C@H](NC(=O)c2cc([N+](=O)[O-])ccc2C(=O)O)C(=O)N1,QDQOIENHMXVJIB-QMMMGPOBSA-N,valid_ccd,full_heavy_atom_mcs,22,22,22,CCD graph and coordinate ligand fully mapped; safe for 2D SASA atom indices
LR00031,JOB,Ligases/CRBN/PDB/6R11_JOB.pdb,Nc1ccc2c(c1)C(=O)N([C@H]1CC(=O)NC1=O)C2=O,Nc1ccc2c(c1)C(=O)N([C@H]1CC(=O)NC1=O)C2=O,ZQAUOFWDVHCTPN-QMMMGPOBSA-N,valid_ccd,full_heavy_atom_mcs,19,19,19,CCD graph and coordinate ligand fully mapped; safe for 2D SASA atom indices
LR00032,EF2,Ligases/CRBN/PDB/6R12_EF2.pdb,O=C1CC[C@H](N2C(=O)c3ccccc3C2=O)C(=O)N1,O=C1CC[C@H](N2C(=O)c3ccccc3C2=O)C(=O)N1,UEJJHQNACJXSKW-VIFPVBQESA-N,valid_ccd,full_heavy_atom_mcs,19,19,19,CCD graph and coordinate ligand fully mapped; safe for 2D SASA atom indices
LR00033,EF2,Ligases/CRBN/PDB/6R13_EF2.pdb,O=C1CC[C@H](N2C(=O)c3ccccc3C2=O)C(=O)N1,O=C1CC[C@H](N2C(=O)c3ccccc3C2=O)C(=O)N1,UEJJHQNACJXSKW-VIFPVBQESA-N,valid_ccd,full_heavy_atom_mcs,19,19,19,CCD graph and coordinate ligand fully mapped; safe for 2D SASA atom indices
LR00034,EF2,Ligases/CRBN/PDB/6R18_EF2.pdb,O=C1CC[C@H](N2C(=O)c3ccccc3C2=O)C(=O)N1,O=C1CC[C@H](N2C(=O)c3ccccc3C2=O)C(=O)N1,UEJJHQNACJXSKW-VIFPVBQESA-N,valid_ccd,full_heavy_atom_mcs,19,19,19,CCD graph and coordinate ligand fully mapped; safe for 2D SASA atom indices
LR00035,EF2,Ligases/CRBN/PDB/6R19_EF2.pdb,O=C1CC[C@H](N2C(=O)c3ccccc3C2=O)C(=O)N1,O=C1CC[C@H](N2C(=O)c3ccccc3C2=O)C(=O)N1,UEJJHQNACJXSKW-VIFPVBQESA-N,valid_ccd,full_heavy_atom_mcs,19,19,19,CCD graph and coordinate ligand fully mapped; safe for 2D SASA atom indices
LR00036,EF2,Ligases/CRBN/PDB/6R1A_EF2.pdb,O=C1CC[C@H](N2C(=O)c3ccccc3C2=O)C(=O)N1,O=C1CC[C@H](N2C(=O)c3ccccc3C2=O)C(=O)N1,UEJJHQNACJXSKW-VIFPVBQESA-N,valid_ccd,full_heavy_atom_mcs,19,19,19,CCD graph and coordinate ligand fully mapped; safe for 2D SASA atom indices
LR00037,EF2,Ligases/CRBN/PDB/6R1C_EF2.pdb,O=C1CC[C@H](N2C(=O)c3ccccc3C2=O)C(=O)N1,O=C1CC[C@H](N2C(=O)c3ccccc3C2=O)C(=O)N1,UEJJHQNACJXSKW-VIFPVBQESA-N,valid_ccd,full_heavy_atom_mcs,19,19,19,CCD graph and coordinate ligand fully mapped; safe for 2D SASA atom indices
LR00038,JP5,Ligases/CRBN/PDB/6R1D_JP5.pdb,O=C1C[C@H](NC(=O)OCc2ccccc2)C(=O)N1,O=C1C[C@H](NC(=O)OCc2ccccc2)C(=O)N1,QRQMHYISDDHZBY-VIFPVBQESA-N,valid_ccd,full_heavy_atom_mcs,18,18,18,CCD graph and coordinate ligand fully mapped; safe for 2D SASA atom indices
LR00039,JPB,Ligases/CRBN/PDB/6R1K_JPB.pdb,O=C1C[C@H](NC(=O)c2c(Cl)cc(Cl)cc2Cl)C(=O)N1,O=C1C[C@H](NC(=O)c2c(Cl)cc(Cl)cc2Cl)C(=O)N1,LBWIBZYKUVIBKH-ZETCQYMHSA-N,valid_ccd,full_heavy_atom_mcs,19,19,19,CCD graph and coordinate ligand fully mapped; safe for 2D SASA atom indices
LR00040,EF2,Ligases/CRBN/PDB/6R1W_EF2.pdb,O=C1CC[C@H](N2C(=O)c3ccccc3C2=O)C(=O)N1,O=C1CC[C@H](N2C(=O)c3ccccc3C2=O)C(=O)N1,UEJJHQNACJXSKW-VIFPVBQESA-N,valid_ccd,full_heavy_atom_mcs,19,19,19,CCD graph and coordinate ligand fully mapped; safe for 2D SASA atom indices
LR00041,JPQ,Ligases/CRBN/PDB/6R1X_JPQ.pdb,CC(C)=CC(=O)N[C@H]1CC(=O)NC1=O,CC(C)=CC(=O)N[C@H]1CC(=O)NC1=O,RSHQAELIOFFTCL-LURJTMIESA-N,valid_ccd,full_heavy_atom_mcs,14,14,14,CCD graph and coordinate ligand fully mapped; safe for 2D SASA atom indices
LR00042,Y70,Ligases/CRBN/PDB/6UML_Y70.pdb,Nc1cccc2c1C(=O)N([C@H]1CCC(=O)NC1=O)C2=O,Nc1cccc2c1C(=O)N([C@H]1CCC(=O)NC1=O)C2=O,UVSMNLNDYGZFPF-QMMMGPOBSA-N,valid_ccd,full_heavy_atom_mcs,20,20,20,CCD graph and coordinate ligand fully mapped; safe for 2D SASA atom indices
LR00043,V4M,Ligases/CRBN/PDB/6XK9_V4M.pdb,O=C1CC[C@H](N2Cc3cc(CNC(=O)C(F)(F)c4ccc(Cl)cc4)ccc3C2=O)C(=O)N1,O=C1CC[C@H](N2Cc3cc(CNC(=O)C(F)(F)c4ccc(Cl)cc4)ccc3C2=O)C(=O)N1,PWBHUSLMHZLGRN-KRWDZBQOSA-N,valid_ccd,full_heavy_atom_mcs,32,32,32,CCD graph and coordinate ligand fully mapped; safe for 2D SASA atom indices
LR00044,EF2,Ligases/CRBN/PDB/7BQU_EF2.pdb,O=C1CC[C@H](N2C(=O)c3ccccc3C2=O)C(=O)N1,O=C1CC[C@H](N2C(=O)c3ccccc3C2=O)C(=O)N1,UEJJHQNACJXSKW-VIFPVBQESA-N,valid_ccd,full_heavy_atom_mcs,19,19,19,CCD graph and coordinate ligand fully mapped; safe for 2D SASA atom indices
LR00045,F4U,Ligases/CRBN/PDB/7BQV_F4U.pdb,O=C1CC[C@H](N2C(=O)c3ccc(O)cc3C2=O)C(=O)N1,O=C1CC[C@H](N2C(=O)c3ccc(O)cc3C2=O)C(=O)N1,LJBQRRQTZUJWRC-VIFPVBQESA-N,valid_ccd,full_heavy_atom_mcs,20,20,20,CCD graph and coordinate ligand fully mapped; safe for 2D SASA atom indices
LR00046,RN9,Ligases/CRBN/PDB/7LPS_RN9.pdb,Cc1ccc(NC(=O)CCc2cccc(NC3=CC(=O)N([C@H]4CCC(=O)NC4=O)C3=O)c2)cc1Cl,Cc1ccc(NC(=O)CCc2cccc(NC3=CC(=O)N([C@H]4CCC(=O)NC4=O)C3=O)c2)cc1Cl,YDYSAFPHVGVORZ-FQEVSTJZSA-N,valid_ccd,full_heavy_atom_mcs,35,35,35,CCD graph and coordinate ligand fully mapped; safe for 2D SASA atom indices
LR00047,7SE,Ligases/CRBN/PDB/7PJK_7SE.pdb,O=C1CC[C@H](n2nc3ccccc3n2)C(=O)N1,O=C1CC[C@H](n2nc3ccccc3n2)C(=O)N1,QFGWCBAWFMYBCK-VIFPVBQESA-N,valid_ccd,full_heavy_atom_mcs,17,17,17,CCD graph and coordinate ligand fully mapped; safe for 2D SASA atom indices
LR00048,8W7,Ligases/CRBN/PDB/7PS9_8W7.pdb,O=C1CC[C@H](N2Cc3c(OCc4ccc(CN5CCOCC5)cc4)cccc3C2=O)C(=O)N1,O=C1CC[C@H](N2Cc3c(OCc4ccc(CN5CCOCC5)cc4)cccc3C2=O)C(=O)N1,IXZOHGPZAQLIBH-NRFANRHFSA-N,valid_ccd,full_heavy_atom_mcs,33,33,33,CCD graph and coordinate ligand fully mapped; safe for 2D SASA atom indices
LR00049,835,Ligases/CRBN/PDB/7PSO_835.pdb,Cc1nc2cccc(N)c2c(=O)n1[C@H]1CCC(=O)NC1=O,Cc1nc2cccc(N)c2c(=O)n1[C@H]1CCC(=O)NC1=O,RSNPAKAFCAAMBH-JTQLQIEISA-N,valid_ccd,full_heavy_atom_mcs,21,21,21,CCD graph and coordinate ligand fully mapped; safe for 2D SASA atom indices
LR00050,EF2,Ligases/CRBN/PDB/7PSO_EF2.pdb,O=C1CC[C@H](N2C(=O)c3ccccc3C2=O)C(=O)N1,O=C1CC[C@H](N2C(=O)c3ccccc3C2=O)C(=O)N1,UEJJHQNACJXSKW-VIFPVBQESA-N,valid_ccd,full_heavy_atom_mcs,19,19,19,CCD graph and coordinate ligand fully mapped; safe for 2D SASA atom indices
LR00051,9FT,Ligases/CRBN/PDB/7SHH_9FT.pdb,COc1ccc([C@H]2CCC(=O)NC2=O)cc1,COc1ccc([C@H]2CCC(=O)NC2=O)cc1,UTEUBBDWRDGRCU-SNVBAGLBSA-N,valid_ccd,full_heavy_atom_mcs,16,16,16,CCD graph and coordinate ligand fully mapped; safe for 2D SASA atom indices
LR00052,LWK,Ligases/CRBN/PDB/7U8F_LWK.pdb,O=C1CC[C@H](N2Cc3cc(C4CCN(Cc5ccccc5)CC4)ccc3C2=O)C(=O)N1,O=C1CC[C@H](N2Cc3cc(C4CCN(Cc5ccccc5)CC4)ccc3C2=O)C(=O)N1,OMISHRJQMYQPMG-QFIPXVFZSA-N,valid_ccd,full_heavy_atom_mcs,31,31,31,CCD graph and coordinate ligand fully mapped; safe for 2D SASA atom indices
LR00053,MW6,Ligases/CRBN/PDB/8AOP_MW6.pdb,Nc1cccc(SC[C@H]2CCC(=O)NC2=O)c1,Nc1cccc(SC[C@H]2CCC(=O)NC2=O)c1,YGPLIXYOXPSSRZ-MRVPVSSYSA-N,valid_ccd,full_heavy_atom_mcs,17,17,17,CCD graph and coordinate ligand fully mapped; safe for 2D SASA atom indices
LR00054,N8F,Ligases/CRBN/PDB/8AOQ_N8F.pdb,O=C1CC[C@H](CS(=O)(=O)c2ccccc2)C(=O)N1,O=C1CC[C@H](CS(=O)(=O)c2ccccc2)C(=O)N1,JPOLQZHTTNLNIA-SECBINFHSA-N,valid_ccd,full_heavy_atom_mcs,18,18,18,CCD graph and coordinate ligand fully mapped; safe for 2D SASA atom indices
LR00055,QFC,Ligases/CRBN/PDB/8D7U_QFC.pdb,N#Cc1ccc(N2CCN(Cc3ccc(COc4cccc5c4CN([C@H]4CCC(=O)NC4=O)C5=O)cc3)CC2)c(F)c1,N#Cc1ccc(N2CCN(Cc3ccc(COc4cccc5c4CN([C@H]4CCC(=O)NC4=O)C5=O)cc3)CC2)c(F)c1,YTINZZFBHWSAGL-NDEPHWFRSA-N,valid_ccd,full_heavy_atom_mcs,42,42,42,CCD graph and coordinate ligand fully mapped; safe for 2D SASA atom indices
LR00056,QFC,Ligases/CRBN/PDB/8D7V_QFC.pdb,N#Cc1ccc(N2CCN(Cc3ccc(COc4cccc5c4CN([C@H]4CCC(=O)NC4=O)C5=O)cc3)CC2)c(F)c1,N#Cc1ccc(N2CCN(Cc3ccc(COc4cccc5c4CN([C@H]4CCC(=O)NC4=O)C5=O)cc3)CC2)c(F)c1,YTINZZFBHWSAGL-NDEPHWFRSA-N,valid_ccd,full_heavy_atom_mcs,42,42,42,CCD graph and coordinate ligand fully mapped; safe for 2D SASA atom indices
LR00057,QFC,Ligases/CRBN/PDB/8D7W_QFC.pdb,N#Cc1ccc(N2CCN(Cc3ccc(COc4cccc5c4CN([C@H]4CCC(=O)NC4=O)C5=O)cc3)CC2)c(F)c1,N#Cc1ccc(N2CCN(Cc3ccc(COc4cccc5c4CN([C@H]4CCC(=O)NC4=O)C5=O)cc3)CC2)c(F)c1,YTINZZFBHWSAGL-NDEPHWFRSA-N,valid_ccd,full_heavy_atom_mcs,42,42,42,CCD graph and coordinate ligand fully mapped; safe for 2D SASA atom indices
LR00058,QFC,Ligases/CRBN/PDB/8D7Z_QFC.pdb,N#Cc1ccc(N2CCN(Cc3ccc(COc4cccc5c4CN([C@H]4CCC(=O)NC4=O)C5=O)cc3)CC2)c(F)c1,N#Cc1ccc(N2CCN(Cc3ccc(COc4cccc5c4CN([C@H]4CCC(=O)NC4=O)C5=O)cc3)CC2)c(F)c1,YTINZZFBHWSAGL-NDEPHWFRSA-N,valid_ccd,full_heavy_atom_mcs,42,42,42,CCD graph and coordinate ligand fully mapped; safe for 2D SASA atom indices
LR00059,8W7,Ligases/CRBN/PDB/8D80_8W7.pdb,O=C1CC[C@H](N2Cc3c(OCc4ccc(CN5CCOCC5)cc4)cccc3C2=O)C(=O)N1,O=C1CC[C@H](N2Cc3c(OCc4ccc(CN5CCOCC5)cc4)cccc3C2=O)C(=O)N1,IXZOHGPZAQLIBH-NRFANRHFSA-N,valid_ccd,full_heavy_atom_mcs,33,33,33,CCD graph and coordinate ligand fully mapped; safe for 2D SASA atom indices
LR00060,Y70,Ligases/CRBN/PDB/8D81_Y70.pdb,Nc1cccc2c1C(=O)N([C@H]1CCC(=O)NC1=O)C2=O,Nc1cccc2c1C(=O)N([C@H]1CCC(=O)NC1=O)C2=O,UVSMNLNDYGZFPF-QMMMGPOBSA-N,valid_ccd,full_heavy_atom_mcs,20,20,20,CCD graph and coordinate ligand fully mapped; safe for 2D SASA atom indices
LR00061,LWK,Ligases/CRBN/PDB/8DEY_LWK.pdb,O=C1CC[C@H](N2Cc3cc(C4CCN(Cc5ccccc5)CC4)ccc3C2=O)C(=O)N1,O=C1CC[C@H](N2Cc3cc(C4CCN(Cc5ccccc5)CC4)ccc3C2=O)C(=O)N1,OMISHRJQMYQPMG-QFIPXVFZSA-N,valid_ccd,full_heavy_atom_mcs,31,31,31,CCD graph and coordinate ligand fully mapped; safe for 2D SASA atom indices
LR00062,YOT,Ligases/CRBN/PDB/8G66_YOT.pdb,O=C1CC[C@H](N2Cc3cc(Nc4noc5ccccc45)ccc3C2=O)C(=O)N1,O=C1CC[C@H](N2Cc3cc(Nc4noc5ccccc45)ccc3C2=O)C(=O)N1,AJUZTJBGJWQZFW-HNNXBMFYSA-N,valid_ccd,full_heavy_atom_mcs,28,28,28,CCD graph and coordinate ligand fully mapped; safe for 2D SASA atom indices
LR00063,Y70,Ligases/CRBN/PDB/8OIZ_Y70.pdb,Nc1cccc2c1C(=O)N([C@H]1CCC(=O)NC1=O)C2=O,Nc1cccc2c1C(=O)N([C@H]1CCC(=O)NC1=O)C2=O,UVSMNLNDYGZFPF-QMMMGPOBSA-N,valid_ccd,full_heavy_atom_mcs,20,20,20,CCD graph and coordinate ligand fully mapped; safe for 2D SASA atom indices
LR00064,VP9,Ligases/CRBN/PDB/8OJH_VP9.pdb,COc1ccc(N)c2c1C(=O)N([C@H]1CCC(=O)NC1=O)C2=O,COc1ccc(N)c2c1C(=O)N([C@H]1CCC(=O)NC1=O)C2=O,JQKAGYPIPZUGHW-ZETCQYMHSA-N,valid_ccd,full_heavy_atom_mcs,22,22,22,CCD graph and coordinate ligand fully mapped; safe for 2D SASA atom indices
LR00065,EF2,Ligases/CRBN/PDB/8OU3_EF2.pdb,O=C1CC[C@H](N2C(=O)c3ccccc3C2=O)C(=O)N1,O=C1CC[C@H](N2C(=O)c3ccccc3C2=O)C(=O)N1,UEJJHQNACJXSKW-VIFPVBQESA-N,valid_ccd,full_heavy_atom_mcs,19,19,19,CCD graph and coordinate ligand fully mapped; safe for 2D SASA atom indices
LR00066,W2F,Ligases/CRBN/PDB/8OU4_W2F.pdb,Nc1ccc(C(=O)N[C@H]2CCC(=O)NC2=O)c(Cl)c1,Nc1ccc(C(=O)N[C@H]2CCC(=O)NC2=O)c(Cl)c1,ODBDBMXVJIBLEY-VIFPVBQESA-N,valid_ccd,full_heavy_atom_mcs,19,19,19,CCD graph and coordinate ligand fully mapped; safe for 2D SASA atom indices
LR00067,W1X,Ligases/CRBN/PDB/8OU5_W1X.pdb,Nc1ccc(C(=O)N[C@H]2CCC(=O)NC2=O)c(C(F)(F)F)c1,Nc1ccc(C(=O)N[C@H]2CCC(=O)NC2=O)c(C(F)(F)F)c1,HPKPRXOHNCNKLQ-VIFPVBQESA-N,valid_ccd,full_heavy_atom_mcs,22,22,22,CCD graph and coordinate ligand fully mapped; safe for 2D SASA atom indices
LR00068,W26,Ligases/CRBN/PDB/8OU6_W26.pdb,Cc1cc(N)ccc1C(=O)N[C@H]1CCC(=O)NC1=O,Cc1cc(N)ccc1C(=O)N[C@H]1CCC(=O)NC1=O,BUTHFOQUICVORE-JTQLQIEISA-N,valid_ccd,full_heavy_atom_mcs,19,19,19,CCD graph and coordinate ligand fully mapped; safe for 2D SASA atom indices
LR00069,W1F,Ligases/CRBN/PDB/8OU7_W1F.pdb,COc1cc(N)ccc1C(=O)N[C@H]1CCC(=O)NC1=O,COc1cc(N)ccc1C(=O)N[C@H]1CCC(=O)NC1=O,SLGDHJMSLPDYEO-VIFPVBQESA-N,valid_ccd,full_heavy_atom_mcs,20,20,20,CCD graph and coordinate ligand fully mapped; safe for 2D SASA atom indices
LR00070,W1B,Ligases/CRBN/PDB/8OU9_W1B.pdb,Nc1ccc(C(=O)N[C@H]2CCC(=O)NC2=O)c(O)c1,Nc1ccc(C(=O)N[C@H]2CCC(=O)NC2=O)c(O)c1,IPUAAMOPTISHEC-QMMMGPOBSA-N,valid_ccd,full_heavy_atom_mcs,19,19,19,CCD graph and coordinate ligand fully mapped; safe for 2D SASA atom indices
LR00071,W0Z,Ligases/CRBN/PDB/8OUA_W0Z.pdb,COc1c(N)c(F)cc(C(=O)N[C@H]2CCC(=O)NC2=O)c1F,COc1c(N)c(F)cc(C(=O)N[C@H]2CCC(=O)NC2=O)c1F,AJJIOMGESOLWQL-ZETCQYMHSA-N,valid_ccd,full_heavy_atom_mcs,22,22,22,CCD graph and coordinate ligand fully mapped; safe for 2D SASA atom indices
LR00072,A66,Ligases/CRBN/PDB/8RDP_A66.pdb,NCCCC[C@H](C(=O)O)N(CCN)C(=O)Cn1cnc2c(N)ncnc21,NCCCC[C@H](C(=O)O)N(CCN)C(=O)Cn1cnc2c(N)ncnc21,PQFIWSOJMDUDKF-SNVBAGLBSA-N,valid_ccd,heavy_atom_count_mismatch,26,19,,CCD and coordinate ligand have different heavy-atom counts; review manually
LR00073,YQO,Ligases/CRBN/PDB/8RDQ_YQO.pdb,O=C1CC[C@]2(CC(c3ccc(Cl)cc3Cl)=NO2)C(=O)N1,O=C1CC[C@]2(CC(c3ccc(Cl)cc3Cl)=NO2)C(=O)N1,KFAVXUHSPFYSLI-ZDUSSCGKSA-N,valid_ccd,full_heavy_atom_mcs,20,20,20,CCD graph and coordinate ligand fully mapped; safe for 2D SASA atom indices
LR00074,A67,Ligases/CRBN/PDB/8RDR_A67.pdb,,,,missing_ccd_component,not_repaired,0,,,No matching component ID was found in the CCD SMILES export
LR00075,A65,Ligases/CRBN/PDB/8RDS_A65.pdb,CSc1nsc(SC)c1CO,CSc1nsc(SC)c1CO,SIFVTEYXNRZCMI-UHFFFAOYSA-N,valid_ccd,heavy_atom_count_mismatch,11,20,,CCD and coordinate ligand have different heavy-atom counts; review manually
LR00076,A68,Ligases/CRBN/PDB/8RDT_A68.pdb,CC[C@H](C)[C@H](NC(C)=O)C(=O)N[C@@H](Cc1ccccc1)[C@H](O)CN(CC(C)C)S(=O)(=O)c1ccc(OC)cc1,CC[C@H](C)[C@H](NC(C)=O)C(=O)N[C@@H](Cc1ccccc1)[C@H](O)CN(CC(C)C)S(=O)(=O)c1ccc(OC)cc1,SMFNBADPJMISMS-PSRPIYIESA-N,valid_ccd,heavy_atom_count_mismatch,39,24,,CCD and coordinate ligand have different heavy-atom counts; review manually
LR00077,QFC,Ligases/CRBN/PDB/8RQ8_QFC.pdb,N#Cc1ccc(N2CCN(Cc3ccc(COc4cccc5c4CN([C@H]4CCC(=O)NC4=O)C5=O)cc3)CC2)c(F)c1,N#Cc1ccc(N2CCN(Cc3ccc(COc4cccc5c4CN([C@H]4CCC(=O)NC4=O)C5=O)cc3)CC2)c(F)c1,YTINZZFBHWSAGL-NDEPHWFRSA-N,valid_ccd,full_heavy_atom_mcs,42,42,42,CCD graph and coordinate ligand fully mapped; safe for 2D SASA atom indices
LR00078,A79,Ligases/CRBN/PDB/8RQ9_A79.pdb,CC(C)[C@H](NC(=O)N(C)Cc1ccccn1)C(=O)N[C@@H](Cc1ccccc1)[C@H](O)[C@@H](O)[C@H](Cc1ccccc1)NC(=O)[C@@H](NC(=O)N(C)Cc1ccccn1)C(C)C,CC(C)[C@H](NC(=O)N(C)Cc1ccccn1)C(=O)N[C@@H](Cc1ccccc1)[C@H](O)[C@@H](O)[C@H](Cc1ccccc1)NC(=O)[C@@H](NC(=O)N(C)Cc1ccccn1)C(C)C,QPVWMQXBTCSLCB-UNHORJANSA-N,valid_ccd,heavy_atom_count_mismatch,58,60,,CCD and coordinate ligand have different heavy-atom counts; review manually
LR00079,LVY,Ligases/CRBN/PDB/8RQA_LVY.pdb,Nc1cccc2c1CN([C@H]1CCC(=O)NC1=O)C2=O,Nc1cccc2c1CN([C@H]1CCC(=O)NC1=O)C2=O,GOTYRUGSSMKFNF-JTQLQIEISA-N,valid_ccd,full_heavy_atom_mcs,19,19,19,CCD graph and coordinate ligand fully mapped; safe for 2D SASA atom indices
LR00080,QFC,Ligases/CRBN/PDB/8RQC_QFC.pdb,N#Cc1ccc(N2CCN(Cc3ccc(COc4cccc5c4CN([C@H]4CCC(=O)NC4=O)C5=O)cc3)CC2)c(F)c1,N#Cc1ccc(N2CCN(Cc3ccc(COc4cccc5c4CN([C@H]4CCC(=O)NC4=O)C5=O)cc3)CC2)c(F)c1,YTINZZFBHWSAGL-NDEPHWFRSA-N,valid_ccd,full_heavy_atom_mcs,42,42,42,CCD graph and coordinate ligand fully mapped; safe for 2D SASA atom indices
LR00081,Y70,Ligases/CRBN/PDB/8TNP_Y70.pdb,Nc1cccc2c1C(=O)N([C@H]1CCC(=O)NC1=O)C2=O,Nc1cccc2c1C(=O)N([C@H]1CCC(=O)NC1=O)C2=O,UVSMNLNDYGZFPF-QMMMGPOBSA-N,valid_ccd,full_heavy_atom_mcs,20,20,20,CCD graph and coordinate ligand fully mapped; safe for 2D SASA atom indices
LR00082,MIQ,Ligases/CRBN/PDB/8TNQ_MIQ.pdb,O=C1CC[C@H](N2C(=O)c3ccc(N4CCOCC4)cc3C2=O)C(=O)N1,O=C1CC[C@H](N2C(=O)c3ccc(N4CCOCC4)cc3C2=O)C(=O)N1,CCCSRHUSXCBFJZ-ZDUSSCGKSA-N,valid_ccd,full_heavy_atom_mcs,25,25,25,CCD graph and coordinate ligand fully mapped; safe for 2D SASA atom indices
LR00083,MIQ,Ligases/CRBN/PDB/8TNR_MIQ.pdb,O=C1CC[C@H](N2C(=O)c3ccc(N4CCOCC4)cc3C2=O)C(=O)N1,O=C1CC[C@H](N2C(=O)c3ccc(N4CCOCC4)cc3C2=O)C(=O)N1,CCCSRHUSXCBFJZ-ZDUSSCGKSA-N,valid_ccd,full_heavy_atom_mcs,25,25,25,CCD graph and coordinate ligand fully mapped; safe for 2D SASA atom indices
LR00084,U3I,Ligases/CRBN/PDB/8TZX_U3I.pdb,CCN1CCCC[C@@H]1[C@@H](C)Oc1ccc2c(c1)CN([C@H]1CCC(=O)NC1=O)C2=O,CCN1CCCC[C@@H]1[C@@H](C)Oc1ccc2c(c1)CN([C@H]1CCC(=O)NC1=O)C2=O,FVZCFUKXGUUDBQ-ZMYBRWDISA-N,valid_ccd,full_heavy_atom_mcs,29,29,29,CCD graph and coordinate ligand fully mapped; safe for 2D SASA atom indices
LR00085,8W7,Ligases/CRBN/PDB/8U15_8W7.pdb,O=C1CC[C@H](N2Cc3c(OCc4ccc(CN5CCOCC5)cc4)cccc3C2=O)C(=O)N1,O=C1CC[C@H](N2Cc3c(OCc4ccc(CN5CCOCC5)cc4)cccc3C2=O)C(=O)N1,IXZOHGPZAQLIBH-NRFANRHFSA-N,valid_ccd,full_heavy_atom_mcs,33,33,33,CCD graph and coordinate ligand fully mapped; safe for 2D SASA atom indices
LR00086,Y70,Ligases/CRBN/PDB/8U16_Y70.pdb,Nc1cccc2c1C(=O)N([C@H]1CCC(=O)NC1=O)C2=O,Nc1cccc2c1C(=O)N([C@H]1CCC(=O)NC1=O)C2=O,UVSMNLNDYGZFPF-QMMMGPOBSA-N,valid_ccd,full_heavy_atom_mcs,20,20,20,CCD graph and coordinate ligand fully mapped; safe for 2D SASA atom indices
LR00087,Y70,Ligases/CRBN/PDB/8U17_Y70.pdb,Nc1cccc2c1C(=O)N([C@H]1CCC(=O)NC1=O)C2=O,Nc1cccc2c1C(=O)N([C@H]1CCC(=O)NC1=O)C2=O,UVSMNLNDYGZFPF-QMMMGPOBSA-N,valid_ccd,full_heavy_atom_mcs,20,20,20,CCD graph and coordinate ligand fully mapped; safe for 2D SASA atom indices
LR00088,E00,Ligases/CRBN/PDB/9CUO_E00.pdb,C[N+](C)(C)Cc1ccccc1,C[N+](C)(C)Cc1ccccc1,YOUGRGFIHBUKRS-UHFFFAOYSA-N,valid_ccd,heavy_atom_count_mismatch,11,19,,CCD and coordinate ligand have different heavy-atom counts; review manually
LR00089,E01,Ligases/CRBN/PDB/9D0X_E01.pdb,NC1CCC2(CC1)C1CC3CC(C1)CC2C3,NC1CCC2(CC1)C1CC3CC(C1)CC2C3,VNTMIVFMVGTSHV-UHFFFAOYSA-N,valid_ccd,heavy_atom_count_mismatch,16,63,,CCD and coordinate ligand have different heavy-atom counts; review manually
LR00090,E02,Ligases/CRBN/PDB/9DJT_E02.pdb,NS(=O)(=O)c1cc(C(=O)Cn2cnc3ccccc32)ccc1Cl,NS(=O)(=O)c1cc(C(=O)Cn2cnc3ccccc32)ccc1Cl,XXDZSNJTAQNIAQ-UHFFFAOYSA-N,valid_ccd,heavy_atom_count_mismatch,23,29,,CCD and coordinate ligand have different heavy-atom counts; review manually
LR00091,E04,Ligases/CRBN/PDB/9DJX_E04.pdb,CC1(C)CC[C@@]2(CC[C@H]3[C@@H]4CCc5cc(C(N)=O)ccc5[C@H]4CC[C@@]32C)OC1=O,CC1(C)CC[C@@]2(CC[C@H]3[C@@H]4CCc5cc(C(N)=O)ccc5[C@H]4CC[C@@]32C)OC1=O,YVAJWBACBRSVPR-NDUHRLLKSA-N,valid_ccd,heavy_atom_count_mismatch,29,28,,CCD and coordinate ligand have different heavy-atom counts; review manually
LR00092,E05,Ligases/CRBN/PDB/9DOM_E05.pdb,C=C1/C(=C\C=C(/CC)c2cccc(CCCCCC(C)(C)O)c2)C[C@@H](O)C[C@@H]1O,C=C1/C(=C\C=C(/CC)c2cccc(CCCCCC(C)(C)O)c2)C[C@@H](O)C[C@@H]1O,BQVXPWDQMUNMLU-FIKMVKLPSA-N,valid_ccd,heavy_atom_count_mismatch,29,33,,CCD and coordinate ligand have different heavy-atom counts; review manually
LR00093,A40,Ligases/CRBN/PDB/9DQD_A40.pdb,CNc1nc(N)c2ncn([C@H]3C[C@H](O)[C@@H](COP(=O)(O)O)O3)c2n1,CNc1nc(N)c2ncn([C@H]3C[C@H](O)[C@@H](COP(=O)(O)O)O3)c2n1,CADXCCUKYVHUJO-RRKCRQDMSA-N,valid_ccd,heavy_atom_count_mismatch,24,25,,CCD and coordinate ligand have different heavy-atom counts; review manually
LR00094,A36,Ligases/CRBN/PDB/9DWV_A36.pdb,CCN(CC)CCNS(=O)(=O)Cc1ccc(F)cc1,CCN(CC)CCNS(=O)(=O)Cc1ccc(F)cc1,UKOZIEJMLUYTMK-UHFFFAOYSA-N,valid_ccd,heavy_atom_count_mismatch,19,20,,CCD and coordinate ligand have different heavy-atom counts; review manually
LR00095,A37,Ligases/CRBN/PDB/9DWW_A37.pdb,O=S(=O)(Nc1nc2cc(Cl)ccc2o1)c1cc(Cl)ccc1Cl,O=S(=O)(Nc1nc2cc(Cl)ccc2o1)c1cc(Cl)ccc1Cl,JCXZHFCBNFFHRC-UHFFFAOYSA-N,valid_ccd,heavy_atom_count_mismatch,22,20,,CCD and coordinate ligand have different heavy-atom counts; review manually
LR00096,RN9,Ligases/CRBN/PDB/9E2U_RN9.pdb,Cc1ccc(NC(=O)CCc2cccc(NC3=CC(=O)N([C@H]4CCC(=O)NC4=O)C3=O)c2)cc1Cl,Cc1ccc(NC(=O)CCc2cccc(NC3=CC(=O)N([C@H]4CCC(=O)NC4=O)C3=O)c2)cc1Cl,YDYSAFPHVGVORZ-FQEVSTJZSA-N,valid_ccd,full_heavy_atom_mcs,35,35,35,CCD graph and coordinate ligand fully mapped; safe for 2D SASA atom indices
LR00097,LVY,Ligases/CRBN/PDB/9FJX_LVY.pdb,Nc1cccc2c1CN([C@H]1CCC(=O)NC1=O)C2=O,Nc1cccc2c1CN([C@H]1CCC(=O)NC1=O)C2=O,GOTYRUGSSMKFNF-JTQLQIEISA-N,valid_ccd,full_heavy_atom_mcs,19,19,19,CCD graph and coordinate ligand fully mapped; safe for 2D SASA atom indices
LR00098,A82,Ligases/CRBN/PDB/9GAO_A82.pdb,Cc1cc([C@@H](C)Nc2ccccc2C(=O)O)c2nc(N3CCOCC3)cc(=O)n2c1,Cc1cc([C@@H](C)Nc2ccccc2C(=O)O)c2nc(N3CCOCC3)cc(=O)n2c1,IRTDIKMSKMREGO-OAHLLOKOSA-N,valid_ccd,heavy_atom_count_mismatch,30,20,,CCD and coordinate ligand have different heavy-atom counts; review manually
LR00099,A81,Ligases/CRBN/PDB/9GJQ_A81.pdb,O=c1[nH]n2cc(-c3n[nH]c(-c4cnc5c(Br)c(=O)[nH]n5c4)c3[N+](=O)[O-])cnc2c1Br,O=c1[nH]n2cc(-c3n[nH]c(-c4cnc5c(Br)c(=O)[nH]n5c4)c3[N+](=O)[O-])cnc2c1Br,ZXUYYFPIPVTPJS-UHFFFAOYSA-N,valid_ccd,heavy_atom_count_mismatch,30,17,,CCD and coordinate ligand have different heavy-atom counts; review manually
LR00100,A86,Ligases/CRBN/PDB/9H59_A86.pdb,CC(=O)O[C@H]1CC(C)(C)C(=C=C/C(C)=C/C=C/C(C)=C/C=C/C=C(C)/C=C/C=C(\C)C(=O)C[C@@]23O[C@]2(C)C[C@@H](O)CC3(C)C)[C@](C)(O)C1,CC(=O)O[C@H]1CC(C)(C)C(=C=C/C(C)=C/C=C/C(C)=C/C=C/C=C(C)/C=C/C=C(\C)C(=O)C[C@@]23O[C@]2(C)C[C@@H](O)CC3(C)C)[C@](C)(O)C1,SJWWTRQNNRNTPU-ABBNZJFMSA-N,valid_ccd,heavy_atom_count_mismatch,48,30,,CCD and coordinate ligand have different heavy-atom counts; review manually
LR00101,A43,Ligases/CRBN/PDB/9NFQ_A43.pdb,Nc1ncnc2c1ncn2[C@H]1C[C@H](N)[C@@H](COP(=O)(O)O)O1,Nc1ncnc2c1ncn2[C@H]1C[C@H](N)[C@@H](COP(=O)(O)O)O1,CQMGILZSAPHZQF-RRKCRQDMSA-N,valid_ccd,heavy_atom_count_mismatch,22,41,,CCD and coordinate ligand have different heavy-atom counts; review manually
LR00102,A39,Ligases/CRBN/PDB/9NFR_A39.pdb,CO[C@@H]1[C@H](O)[C@@H](COP(=O)(O)O)O[C@H]1n1cnc2c(N)ncnc21,CO[C@@H]1[C@H](O)[C@@H](COP(=O)(O)O)O[C@H]1n1cnc2c(N)ncnc21,TVGFEBXIZUYVFR-IOSLPCCCSA-N,valid_ccd,heavy_atom_count_mismatch,24,21,,CCD and coordinate ligand have different heavy-atom counts; review manually
LR00103,A38,Ligases/CRBN/PDB/9NGT_A38.pdb,Nc1ncnc2c1[nH]c(=O)n2[C@H]1C[C@H](O)[C@@H](COP(=O)(O)O)O1,Nc1ncnc2c1[nH]c(=O)n2[C@H]1C[C@H](O)[C@@H](COP(=O)(O)O)O1,QFGWDFAYOAGQDH-KVQBGUIXSA-N,valid_ccd,heavy_atom_count_mismatch,23,20,,CCD and coordinate ligand have different heavy-atom counts; review manually
LR00104,A55,Ligases/CRBN/PDB/9O91_A55.pdb,NC1=N[C@H](CCNC(=O)c2ccoc2)Nc2c(F)ccc(F)c21,NC1=N[C@H](CCNC(=O)c2ccoc2)Nc2c(F)ccc(F)c21,BOAUWUUBSXECNL-LLVKDONJSA-N,valid_ccd,heavy_atom_count_mismatch,23,33,,CCD and coordinate ligand have different heavy-atom counts; review manually
LR00105,A53,Ligases/CRBN/PDB/9ODR_A53.pdb,N[C@H](COc1cncc(-c2ccc3c(c2)/C(=C/c2ccc[nH]2)C(=O)N3)c1)Cc1c[nH]c2ccccc12,N[C@H](COc1cncc(-c2ccc3c(c2)/C(=C/c2ccc[nH]2)C(=O)N3)c1)Cc1c[nH]c2ccccc12,DQMKXCKXZQEVJU-VHLXNKDGSA-N,valid_ccd,heavy_atom_count_mismatch,36,26,,CCD and coordinate ligand have different heavy-atom counts; review manually
LR00106,A52,Ligases/CRBN/PDB/9ODS_A52.pdb,CCOc1cccc2c1[B-]1(O[C@@H]3[C@H](O1)[C@@H](COP(=O)([O-])[O-])O[C@H]3n1cnc3c(N)ncnc31)O[C@@H]2CN,CCOc1cccc2c1[B-]1(O[C@@H]3[C@H](O1)[C@@H](COP(=O)([O-])[O-])O[C@H]3n1cnc3c(N)ncnc31)O[C@@H]2CN,WLOBNXOMDQETEC-ICWPFNIDSA-L,valid_ccd,heavy_atom_count_mismatch,37,25,,CCD and coordinate ligand have different heavy-atom counts; review manually
LR00107,A56,Ligases/CRBN/PDB/9OHQ_A56.pdb,Nc1nc(N)nc(-c2cc3ccccc3cc2Br)n1,Nc1nc(N)nc(-c2cc3ccccc3cc2Br)n1,RXSSKAZHCZWJPP-UHFFFAOYSA-N,valid_ccd,heavy_atom_count_mismatch,19,34,,CCD and coordinate ligand have different heavy-atom counts; review manually
LR00108,A57,Ligases/CRBN/PDB/9OHR_A57.pdb,Cc1cc(C(C)C)[n+](CCc2cnc[nH]2)c(C(C)C)c1,Cc1cc(C(C)C)[n+](CCc2cnc[nH]2)c(C(C)C)c1,ZQQVIOCQWYORSR-UHFFFAOYSA-N,valid_ccd,heavy_atom_count_mismatch,20,37,,CCD and coordinate ligand have different heavy-atom counts; review manually
LR00109,A60,Ligases/CRBN/PDB/9Q03_A60.pdb,CCC(CC)CN(C[C@@H](O)[C@H](Cc1ccccc1)NC(=O)O[C@H]1CO[C@H]2OCC[C@H]21)S(=O)(=O)c1ccc(N)cc1,CCC(CC)CN(C[C@@H](O)[C@H](Cc1ccccc1)NC(=O)O[C@H]1CO[C@H]2OCC[C@H]21)S(=O)(=O)c1ccc(N)cc1,GEBDYIIQOXRGOM-AJIIGFCHSA-N,valid_ccd,heavy_atom_count_mismatch,40,51,,CCD and coordinate ligand have different heavy-atom counts; review manually
LR00110,A54,Ligases/CRBN/PDB/9Q22_A54.pdb,N#Cc1ccc(Cl)cc1O[C@H](CCN)c1ccccc1,N#Cc1ccc(Cl)cc1O[C@H](CCN)c1ccccc1,GPCXUXJZOSOVLY-OAHLLOKOSA-N,valid_ccd,heavy_atom_count_mismatch,20,32,,CCD and coordinate ligand have different heavy-atom counts; review manually
LR00111,85C,Ligases/CRBN/PDB/9Q2D_85C.pdb,Cc1ccc(NC(=O)NCc2ccc3c(c2)CN([C@H]2CCC(=O)NC2=O)C3=O)cc1Cl,Cc1ccc(NC(=O)NCc2ccc3c(c2)CN([C@H]2CCC(=O)NC2=O)C3=O)cc1Cl,DOEVCIHTTTYVCC-SFHVURJKSA-N,valid_ccd,full_heavy_atom_mcs,31,31,31,CCD graph and coordinate ligand fully mapped; safe for 2D SASA atom indices
LR00112,B08,Ligases/CRBN/PDB/9SAF_B08.pdb,O=P(O)(O)C(O)(Cc1cccc(-c2cccc(-c3ccccc3)c2)c1)P(=O)(O)O,O=P(O)(O)C(O)(Cc1cccc(-c2cccc(-c3ccccc3)c2)c1)P(=O)(O)O,YXQQNSYZOQHKHD-UHFFFAOYSA-N,valid_ccd,heavy_atom_count_mismatch,29,51,,CCD and coordinate ligand have different heavy-atom counts; review manually
LR00113,E06,Ligases/CRBN/PDB/9Y7D_E06.pdb,C[C@H](NC(=O)c1c(F)cccc1F)[B-](O)(O)O,C[C@H](NC(=O)c1c(F)cccc1F)[B-](O)(O)O,QINJDAAOPMYOAS-YFKPBYRVSA-N,valid_ccd,heavy_atom_count_mismatch,17,39,,CCD and coordinate ligand have different heavy-atom counts; review manually
LR00114,D00,Ligases/Cbl-b/PDB/9FQH_D00.pdb,CCNc1ccn([C@H]2C[C@H](O)[C@@H](COP(=O)(O)O)O2)c(=O)n1,CCNc1ccn([C@H]2C[C@H](O)[C@@H](COP(=O)(O)O)O2)c(=O)n1,CLGIJIDGLSCEMM-QXFUBDJGSA-N,valid_ccd,heavy_atom_count_mismatch,22,39,,CCD and coordinate ligand have different heavy-atom counts; review manually
LR00115,D01,Ligases/Cbl-b/PDB/9FQI_D01.pdb,O=C(c1cc2c(ccc[n+]2[O-])s1)N1CCN(S(=O)(=O)c2cc3cc(Cl)ccc3[nH]2)CC1,O=C(c1cc2c(ccc[n+]2[O-])s1)N1CCN(S(=O)(=O)c2cc3cc(Cl)ccc3[nH]2)CC1,DHDQMXPAANQKDC-UHFFFAOYSA-N,valid_ccd,heavy_atom_count_mismatch,31,36,,CCD and coordinate ligand have different heavy-atom counts; review manually
LR00116,D02,Ligases/Cbl-b/PDB/9FQJ_D02.pdb,COC(=O)c1cn(-c2c(F)c(F)c(S(N)(=O)=O)c(F)c2F)nn1,COC(=O)c1cn(-c2c(F)c(F)c(S(N)(=O)=O)c(F)c2F)nn1,SZIXXXYRUPCZBK-UHFFFAOYSA-N,valid_ccd,heavy_atom_count_mismatch,23,27,,CCD and coordinate ligand have different heavy-atom counts; review manually
LR00117,B1I,Ligases/DCAF1/PDB/7SSE_B1I.pdb,Fc1cccc(N2CCC[C@@H](Nc3cc(N4CCOCC4)ncn3)C2)c1,Fc1cccc(N2CCC[C@@H](Nc3cc(N4CCOCC4)ncn3)C2)c1,JEUVMKMFSZNWAD-MRXNPFEDSA-N,valid_ccd,full_heavy_atom_mcs,26,26,26,CCD graph and coordinate ligand fully mapped; safe for 2D SASA atom indices
LR00118,N6O,Ligases/DCAF1/PDB/7UFV_N6O.pdb,NC(=O)C[C@H](NC(=O)c1c[nH]nc1-c1ccccc1F)c1cccc(Cl)c1,NC(=O)C[C@H](NC(=O)c1c[nH]nc1-c1ccccc1F)c1cccc(Cl)c1,IURDZXWYYGBBOU-INIZCTEOSA-N,valid_ccd,full_heavy_atom_mcs,27,27,27,CCD graph and coordinate ligand fully mapped; safe for 2D SASA atom indices
LR00119,XJI,Ligases/DCAF1/PDB/8F8E_XJI.pdb,NC(=O)C[C@H](NC(=O)c1c[nH]nc1-c1ccc(Cl)cc1F)c1ccc(F)c(Cl)c1,NC(=O)C[C@H](NC(=O)c1c[nH]nc1-c1ccc(Cl)cc1F)c1ccc(F)c(Cl)c1,IPDMIUDPUBUHSU-INIZCTEOSA-N,valid_ccd,full_heavy_atom_mcs,29,29,29,CCD graph and coordinate ligand fully mapped; safe for 2D SASA atom indices
LR00120,LQH,Ligases/DCAF1/PDB/8OG5_LQH_1.pdb,Fc1ccccc1C1=Cc2ccccc2C2=NCCN12,Fc1ccccc1C1=Cc2ccccc2C2=NCCN12,CRASKXTVWBAFRS-UHFFFAOYSA-N,valid_ccd,full_heavy_atom_mcs,20,20,20,CCD graph and coordinate ligand fully mapped; safe for 2D SASA atom indices
LR00121,LQH,Ligases/DCAF1/PDB/8OG5_LQH_2.pdb,Fc1ccccc1C1=Cc2ccccc2C2=NCCN12,Fc1ccccc1C1=Cc2ccccc2C2=NCCN12,CRASKXTVWBAFRS-UHFFFAOYSA-N,valid_ccd,full_heavy_atom_mcs,20,20,20,CCD graph and coordinate ligand fully mapped; safe for 2D SASA atom indices
LR00122,LQH,Ligases/DCAF1/PDB/8OG5_LQH_3.pdb,Fc1ccccc1C1=Cc2ccccc2C2=NCCN12,Fc1ccccc1C1=Cc2ccccc2C2=NCCN12,CRASKXTVWBAFRS-UHFFFAOYSA-N,valid_ccd,full_heavy_atom_mcs,20,20,20,CCD graph and coordinate ligand fully mapped; safe for 2D SASA atom indices
LR00123,LQH,Ligases/DCAF1/PDB/8OG6_LQH_1.pdb,Fc1ccccc1C1=Cc2ccccc2C2=NCCN12,Fc1ccccc1C1=Cc2ccccc2C2=NCCN12,CRASKXTVWBAFRS-UHFFFAOYSA-N,valid_ccd,full_heavy_atom_mcs,20,20,20,CCD graph and coordinate ligand fully mapped; safe for 2D SASA atom indices
LR00124,LQH,Ligases/DCAF1/PDB/8OG6_LQH_2.pdb,Fc1ccccc1C1=Cc2ccccc2C2=NCCN12,Fc1ccccc1C1=Cc2ccccc2C2=NCCN12,CRASKXTVWBAFRS-UHFFFAOYSA-N,valid_ccd,full_heavy_atom_mcs,20,20,20,CCD graph and coordinate ligand fully mapped; safe for 2D SASA atom indices
LR00125,VMR,Ligases/DCAF1/PDB/8OG7_VMR.pdb,[H]/N=C1/C[C@H](c2cccc(Oc3ccc(Cl)cc3)c2)CN1,[H]/N=C1/C[C@H](c2cccc(Oc3ccc(Cl)cc3)c2)CN1,YHXWMEXRFSXVKK-LBPRGKRZSA-N,valid_ccd,full_heavy_atom_mcs,20,20,20,CCD graph and coordinate ligand fully mapped; safe for 2D SASA atom indices
LR00126,VM8,Ligases/DCAF1/PDB/8OG8_VM8_1.pdb,CC(C)(Cc1ccccc1)c1cc2ccccc2c2nccn12,CC(C)(Cc1ccccc1)c1cc2ccccc2c2nccn12,XLRFROIINIWWJO-UHFFFAOYSA-N,valid_ccd,full_heavy_atom_mcs,23,23,23,CCD graph and coordinate ligand fully mapped; safe for 2D SASA atom indices
LR00127,VM8,Ligases/DCAF1/PDB/8OG8_VM8_2.pdb,CC(C)(Cc1ccccc1)c1cc2ccccc2c2nccn12,CC(C)(Cc1ccccc1)c1cc2ccccc2c2nccn12,XLRFROIINIWWJO-UHFFFAOYSA-N,valid_ccd,full_heavy_atom_mcs,23,23,23,CCD graph and coordinate ligand fully mapped; safe for 2D SASA atom indices
LR00128,VM3,Ligases/DCAF1/PDB/8OG9_VM3_1.pdb,Clc1ccc(C2(c3cc4ccccc4c4nccn34)CC2)cc1,Clc1ccc(C2(c3cc4ccccc4c4nccn34)CC2)cc1,ASWUWXCCIBIVFW-UHFFFAOYSA-N,valid_ccd,full_heavy_atom_mcs,23,23,23,CCD graph and coordinate ligand fully mapped; safe for 2D SASA atom indices
LR00129,VM3,Ligases/DCAF1/PDB/8OG9_VM3_2.pdb,Clc1ccc(C2(c3cc4ccccc4c4nccn34)CC2)cc1,Clc1ccc(C2(c3cc4ccccc4c4nccn34)CC2)cc1,ASWUWXCCIBIVFW-UHFFFAOYSA-N,valid_ccd,full_heavy_atom_mcs,23,23,23,CCD graph and coordinate ligand fully mapped; safe for 2D SASA atom indices
LR00130,VLW,Ligases/DCAF1/PDB/8OGA_VLW.pdb,COc1ccc(C2(C3=Cc4cc(N5CCN(C)CC5)ccc4C4=NCCN34)CC2)cc1,COc1ccc(C2(C3=Cc4cc(N5CCN(C)CC5)ccc4C4=NCCN34)CC2)cc1,PAHRGUYMKQCNRV-UHFFFAOYSA-N,valid_ccd,full_heavy_atom_mcs,31,31,31,CCD graph and coordinate ligand fully mapped; safe for 2D SASA atom indices
LR00131,VN5,Ligases/DCAF1/PDB/8OGB_VN5.pdb,COc1ccc(C2(c3nc(NCCN)c4ccc(N5CCN(C)CC5)cc4n3)CC2)cc1,COc1ccc(C2(c3nc(NCCN)c4ccc(N5CCN(C)CC5)cc4n3)CC2)cc1,XTLPTSDXAUSHCD-UHFFFAOYSA-N,valid_ccd,full_heavy_atom_mcs,32,32,32,CCD graph and coordinate ligand fully mapped; safe for 2D SASA atom indices
LR00132,VMZ,Ligases/DCAF1/PDB/8OGC_VMZ_1.pdb,CC(=O)N1CCN(c2ccc3c(NCCN)nc(C4(c5ccc(Cl)cc5)CCCC4)nc3c2)CC1,CC(=O)N1CCN(c2ccc3c(NCCN)nc(C4(c5ccc(Cl)cc5)CCCC4)nc3c2)CC1,QNLFBABAPIXMQM-UHFFFAOYSA-N,valid_ccd,full_heavy_atom_mcs,35,35,35,CCD graph and coordinate ligand fully mapped; safe for 2D SASA atom indices
LR00133,VMZ,Ligases/DCAF1/PDB/8OGC_VMZ_2.pdb,CC(=O)N1CCN(c2ccc3c(NCCN)nc(C4(c5ccc(Cl)cc5)CCCC4)nc3c2)CC1,CC(=O)N1CCN(c2ccc3c(NCCN)nc(C4(c5ccc(Cl)cc5)CCCC4)nc3c2)CC1,QNLFBABAPIXMQM-UHFFFAOYSA-N,valid_ccd,full_heavy_atom_mcs,35,35,35,CCD graph and coordinate ligand fully mapped; safe for 2D SASA atom indices
LR00134,VUF,Ligases/DCAF1/PDB/8OO5_VUF_1.pdb,CC(=O)N1CCN(c2ccc3c(NCCN)nc(C4(c5ccc(Cl)cc5)CCCCC4)nc3c2)CC1,CC(=O)N1CCN(c2ccc3c(NCCN)nc(C4(c5ccc(Cl)cc5)CCCCC4)nc3c2)CC1,GGEKTDCCHNVLNE-UHFFFAOYSA-N,valid_ccd,full_heavy_atom_mcs,36,36,36,CCD graph and coordinate ligand fully mapped; safe for 2D SASA atom indices
LR00135,VUF,Ligases/DCAF1/PDB/8OO5_VUF_2.pdb,CC(=O)N1CCN(c2ccc3c(NCCN)nc(C4(c5ccc(Cl)cc5)CCCCC4)nc3c2)CC1,CC(=O)N1CCN(c2ccc3c(NCCN)nc(C4(c5ccc(Cl)cc5)CCCCC4)nc3c2)CC1,GGEKTDCCHNVLNE-UHFFFAOYSA-N,valid_ccd,full_heavy_atom_mcs,36,36,36,CCD graph and coordinate ligand fully mapped; safe for 2D SASA atom indices
LR00136,E07,Ligases/DCAF1/PDB/9BHR_E07.pdb,,,,missing_ccd_component,not_repaired,0,,,No matching component ID was found in the CCD SMILES export
LR00137,E08,Ligases/DCAF1/PDB/9BHS_E08.pdb,CC(C)c1ccccc1C(=O)N[C@H](C)[B-](O)(O)O,CC(C)c1ccccc1C(=O)N[C@H](C)[B-](O)(O)O,CJMFKPWAEYBDEM-SECBINFHSA-N,valid_ccd,heavy_atom_count_mismatch,18,35,,CCD and coordinate ligand have different heavy-atom counts; review manually
LR00138,E09,Ligases/DCAF1/PDB/9C1Q_E09.pdb,Cn1c(CCCO)c(CO)c2c1C(=O)C=C(N1CC1)C2=O,Cn1c(CCCO)c(CO)c2c1C(=O)C=C(N1CC1)C2=O,JCCDRCRHGKFTQS-UHFFFAOYSA-N,valid_ccd,heavy_atom_count_mismatch,21,34,,CCD and coordinate ligand have different heavy-atom counts; review manually
LR00139,E10,Ligases/DCAF1/PDB/9D4E_E10.pdb,O=c1ccc2c([nH]1)CCC[C@@H]2NCCCCCCCCCCN[C@H]1CCCc2[nH]c(=O)ccc21,O=c1ccc2c([nH]1)CCC[C@@H]2NCCCCCCCCCCN[C@H]1CCCc2[nH]c(=O)ccc21,CKFAWHBPSZAYLS-ZEQRLZLVSA-N,valid_ccd,heavy_atom_count_mismatch,34,39,,CCD and coordinate ligand have different heavy-atom counts; review manually
LR00140,A58,Ligases/DCAF1/PDB/9PLY_A58.pdb,CC1CCC(NCc2ccc3c(c2)Cc2c(-c4ccc(C(=O)O)cc4)n[nH]c2-3)CC1,CC1CCC(NCc2ccc3c(c2)Cc2c(-c4ccc(C(=O)O)cc4)n[nH]c2-3)CC1,MEDLHZCDTXWLOC-UHFFFAOYSA-N,valid_ccd,heavy_atom_count_mismatch,30,36,,CCD and coordinate ligand have different heavy-atom counts; review manually
LR00141,A59,Ligases/DCAF1/PDB/9Y76_A59.pdb,CCCCCc1ccc(-c2ccc(S(=O)(=O)CCO)cc2)cc1/C=C\c1ccccn1,CCCCCc1ccc(-c2ccc(S(=O)(=O)CCO)cc2)cc1/C=C\c1ccccn1,CNGQPWUWCYALEW-KAMYIIQDSA-N,valid_ccd,heavy_atom_count_mismatch,31,42,,CCD and coordinate ligand have different heavy-atom counts; review manually
LR00142,O6M,Ligases/DCAF15/PDB/6PAI_O6M.pdb,Cc1ccc(NS(=O)(=O)c2cccc(C#N)c2)c2[nH]cc(C#N)c12,Cc1ccc(NS(=O)(=O)c2cccc(C#N)c2)c2[nH]cc(C#N)c12,LWGUASZLXHYWIV-UHFFFAOYSA-N,valid_ccd,full_heavy_atom_mcs,24,24,24,CCD graph and coordinate ligand fully mapped; safe for 2D SASA atom indices
LR00143,O6M,Ligases/DCAF15/PDB/6Q0R_O6M.pdb,Cc1ccc(NS(=O)(=O)c2cccc(C#N)c2)c2[nH]cc(C#N)c12,Cc1ccc(NS(=O)(=O)c2cccc(C#N)c2)c2[nH]cc(C#N)c12,LWGUASZLXHYWIV-UHFFFAOYSA-N,valid_ccd,full_heavy_atom_mcs,24,24,24,CCD graph and coordinate ligand fully mapped; safe for 2D SASA atom indices
LR00144,P7M,Ligases/DCAF15/PDB/6Q0V_P7M.pdb,O=C(NS(=O)(=O)c1ccc(Br)s1)c1ccc(Cl)cc1Cl,O=C(NS(=O)(=O)c1ccc(Br)s1)c1ccc(Cl)cc1Cl,WWONFUQGBVOKOF-UHFFFAOYSA-N,valid_ccd,full_heavy_atom_mcs,20,20,20,CCD graph and coordinate ligand fully mapped; safe for 2D SASA atom indices
LR00145,EF6,Ligases/DCAF15/PDB/6Q0W_EF6.pdb,NS(=O)(=O)c1ccc(S(=O)(=O)Nc2cccc3c(Cl)c[nH]c23)cc1,NS(=O)(=O)c1ccc(S(=O)(=O)Nc2cccc3c(Cl)c[nH]c23)cc1,SETFNECMODOHTO-UHFFFAOYSA-N,valid_ccd,full_heavy_atom_mcs,24,24,24,CCD graph and coordinate ligand fully mapped; safe for 2D SASA atom indices
LR00146,EF6,Ligases/DCAF15/PDB/6SJ7_EF6.pdb,NS(=O)(=O)c1ccc(S(=O)(=O)Nc2cccc3c(Cl)c[nH]c23)cc1,NS(=O)(=O)c1ccc(S(=O)(=O)Nc2cccc3c(Cl)c[nH]c23)cc1,SETFNECMODOHTO-UHFFFAOYSA-N,valid_ccd,full_heavy_atom_mcs,24,24,24,CCD graph and coordinate ligand fully mapped; safe for 2D SASA atom indices
LR00147,EF6,Ligases/DCAF15/PDB/6UD7_EF6.pdb,NS(=O)(=O)c1ccc(S(=O)(=O)Nc2cccc3c(Cl)c[nH]c23)cc1,NS(=O)(=O)c1ccc(S(=O)(=O)Nc2cccc3c(Cl)c[nH]c23)cc1,SETFNECMODOHTO-UHFFFAOYSA-N,valid_ccd,full_heavy_atom_mcs,24,24,24,CCD graph and coordinate ligand fully mapped; safe for 2D SASA atom indices
LR00148,Q5J,Ligases/DCAF15/PDB/6UE5_Q5J.pdb,Cc1ccc(NS(=O)(=O)c2ccc(CN)cc2)c2[nH]cc(C#N)c12,Cc1ccc(NS(=O)(=O)c2ccc(CN)cc2)c2[nH]cc(C#N)c12,YYJILEGPDDMZAV-UHFFFAOYSA-N,valid_ccd,full_heavy_atom_mcs,24,24,24,CCD graph and coordinate ligand fully mapped; safe for 2D SASA atom indices
LR00149,A71,Ligases/DCAF15/PDB/8ROX_A71.pdb,NCCCCCC[NH2]->[Pt](<-[NH3])(<-[NH3])<-[NH3],NCCCCCC[NH2]->[Pt](<-[NH3])(<-[NH3])<-[NH3],,valid_ccd,heavy_atom_count_mismatch,12,26,,CCD and coordinate ligand have different heavy-atom counts; review manually
LR00150,A72,Ligases/DCAF15/PDB/8ROY_A72.pdb,CCCCCC[NH2]->[Pt](<-[NH3])(<-[NH3])<-[NH2]CCCCCC,CCCCCC[NH2]->[Pt](<-[NH3])(<-[NH3])<-[NH2]CCCCCC,,valid_ccd,heavy_atom_count_mismatch,17,33,,CCD and coordinate ligand have different heavy-atom counts; review manually
LR00151,YK3,Ligases/DCAF16/PDB/8G46_YK3.pdb,CCS(=O)(=O)Nc1ccc(C2=N[C@@H](CC(=O)OC(C)(C)C)c3nnc(C)n3-c3sc(C)c(C)c32)cc1,CCS(=O)(=O)Nc1ccc(C2=N[C@@H](CC(=O)OC(C)(C)C)c3nnc(C)n3-c3sc(C)c(C)c32)cc1,XORZMCOMRGZMHU-IBGZPJMESA-N,valid_ccd,full_heavy_atom_mcs,36,36,36,CCD graph and coordinate ligand fully mapped; safe for 2D SASA atom indices
LR00152,9QU,Ligases/GID4/PDB/7SLZ_9QU.pdb,O=C(CNCc1cc2ccccc2[nH]1)NC1CCC(c2nc3ccccc3[nH]2)CC1,O=C(CNCc1cc2ccccc2[nH]1)NC1CCC(c2nc3ccccc3[nH]2)CC1,HLHNFJNSQZZUNW-UHFFFAOYSA-N,valid_ccd,full_heavy_atom_mcs,30,30,30,CCD graph and coordinate ligand fully mapped; safe for 2D SASA atom indices
LR00153,FHH,Ligases/HOIP(RNF31)/PDB/6GZY_FHH.pdb,COC(=O)CCCNC(=O)c1cc2c([nH]c1=O)CCC2,COC(=O)CCCNC(=O)c1cc2c([nH]c1=O)CCC2,LFOKUSURFOQCKJ-UHFFFAOYSA-N,valid_ccd,full_heavy_atom_mcs,20,20,20,CCD graph and coordinate ligand fully mapped; safe for 2D SASA atom indices
LR00154,D5U,Ligases/HOIP(RNF31)/PDB/6KC5_D5U.pdb,COc1ccccc1C(=O)CCc1ccccc1C(=O)O,COc1ccccc1C(=O)CCc1ccccc1C(=O)O,BGYZYPMQNIMFRN-UHFFFAOYSA-N,valid_ccd,full_heavy_atom_mcs,21,21,21,CCD graph and coordinate ligand fully mapped; safe for 2D SASA atom indices
LR00155,D60,Ligases/HOIP(RNF31)/PDB/6KC6_D60.pdb,Cn1cc(-c2ccc(C(=O)O)c(CCC(=O)c3c(F)cc(-c4cn[nH]c4)cc3F)c2)cn1,Cn1cc(-c2ccc(C(=O)O)c(CCC(=O)c3c(F)cc(-c4cn[nH]c4)cc3F)c2)cn1,NNCTWMTXMLKLDE-UHFFFAOYSA-N,valid_ccd,full_heavy_atom_mcs,32,32,32,CCD graph and coordinate ligand fully mapped; safe for 2D SASA atom indices
LR00156,51X,Ligases/HUWE1/PDB/8RD0_51X.pdb,O=C(O)CN1C(=O)c2ccccc2C1=O,O=C(O)CN1C(=O)c2ccccc2C1=O,WQINSVOOIJDOLJ-UHFFFAOYSA-N,valid_ccd,full_heavy_atom_mcs,15,15,15,CCD graph and coordinate ligand fully mapped; safe for 2D SASA atom indices
LR00157,YP2,Ligases/HUWE1/PDB/8RD1_YP2.pdb,O=C(O)CN1C(=O)c2ccc(C(=O)O)cc2C1=O,O=C(O)CN1C(=O)c2ccc(C(=O)O)cc2C1=O,RPFFHROJAGNUIW-UHFFFAOYSA-N,valid_ccd,full_heavy_atom_mcs,18,18,18,CCD graph and coordinate ligand fully mapped; safe for 2D SASA atom indices
LR00158,FUU,Ligases/KEAP1/PDB/3VNG_FUU.pdb,O=C(O)COc1cccc(CNC(=O)Nc2nnc(-c3ccco3)o2)c1,O=C(O)COc1cccc(CNC(=O)Nc2nnc(-c3ccco3)o2)c1,COAUEHYQQBGZLC-UHFFFAOYSA-N,valid_ccd,full_heavy_atom_mcs,26,26,26,CCD graph and coordinate ligand fully mapped; safe for 2D SASA atom indices
LR00159,FUU,Ligases/KEAP1/PDB/3VNH_FUU.pdb,O=C(O)COc1cccc(CNC(=O)Nc2nnc(-c3ccco3)o2)c1,O=C(O)COc1cccc(CNC(=O)Nc2nnc(-c3ccco3)o2)c1,COAUEHYQQBGZLC-UHFFFAOYSA-N,valid_ccd,full_heavy_atom_mcs,26,26,26,CCD graph and coordinate ligand fully mapped; safe for 2D SASA atom indices
LR00160,SXJ,Ligases/KEAP1/PDB/4CXT_SXJ.pdb,CC1(C)CC[C@]2(C(=O)O)CC[C@]3(C)[C@H](C(=O)C=C4[C@@]5(C)CC(C#N)=C(O)C(C)(C)[C@@H]5CC[C@]43C)[C@@H]2C1,CC1(C)CC[C@]2(C(=O)O)CC[C@]3(C)[C@H](C(=O)C=C4[C@@]5(C)CC(C#N)=C(O)C(C)(C)[C@@H]5CC[C@]43C)[C@@H]2C1,YTXFWWUYCLBPKV-UQMAOPSPSA-N,valid_ccd,full_heavy_atom_mcs,36,36,36,CCD graph and coordinate ligand fully mapped; safe for 2D SASA atom indices
LR00161,12O,Ligases/KEAP1/PDB/4IFN_12O.pdb,O=C(O)[C@@H]1CCCC[C@H]1C(=O)N1CCc2ccccc2[C@H]1CN1C(=O)c2ccccc2C1=O,O=C(O)[C@@H]1CCCC[C@H]1C(=O)N1CCc2ccccc2[C@H]1CN1C(=O)c2ccccc2C1=O,LNENLABLFGGAFF-YPAWHYETSA-N,valid_ccd,full_heavy_atom_mcs,33,33,33,CCD graph and coordinate ligand fully mapped; safe for 2D SASA atom indices
LR00162,4ID,Ligases/KEAP1/PDB/4IN4_4ID_1.pdb,Cc1ccc(S(=O)(=O)c2cnc(SCC(=O)Nc3ccccc3C(F)(F)F)[nH]c2=O)c(C)c1,Cc1ccc(S(=O)(=O)c2cnc(SCC(=O)Nc3ccccc3C(F)(F)F)[nH]c2=O)c(C)c1,XHKKCXMZBGDTIT-UHFFFAOYSA-N,valid_ccd,full_heavy_atom_mcs,33,33,33,CCD graph and coordinate ligand fully mapped; safe for 2D SASA atom indices
LR00163,4ID,Ligases/KEAP1/PDB/4IN4_4ID_2.pdb,Cc1ccc(S(=O)(=O)c2cnc(SCC(=O)Nc3ccccc3C(F)(F)F)[nH]c2=O)c(C)c1,Cc1ccc(S(=O)(=O)c2cnc(SCC(=O)Nc3ccccc3C(F)(F)F)[nH]c2=O)c(C)c1,XHKKCXMZBGDTIT-UHFFFAOYSA-N,valid_ccd,full_heavy_atom_mcs,33,33,33,CCD graph and coordinate ligand fully mapped; safe for 2D SASA atom indices
LR00164,IQK,Ligases/KEAP1/PDB/4IQK_IQK.pdb,COc1ccc(S(=O)(=O)Nc2ccc(NS(=O)(=O)c3ccc(OC)cc3)c3ccccc23)cc1,COc1ccc(S(=O)(=O)Nc2ccc(NS(=O)(=O)c3ccc(OC)cc3)c3ccccc23)cc1,XLLVCULLOGKYOO-UHFFFAOYSA-N,valid_ccd,full_heavy_atom_mcs,34,34,34,CCD graph and coordinate ligand fully mapped; safe for 2D SASA atom indices
LR00165,1VW,Ligases/KEAP1/PDB/4L7C_1VW.pdb,O=C1c2ccccc2C(=O)N1C[C@@H]1c2ccccc2CCN1C(=O)[C@@H]1CCCC[C@@H]1c1nnn[nH]1,O=C1c2ccccc2C(=O)N1C[C@@H]1c2ccccc2CCN1C(=O)[C@@H]1CCCC[C@@H]1c1nnn[nH]1,ADUCXORFAZLUAN-NNMXDRDESA-N,valid_ccd,full_heavy_atom_mcs,35,35,35,CCD graph and coordinate ligand fully mapped; safe for 2D SASA atom indices
LR00166,1VX,Ligases/KEAP1/PDB/4L7D_1VX.pdb,Cc1cccc2c1CCN(C(=O)[C@@H]1CCCC[C@@H]1C(=O)O)[C@@H]2CN1Cc2ccccc2C1=O,Cc1cccc2c1CCN(C(=O)[C@@H]1CCCC[C@@H]1C(=O)O)[C@@H]2CN1Cc2ccccc2C1=O,YTUXAQFRBNUADX-TZRRMPRUSA-N,valid_ccd,full_heavy_atom_mcs,33,33,33,CCD graph and coordinate ligand fully mapped; safe for 2D SASA atom indices
LR00167,2FS,Ligases/KEAP1/PDB/4N1B_2FS.pdb,O=C(O)[C@H]1CCCC[C@H]1C(=O)N1CCc2ccccc2[C@H]1CN1Cc2ccccc2C1=O,O=C(O)[C@H]1CCCC[C@H]1C(=O)N1CCc2ccccc2[C@H]1CN1Cc2ccccc2C1=O,CENUFSLZJTXDBJ-XPWALMASSA-N,valid_ccd,full_heavy_atom_mcs,32,32,32,CCD graph and coordinate ligand fully mapped; safe for 2D SASA atom indices
LR00168,41P,Ligases/KEAP1/PDB/4XMB_41P.pdb,COc1ccc(S(=O)(=O)N(CC(N)=O)c2ccc(N(CC(N)=O)S(=O)(=O)c3ccc(OC)cc3)c3ccccc23)cc1,COc1ccc(S(=O)(=O)N(CC(N)=O)c2ccc(N(CC(N)=O)S(=O)(=O)c3ccc(OC)cc3)c3ccccc23)cc1,ZUIXHSIMKQZYPV-UHFFFAOYSA-N,valid_ccd,full_heavy_atom_mcs,42,42,42,CCD graph and coordinate ligand fully mapped; safe for 2D SASA atom indices
LR00169,K67,Ligases/KEAP1/PDB/4ZY3_K67.pdb,CCOc1ccc(S(=O)(=O)Nc2cc(CC(C)=O)c(NS(=O)(=O)c3ccc(OCC)cc3)c3ccccc23)cc1,CCOc1ccc(S(=O)(=O)Nc2cc(CC(C)=O)c(NS(=O)(=O)c3ccc(OCC)cc3)c3ccccc23)cc1,VUIVGOOWLHGDPZ-UHFFFAOYSA-N,valid_ccd,full_heavy_atom_mcs,40,40,40,CCD graph and coordinate ligand fully mapped; safe for 2D SASA atom indices
LR00170,51M,Ligases/KEAP1/PDB/5CGJ_51M.pdb,Cc1cc(C)c(C)c(S(=O)(=O)Nc2ccc(N3CC[C@H](C(=O)O)C3)c3ccccc23)c1C,Cc1cc(C)c(C)c(S(=O)(=O)Nc2ccc(N3CC[C@H](C(=O)O)C3)c3ccccc23)c1C,BVYWIQHJXAEJOD-IBGZPJMESA-N,valid_ccd,full_heavy_atom_mcs,32,32,32,CCD graph and coordinate ligand fully mapped; safe for 2D SASA atom indices
LR00171,TX6,Ligases/KEAP1/PDB/5DAD_TX6.pdb,COc1nc(C)nc2c1CC[C@H]1[C@H](C)C(O)=C(C#N)C[C@]21C,COc1nc(C)nc2c1CC[C@H]1[C@H](C)C(O)=C(C#N)C[C@]21C,LBBXSDQROZEAQX-YHYSRRTLSA-N,valid_ccd,full_heavy_atom_mcs,22,22,22,CCD graph and coordinate ligand fully mapped; safe for 2D SASA atom indices
LR00172,58E,Ligases/KEAP1/PDB/5DAF_58E.pdb,C[C@@H]1C(O)=C(C#N)C[C@]2(C)c3nn(C)c(-c4cccnc4)c3CC[C@@H]12,C[C@@H]1C(O)=C(C#N)C[C@]2(C)c3nn(C)c(-c4cccnc4)c3CC[C@@H]12,IQRJTLOGKWCNQB-APXLUKDGSA-N,valid_ccd,full_heavy_atom_mcs,25,25,25,CCD graph and coordinate ligand fully mapped; safe for 2D SASA atom indices
LR00173,S0W,Ligases/KEAP1/PDB/5FNQ_S0W.pdb,O=C(O)CCc1ccc(Cl)cc1,O=C(O)CCc1ccc(Cl)cc1,BBSLOKZINKEUCR-UHFFFAOYSA-N,valid_ccd,full_heavy_atom_mcs,12,12,12,CCD graph and coordinate ligand fully mapped; safe for 2D SASA atom indices
LR00174,XMS,Ligases/KEAP1/PDB/5FNR_XMS.pdb,Cn1nnc2cc([C@@H](CC(=O)O)c3ccc(Cl)cc3)ccc21,Cn1nnc2cc([C@@H](CC(=O)O)c3ccc(Cl)cc3)ccc21,LCHKWRPFWJXZAW-ZDUSSCGKSA-N,valid_ccd,full_heavy_atom_mcs,22,22,22,CCD graph and coordinate ligand fully mapped; safe for 2D SASA atom indices
LR00175,XYY,Ligases/KEAP1/PDB/5FNS_XYY.pdb,CN(Cc1cc([C@H](CC(=O)O)c2ccc3c(c2)nnn3C)ccc1Cl)S(C)(=O)=O,CN(Cc1cc([C@H](CC(=O)O)c2ccc3c(c2)nnn3C)ccc1Cl)S(C)(=O)=O,USDLDJOPUXHGLC-HNNXBMFYSA-N,valid_ccd,full_heavy_atom_mcs,29,29,29,CCD graph and coordinate ligand fully mapped; safe for 2D SASA atom indices
LR00176,0PL,Ligases/KEAP1/PDB/5FNT_0PL.pdb,CN(Cc1cc([C@H](CC(=O)O)c2ccc3c(c2)nnn3C)ccc1Cl)S(=O)(=O)c1ccccc1,CN(Cc1cc([C@H](CC(=O)O)c2ccc3c(c2)nnn3C)ccc1Cl)S(=O)(=O)c1ccccc1,NICLDNFOUWEYPY-FQEVSTJZSA-N,valid_ccd,full_heavy_atom_mcs,34,34,34,CCD graph and coordinate ligand fully mapped; safe for 2D SASA atom indices
LR00177,L6I,Ligases/KEAP1/PDB/5FNU_L6I.pdb,COc1cc([C@@H](CC(=O)O)c2ccc(C)c(CN3C[C@@H](C)Oc4ccccc4S3(=O)=O)c2)cc2nnn(C)c12,COc1cc([C@@H](CC(=O)O)c2ccc(C)c(CN3C[C@@H](C)Oc4ccccc4S3(=O)=O)c2)cc2nnn(C)c12,ZDNGJXBUEQNFBQ-GCJKJVERSA-N,valid_ccd,full_heavy_atom_mcs,39,39,39,CCD graph and coordinate ligand fully mapped; safe for 2D SASA atom indices
LR00178,75K,Ligases/KEAP1/PDB/5FZJ_75K.pdb,Cc1cc2oc(C)nc2c(=O)o1,Cc1cc2oc(C)nc2c(=O)o1,ZJAOWOARDLUNKM-UHFFFAOYSA-N,valid_ccd,full_heavy_atom_mcs,12,12,12,CCD graph and coordinate ligand fully mapped; safe for 2D SASA atom indices
LR00179,FB2,Ligases/KEAP1/PDB/5FZN_FB2.pdb,NS(=O)(=O)c1ccccc1,NS(=O)(=O)c1ccccc1,KHBQMWCZKVMBLN-UHFFFAOYSA-N,valid_ccd,full_heavy_atom_mcs,10,10,10,CCD graph and coordinate ligand fully mapped; safe for 2D SASA atom indices
LR00180,XXT,Ligases/KEAP1/PDB/5GIT_XXT.pdb,C=C1C(=O)O[C@H]2C[C@@H](C)[C@@H]3[C@@H](OC(C)=O)C[C@H](O)[C@@]3(C)[C@@H](OC(C)=O)[C@H]12,C=C1C(=O)O[C@H]2C[C@@H](C)[C@@H]3[C@@H](OC(C)=O)C[C@H](O)[C@@]3(C)[C@@H](OC(C)=O)[C@H]12,JXEGMONJOSAULB-IZZBGLMFSA-N,valid_ccd,full_heavy_atom_mcs,26,26,26,CCD graph and coordinate ligand fully mapped; safe for 2D SASA atom indices
LR00181,D8N,Ligases/KEAP1/PDB/6FFM_D8N.pdb,CC(=O)Nc1ccc([C@H]2CC=NO2)cc1,CC(=O)Nc1ccc([C@H]2CC=NO2)cc1,NXJZQAOQHFVDJW-LLVKDONJSA-N,valid_ccd,full_heavy_atom_mcs,15,15,15,CCD graph and coordinate ligand fully mapped; safe for 2D SASA atom indices
LR00182,GX8,Ligases/KEAP1/PDB/6HWS_GX8.pdb,COc1ccc(S(=O)(=O)N(CC(=O)O)c2ccc(N(CC(=O)O)S(=O)(=O)c3ccc(OC)cc3)c(OCc3ccccc3)c2)cc1,COc1ccc(S(=O)(=O)N(CC(=O)O)c2ccc(N(CC(=O)O)S(=O)(=O)c3ccc(OC)cc3)c(OCc3ccccc3)c2)cc1,WLXLBNHWWYEQCG-UHFFFAOYSA-N,valid_ccd,full_heavy_atom_mcs,46,46,46,CCD graph and coordinate ligand fully mapped; safe for 2D SASA atom indices
LR00183,J6H,Ligases/KEAP1/PDB/6QMC_J6H.pdb,O=C(O)C[C@@H](c1ccc(Cl)cc1)c1cc[nH]c(=O)c1,O=C(O)C[C@@H](c1ccc(Cl)cc1)c1cc[nH]c(=O)c1,RZFNRBHPNHJUJR-LBPRGKRZSA-N,valid_ccd,full_heavy_atom_mcs,19,19,19,CCD graph and coordinate ligand fully mapped; safe for 2D SASA atom indices
LR00184,J6N,Ligases/KEAP1/PDB/6QMD_J6N_1.pdb,Cn1nnc2cc([C@H](CC(=O)O)c3ccc(Cl)cc3)ccc21,Cn1nnc2cc([C@H](CC(=O)O)c3ccc(Cl)cc3)ccc21,LCHKWRPFWJXZAW-CYBMUJFWSA-N,valid_ccd,full_heavy_atom_mcs,22,22,22,CCD graph and coordinate ligand fully mapped; safe for 2D SASA atom indices
LR00185,J6N,Ligases/KEAP1/PDB/6QMD_J6N_2.pdb,Cn1nnc2cc([C@H](CC(=O)O)c3ccc(Cl)cc3)ccc21,Cn1nnc2cc([C@H](CC(=O)O)c3ccc(Cl)cc3)ccc21,LCHKWRPFWJXZAW-CYBMUJFWSA-N,valid_ccd,full_heavy_atom_mcs,22,22,22,CCD graph and coordinate ligand fully mapped; safe for 2D SASA atom indices
LR00186,J6Q,Ligases/KEAP1/PDB/6QME_J6Q.pdb,Cc1cc([C@H](CC(=O)O)c2ccc3c(c2)nnn3C)ccc1Cl,Cc1cc([C@H](CC(=O)O)c2ccc3c(c2)nnn3C)ccc1Cl,KAYDCNXQTQFWMU-ZDUSSCGKSA-N,valid_ccd,full_heavy_atom_mcs,23,23,23,CCD graph and coordinate ligand fully mapped; safe for 2D SASA atom indices
LR00187,J6K,Ligases/KEAP1/PDB/6QMJ_J6K.pdb,COc1cc([C@@H](CC(=O)O)c2ccc(C)c(CN(C)S(=O)(=O)c3ccccc3)c2)cc2nnn(C)c12,COc1cc([C@@H](CC(=O)O)c2ccc(C)c(CN(C)S(=O)(=O)c3ccccc3)c2)cc2nnn(C)c12,VVWDXVKKAYFKNL-QFIPXVFZSA-N,valid_ccd,full_heavy_atom_mcs,36,36,36,CCD graph and coordinate ligand fully mapped; safe for 2D SASA atom indices
LR00188,J8H,Ligases/KEAP1/PDB/6QMK_J8H.pdb,COc1cc([C@@H](CC(=O)O)c2ccc(C)c(CN3CCOc4ccccc4S3(=O)=O)c2)cc2nnn(C)c12,COc1cc([C@@H](CC(=O)O)c2ccc(C)c(CN3CCOc4ccccc4S3(=O)=O)c2)cc2nnn(C)c12,RTGHTXKISWZXKJ-NRFANRHFSA-N,valid_ccd,full_heavy_atom_mcs,38,38,38,CCD graph and coordinate ligand fully mapped; safe for 2D SASA atom indices
LR00189,LQ8,Ligases/KEAP1/PDB/6SP1_LQ8.pdb,O=C(O)[C@H]1CCCC[C@H]1C(=O)N1CCc2c(OCCO)cccc2[C@H]1CN1C(=O)c2ccccc2C1=O,O=C(O)[C@H]1CCCC[C@H]1C(=O)N1CCc2c(OCCO)cccc2[C@H]1CN1C(=O)c2ccccc2C1=O,OAFSXLXCZSBCHE-XPWALMASSA-N,valid_ccd,full_heavy_atom_mcs,37,37,37,CCD graph and coordinate ligand fully mapped; safe for 2D SASA atom indices
LR00190,LQK,Ligases/KEAP1/PDB/6SP4_LQK.pdb,NC(=O)[C@H]1CC[C@H]1C(=O)N1CCc2c(OCCO)cccc2[C@H]1CN1C(=O)c2ccccc2C1=O,NC(=O)[C@H]1CC[C@H]1C(=O)N1CCc2c(OCCO)cccc2[C@H]1CN1C(=O)c2ccccc2C1=O,XWMQKSXJPOIISN-IOMROCGXSA-N,valid_ccd,full_heavy_atom_mcs,35,35,35,CCD graph and coordinate ligand fully mapped; safe for 2D SASA atom indices
LR00191,08A,Ligases/KEAP1/PDB/6TYM_08A_1.pdb,CCn1nnc2c(C)c([C@@H](CC(=O)O)c3cc(C)c4c(c3)CN(C(=O)c3ccccc3)CC4)ccc21,CCn1nnc2c(C)c([C@@H](CC(=O)O)c3cc(C)c4c(c3)CN(C(=O)c3ccccc3)CC4)ccc21,QQOWDADZZIZEDA-VWLOTQADSA-N,valid_ccd,full_heavy_atom_mcs,36,36,36,CCD graph and coordinate ligand fully mapped; safe for 2D SASA atom indices
LR00192,08A,Ligases/KEAP1/PDB/6TYM_08A_2.pdb,CCn1nnc2c(C)c([C@@H](CC(=O)O)c3cc(C)c4c(c3)CN(C(=O)c3ccccc3)CC4)ccc21,CCn1nnc2c(C)c([C@@H](CC(=O)O)c3cc(C)c4c(c3)CN(C(=O)c3ccccc3)CC4)ccc21,QQOWDADZZIZEDA-VWLOTQADSA-N,valid_ccd,full_heavy_atom_mcs,36,36,36,CCD graph and coordinate ligand fully mapped; safe for 2D SASA atom indices
LR00193,PKG,Ligases/KEAP1/PDB/6TYP_PKG.pdb,CCn1nnc2c(C)c([C@@H](CC(=O)O)c3ccc4c(c3)CN(C(=O)c3ccccc3)CC4)ccc21,CCn1nnc2c(C)c([C@@H](CC(=O)O)c3ccc4c(c3)CN(C(=O)c3ccccc3)CC4)ccc21,AUCYBCJRRYAJGN-DEOSSOPVSA-N,valid_ccd,full_heavy_atom_mcs,35,35,35,CCD graph and coordinate ligand fully mapped; safe for 2D SASA atom indices
LR00194,Q5V,Ligases/KEAP1/PDB/6UF0_Q5V.pdb,COc1ccc(S(=O)(=O)N(CC(F)(F)F)c2cnc(N(CC(=O)O)S(=O)(=O)c3ccc(OC)cc3)c3ccccc23)cc1,COc1ccc(S(=O)(=O)N(CC(F)(F)F)c2cnc(N(CC(=O)O)S(=O)(=O)c3ccc(OC)cc3)c3ccccc23)cc1,UVJKKKIWFDQRIO-UHFFFAOYSA-N,valid_ccd,full_heavy_atom_mcs,43,43,43,CCD graph and coordinate ligand fully mapped; safe for 2D SASA atom indices
LR00195,Q5Y,Ligases/KEAP1/PDB/6V6Z_Q5Y.pdb,COc1ccc(S(=O)(=O)Nc2ccc(N(CC(=O)O)S(=O)(=O)c3ccc(OC)cc3)c3ccccc23)cc1,COc1ccc(S(=O)(=O)Nc2ccc(N(CC(=O)O)S(=O)(=O)c3ccc(OC)cc3)c3ccccc23)cc1,NVQFDGYHTTZFJR-UHFFFAOYSA-N,valid_ccd,full_heavy_atom_mcs,38,38,38,CCD graph and coordinate ligand fully mapped; safe for 2D SASA atom indices
LR00196,Q9E,Ligases/KEAP1/PDB/6Z6A_Q9E.pdb,CC(=O)N1CCC[C@H]1C(=O)N[C@@H]1COC(=O)c2ccccc2CSC[C@H](C(=O)N(C)C)NC1=O,CC(=O)N1CCC[C@H]1C(=O)N[C@@H]1COC(=O)c2ccccc2CSC[C@H](C(=O)N(C)C)NC1=O,URYMNBQTISFUDY-QRVBRYPASA-N,valid_ccd,full_heavy_atom_mcs,34,34,34,CCD graph and coordinate ligand fully mapped; safe for 2D SASA atom indices
LR00197,QHN,Ligases/KEAP1/PDB/6ZEX_QHN.pdb,O=C(O)c1cnn(-c2ccccc2)c1C1CC1,O=C(O)c1cnn(-c2ccccc2)c1C1CC1,GOFLYUKBUGVGJT-UHFFFAOYSA-N,valid_ccd,full_heavy_atom_mcs,17,17,17,CCD graph and coordinate ligand fully mapped; safe for 2D SASA atom indices
LR00198,QGZ,Ligases/KEAP1/PDB/6ZEY_QGZ.pdb,O=C(O)c1cnn(-c2cccc(NS(=O)(=O)c3ccccc3)c2)c1C1CC1,O=C(O)c1cnn(-c2cccc(NS(=O)(=O)c3ccccc3)c2)c1C1CC1,IDKJYWWTGIDTLE-UHFFFAOYSA-N,valid_ccd,full_heavy_atom_mcs,27,27,27,CCD graph and coordinate ligand fully mapped; safe for 2D SASA atom indices
LR00199,QHH,Ligases/KEAP1/PDB/6ZEZ_QHH.pdb,CCCC[C@H]1CCCN1C(=O)[C@H]1CCC[C@@H](c2cccc(-n3ncc(C(=O)O)c3C3CC3)c2)C1,CCCC[C@H]1CCCN1C(=O)[C@H]1CCC[C@@H](c2cccc(-n3ncc(C(=O)O)c3C3CC3)c2)C1,UHBPMQISVQNVGD-PUHATCMVSA-N,valid_ccd,full_heavy_atom_mcs,34,34,34,CCD graph and coordinate ligand fully mapped; safe for 2D SASA atom indices
LR00200,QHT,Ligases/KEAP1/PDB/6ZF0_QHT.pdb,Cc1cc(C)c(C)c(S(=O)(=O)Nc2cccc(-n3ncc(C(=O)O)c3C3CC3)c2)c1C,Cc1cc(C)c(C)c(S(=O)(=O)Nc2cccc(-n3ncc(C(=O)O)c3C3CC3)c2)c1C,YMEVYPWCRCGXAH-UHFFFAOYSA-N,valid_ccd,full_heavy_atom_mcs,31,31,31,CCD graph and coordinate ligand fully mapped; safe for 2D SASA atom indices
LR00201,QHK,Ligases/KEAP1/PDB/6ZF1_QHK.pdb,O=C(O)CN(c1cccc(-n2ncc(C(=O)O)c2C2CC2)c1)S(=O)(=O)c1ccccc1,O=C(O)CN(c1cccc(-n2ncc(C(=O)O)c2C2CC2)c1)S(=O)(=O)c1ccccc1,RBAUECSGJHSFDC-UHFFFAOYSA-N,valid_ccd,full_heavy_atom_mcs,31,31,31,CCD graph and coordinate ligand fully mapped; safe for 2D SASA atom indices
LR00202,QJ5,Ligases/KEAP1/PDB/6ZF2_QJ5.pdb,CCCc1ccc(S(=O)(=O)Nc2cccc(-n3ncc(C(=O)O)c3C3CC3)c2)cc1,CCCc1ccc(S(=O)(=O)Nc2cccc(-n3ncc(C(=O)O)c3C3CC3)c2)cc1,ONYIKBUVBIUGDR-UHFFFAOYSA-N,valid_ccd,full_heavy_atom_mcs,30,30,30,CCD graph and coordinate ligand fully mapped; safe for 2D SASA atom indices
LR00203,QH5,Ligases/KEAP1/PDB/6ZF3_QH5.pdb,O=S(=O)(Nc1cccc(-n2ncc(-c3nn[nH]n3)c2C2CC2)c1)c1ccccc1,O=S(=O)(Nc1cccc(-n2ncc(-c3nn[nH]n3)c2C2CC2)c1)c1ccccc1,BUPUHVMYXRJEIS-UHFFFAOYSA-N,valid_ccd,full_heavy_atom_mcs,29,29,29,CCD graph and coordinate ligand fully mapped; safe for 2D SASA atom indices
LR00204,QHW,Ligases/KEAP1/PDB/6ZF4_QHW.pdb,Cc1cc(C)c(C)c(S(=O)(=O)N(CC(=O)O)c2cccc(-n3ncc(C(=O)O)c3C3CC3)c2)c1C,Cc1cc(C)c(C)c(S(=O)(=O)N(CC(=O)O)c2cccc(-n3ncc(C(=O)O)c3C3CC3)c2)c1C,SAPJYRTVXRKYMQ-UHFFFAOYSA-N,valid_ccd,full_heavy_atom_mcs,35,35,35,CCD graph and coordinate ligand fully mapped; safe for 2D SASA atom indices
LR00205,QH8,Ligases/KEAP1/PDB/6ZF5_QH8.pdb,CCCCc1ccc(S(=O)(=O)N(CC(=O)O)c2cccc(-n3ncc(C(=O)O)c3C3CC3)c2)cc1,CCCCc1ccc(S(=O)(=O)N(CC(=O)O)c2cccc(-n3ncc(C(=O)O)c3C3CC3)c2)cc1,BRCQFIYBTBPQSU-UHFFFAOYSA-N,valid_ccd,full_heavy_atom_mcs,35,35,35,CCD graph and coordinate ligand fully mapped; safe for 2D SASA atom indices
LR00206,QH2,Ligases/KEAP1/PDB/6ZF6_QH2.pdb,O=C(O)CN(c1cccc(-n2ncc(C(=O)O)c2[C@H]2C[C@@H]2c2ccccc2)c1)S(=O)(=O)c1ccccc1,O=C(O)CN(c1cccc(-n2ncc(C(=O)O)c2[C@H]2C[C@@H]2c2ccccc2)c1)S(=O)(=O)c1ccccc1,IWAWWUSRLVMCRW-PKTZIBPZSA-N,valid_ccd,full_heavy_atom_mcs,37,37,37,CCD graph and coordinate ligand fully mapped; safe for 2D SASA atom indices
LR00207,QHQ,Ligases/KEAP1/PDB/6ZF7_QHQ.pdb,COc1cccc(S(=O)(=O)N(CC(=O)O)c2cccc(-n3ncc(C(=O)O)c3C3CC3)c2)c1,COc1cccc(S(=O)(=O)N(CC(=O)O)c2cccc(-n3ncc(C(=O)O)c3C3CC3)c2)c1,IKOZRUPTCUYLEM-UHFFFAOYSA-N,valid_ccd,full_heavy_atom_mcs,33,33,33,CCD graph and coordinate ligand fully mapped; safe for 2D SASA atom indices
LR00208,QHZ,Ligases/KEAP1/PDB/6ZF8_QHZ.pdb,COc1cccc(S(=O)(=O)N(CC(=O)O)c2cccc(-n3ncc(C(=O)O)c3[C@H]3C[C@@H]3c3ccccc3)c2)c1,COc1cccc(S(=O)(=O)N(CC(=O)O)c2cccc(-n3ncc(C(=O)O)c3[C@H]3C[C@@H]3c3ccccc3)c2)c1,BLJRYRIUUYNZFT-RPWUZVMVSA-N,valid_ccd,full_heavy_atom_mcs,39,39,39,CCD graph and coordinate ligand fully mapped; safe for 2D SASA atom indices
LR00209,VCQ,Ligases/KEAP1/PDB/7OF8_VCQ.pdb,O=C(O)[C@@](O)(c1ccccc1)C1CCCC1,O=C(O)[C@@](O)(c1ccccc1)C1CCCC1,WFLUEQCOAQCQLP-CYBMUJFWSA-N,valid_ccd,full_heavy_atom_mcs,16,16,16,CCD graph and coordinate ligand fully mapped; safe for 2D SASA atom indices
LR00210,VBK,Ligases/KEAP1/PDB/7OF9_VBK.pdb,NC[C@H]1OCCc2sccc21,NC[C@H]1OCCc2sccc21,NMVKUIFBCHQTHO-SSDOTTSWSA-N,valid_ccd,full_heavy_atom_mcs,11,11,11,CCD graph and coordinate ligand fully mapped; safe for 2D SASA atom indices
LR00211,VBT,Ligases/KEAP1/PDB/7OFA_VBT.pdb,O=C(O)c1cc(F)c(Cl)nc1Cl,O=C(O)c1cc(F)c(Cl)nc1Cl,LTDGKGCHRNNCAC-UHFFFAOYSA-N,valid_ccd,full_heavy_atom_mcs,12,12,12,CCD graph and coordinate ligand fully mapped; safe for 2D SASA atom indices
LR00212,VCN,Ligases/KEAP1/PDB/7OFB_VCN.pdb,CCN(CC)C(=O)c1cccc2c1-c1ccccc1C2=O,CCN(CC)C(=O)c1cccc2c1-c1ccccc1C2=O,ABJOLLLERVOCAY-UHFFFAOYSA-N,valid_ccd,full_heavy_atom_mcs,21,21,21,CCD graph and coordinate ligand fully mapped; safe for 2D SASA atom indices
LR00213,VCT,Ligases/KEAP1/PDB/7OFC_VCT.pdb,CN(C)C(=O)c1cccc2c1-c1ccccc1C2=O,CN(C)C(=O)c1cccc2c1-c1ccccc1C2=O,WQYXZHZSFYVUSA-UHFFFAOYSA-N,valid_ccd,full_heavy_atom_mcs,19,19,19,CCD graph and coordinate ligand fully mapped; safe for 2D SASA atom indices
LR00214,VBQ,Ligases/KEAP1/PDB/7OFE_VBQ.pdb,O=C(O)CNC(=O)c1cccc2c1-c1ccccc1C2=O,O=C(O)CNC(=O)c1cccc2c1-c1ccccc1C2=O,XIDITRUNIYHCDR-UHFFFAOYSA-N,valid_ccd,full_heavy_atom_mcs,21,21,21,CCD graph and coordinate ligand fully mapped; safe for 2D SASA atom indices
LR00215,VCB,Ligases/KEAP1/PDB/7OFF_VCB.pdb,O=C(N[C@@H](C(=O)O)c1ccccc1)c1cccc2c1-c1ccccc1C2=O,O=C(N[C@@H](C(=O)O)c1ccccc1)c1cccc2c1-c1ccccc1C2=O,JJNHPDOJBUAQDZ-LJQANCHMSA-N,valid_ccd,full_heavy_atom_mcs,27,27,27,CCD graph and coordinate ligand fully mapped; safe for 2D SASA atom indices
LR00216,5UI,Ligases/KEAP1/PDB/7P58_5UI.pdb,CC(C)Oc1cccc(-c2cccc(-n3ncc(C(=O)O)c3C(F)(F)F)n2)c1,CC(C)Oc1cccc(-c2cccc(-n3ncc(C(=O)O)c3C(F)(F)F)n2)c1,FINLYLBWMQZNIN-UHFFFAOYSA-N,valid_ccd,full_heavy_atom_mcs,28,28,28,CCD graph and coordinate ligand fully mapped; safe for 2D SASA atom indices
LR00217,5VX,Ligases/KEAP1/PDB/7P5E_5VX.pdb,CN(C)C(=O)c1cccc(-c2cccc(-n3ncc(C(=O)O)c3C(F)(F)F)n2)c1,CN(C)C(=O)c1cccc(-c2cccc(-n3ncc(C(=O)O)c3C(F)(F)F)n2)c1,FRRZRAZHHYLGGZ-UHFFFAOYSA-N,valid_ccd,full_heavy_atom_mcs,29,29,29,CCD graph and coordinate ligand fully mapped; safe for 2D SASA atom indices
LR00218,5QZ,Ligases/KEAP1/PDB/7P5F_5QZ.pdb,CN(C)C(=O)c1cccc(-c2cccc(-n3ncc(C(=O)O)c3C3CC3)c2)c1,CN(C)C(=O)c1cccc(-c2cccc(-n3ncc(C(=O)O)c3C3CC3)c2)c1,HPTUBKDOPRIRSX-UHFFFAOYSA-N,valid_ccd,full_heavy_atom_mcs,28,28,28,CCD graph and coordinate ligand fully mapped; safe for 2D SASA atom indices
LR00219,5X9,Ligases/KEAP1/PDB/7P5I_5X9.pdb,CN(C)C(=O)c1cccc(-c2cccc(-n3ncc(C(=O)O)c3[C@@H]3C[C@H]3c3cn(C)nn3)c2)c1,CN(C)C(=O)c1cccc(-c2cccc(-n3ncc(C(=O)O)c3[C@@H]3C[C@H]3c3cn(C)nn3)c2)c1,RSPIKPFHLPIDKV-WOJBJXKFSA-N,valid_ccd,full_heavy_atom_mcs,34,34,34,CCD graph and coordinate ligand fully mapped; safe for 2D SASA atom indices
LR00220,5UZ,Ligases/KEAP1/PDB/7P5K_5UZ.pdb,CCC[C@@H]1CCCCN1C(=O)c1cccc(-c2cccc(-n3ncc(C(=O)O)c3C3CC3)c2)c1F,CCC[C@@H]1CCCCN1C(=O)c1cccc(-c2cccc(-n3ncc(C(=O)O)c3C3CC3)c2)c1F,ILYPAKWDDIPWBD-HXUWFJFHSA-N,valid_ccd,full_heavy_atom_mcs,35,35,35,CCD graph and coordinate ligand fully mapped; safe for 2D SASA atom indices
LR00221,5RQ,Ligases/KEAP1/PDB/7P5N_5RQ.pdb,CCCC[C@@H]1CCCN1C(=O)[C@H]1CCC[C@@H](c2cccc(-n3ncc(C(=O)O)c3C3CC3)c2)C1,CCCC[C@@H]1CCCN1C(=O)[C@H]1CCC[C@@H](c2cccc(-n3ncc(C(=O)O)c3C3CC3)c2)C1,UHBPMQISVQNVGD-AKIFATBCSA-N,valid_ccd,full_heavy_atom_mcs,34,34,34,CCD graph and coordinate ligand fully mapped; safe for 2D SASA atom indices
LR00222,5RB,Ligases/KEAP1/PDB/7P5P_5RB.pdb,CCC[C@@H]1CCCCN1C(=O)c1cccc(-c2cccc(-n3ncc(C(=O)O)c3[C@@H]3C[C@H]3c3cn(C)nn3)c2)c1,CCC[C@@H]1CCCCN1C(=O)c1cccc(-c2cccc(-n3ncc(C(=O)O)c3[C@@H]3C[C@H]3c3cn(C)nn3)c2)c1,ZESJVQYWCZXRPG-LGPLSSKUSA-N,valid_ccd,full_heavy_atom_mcs,40,40,40,CCD graph and coordinate ligand fully mapped; safe for 2D SASA atom indices
LR00223,92I,Ligases/KEAP1/PDB/7Q5H_92I.pdb,CC(=O)N1CCC[C@H]1C(=O)N[C@@H]1COC(=O)c2ccccc2C[S@](=O)C[C@H](C(=O)N(C)C)NC1=O,CC(=O)N1CCC[C@H]1C(=O)N[C@@H]1COC(=O)c2ccccc2C[S@](=O)C[C@H](C(=O)N(C)C)NC1=O,DXNNXGUWLIVFDR-MAZLHRJSSA-N,valid_ccd,full_heavy_atom_mcs,35,35,35,CCD graph and coordinate ligand fully mapped; safe for 2D SASA atom indices
LR00224,8ZL,Ligases/KEAP1/PDB/7Q6Q_8ZL.pdb,CNC(=O)CCC(=O)N1CCC[C@H]1C(=O)N[C@@H]1COC(=O)c2ccccc2CSC[C@H](C(=O)N(C)C)NC1=O,CNC(=O)CCC(=O)N1CCC[C@H]1C(=O)N[C@@H]1COC(=O)c2ccccc2CSC[C@H](C(=O)N(C)C)NC1=O,DXVZHGSXTJTODF-AQNXPRMDSA-N,valid_ccd,full_heavy_atom_mcs,39,39,39,CCD graph and coordinate ligand fully mapped; safe for 2D SASA atom indices
LR00225,91M,Ligases/KEAP1/PDB/7Q6S_91M.pdb,CC(=O)N1CCC[C@H]1C(=O)N[C@@H]1COC(=O)c2cccc(-c3cccc4nonc34)c2CSC[C@H](C(=O)N(C)C)NC1=O,CC(=O)N1CCC[C@H]1C(=O)N[C@@H]1COC(=O)c2cccc(-c3cccc4nonc34)c2CSC[C@H](C(=O)N(C)C)NC1=O,OENFEWXUJYIDRB-SMIHKQSGSA-N,valid_ccd,full_heavy_atom_mcs,43,43,43,CCD graph and coordinate ligand fully mapped; safe for 2D SASA atom indices
LR00226,9IB,Ligases/KEAP1/PDB/7Q8R_9IB.pdb,CC(=O)N1CCC[C@H]1C(=O)N[C@@H]1COC(=O)c2cccc(-c3cccc(C(=O)O)c3)c2CSC[C@H](C(=O)N(C)C)NC1=O,CC(=O)N1CCC[C@H]1C(=O)N[C@@H]1COC(=O)c2cccc(-c3cccc(C(=O)O)c3)c2CSC[C@H](C(=O)N(C)C)NC1=O,UPESAAPZKADZIE-SDHSZQHLSA-N,valid_ccd,full_heavy_atom_mcs,43,43,43,CCD graph and coordinate ligand fully mapped; safe for 2D SASA atom indices
LR00227,9P0,Ligases/KEAP1/PDB/7Q96_9P0.pdb,CC(=O)N1CCC[C@H]1C(=O)N[C@@H]1COC(=O)c2cccc(-c3ccc(C(=O)O)cc3)c2CSC[C@H](C(=O)N(C)C)NC1=O,CC(=O)N1CCC[C@H]1C(=O)N[C@@H]1COC(=O)c2cccc(-c3ccc(C(=O)O)cc3)c2CSC[C@H](C(=O)N(C)C)NC1=O,RNGXYARCEQWNBD-SDHSZQHLSA-N,valid_ccd,full_heavy_atom_mcs,43,43,43,CCD graph and coordinate ligand fully mapped; safe for 2D SASA atom indices
LR00228,GFD,Ligases/KEAP1/PDB/7XM2_GFD_1.pdb,COc1ccc(S(=O)(=O)N(CC(N)=O)c2ccc(N(CC(N)=O)S(=O)(=O)c3ccc(N)cc3)c3ccccc23)cc1,COc1ccc(S(=O)(=O)N(CC(N)=O)c2ccc(N(CC(N)=O)S(=O)(=O)c3ccc(N)cc3)c3ccccc23)cc1,DFIZGWXPFCOCFG-UHFFFAOYSA-N,valid_ccd,full_heavy_atom_mcs,41,41,41,CCD graph and coordinate ligand fully mapped; safe for 2D SASA atom indices
LR00230,L5F,Ligases/KEAP1/PDB/8A46_L5F.pdb,Cc1ccc2cc1[C@@H](C)[N@@]1Cc3cc(ccc3OS1(=O)=O)OCCOCCn1nnc3c(C)c(ccc31)[C@H]2CC(=O)O,Cc1ccc2cc1[C@@H](C)[N@@]1Cc3cc(ccc3OS1(=O)=O)OCCOCCn1nnc3c(C)c(ccc31)[C@H]2CC(=O)O,CAHCZMVBPKUGCY-IBVKSMDESA-N,valid_ccd,full_heavy_atom_mcs,42,42,42,CCD graph and coordinate ligand fully mapped; safe for 2D SASA atom indices
LR00231,SGO,Ligases/KEAP1/PDB/8IVG_SGO.pdb,Cc1ccc([C@H](CC(=O)O)NC(=O)Cc2ccc3c(c2)CCCC3)cc1,Cc1ccc([C@H](CC(=O)O)NC(=O)Cc2ccc3c(c2)CCCC3)cc1,IRCYEUOLXYXORC-FQEVSTJZSA-N,valid_ccd,full_heavy_atom_mcs,26,26,26,CCD graph and coordinate ligand fully mapped; safe for 2D SASA atom indices
LR00232,SIU,Ligases/KEAP1/PDB/8IVR_SIU.pdb,Cc1ccc([C@@H](NC(=O)Cc2ccc3c(c2)CCCC3)[C@@H](C)C(=O)O)cc1,Cc1ccc([C@@H](NC(=O)Cc2ccc3c(c2)CCCC3)[C@@H](C)C(=O)O)cc1,HBAMGJXBHJDNHV-ZHRRBRCNSA-N,valid_ccd,full_heavy_atom_mcs,27,27,27,CCD graph and coordinate ligand fully mapped; safe for 2D SASA atom indices
LR00233,T6I,Ligases/KEAP1/PDB/8IXS_T6I.pdb,Cc1ccc([C@@H](NC(=O)[C@@H](F)c2ccc3c(c2)CCCC3)[C@@H](C)C(=O)O)cc1,Cc1ccc([C@@H](NC(=O)[C@@H](F)c2ccc3c(c2)CCCC3)[C@@H](C)C(=O)O)cc1,MQNFGUOKPYSZBX-NQERJWCQSA-N,valid_ccd,full_heavy_atom_mcs,28,28,28,CCD graph and coordinate ligand fully mapped; safe for 2D SASA atom indices
LR00234,B13,Ligases/KEAP1/PDB/8XGK_B13.pdb,CC1=C2[N]3C(=CC4[N]5C(=C(C)C6[N]7[C@H]([C@H](CC(N)=O)[C@@]6(C)CCC(=O)NC[C@@H](C)O[P@@](=O)(O)O[C@H]6[C@@H](O)[C@@H](n8cnc9cc(O)ccc98)O[C@@H]6CO)[C@]6(C)[N](C1[C@@H](CCC(N)=O)[C@]6(C)CC(N)=O)[Co]357)[C@@H](CCC(N)=O)C4(C)C)[C@@H](CCC(N)=O)[C@]2(C)CC(N)=O,CC1=C2[N]3C(=CC4[N]5C(=C(C)C6[N]7[C@H]([C@H](CC(N)=O)[C@@]6(C)CCC(=O)NC[C@@H](C)O[P@@](=O)(O)O[C@H]6[C@@H](O)[C@@H](n8cnc9cc(O)ccc98)O[C@@H]6CO)[C@]6(C)[N](C1[C@@H](CCC(N)=O)[C@]6(C)CC(N)=O)[Co]357)[C@@H](CCC(N)=O)C4(C)C)[C@@H](CCC(N)=O)[C@]2(C)CC(N)=O,QJVWXASLTDBQFK-ORCPYQQTSA-N,valid_ccd,heavy_atom_count_mismatch,90,32,,CCD and coordinate ligand have different heavy-atom counts; review manually
LR00235,B14,Ligases/KEAP1/PDB/8XGV_B14.pdb,N#Cc1ccc(C(=O)N2CCC3(CC2)N=C(N)c2c(F)ccc(F)c2N3)cn1,N#Cc1ccc(C(=O)N2CCC3(CC2)N=C(N)c2c(F)ccc(F)c2N3)cn1,GIZYIOOBBUHOBS-UHFFFAOYSA-N,valid_ccd,heavy_atom_count_mismatch,28,34,,CCD and coordinate ligand have different heavy-atom counts; review manually
LR00236,A41,Ligases/KEAP1/PDB/9DU7_A41.pdb,Cc1ccc(NS(=O)(=O)c2ccccc2)c(C(=O)O)c1,Cc1ccc(NS(=O)(=O)c2ccccc2)c(C(=O)O)c1,HXQLTRSIZRSFTR-UHFFFAOYSA-N,valid_ccd,heavy_atom_count_mismatch,20,24,,CCD and coordinate ligand have different heavy-atom counts; review manually
LR00237,A70,Ligases/KEAP1/PDB/9ETX_A70.pdb,CCCCNC(=O)[C@@H](C[C@H](O)[C@H](CC1CCCCC1)NC(=O)[C@H](CCCC)N1CCN(C(=O)N2CCN(C)CC2)[C@H](Cc2ccccc2)C1=O)C(C)C,CCCCNC(=O)[C@@H](C[C@H](O)[C@H](CC1CCCCC1)NC(=O)[C@H](CCCC)N1CCN(C(=O)N2CCN(C)CC2)[C@H](Cc2ccccc2)C1=O)C(C)C,NGCGSAFHWCZMPV-AKHKZFQHSA-N,valid_ccd,heavy_atom_count_mismatch,53,24,,CCD and coordinate ligand have different heavy-atom counts; review manually
LR00238,A69,Ligases/KEAP1/PDB/9ETY_A69.pdb,O=C(N[C@@H](Cc1ccccc1)[C@H](O)CN(CCCc1ccccc1)S(=O)(=O)c1ccc2ncsc2c1)c1cccc(O)c1,O=C(N[C@@H](Cc1ccccc1)[C@H](O)CN(CCCc1ccccc1)S(=O)(=O)c1ccc2ncsc2c1)c1cccc(O)c1,OLPAULVXKPQQPH-IOWSJCHKSA-N,valid_ccd,heavy_atom_count_mismatch,43,25,,CCD and coordinate ligand have different heavy-atom counts; review manually
LR00239,A73,Ligases/KEAP1/PDB/9F2P_A73.pdb,O=c1cc(-c2ccc(Br)cc2)oc2ccccc12,O=c1cc(-c2ccc(Br)cc2)oc2ccccc12,URZUAHXELZUWFE-UHFFFAOYSA-N,valid_ccd,heavy_atom_count_mismatch,18,40,,CCD and coordinate ligand have different heavy-atom counts; review manually
LR00240,A74,Ligases/KEAP1/PDB/9F2Q_A74.pdb,COc1cc(-c2ccc(OC)nc2)c2oc(NS(=O)(=O)c3cc(Cl)ccc3Cl)nc2c1,COc1cc(-c2ccc(OC)nc2)c2oc(NS(=O)(=O)c3cc(Cl)ccc3Cl)nc2c1,KOKQLKWXOFRTHE-UHFFFAOYSA-N,valid_ccd,heavy_atom_count_mismatch,31,42,,CCD and coordinate ligand have different heavy-atom counts; review manually
LR00241,B0A,Ligases/KEAP1/PDB/9HWQ_B0A.pdb,O=C(COc1ccccc1)NC1CCCCC1,O=C(COc1ccccc1)NC1CCCCC1,CQWWLWGATIFQLU-UHFFFAOYSA-N,valid_ccd,full_heavy_atom_mcs,17,17,17,CCD graph and coordinate ligand fully mapped; safe for 2D SASA atom indices
LR00242,A83,Ligases/KEAP1/PDB/9HWR_A83.pdb,COc1ccc(S(=O)(=O)N(CC(C)C)C[C@@H](O)[C@H](Cc2ccccc2)n2cc(CNC(=O)c3ccc(CNC(=O)OC(C)(C)C)cc3)nn2)cc1,COc1ccc(S(=O)(=O)N(CC(C)C)C[C@@H](O)[C@H](Cc2ccccc2)n2cc(CNC(=O)c3ccc(CNC(=O)OC(C)(C)C)cc3)nn2)cc1,XWYIBXKLXLXYMK-SZAHLOSFSA-N,valid_ccd,heavy_atom_count_mismatch,51,26,,CCD and coordinate ligand have different heavy-atom counts; review manually
LR00243,A85,Ligases/KEAP1/PDB/9HWS_A85.pdb,CC(C)[C@H](NC(=O)N(C)Cc1ccccn1)C(=O)N[C@@H](Cc1ccccc1)C(O)(O)C(F)(F)[C@H](Cc1ccccc1)NC(=O)[C@@H](NC(=O)N(C)Cc1ccccn1)C(C)C,CC(C)[C@H](NC(=O)N(C)Cc1ccccn1)C(=O)N[C@@H](Cc1ccccc1)C(O)(O)C(F)(F)[C@H](Cc1ccccc1)NC(=O)[C@@H](NC(=O)N(C)Cc1ccccn1)C(C)C,CGJKKYBHEOTRNM-ZQWQDMLBSA-N,valid_ccd,heavy_atom_count_mismatch,60,27,,CCD and coordinate ligand have different heavy-atom counts; review manually
LR00244,A96,Ligases/KEAP1/PDB/9HWT_A96.pdb,O=C(Nc1cncnc1)c1c(Cl)ccc2c(Nc3cccc(C(F)(F)F)c3)noc12,O=C(Nc1cncnc1)c1c(Cl)ccc2c(Nc3cccc(C(F)(F)F)c3)noc12,FEGRQUWSKADGSP-UHFFFAOYSA-N,valid_ccd,heavy_atom_count_mismatch,30,37,,CCD and coordinate ligand have different heavy-atom counts; review manually
LR00245,A92,Ligases/KEAP1/PDB/9HWU_A92.pdb,NC(=O)c1cccc2nc(-c3ccc([C@@H]4CCCCN4)cc3F)[nH]c12,NC(=O)c1cccc2nc(-c3ccc([C@@H]4CCCCN4)cc3F)[nH]c12,LGVIXHMVSRYWJL-HNNXBMFYSA-N,valid_ccd,heavy_atom_count_mismatch,25,35,,CCD and coordinate ligand have different heavy-atom counts; review manually
LR00246,A93,Ligases/KEAP1/PDB/9HWV_A93.pdb,Cc1cc(/C=C/c2cccc(C(=O)Oc3ccc(F)cc3)c2)cc(C)c1O,Cc1cc(/C=C/c2cccc(C(=O)Oc3ccc(F)cc3)c2)cc(C)c1O,YDSMVVNYVJZDET-VOTSOKGWSA-N,valid_ccd,heavy_atom_count_mismatch,27,35,,CCD and coordinate ligand have different heavy-atom counts; review manually
LR00247,A94,Ligases/KEAP1/PDB/9HWW_A94.pdb,Cc1cc(CNS(=O)(=O)c2cccc(N/C=C3\CCOC3=O)c2)nc(N)n1,Cc1cc(CNS(=O)(=O)c2cccc(N/C=C3\CCOC3=O)c2)nc(N)n1,VCOKUBHAJVTVNG-FMIVXFBMSA-N,valid_ccd,heavy_atom_count_mismatch,27,36,,CCD and coordinate ligand have different heavy-atom counts; review manually
LR00248,A97,Ligases/KEAP1/PDB/9HWX_A97.pdb,CCCc1cc(C)[nH]c(=O)c1CNC(=O)c1cc(-c2ccnc(N3CCN(C)CC3)c2)cc2c1cnn2C(C)C,CCCc1cc(C)[nH]c(=O)c1CNC(=O)c1cc(-c2ccnc(N3CCN(C)CC3)c2)cc2c1cnn2C(C)C,ULNXAWLQFZMIHX-UHFFFAOYSA-N,valid_ccd,heavy_atom_count_mismatch,40,37,,CCD and coordinate ligand have different heavy-atom counts; review manually
LR00249,B15,Ligases/KEAP1/PDB/9UO8_B15.pdb,NS(=O)(=O)c1ccc(CCNC(=O)c2ccc(CN3CC(=O)[O][Cu][O]C(=O)C3)cc2)cc1,NS(=O)(=O)c1ccc(CCNC(=O)c2ccc(CN3CC(=O)[O][Cu][O]C(=O)C3)cc2)cc1,BUBSRKBUGUALLJ-UHFFFAOYSA-L,valid_ccd,heavy_atom_count_mismatch,32,44,,CCD and coordinate ligand have different heavy-atom counts; review manually
LR00250,B16,Ligases/KEAP1/PDB/9VD2_B16.pdb,O=P(O)(O)OC[C@H]1O[C@@H](OP(=O)(O)O)[C@H](O)[C@@H](O)[C@@H]1O,O=P(O)(O)OC[C@H]1O[C@@H](OP(=O)(O)O)[C@H](O)[C@@H](O)[C@@H]1O,RWHOZGRAXYWRNX-DVKNGEFBSA-N,valid_ccd,heavy_atom_count_mismatch,20,47,,CCD and coordinate ligand have different heavy-atom counts; review manually
LR00251,618,Ligases/LIVIN/PDB/2I3I_618.pdb,CN[C@@H](C)C(=O)N[C@@H]1C=CC[C@H]2SC(C)(C)[C@@H](C(=O)Nc3cc(C)nn3-c3ccccc3)N2C1=O,CN[C@@H](C)C(=O)N[C@@H]1C=CC[C@H]2SC(C)(C)[C@@H](C(=O)Nc3cc(C)nn3-c3ccccc3)N2C1=O,WIYCWFZPNIUIGJ-RCVZYCBYSA-N,valid_ccd,full_heavy_atom_mcs,35,35,35,CCD graph and coordinate ligand fully mapped; safe for 2D SASA atom indices
LR00252,419,Ligases/LIVIN/PDB/3F7H_419.pdb,CN[C@@H](C)C(=O)N[C@H](C(=O)N1CC[C@H]2CC[C@H](NC(=O)C(c3ccccc3)c3ccccc3)[C@H]21)C(C)(C)C,CN[C@@H](C)C(=O)N[C@H](C(=O)N1CC[C@H]2CC[C@H](NC(=O)C(c3ccccc3)c3ccccc3)[C@H]21)C(C)(C)C,BGWQMUKSEXDJIL-PCVPZPMISA-N,valid_ccd,full_heavy_atom_mcs,38,38,38,CCD graph and coordinate ligand fully mapped; safe for 2D SASA atom indices
LR00253,G13,Ligases/LIVIN/PDB/3F7I_G13.pdb,CN[C@@H](C)C(=O)N[C@H](C(=O)N1CC[C@H]2CC[C@H](NC(=O)c3cccc4ccccc34)[C@H]21)C(C)(C)C,CN[C@@H](C)C(=O)N[C@H](C(=O)N1CC[C@H]2CC[C@H](NC(=O)c3cccc4ccccc34)[C@H]21)C(C)(C)C,FTXKVJPIFDKIID-YBAXTEPTSA-N,valid_ccd,full_heavy_atom_mcs,35,35,35,CCD graph and coordinate ligand fully mapped; safe for 2D SASA atom indices
LR00254,516,Ligases/LIVIN/PDB/3GT9_516.pdb,CN[C@@H](C)C(=O)N[C@H](C(=O)N1CCC[C@H]1c1nc(-c2cccc3ccccc23)cs1)C1CCCCC1,CN[C@@H](C)C(=O)N[C@H](C(=O)N1CCC[C@H]1c1nc(-c2cccc3ccccc23)cs1)C1CCCCC1,OWHXKYSKEROHGU-CNVLFFCLSA-N,valid_ccd,full_heavy_atom_mcs,36,36,36,CCD graph and coordinate ligand fully mapped; safe for 2D SASA atom indices
LR00255,851,Ligases/LIVIN/PDB/3GTA_851.pdb,CN[C@@H](C)C(=O)N[C@H](C(=O)N1CCC[C@H]1c1nc2c(-c3ccccc3)cccc2s1)C1CCCCC1,CN[C@@H](C)C(=O)N[C@H](C(=O)N1CCC[C@H]1c1nc2c(-c3ccccc3)cccc2s1)C1CCCCC1,ZMBDQSBUBMMIRB-QXWFJRNPSA-N,valid_ccd,full_heavy_atom_mcs,36,36,36,CCD graph and coordinate ligand fully mapped; safe for 2D SASA atom indices
LR00256,0DQ,Ligases/LIVIN/PDB/3UW5_0DQ.pdb,Nc1snnc1-c1ccccc1,Nc1snnc1-c1ccccc1,VPHYLVGCMWSAEJ-UHFFFAOYSA-N,valid_ccd,full_heavy_atom_mcs,12,12,12,CCD graph and coordinate ligand fully mapped; safe for 2D SASA atom indices
LR00257,CHG,Ligases/LIVIN/PDB/3UW5_CHG.pdb,N[C@H](C(=O)O)C1CCCCC1,N[C@H](C(=O)O)C1CCCCC1,WAMWSIDTKSNDCU-ZETCQYMHSA-N,valid_ccd,heavy_atom_count_mismatch,11,10,,CCD and coordinate ligand have different heavy-atom counts; review manually
LR00258,IMZ,Ligases/MDM2/PDB/1RV1_IMZ_1.pdb,CCOc1cc(OC)ccc1C1=N[C@@H](c2ccc(Br)cc2)[C@@H](c2ccc(Br)cc2)N1C(=O)N1CCN(CCO)CC1,CCOc1cc(OC)ccc1C1=N[C@@H](c2ccc(Br)cc2)[C@@H](c2ccc(Br)cc2)N1C(=O)N1CCN(CCO)CC1,PVRYEWOXWGDQHA-URLMMPGGSA-N,valid_ccd,full_heavy_atom_mcs,41,41,41,CCD graph and coordinate ligand fully mapped; safe for 2D SASA atom indices
LR00259,IMZ,Ligases/MDM2/PDB/1RV1_IMZ_2.pdb,CCOc1cc(OC)ccc1C1=N[C@@H](c2ccc(Br)cc2)[C@@H](c2ccc(Br)cc2)N1C(=O)N1CCN(CCO)CC1,CCOc1cc(OC)ccc1C1=N[C@@H](c2ccc(Br)cc2)[C@@H](c2ccc(Br)cc2)N1C(=O)N1CCN(CCO)CC1,PVRYEWOXWGDQHA-URLMMPGGSA-N,valid_ccd,full_heavy_atom_mcs,41,41,41,CCD graph and coordinate ligand fully mapped; safe for 2D SASA atom indices
LR00260,DIZ,Ligases/MDM2/PDB/1T4E_DIZ.pdb,O=C(O)[C@H](c1ccc(Cl)cc1)N1C(=O)c2cc(I)ccc2NC(=O)[C@@H]1c1ccc(Cl)cc1,O=C(O)[C@H](c1ccc(Cl)cc1)N1C(=O)c2cc(I)ccc2NC(=O)[C@@H]1c1ccc(Cl)cc1,HQEQUYKKMMKSSX-PMACEKPBSA-N,valid_ccd,full_heavy_atom_mcs,32,32,32,CCD graph and coordinate ligand fully mapped; safe for 2D SASA atom indices
LR00261,6CW,Ligases/MDM2/PDB/2AXI_6CW.pdb,N[C@@H](Cc1c[nH]c2cc(Cl)ccc12)C(=O)O,N[C@@H](Cc1c[nH]c2cc(Cl)ccc12)C(=O)O,FICLVQOYKYBXFN-VIFPVBQESA-N,valid_ccd,heavy_atom_count_mismatch,16,15,,CCD and coordinate ligand have different heavy-atom counts; review manually
LR00262,6CW,Ligases/MDM2/PDB/2GV2_6CW.pdb,N[C@@H](Cc1c[nH]c2cc(Cl)ccc12)C(=O)O,N[C@@H](Cc1c[nH]c2cc(Cl)ccc12)C(=O)O,FICLVQOYKYBXFN-VIFPVBQESA-N,valid_ccd,heavy_atom_count_mismatch,16,15,,CCD and coordinate ligand have different heavy-atom counts; review manually
LR00263,6CW,Ligases/MDM2/PDB/3FEA_6CW.pdb,N[C@@H](Cc1c[nH]c2cc(Cl)ccc12)C(=O)O,N[C@@H](Cc1c[nH]c2cc(Cl)ccc12)C(=O)O,FICLVQOYKYBXFN-VIFPVBQESA-N,valid_ccd,heavy_atom_count_mismatch,16,15,,CCD and coordinate ligand have different heavy-atom counts; review manually
LR00264,PM3,Ligases/MDM2/PDB/3FEA_PM3.pdb,N[C@@H](Cc1ccc(CP(=O)(O)O)cc1)C(=O)O,N[C@@H](Cc1ccc(CP(=O)(O)O)cc1)C(=O)O,SAQLLHDEEMZENJ-VIFPVBQESA-N,valid_ccd,heavy_atom_count_mismatch,17,16,,CCD and coordinate ligand have different heavy-atom counts; review manually
LR00265,HIA,Ligases/MDM2/PDB/3IUX_HIA.pdb,NC(=O)[C@@H](N)Cc1cnc[nH]1,NC(=O)[C@@H](N)Cc1cnc[nH]1,UMMQVDUMUMBTAV-YFKPBYRVSA-N,valid_ccd,full_heavy_atom_mcs,11,11,11,CCD graph and coordinate ligand fully mapped; safe for 2D SASA atom indices
LR00266,YIN,Ligases/MDM2/PDB/3JZK_YIN.pdb,Brc1ccc([C@H]2C3=C(N=C4NC=NN42)c2ccccc2O[C@@H]3c2ccc(Br)cc2)cc1,Brc1ccc([C@H]2C3=C(N=C4NC=NN42)c2ccccc2O[C@@H]3c2ccc(Br)cc2)cc1,HNNGTASVWGJHBY-XZOQPEGZSA-N,valid_ccd,full_heavy_atom_mcs,31,31,31,CCD graph and coordinate ligand fully mapped; safe for 2D SASA atom indices
LR00267,WW8,Ligases/MDM2/PDB/3LBJ_WW8_1.pdb,CN(C)CCCN(C)[C@H]1CCN(C(=O)c2[nH]c3cc(Cl)ccc3c2-c2c(-c3ccccc3)ncn2Cc2ccc(Cl)cc2)C1,CN(C)CCCN(C)[C@H]1CCN(C(=O)c2[nH]c3cc(Cl)ccc3c2-c2c(-c3ccccc3)ncn2Cc2ccc(Cl)cc2)C1,LWWQYOWAPGRPRH-NDEPHWFRSA-N,valid_ccd,full_heavy_atom_mcs,44,44,44,CCD graph and coordinate ligand fully mapped; safe for 2D SASA atom indices
LR00268,WW8,Ligases/MDM2/PDB/3LBJ_WW8_2.pdb,CN(C)CCCN(C)[C@H]1CCN(C(=O)c2[nH]c3cc(Cl)ccc3c2-c2c(-c3ccccc3)ncn2Cc2ccc(Cl)cc2)C1,CN(C)CCCN(C)[C@H]1CCN(C(=O)c2[nH]c3cc(Cl)ccc3c2-c2c(-c3ccccc3)ncn2Cc2ccc(Cl)cc2)C1,LWWQYOWAPGRPRH-NDEPHWFRSA-N,valid_ccd,full_heavy_atom_mcs,44,44,44,CCD graph and coordinate ligand fully mapped; safe for 2D SASA atom indices
LR00269,K23,Ligases/MDM2/PDB/3LBK_K23.pdb,O=C(O)c1[nH]c2cc(Cl)ccc2c1-c1c(-c2ccccc2)ncn1Cc1ccc(Cl)cc1,O=C(O)c1[nH]c2cc(Cl)ccc2c1-c1c(-c2ccccc2)ncn1Cc1ccc(Cl)cc1,QZJRNGXHRQJBJH-UHFFFAOYSA-N,valid_ccd,full_heavy_atom_mcs,32,32,32,CCD graph and coordinate ligand fully mapped; safe for 2D SASA atom indices
LR00270,MI6,Ligases/MDM2/PDB/3LBL_MI6.pdb,CC(C)(C)C[C@H]1N[C@@H](C(=O)NCCN2CCOCC2)[C@@H](c2cccc(Cl)c2F)[C@]12C(=O)Nc1cc(Cl)ccc12,CC(C)(C)C[C@H]1N[C@@H](C(=O)NCCN2CCOCC2)[C@@H](c2cccc(Cl)c2F)[C@]12C(=O)Nc1cc(Cl)ccc12,YTBYOWZWBDYLQF-BYHVZLFPSA-N,valid_ccd,heavy_atom_count_mismatch,39,31,,CCD and coordinate ligand have different heavy-atom counts; review manually
LR00271,TJ2,Ligases/MDM2/PDB/3TJ2_TJ2.pdb,CC(C)(C)NC(=O)[C@H](c1c(C(=O)O)[nH]c2cc(Cl)ccc12)N(C=O)Cc1ccc(Cl)cc1,CC(C)(C)NC(=O)[C@H](c1c(C(=O)O)[nH]c2cc(Cl)ccc12)N(C=O)Cc1ccc(Cl)cc1,ZAOJHZGIRKVCBH-FQEVSTJZSA-N,valid_ccd,full_heavy_atom_mcs,32,32,32,CCD graph and coordinate ligand fully mapped; safe for 2D SASA atom indices
LR00272,07G,Ligases/MDM2/PDB/3TU1_07G.pdb,CC(C)(C)NC(=O)C(c1c(C(=O)O)[nH]c2cc(Cl)ccc12)N(C=O)Cc1ccc(F)c(F)c1,CC(C)(C)NC(=O)C(c1c(C(=O)O)[nH]c2cc(Cl)ccc12)N(C=O)Cc1ccc(F)c(F)c1,AGRQHAQMUFKJFC-UHFFFAOYSA-N,valid_ccd,full_heavy_atom_mcs,33,33,33,CCD graph and coordinate ligand fully mapped; safe for 2D SASA atom indices
LR00273,03M,Ligases/MDM2/PDB/3U15_03M.pdb,Cc1c(Cl)ccc2c(/C=C3\NC(=O)N(Cc4ccc(F)c(F)c4)C3=O)c[nH]c12,Cc1c(Cl)ccc2c(/C=C3\NC(=O)N(Cc4ccc(F)c(F)c4)C3=O)c[nH]c12,OEXMEVPQEPHTAQ-IDUWFGFVSA-N,valid_ccd,full_heavy_atom_mcs,28,28,28,CCD graph and coordinate ligand fully mapped; safe for 2D SASA atom indices
LR00274,03M,Ligases/MDM2/PDB/3VBG_03M.pdb,Cc1c(Cl)ccc2c(/C=C3\NC(=O)N(Cc4ccc(F)c(F)c4)C3=O)c[nH]c12,Cc1c(Cl)ccc2c(/C=C3\NC(=O)N(Cc4ccc(F)c(F)c4)C3=O)c[nH]c12,OEXMEVPQEPHTAQ-IDUWFGFVSA-N,valid_ccd,full_heavy_atom_mcs,28,28,28,CCD graph and coordinate ligand fully mapped; safe for 2D SASA atom indices
LR00275,VZV,Ligases/MDM2/PDB/3VZV_VZV.pdb,CC(C)C1=C(C(=O)N2CCC[C@H]2C(=O)N(C)C)SC2=N[C@@](C)(c3ccc(Cl)cc3)[C@@H](c3ccc(Cl)cc3)N21,CC(C)C1=C(C(=O)N2CCC[C@H]2C(=O)N(C)C)SC2=N[C@@](C)(c3ccc(Cl)cc3)[C@@H](c3ccc(Cl)cc3)N21,BWUMOCARMRPCIP-HQQGYVGFSA-N,valid_ccd,full_heavy_atom_mcs,38,38,38,CCD graph and coordinate ligand fully mapped; safe for 2D SASA atom indices
LR00276,LTZ,Ligases/MDM2/PDB/3W69_LTZ.pdb,CC[C@@H]1CC[C@@H](C(=O)N2CCN(C(C)=O)[C@H](C)C2)N1C(=O)C1=C(C(C)C)N2C(=N[C@@](C)(c3ccc(Cl)cc3)[C@H]2c2ccc(Cl)cc2)S1,CC[C@@H]1CC[C@@H](C(=O)N2CCN(C(C)=O)[C@H](C)C2)N1C(=O)C1=C(C(C)C)N2C(=N[C@@](C)(c3ccc(Cl)cc3)[C@H]2c2ccc(Cl)cc2)S1,NYMONQQQYOURJF-GTVZXTIFSA-N,valid_ccd,full_heavy_atom_mcs,47,47,47,CCD graph and coordinate ligand fully mapped; safe for 2D SASA atom indices
LR00277,BLF,Ligases/MDM2/PDB/4DIJ_BLF.pdb,O=C(NCCN1CCOCC1)c1[nH]c2cc(Cl)ccc2c1-c1c(-c2ccccc2)ncn1Cc1ccc(Cl)cc1,O=C(NCCN1CCOCC1)c1[nH]c2cc(Cl)ccc2c1-c1c(-c2ccccc2)ncn1Cc1ccc(Cl)cc1,IFORBTVIRBZFON-UHFFFAOYSA-N,valid_ccd,full_heavy_atom_mcs,40,40,40,CCD graph and coordinate ligand fully mapped; safe for 2D SASA atom indices
LR00278,0R2,Ligases/MDM2/PDB/4ERE_0R2.pdb,CC[C@@H](C(=O)OC(C)(C)C)N1C(=O)[C@@H](CC(=O)O)C[C@H](c2cccc(Cl)c2)[C@H]1c1ccc(Cl)cc1,CC[C@@H](C(=O)OC(C)(C)C)N1C(=O)[C@@H](CC(=O)O)C[C@H](c2cccc(Cl)c2)[C@H]1c1ccc(Cl)cc1,ZEMLYWMOSZRCQL-UWSZBUKDSA-N,valid_ccd,full_heavy_atom_mcs,35,35,35,CCD graph and coordinate ligand fully mapped; safe for 2D SASA atom indices
LR00279,0R3,Ligases/MDM2/PDB/4ERF_0R3.pdb,CC[C@@H]([C@H](C)O)N1C(=O)[C@@](C)(CC(=O)O)C[C@H](c2cccc(Cl)c2)[C@H]1c1ccc(Cl)cc1,CC[C@@H]([C@H](C)O)N1C(=O)[C@@](C)(CC(=O)O)C[C@H](c2cccc(Cl)c2)[C@H]1c1ccc(Cl)cc1,YUALYRLIFVPOHL-VPLUBSIMSA-N,valid_ccd,full_heavy_atom_mcs,32,32,32,CCD graph and coordinate ligand fully mapped; safe for 2D SASA atom indices
LR00280,0Y7,Ligases/MDM2/PDB/4HBM_0Y7.pdb,CC[C@@H](CO)N1C(=O)[C@@H](CC(=O)O)C[C@H](c2cccc(Cl)c2)[C@H]1c1ccc(Cl)cc1,CC[C@@H](CO)N1C(=O)[C@@H](CC(=O)O)C[C@H](c2cccc(Cl)c2)[C@H]1c1ccc(Cl)cc1,MUYVUHCWOCMQPD-CJXUKZFBSA-N,valid_ccd,full_heavy_atom_mcs,30,30,30,CCD graph and coordinate ligand fully mapped; safe for 2D SASA atom indices
LR00281,NUT,Ligases/MDM2/PDB/4HG7_NUT.pdb,COc1ccc(C2=N[C@@H](c3ccc(Cl)cc3)[C@@H](c3ccc(Cl)cc3)N2C(=O)N2CCNC(=O)C2)c(OC(C)C)c1,COc1ccc(C2=N[C@@H](c3ccc(Cl)cc3)[C@@H](c3ccc(Cl)cc3)N2C(=O)N2CCNC(=O)C2)c(OC(C)C)c1,BDUHCSBCVGXTJM-WUFINQPMSA-N,valid_ccd,full_heavy_atom_mcs,40,40,40,CCD graph and coordinate ligand fully mapped; safe for 2D SASA atom indices
LR00282,NUT,Ligases/MDM2/PDB/4J3E_NUT.pdb,COc1ccc(C2=N[C@@H](c3ccc(Cl)cc3)[C@@H](c3ccc(Cl)cc3)N2C(=O)N2CCNC(=O)C2)c(OC(C)C)c1,COc1ccc(C2=N[C@@H](c3ccc(Cl)cc3)[C@@H](c3ccc(Cl)cc3)N2C(=O)N2CCNC(=O)C2)c(OC(C)C)c1,BDUHCSBCVGXTJM-WUFINQPMSA-N,valid_ccd,full_heavy_atom_mcs,40,40,40,CCD graph and coordinate ligand fully mapped; safe for 2D SASA atom indices
LR00283,I18,Ligases/MDM2/PDB/4J74_I18_1.pdb,CC1=N[C@@H](c2ccc(Cl)cc2)[C@@H](c2ccc(Cl)cc2)N1,CC1=N[C@@H](c2ccc(Cl)cc2)[C@@H](c2ccc(Cl)cc2)N1,VLUCXJXOZXEFPA-IYBDPMFKSA-N,valid_ccd,full_heavy_atom_mcs,20,20,20,CCD graph and coordinate ligand fully mapped; safe for 2D SASA atom indices
LR00284,I18,Ligases/MDM2/PDB/4J74_I18_2.pdb,CC1=N[C@@H](c2ccc(Cl)cc2)[C@@H](c2ccc(Cl)cc2)N1,CC1=N[C@@H](c2ccc(Cl)cc2)[C@@H](c2ccc(Cl)cc2)N1,VLUCXJXOZXEFPA-IYBDPMFKSA-N,valid_ccd,full_heavy_atom_mcs,20,20,20,CCD graph and coordinate ligand fully mapped; safe for 2D SASA atom indices
LR00285,I31,Ligases/MDM2/PDB/4J7D_I31.pdb,CCOc1cc(C(C)(C)C)ccc1C1=N[C@@](C)(c2ccc(Cl)cc2)[C@@](C)(c2ccc(Cl)cc2)N1,CCOc1cc(C(C)(C)C)ccc1C1=N[C@@](C)(c2ccc(Cl)cc2)[C@@](C)(c2ccc(Cl)cc2)N1,OOVOROVEJRZNDO-ISILISOKSA-N,valid_ccd,full_heavy_atom_mcs,34,34,34,CCD graph and coordinate ligand fully mapped; safe for 2D SASA atom indices
LR00286,I29,Ligases/MDM2/PDB/4J7E_I29.pdb,CC1=N[C@@](C)(c2ccc(Cl)cc2)[C@@](C)(c2ccc(Cl)cc2)N1C(=O)N1CCN(CCCS(C)(=O)=O)CC1,CC1=N[C@@](C)(c2ccc(Cl)cc2)[C@@](C)(c2ccc(Cl)cc2)N1C(=O)N1CCN(CCCS(C)(=O)=O)CC1,MCLBNCWBALNIBY-RRPNLBNLSA-N,valid_ccd,full_heavy_atom_mcs,37,37,37,CCD graph and coordinate ligand fully mapped; safe for 2D SASA atom indices
LR00287,I09,Ligases/MDM2/PDB/4JRG_I09.pdb,CC(C)(C)C[C@@H]1N[C@@H](C(=O)NCC[C@H](O)CO)[C@H](c2cccc(Cl)c2)[C@@]1(C#N)c1ccc(Cl)cc1,CC(C)(C)C[C@@H]1N[C@@H](C(=O)NCC[C@H](O)CO)[C@H](c2cccc(Cl)c2)[C@@]1(C#N)c1ccc(Cl)cc1,ZSZGGSIFAMXPIG-CPASSRBFSA-N,valid_ccd,full_heavy_atom_mcs,35,35,35,CCD graph and coordinate ligand fully mapped; safe for 2D SASA atom indices
LR00288,1OY,Ligases/MDM2/PDB/4JSC_1OY.pdb,CC(C)(C)C[C@@H]1N[C@@H](C(=O)NCC[C@H](O)CO)[C@H](c2cccc(Cl)c2F)[C@@]1(C#N)c1ccc(Cl)cc1F,CC(C)(C)C[C@@H]1N[C@@H](C(=O)NCC[C@H](O)CO)[C@H](c2cccc(Cl)c2F)[C@@]1(C#N)c1ccc(Cl)cc1F,MSOWFEGZEMCNQZ-UIHIWPSYSA-N,valid_ccd,full_heavy_atom_mcs,37,37,37,CCD graph and coordinate ligand fully mapped; safe for 2D SASA atom indices
LR00289,1MN,Ligases/MDM2/PDB/4JV7_1MN.pdb,CN1C(=O)[C@H](Cc2ccccc2)O[C@@H](c2ccc(Br)cc2)[C@H]1c1ccc(Br)cc1,CN1C(=O)[C@H](Cc2ccccc2)O[C@@H](c2ccc(Br)cc2)[C@H]1c1ccc(Br)cc1,YYVYIVSNIAMIER-ZRBLBEILSA-N,valid_ccd,full_heavy_atom_mcs,29,29,29,CCD graph and coordinate ligand fully mapped; safe for 2D SASA atom indices
LR00290,1MO,Ligases/MDM2/PDB/4JV9_1MO.pdb,CN1C(=O)[C@H](Cc2ccccc2)O[C@@H](c2ccc(Cl)cc2)[C@H]1c1ccc(Cl)cc1,CN1C(=O)[C@H](Cc2ccccc2)O[C@@H](c2ccc(Cl)cc2)[C@H]1c1ccc(Cl)cc1,NFFXQTHZDQEVMP-ZRBLBEILSA-N,valid_ccd,full_heavy_atom_mcs,29,29,29,CCD graph and coordinate ligand fully mapped; safe for 2D SASA atom indices
LR00291,1MQ,Ligases/MDM2/PDB/4JVE_1MQ.pdb,C/C=C/[C@H](C(=O)O)N1C(=O)[C@H](Cc2ccc(F)cc2)O[C@@H](c2ccc(Cl)cc2)[C@H]1c1ccc(Cl)cc1,C/C=C/[C@H](C(=O)O)N1C(=O)[C@H](Cc2ccc(F)cc2)O[C@@H](c2ccc(Cl)cc2)[C@H]1c1ccc(Cl)cc1,KFJHASQDDHBQDA-GYEZOCHYSA-N,valid_ccd,full_heavy_atom_mcs,36,36,36,CCD graph and coordinate ligand fully mapped; safe for 2D SASA atom indices
LR00292,1MT,Ligases/MDM2/PDB/4JVR_1MT.pdb,CC(C)(C)C[C@@H]1N[C@@H](C(=O)NCCN)[C@H](c2cccc(Cl)c2F)[C@]12C(=O)Nc1cc(Cl)ccc12,CC(C)(C)C[C@@H]1N[C@@H](C(=O)NCCN)[C@H](c2cccc(Cl)c2F)[C@]12C(=O)Nc1cc(Cl)ccc12,FNYZLFJBIYJBIK-MZFHRINRSA-N,valid_ccd,full_heavy_atom_mcs,34,34,34,CCD graph and coordinate ligand fully mapped; safe for 2D SASA atom indices
LR00293,1MY,Ligases/MDM2/PDB/4JWR_1MY.pdb,CC[C@@H](CO)N1C(=O)[C@H](CC(=O)O)O[C@@H](c2cccc(Cl)c2)[C@H]1c1ccc(Cl)cc1,CC[C@@H](CO)N1C(=O)[C@H](CC(=O)O)O[C@@H](c2cccc(Cl)c2)[C@H]1c1ccc(Cl)cc1,GOJFTLJDUNFYCJ-MMKMLUHNSA-N,valid_ccd,full_heavy_atom_mcs,30,30,30,CCD graph and coordinate ligand fully mapped; safe for 2D SASA atom indices
LR00294,20Q,Ligases/MDM2/PDB/4LWT_20Q.pdb,CC(=O)N1CCC[C@H]([C@]2(Cc3cccc(Cl)c3)C(=O)Nc3cc(Cl)ccc32)C1,CC(=O)N1CCC[C@H]([C@]2(Cc3cccc(Cl)c3)C(=O)Nc3cc(Cl)ccc32)C1,RIBYLXUNNWIWJK-AOMKIAJQSA-N,valid_ccd,full_heavy_atom_mcs,28,28,28,CCD graph and coordinate ligand fully mapped; safe for 2D SASA atom indices
LR00295,20U,Ligases/MDM2/PDB/4LWU_20U.pdb,CC(C)(C)C[C@@H]1N[C@@H](C(=O)Nc2ccc(C(N)=O)cc2)[C@H](c2cccc(Cl)c2F)[C@]12C(=O)Nc1cc(Cl)ccc12,CC(C)(C)C[C@@H]1N[C@@H](C(=O)Nc2ccc(C(N)=O)cc2)[C@H](c2cccc(Cl)c2F)[C@]12C(=O)Nc1cc(Cl)ccc12,KALNCVZAFDQICX-AMKZZFPWSA-N,valid_ccd,full_heavy_atom_mcs,40,40,40,CCD graph and coordinate ligand fully mapped; safe for 2D SASA atom indices
LR00296,20W,Ligases/MDM2/PDB/4LWV_20W.pdb,COc1cc(C(N)=O)ccc1NC(=O)[C@@H]1N[C@@H](CC(C)(C)C)[C@@]2(C(=O)Nc3cc(Cl)sc32)[C@H]1c1cccc(Cl)c1F,COc1cc(C(N)=O)ccc1NC(=O)[C@@H]1N[C@@H](CC(C)(C)C)[C@@]2(C(=O)Nc3cc(Cl)sc32)[C@H]1c1cccc(Cl)c1F,UOVSZRTTWLJPHE-HNXAPSNLSA-N,valid_ccd,full_heavy_atom_mcs,41,41,41,CCD graph and coordinate ligand fully mapped; safe for 2D SASA atom indices
LR00297,Y30,Ligases/MDM2/PDB/4MDN_Y30.pdb,CC(C)(C)NC(=O)[C@@H](c1c(C(=O)O)[nH]c2cc(Cl)ccc12)N(C=O)Cc1ccc(OCc2ccc(Cl)cc2)cc1,CC(C)(C)NC(=O)[C@@H](c1c(C(=O)O)[nH]c2cc(Cl)ccc12)N(C=O)Cc1ccc(OCc2ccc(Cl)cc2)cc1,PESUUIPTWNTJKA-HHHXNRCGSA-N,valid_ccd,full_heavy_atom_mcs,40,40,40,CCD graph and coordinate ligand fully mapped; safe for 2D SASA atom indices
LR00298,28W,Ligases/MDM2/PDB/4MDQ_28W_1.pdb,CC(C)C[C@H](NC(C(=O)NCc1ccccc1)c1c(C(=O)NO)[nH]c2cc(Cl)ccc12)C(=O)NO,CC(C)C[C@H](NC(C(=O)NCc1ccccc1)c1c(C(=O)NO)[nH]c2cc(Cl)ccc12)C(=O)NO,VRQFWSWBTGHUMK-LROBGIAVSA-N,valid_ccd,full_heavy_atom_mcs,35,35,35,CCD graph and coordinate ligand fully mapped; safe for 2D SASA atom indices
LR00299,28W,Ligases/MDM2/PDB/4MDQ_28W_2.pdb,CC(C)C[C@H](NC(C(=O)NCc1ccccc1)c1c(C(=O)NO)[nH]c2cc(Cl)ccc12)C(=O)NO,CC(C)C[C@H](NC(C(=O)NCc1ccccc1)c1c(C(=O)NO)[nH]c2cc(Cl)ccc12)C(=O)NO,VRQFWSWBTGHUMK-LROBGIAVSA-N,valid_ccd,full_heavy_atom_mcs,35,35,35,CCD graph and coordinate ligand fully mapped; safe for 2D SASA atom indices
LR00300,0EH,Ligases/MDM2/PDB/4N5T_0EH.pdb,CCCCCCC[C@@](C)(N)C(=O)O,CCCCCCC[C@@](C)(N)C(=O)O,MLEJPUOWUJAQAF-SNVBAGLBSA-N,valid_ccd,heavy_atom_count_mismatch,13,12,,CCD and coordinate ligand have different heavy-atom counts; review manually
LR00301,2SW,Ligases/MDM2/PDB/4OAS_2SW.pdb,CC[C@@H](CS(=O)(=O)C(C)(C)C)N1C(=O)[C@@](C)(CC(=O)O)C[C@H](c2cccc(Cl)c2)[C@H]1c1ccc(Cl)cc1,CC[C@@H](CS(=O)(=O)C(C)(C)C)N1C(=O)[C@@](C)(CC(=O)O)C[C@H](c2cccc(Cl)c2)[C@H]1c1ccc(Cl)cc1,AXQMSOFCQLTJGV-ZJTSJXPUSA-N,valid_ccd,full_heavy_atom_mcs,37,37,37,CCD graph and coordinate ligand fully mapped; safe for 2D SASA atom indices
LR00302,2TW,Ligases/MDM2/PDB/4OBA_2TW.pdb,CC(C)(C)S(=O)(=O)C[C@H](C1CC1)N1C(=O)[C@@H](CC(=O)O)O[C@H](c2cccc(Cl)c2)[C@H]1c1ccc(Cl)cc1,CC(C)(C)S(=O)(=O)C[C@H](C1CC1)N1C(=O)[C@@H](CC(=O)O)O[C@H](c2cccc(Cl)c2)[C@H]1c1ccc(Cl)cc1,ZTMSSDQFJNEUNG-WMMXXEOUSA-N,valid_ccd,full_heavy_atom_mcs,37,37,37,CCD graph and coordinate ligand fully mapped; safe for 2D SASA atom indices
LR00303,2TZ,Ligases/MDM2/PDB/4OCC_2TZ.pdb,CC[C@@H](CS(=O)(=O)C(C)(C)C)N1C(=O)[C@@H](CC(=O)O)O[C@H](c2cccc(Cl)c2)[C@H]1c1ccc(Cl)cc1,CC[C@@H](CS(=O)(=O)C(C)(C)C)N1C(=O)[C@@H](CC(=O)O)O[C@H](c2cccc(Cl)c2)[C@H]1c1ccc(Cl)cc1,UQONPZNBMIQADI-XWVZOOPGSA-N,valid_ccd,full_heavy_atom_mcs,36,36,36,CCD graph and coordinate ligand fully mapped; safe for 2D SASA atom indices
LR00304,2U0,Ligases/MDM2/PDB/4ODE_2U0.pdb,CC(C)(C)S(=O)(=O)C[C@H](C1CC1)N1C(=O)[C@@](C)(Cc2ncc(CC(=O)O)s2)C[C@H](c2cccc(Cl)c2)[C@H]1c1ccc(Cl)c(F)c1,CC(C)(C)S(=O)(=O)C[C@H](C1CC1)N1C(=O)[C@@](C)(Cc2ncc(CC(=O)O)s2)C[C@H](c2cccc(Cl)c2)[C@H]1c1ccc(Cl)c(F)c1,HNLHOKSDTBAERS-CWIPYCOQSA-N,valid_ccd,full_heavy_atom_mcs,45,45,45,CCD graph and coordinate ligand fully mapped; safe for 2D SASA atom indices
LR00305,2U1,Ligases/MDM2/PDB/4ODF_2U1.pdb,CC(C)(C)S(=O)(=O)C[C@H](C1CC1)N1C(=O)[C@](C)(Cc2ccc(C(=O)O)cn2)O[C@H](c2cccc(Cl)c2)[C@H]1c1ccc(Cl)cc1,CC(C)(C)S(=O)(=O)C[C@H](C1CC1)N1C(=O)[C@](C)(Cc2ccc(C(=O)O)cn2)O[C@H](c2cccc(Cl)c2)[C@H]1c1ccc(Cl)cc1,OTQRFDJHHZHHNT-LNHQPZRBSA-N,valid_ccd,full_heavy_atom_mcs,44,44,44,CCD graph and coordinate ligand fully mapped; safe for 2D SASA atom indices
LR00306,2U5,Ligases/MDM2/PDB/4OGN_2U5.pdb,CC(C)(C)S(=O)(=O)C[C@H](C1CC1)N1C(=O)[C@@](C)(Cc2ccc(C(=O)O)cn2)C[C@H](c2cccc(Cl)c2)[C@H]1c1ccc(Cl)cc1,CC(C)(C)S(=O)(=O)C[C@H](C1CC1)N1C(=O)[C@@](C)(Cc2ccc(C(=O)O)cn2)C[C@H](c2cccc(Cl)c2)[C@H]1c1ccc(Cl)cc1,PNBIDSMJDDJULQ-JCUDBWTNSA-N,valid_ccd,full_heavy_atom_mcs,44,44,44,CCD graph and coordinate ligand fully mapped; safe for 2D SASA atom indices
LR00307,2U6,Ligases/MDM2/PDB/4OGT_2U6.pdb,CC(C)(C)S(=O)(=O)C[C@H](C1CC1)N1C(=O)[C@@](C)(Cc2ccc(C(=O)O)cn2)O[C@H](c2cccc(Cl)c2)[C@H]1c1ccc(Cl)cc1,CC(C)(C)S(=O)(=O)C[C@H](C1CC1)N1C(=O)[C@@](C)(Cc2ccc(C(=O)O)cn2)O[C@H](c2cccc(Cl)c2)[C@H]1c1ccc(Cl)cc1,OTQRFDJHHZHHNT-OZLMZZSTSA-N,valid_ccd,full_heavy_atom_mcs,44,44,44,CCD graph and coordinate ligand fully mapped; safe for 2D SASA atom indices
LR00308,2U7,Ligases/MDM2/PDB/4OGV_2U7.pdb,CC[C@@H](CS(=O)(=O)C(C)(C)C)N1C(=O)[C@H](CC(=O)O)O[C@H](c2cccc(Cl)c2)[C@H]1c1ccc(Cl)cc1,CC[C@@H](CS(=O)(=O)C(C)(C)C)N1C(=O)[C@H](CC(=O)O)O[C@H](c2cccc(Cl)c2)[C@H]1c1ccc(Cl)cc1,UQONPZNBMIQADI-NEUULRRLSA-N,valid_ccd,full_heavy_atom_mcs,36,36,36,CCD graph and coordinate ligand fully mapped; safe for 2D SASA atom indices
LR00309,2V8,Ligases/MDM2/PDB/4OQ3_2V8.pdb,Cc1cccc(-c2nc(C(=O)O)c(-c3cccc(Cl)c3)n2-c2cc(Cl)ccc2C)c1,Cc1cccc(-c2nc(C(=O)O)c(-c3cccc(Cl)c3)n2-c2cc(Cl)ccc2C)c1,UYJZPBBJELZWKZ-UHFFFAOYSA-N,valid_ccd,full_heavy_atom_mcs,30,30,30,CCD graph and coordinate ligand fully mapped; safe for 2D SASA atom indices
LR00310,35S,Ligases/MDM2/PDB/4QO4_35S.pdb,CC[C@@H](c1cccc(C2CC2)n1)N1C(=O)[C@@](C)(CC(=O)O)C[C@H](c2cccc(Cl)c2)[C@H]1c1ccc(Cl)cc1,CC[C@@H](c1cccc(C2CC2)n1)N1C(=O)[C@@](C)(CC(=O)O)C[C@H](c2cccc(Cl)c2)[C@H]1c1ccc(Cl)cc1,QHQNRLZCHQCYRC-IEPITWRRSA-N,valid_ccd,full_heavy_atom_mcs,38,38,38,CCD graph and coordinate ligand fully mapped; safe for 2D SASA atom indices
LR00311,35T,Ligases/MDM2/PDB/4QOC_35T.pdb,C[C@]1(CC(=O)O)C[C@H](c2cccc(Cl)c2)[C@@H](c2ccc(Cl)cc2)N([C@H](CS(=O)(=O)N2CCCC2)C2CC2)C1=O,C[C@]1(CC(=O)O)C[C@H](c2cccc(Cl)c2)[C@@H](c2ccc(Cl)cc2)N([C@H](CS(=O)(=O)N2CCCC2)C2CC2)C1=O,JHVUPAFRBHMUAB-GCMXZSHTSA-N,valid_ccd,full_heavy_atom_mcs,39,39,39,CCD graph and coordinate ligand fully mapped; safe for 2D SASA atom indices
LR00312,0EH,Ligases/MDM2/PDB/4UMN_0EH.pdb,CCCCCCC[C@@](C)(N)C(=O)O,CCCCCCC[C@@](C)(N)C(=O)O,MLEJPUOWUJAQAF-SNVBAGLBSA-N,valid_ccd,heavy_atom_count_mismatch,13,12,,CCD and coordinate ligand have different heavy-atom counts; review manually
LR00313,4NJ,Ligases/MDM2/PDB/4ZFI_4NJ.pdb,CN1C(=O)C(Cc2ccc(Cl)cc2)=C(c2c[nH]c3cc(Cl)ccc23)[C@@]1(O)Cc1ccc(Cl)cc1,CN1C(=O)C(Cc2ccc(Cl)cc2)=C(c2c[nH]c3cc(Cl)ccc23)[C@@]1(O)Cc1ccc(Cl)cc1,HHGSWONIEYVVCX-MHZLTWQESA-N,valid_ccd,full_heavy_atom_mcs,34,34,34,CCD graph and coordinate ligand fully mapped; safe for 2D SASA atom indices
LR00314,4NX,Ligases/MDM2/PDB/4ZGK_4NX.pdb,O=C1O[C@](O)(Cc2ccc(Cl)cc2)C(c2c[nH]c3cc(Cl)ccc23)=C1Cc1ccc(Cl)cc1,O=C1O[C@](O)(Cc2ccc(Cl)cc2)C(c2c[nH]c3cc(Cl)ccc23)=C1Cc1ccc(Cl)cc1,MLBSWDQJORDIOB-AREMUKBSSA-N,valid_ccd,full_heavy_atom_mcs,33,33,33,CCD graph and coordinate ligand fully mapped; safe for 2D SASA atom indices
LR00315,4SS,Ligases/MDM2/PDB/4ZYC_4SS.pdb,CCOc1cc2c(cc1OCC)[C@H](c1ccc(Cl)cc1)N(c1ccc(C)cc1OCc1nnn[nH]1)C(=O)C2,CCOc1cc2c(cc1OCC)[C@H](c1ccc(Cl)cc1)N(c1ccc(C)cc1OCc1nnn[nH]1)C(=O)C2,FOCZOWVAISYOAB-NDEPHWFRSA-N,valid_ccd,full_heavy_atom_mcs,38,38,38,CCD graph and coordinate ligand fully mapped; safe for 2D SASA atom indices
LR00316,4T4,Ligases/MDM2/PDB/4ZYF_4T4.pdb,COc1cc2c(cc1OC(C)C)[C@H](c1ccc(Cl)cc1)N(c1ccc(N(C)CC3CCC(N4CCN(C)C(=O)C4)CC3)cc1)C(=O)C2,COc1cc2c(cc1OC(C)C)[C@H](c1ccc(Cl)cc1)N(c1ccc(N(C)CC3CCC(N4CCN(C)C(=O)C4)CC3)cc1)C(=O)C2,CLRSLRWKONPSRQ-CPOWQTMSSA-N,valid_ccd,full_heavy_atom_mcs,47,47,47,CCD graph and coordinate ligand fully mapped; safe for 2D SASA atom indices
LR00317,4TH,Ligases/MDM2/PDB/4ZYI_4TH.pdb,CC[C@@H](C)Oc1cc2c(cc1OC)CC(=O)N(c1ccc(N(C)Cc3ccncc3)cc1)[C@H]2c1ccc(Cl)cc1,CC[C@@H](C)Oc1cc2c(cc1OC)CC(=O)N(c1ccc(N(C)Cc3ccncc3)cc1)[C@H]2c1ccc(Cl)cc1,RNOXGLRIZIHGIA-NBLPZQPVSA-N,valid_ccd,full_heavy_atom_mcs,40,40,40,CCD graph and coordinate ligand fully mapped; safe for 2D SASA atom indices
LR00318,LAY,Ligases/MDM2/PDB/5AFG_LAY.pdb,CC(=O)N[C@@H](CC(C)C)C(=O)O,CC(=O)N[C@@H](CC(C)C)C(=O)O,WXNXCEHXYPACJF-ZETCQYMHSA-N,valid_ccd,heavy_atom_count_mismatch,12,11,,CCD and coordinate ligand have different heavy-atom counts; review manually
LR00319,P07,Ligases/MDM2/PDB/5AFG_P07.pdb,CCn1nnc2c1-c1ccccc1-c1nnn(CC)c1-c1ccccc1-2,CCn1nnc2c1-c1ccccc1-c1nnn(CC)c1-c1ccccc1-2,YRZRZRBFIALCLI-UHFFFAOYSA-N,valid_ccd,full_heavy_atom_mcs,26,26,26,CCD graph and coordinate ligand fully mapped; safe for 2D SASA atom indices
LR00320,NUT,Ligases/MDM2/PDB/5C5A_NUT.pdb,COc1ccc(C2=N[C@@H](c3ccc(Cl)cc3)[C@@H](c3ccc(Cl)cc3)N2C(=O)N2CCNC(=O)C2)c(OC(C)C)c1,COc1ccc(C2=N[C@@H](c3ccc(Cl)cc3)[C@@H](c3ccc(Cl)cc3)N2C(=O)N2CCNC(=O)C2)c(OC(C)C)c1,BDUHCSBCVGXTJM-WUFINQPMSA-N,valid_ccd,full_heavy_atom_mcs,40,40,40,CCD graph and coordinate ligand fully mapped; safe for 2D SASA atom indices
LR00321,6GG,Ligases/MDM2/PDB/5J7F_6GG.pdb,O=C(O)CCC(=O)NCCCCCCOC(=O)c1[nH]c2cc(Cl)ccc2c1-c1c(-c2ccc(F)cc2)ncn1Cc1ccc(Cl)cc1,O=C(O)CCC(=O)NCCCCCCOC(=O)c1[nH]c2cc(Cl)ccc2c1-c1c(-c2ccc(F)cc2)ncn1Cc1ccc(Cl)cc1,MEJMFPQUMDEAQP-UHFFFAOYSA-N,valid_ccd,full_heavy_atom_mcs,47,47,47,CCD graph and coordinate ligand fully mapped; safe for 2D SASA atom indices
LR00322,6GG,Ligases/MDM2/PDB/5J7G_6GG.pdb,O=C(O)CCC(=O)NCCCCCCOC(=O)c1[nH]c2cc(Cl)ccc2c1-c1c(-c2ccc(F)cc2)ncn1Cc1ccc(Cl)cc1,O=C(O)CCC(=O)NCCCCCCOC(=O)c1[nH]c2cc(Cl)ccc2c1-c1c(-c2ccc(F)cc2)ncn1Cc1ccc(Cl)cc1,MEJMFPQUMDEAQP-UHFFFAOYSA-N,valid_ccd,full_heavy_atom_mcs,47,47,47,CCD graph and coordinate ligand fully mapped; safe for 2D SASA atom indices
LR00323,6SK,Ligases/MDM2/PDB/5LAV_6SK.pdb,CC(C)(C)CN1C[C@@H](N)[C@H](c2cccc(Cl)c2)[C@]12C(=O)Nc1cc(Cl)ccc12,CC(C)(C)CN1C[C@@H](N)[C@H](c2cccc(Cl)c2)[C@]12C(=O)Nc1cc(Cl)ccc12,CWDGHXCEKKZGEC-ZWCUEREDSA-N,valid_ccd,full_heavy_atom_mcs,28,28,28,CCD graph and coordinate ligand fully mapped; safe for 2D SASA atom indices
LR00324,6SJ,Ligases/MDM2/PDB/5LAW_6SJ.pdb,O=C(O)CN1CC[C@H]2[C@@H]1[C@H](c1cccc(Cl)c1)[C@]1(C(=O)Nc3cc(Cl)ccc31)N2CC1CC1,O=C(O)CN1CC[C@H]2[C@@H]1[C@H](c1cccc(Cl)c1)[C@]1(C(=O)Nc3cc(Cl)ccc31)N2CC1CC1,PECRYANCKVXSRI-FDHFVPJWSA-N,valid_ccd,full_heavy_atom_mcs,33,33,33,CCD graph and coordinate ligand fully mapped; safe for 2D SASA atom indices
LR00325,6SS,Ligases/MDM2/PDB/5LAY_6SS.pdb,CCOc1cccc(CN2[C@@H](C)[C@@H](N)[C@H](c3cccc(Cl)c3F)[C@]23C(=O)Nc2cc(Cl)ccc23)c1,CCOc1cccc(CN2[C@@H](C)[C@@H](N)[C@H](c3cccc(Cl)c3F)[C@]23C(=O)Nc2cc(Cl)ccc23)c1,VTZPRLPCZBTKSH-VFICKSILSA-N,valid_ccd,full_heavy_atom_mcs,35,35,35,CCD graph and coordinate ligand fully mapped; safe for 2D SASA atom indices
LR00326,6ST,Ligases/MDM2/PDB/5LAZ_6ST.pdb,O=C(O)c1ccc([C@H]2C[C@H]3[C@@H](N2)[C@H](c2cccc(Cl)c2F)[C@]2(C(=O)Nc4cc(Cl)ccc42)N3CC2CC2)cc1,O=C(O)c1ccc([C@H]2C[C@H]3[C@@H](N2)[C@H](c2cccc(Cl)c2F)[C@]2(C(=O)Nc4cc(Cl)ccc42)N3CC2CC2)cc1,CCPUFNJKOGKOOG-AFKAWQRRSA-N,valid_ccd,full_heavy_atom_mcs,39,39,39,CCD graph and coordinate ligand fully mapped; safe for 2D SASA atom indices
LR00327,6ZT,Ligases/MDM2/PDB/5LN2_6ZT.pdb,COc1ccccc1-n1nc2c(c1C(C)C)[C@H](c1ccc(Cl)cc1C)N(c1cc(Cl)ccc1OCCN(C)C)C2=O,COc1ccccc1-n1nc2c(c1C(C)C)[C@H](c1ccc(Cl)cc1C)N(c1cc(Cl)ccc1OCCN(C)C)C2=O,YBMQYNARIZUNIO-HKBQPEDESA-N,valid_ccd,full_heavy_atom_mcs,41,41,41,CCD graph and coordinate ligand fully mapped; safe for 2D SASA atom indices
LR00328,B5K,Ligases/MDM2/PDB/5OAI_B5K.pdb,CC(C)(C)NC(=O)[C@@H](c1c(C(=O)O)[nH]c2cc(Cl)ccc12)N(C=O)Cc1cc(F)c(F)c(F)c1,CC(C)(C)NC(=O)[C@@H](c1c(C(=O)O)[nH]c2cc(Cl)ccc12)N(C=O)Cc1cc(F)c(F)c(F)c1,FZINKXKQKUDBDP-HXUWFJFHSA-N,valid_ccd,full_heavy_atom_mcs,34,34,34,CCD graph and coordinate ligand fully mapped; safe for 2D SASA atom indices
LR00329,9QW,Ligases/MDM2/PDB/5OC8_9QW.pdb,COc1ncc(-c2nc3c(n2C(C)C)[C@H](c2ccc(Cl)cc2)N(c2cc(Cl)cn(C)c2=O)C3=O)c(OC)n1,COc1ncc(-c2nc3c(n2C(C)C)[C@H](c2ccc(Cl)cc2)N(c2cc(Cl)cn(C)c2=O)C3=O)c(OC)n1,AGBSXNCBIWWLHD-FQEVSTJZSA-N,valid_ccd,full_heavy_atom_mcs,38,38,38,CCD graph and coordinate ligand fully mapped; safe for 2D SASA atom indices
LR00330,7HC,Ligases/MDM2/PDB/5TRF_7HC.pdb,CC(C)(C)C[C@@H]1N[C@@H](C(=O)NC2CCC(O)CC2)[C@H](c2cccc(Cl)c2F)[C@]12C(=O)Nc1cc(Cl)ccc12,CC(C)(C)C[C@@H]1N[C@@H](C(=O)NC2CCC(O)CC2)[C@H](c2cccc(Cl)c2F)[C@]12C(=O)Nc1cc(Cl)ccc12,IDKAKZRYYDCJDU-AEPXTFJPSA-N,valid_ccd,full_heavy_atom_mcs,38,38,38,CCD graph and coordinate ligand fully mapped; safe for 2D SASA atom indices
LR00331,9E7,Ligases/MDM2/PDB/5VK0_9E7.pdb,N[C@@H](CCCCNCS)C(=O)O,N[C@@H](CCCCNCS)C(=O)O,IEEWMGZMRLQVDH-LURJTMIESA-N,valid_ccd,heavy_atom_count_mismatch,12,11,,CCD and coordinate ligand have different heavy-atom counts; review manually
LR00332,9E7,Ligases/MDM2/PDB/5VK1_9E7.pdb,N[C@@H](CCCCNCS)C(=O)O,N[C@@H](CCCCNCS)C(=O)O,IEEWMGZMRLQVDH-LURJTMIESA-N,valid_ccd,heavy_atom_count_mismatch,12,11,,CCD and coordinate ligand have different heavy-atom counts; review manually
LR00333,0EH,Ligases/MDM2/PDB/5XXK_0EH.pdb,CCCCCCC[C@@](C)(N)C(=O)O,CCCCCCC[C@@](C)(N)C(=O)O,MLEJPUOWUJAQAF-SNVBAGLBSA-N,valid_ccd,heavy_atom_count_mismatch,13,12,,CCD and coordinate ligand have different heavy-atom counts; review manually
LR00334,6CW,Ligases/MDM2/PDB/5XXK_6CW.pdb,N[C@@H](Cc1c[nH]c2cc(Cl)ccc12)C(=O)O,N[C@@H](Cc1c[nH]c2cc(Cl)ccc12)C(=O)O,FICLVQOYKYBXFN-VIFPVBQESA-N,valid_ccd,heavy_atom_count_mismatch,16,15,,CCD and coordinate ligand have different heavy-atom counts; review manually
LR00335,NUT,Ligases/MDM2/PDB/5Z02_NUT.pdb,COc1ccc(C2=N[C@@H](c3ccc(Cl)cc3)[C@@H](c3ccc(Cl)cc3)N2C(=O)N2CCNC(=O)C2)c(OC(C)C)c1,COc1ccc(C2=N[C@@H](c3ccc(Cl)cc3)[C@@H](c3ccc(Cl)cc3)N2C(=O)N2CCNC(=O)C2)c(OC(C)C)c1,BDUHCSBCVGXTJM-WUFINQPMSA-N,valid_ccd,full_heavy_atom_mcs,40,40,40,CCD graph and coordinate ligand fully mapped; safe for 2D SASA atom indices
LR00336,NUT,Ligases/MDM2/PDB/5ZXF_NUT.pdb,COc1ccc(C2=N[C@@H](c3ccc(Cl)cc3)[C@@H](c3ccc(Cl)cc3)N2C(=O)N2CCNC(=O)C2)c(OC(C)C)c1,COc1ccc(C2=N[C@@H](c3ccc(Cl)cc3)[C@@H](c3ccc(Cl)cc3)N2C(=O)N2CCNC(=O)C2)c(OC(C)C)c1,BDUHCSBCVGXTJM-WUFINQPMSA-N,valid_ccd,full_heavy_atom_mcs,40,40,40,CCD graph and coordinate ligand fully mapped; safe for 2D SASA atom indices
LR00337,0EH,Ligases/MDM2/PDB/6AAW_0EH.pdb,CCCCCCC[C@@](C)(N)C(=O)O,CCCCCCC[C@@](C)(N)C(=O)O,MLEJPUOWUJAQAF-SNVBAGLBSA-N,valid_ccd,heavy_atom_count_mismatch,13,12,,CCD and coordinate ligand have different heavy-atom counts; review manually
LR00338,EYH,Ligases/MDM2/PDB/6GGN_EYH.pdb,COc1ncc(-c2nc3c(n2C(C)C)[C@H](c2ccc(Cl)cc2C)N(c2cc(Cl)ccc2C)C3=O)c(OC)n1,COc1ncc(-c2nc3c(n2C(C)C)[C@H](c2ccc(Cl)cc2C)N(c2cc(Cl)ccc2C)C3=O)c(OC)n1,XBJHBEQDHSREQB-QHCPKHFHSA-N,valid_ccd,full_heavy_atom_mcs,38,38,38,CCD graph and coordinate ligand fully mapped; safe for 2D SASA atom indices
LR00339,FL5,Ligases/MDM2/PDB/6H22_FL5.pdb,CCn1nnc2c1-c1cc(N(C)C)ccc1-c1nnn(CC)c1-c1cc([N+](C)(C)C)ccc1-2,CCn1nnc2c1-c1cc(N(C)C)ccc1-c1nnn(CC)c1-c1cc([N+](C)(C)C)ccc1-2,QOPAGBBAMAJINO-UHFFFAOYSA-N,valid_ccd,full_heavy_atom_mcs,33,33,33,CCD graph and coordinate ligand fully mapped; safe for 2D SASA atom indices
LR00340,H28,Ligases/MDM2/PDB/6I3S_H28.pdb,O=C1N=C[C@H]2[C@@H]1[C@H](c1cccc(Cl)c1F)[C@]1(C(=O)Nc3cc(Cl)ccc31)N2CC1CC1,O=C1N=C[C@H]2[C@@H]1[C@H](c1cccc(Cl)c1F)[C@]1(C(=O)Nc3cc(Cl)ccc31)N2CC1CC1,ZWMAKFAKGSTVDL-QPXQOZNCSA-N,valid_ccd,full_heavy_atom_mcs,31,31,31,CCD graph and coordinate ligand fully mapped; safe for 2D SASA atom indices
LR00341,E03,Ligases/MDM2/PDB/6KZU_E03.pdb,N[C@H](Cc1c[nH]c2cc(F)ccc12)C(=O)O,N[C@H](Cc1c[nH]c2cc(F)ccc12)C(=O)O,YMEXGEAJNZRQEH-SECBINFHSA-N,valid_ccd,heavy_atom_count_mismatch,16,15,,CCD and coordinate ligand have different heavy-atom counts; review manually
LR00342,HRE,Ligases/MDM2/PDB/6Q96_HRE.pdb,COc1nc(N(C)C)ncc1-n1nc2c(c1C(C)C)[C@H](c1ccc(C#N)cc1)N(c1cc(Cl)c[nH]c1=O)C2=O,COc1nc(N(C)C)ncc1-n1nc2c(c1C(C)C)[C@H](c1ccc(C#N)cc1)N(c1cc(Cl)c[nH]c1=O)C2=O,VFMRTUQQYDQOGC-QHCPKHFHSA-N,valid_ccd,full_heavy_atom_mcs,39,39,39,CCD graph and coordinate ligand fully mapped; safe for 2D SASA atom indices
LR00343,HRH,Ligases/MDM2/PDB/6Q9H_HRH.pdb,Cc1cc(Cl)ccc1[C@H]1c2c(C(C)C)n[nH]c2C(=O)N1c1cccc(Cl)c1F,Cc1cc(Cl)ccc1[C@H]1c2c(C(C)C)n[nH]c2C(=O)N1c1cccc(Cl)c1F,YQYGNXBWYDOKTG-FQEVSTJZSA-N,valid_ccd,full_heavy_atom_mcs,28,28,28,CCD graph and coordinate ligand fully mapped; safe for 2D SASA atom indices
LR00344,HTZ,Ligases/MDM2/PDB/6Q9L_HTZ.pdb,CN(C)CCCN(C)[C@H]1CCN(C(=O)c2[nH]c3cc(Cl)ccc3c2-c2c(-c3ccccc3)ncn2Cc2ccc(Cl)cc2CO)C1,CN(C)CCCN(C)[C@H]1CCN(C(=O)c2[nH]c3cc(Cl)ccc3c2-c2c(-c3ccccc3)ncn2Cc2ccc(Cl)cc2CO)C1,VRHBMXYDRLEJAA-LJAQVGFWSA-N,valid_ccd,full_heavy_atom_mcs,46,46,46,CCD graph and coordinate ligand fully mapped; safe for 2D SASA atom indices
LR00345,HU8,Ligases/MDM2/PDB/6Q9O_HU8.pdb,CC(C)(C)NC(=O)Cc1ccc(Cl)cc1-n1c(C2CCCCC2)nc(-c2nnn[nH]2)c1-c1ccc(F)c(Cl)c1,CC(C)(C)NC(=O)Cc1ccc(Cl)cc1-n1c(C2CCCCC2)nc(-c2nnn[nH]2)c1-c1ccc(F)c(Cl)c1,SFBXQXHCYMXGGU-UHFFFAOYSA-N,valid_ccd,full_heavy_atom_mcs,39,39,39,CCD graph and coordinate ligand fully mapped; safe for 2D SASA atom indices
LR00346,HUE,Ligases/MDM2/PDB/6Q9Q_HUE.pdb,C[C@@H](c1ccc(Cl)cc1)n1cnc(-c2ccccc2)c1-c1c(C(=O)NCCN2CCN(C3CCCCC3)CC2)[nH]c2cc(Cl)ccc12,C[C@@H](c1ccc(Cl)cc1)n1cnc(-c2ccccc2)c1-c1c(C(=O)NCCN2CCN(C3CCCCC3)CC2)[nH]c2cc(Cl)ccc12,NPCLCDAMEOOZHU-SANMLTNESA-N,valid_ccd,full_heavy_atom_mcs,47,47,47,CCD graph and coordinate ligand fully mapped; safe for 2D SASA atom indices
LR00347,HRE,Ligases/MDM2/PDB/6Q9U_HRE.pdb,COc1nc(N(C)C)ncc1-n1nc2c(c1C(C)C)[C@H](c1ccc(C#N)cc1)N(c1cc(Cl)c[nH]c1=O)C2=O,COc1nc(N(C)C)ncc1-n1nc2c(c1C(C)C)[C@H](c1ccc(C#N)cc1)N(c1cc(Cl)c[nH]c1=O)C2=O,VFMRTUQQYDQOGC-QHCPKHFHSA-N,valid_ccd,full_heavy_atom_mcs,39,39,39,CCD graph and coordinate ligand fully mapped; safe for 2D SASA atom indices
LR00348,HRT,Ligases/MDM2/PDB/6Q9W_HRT.pdb,COc1ncc(-c2nc3c(n2C(C)C)[C@H](c2ccc(Cl)cc2)N([C@@H](C)c2cccc(Cl)c2)C3=O)c(OC)n1,COc1ncc(-c2nc3c(n2C(C)C)[C@H](c2ccc(Cl)cc2)N([C@@H](C)c2cccc(Cl)c2)C3=O)c(OC)n1,PYBJKPRTJDONOS-HJPURHCSSA-N,valid_ccd,full_heavy_atom_mcs,38,38,38,CCD graph and coordinate ligand fully mapped; safe for 2D SASA atom indices
LR00349,HRQ,Ligases/MDM2/PDB/6Q9Y_HRQ.pdb,COc1cccc2c(C(=O)N[C@H]3CCN(c4ccc(C)cc4)C3)c[nH]c12,COc1cccc2c(C(=O)N[C@H]3CCN(c4ccc(C)cc4)C3)c[nH]c12,GMGMKERXGPBQDO-HNNXBMFYSA-N,valid_ccd,full_heavy_atom_mcs,26,26,26,CCD graph and coordinate ligand fully mapped; safe for 2D SASA atom indices
LR00350,0EH,Ligases/MDM2/PDB/6V4E_0EH.pdb,CCCCCCC[C@@](C)(N)C(=O)O,CCCCCCC[C@@](C)(N)C(=O)O,MLEJPUOWUJAQAF-SNVBAGLBSA-N,valid_ccd,heavy_atom_count_mismatch,13,12,,CCD and coordinate ligand have different heavy-atom counts; review manually
LR00351,0EH,Ligases/MDM2/PDB/6V4G_0EH.pdb,CCCCCCC[C@@](C)(N)C(=O)O,CCCCCCC[C@@](C)(N)C(=O)O,MLEJPUOWUJAQAF-SNVBAGLBSA-N,valid_ccd,heavy_atom_count_mismatch,13,12,,CCD and coordinate ligand have different heavy-atom counts; review manually
LR00352,O9E,Ligases/MDM2/PDB/6Y4Q_O9E.pdb,CCCn1cc(CN(C)C(=O)c2cc(C3=C(c4cc(C(=O)N(C)Cc5cn(CC)nn5)sc4C)CCC3)c(C)s2)nn1,CCCn1cc(CN(C)C(=O)c2cc(C3=C(c4cc(C(=O)N(C)Cc5cn(CC)nn5)sc4C)CCC3)c(C)s2)nn1,GGDTYYUIMGUGDO-UHFFFAOYSA-N,valid_ccd,full_heavy_atom_mcs,42,42,42,CCD graph and coordinate ligand fully mapped; safe for 2D SASA atom indices
LR00353,TUZ,Ligases/MDM2/PDB/7BIR_TUZ.pdb,CC(C)(O)c1cc(F)c2c(c1)C(=O)N(Cc1ccc(Cl)cn1)[C@@]2(OCC1(C(N)=O)CC1)c1ccc(Cl)cc1,CC(C)(O)c1cc(F)c2c(c1)C(=O)N(Cc1ccc(Cl)cn1)[C@@]2(OCC1(C(N)=O)CC1)c1ccc(Cl)cc1,QEBHYSMAGWDGTO-MUUNZHRXSA-N,valid_ccd,full_heavy_atom_mcs,38,38,38,CCD graph and coordinate ligand fully mapped; safe for 2D SASA atom indices
LR00354,TV5,Ligases/MDM2/PDB/7BIT_TV5.pdb,CC(C)(O)c1cc(F)c2c(c1)C(=O)N(Cc1ccc(Cl)cn1)[C@@]2(OCC1(O)CC1)c1ccc(Cl)cc1,CC(C)(O)c1cc(F)c2c(c1)C(=O)N(Cc1ccc(Cl)cn1)[C@@]2(OCC1(O)CC1)c1ccc(Cl)cc1,LAGWUKAFTJACQB-HHHXNRCGSA-N,valid_ccd,full_heavy_atom_mcs,36,36,36,CCD graph and coordinate ligand fully mapped; safe for 2D SASA atom indices
LR00355,TUW,Ligases/MDM2/PDB/7BIV_TUW.pdb,CC(C)(O)c1cc(F)c2c(c1)C(=O)N(Cc1ccc(C#N)cn1)[C@@]2(OCC1(CO)CC1)c1ccc(Cl)cc1,CC(C)(O)c1cc(F)c2c(c1)C(=O)N(Cc1ccc(C#N)cn1)[C@@]2(OCC1(CO)CC1)c1ccc(Cl)cc1,GDVBWGYVVZIZIR-GDLZYMKVSA-N,valid_ccd,full_heavy_atom_mcs,38,38,38,CCD graph and coordinate ligand fully mapped; safe for 2D SASA atom indices
LR00356,TVH,Ligases/MDM2/PDB/7BJ0_TVH.pdb,O=C1c2cccc(Cl)c2[C@](OCC2(CO)CC2)(c2ccc(Cl)cc2)N1Cc1ccc([N+](=O)[O-])cc1,O=C1c2cccc(Cl)c2[C@](OCC2(CO)CC2)(c2ccc(Cl)cc2)N1Cc1ccc([N+](=O)[O-])cc1,DWRQUFAXBKEFJN-AREMUKBSSA-N,valid_ccd,full_heavy_atom_mcs,35,35,35,CCD graph and coordinate ligand fully mapped; safe for 2D SASA atom indices
LR00357,TVK,Ligases/MDM2/PDB/7BJ6_TVK.pdb,CC(C)(O)c1cc(F)c2c(c1)C(=O)N(Cc1ccc(Cl)cn1)[C@@]2(OCC1(CO)CC1)c1ccc(Cl)cc1,CC(C)(O)c1cc(F)c2c(c1)C(=O)N(Cc1ccc(Cl)cn1)[C@@]2(OCC1(CO)CC1)c1ccc(Cl)cc1,WLOCTJJGJPSXJZ-MUUNZHRXSA-N,valid_ccd,full_heavy_atom_mcs,37,37,37,CCD graph and coordinate ligand fully mapped; safe for 2D SASA atom indices
LR00358,U3Z,Ligases/MDM2/PDB/7BMG_U3Z.pdb,C#Cc1ccc(CN2C(=O)c3cc(C(C)(C)O)ccc3[C@]2(OCC2(CO)CC2)c2ccc(Cl)cc2)cc1,C#Cc1ccc(CN2C(=O)c3cc(C(C)(C)O)ccc3[C@]2(OCC2(CO)CC2)c2ccc(Cl)cc2)cc1,LTEBUYNLVXWZOS-WJOKGBTCSA-N,valid_ccd,full_heavy_atom_mcs,37,37,37,CCD graph and coordinate ligand fully mapped; safe for 2D SASA atom indices
LR00359,NUT,Ligases/MDM2/PDB/7C3Q_NUT.pdb,COc1ccc(C2=N[C@@H](c3ccc(Cl)cc3)[C@@H](c3ccc(Cl)cc3)N2C(=O)N2CCNC(=O)C2)c(OC(C)C)c1,COc1ccc(C2=N[C@@H](c3ccc(Cl)cc3)[C@@H](c3ccc(Cl)cc3)N2C(=O)N2CCNC(=O)C2)c(OC(C)C)c1,BDUHCSBCVGXTJM-WUFINQPMSA-N,valid_ccd,full_heavy_atom_mcs,40,40,40,CCD graph and coordinate ligand fully mapped; safe for 2D SASA atom indices
LR00360,NUT,Ligases/MDM2/PDB/7C3Y_NUT.pdb,COc1ccc(C2=N[C@@H](c3ccc(Cl)cc3)[C@@H](c3ccc(Cl)cc3)N2C(=O)N2CCNC(=O)C2)c(OC(C)C)c1,COc1ccc(C2=N[C@@H](c3ccc(Cl)cc3)[C@@H](c3ccc(Cl)cc3)N2C(=O)N2CCNC(=O)C2)c(OC(C)C)c1,BDUHCSBCVGXTJM-WUFINQPMSA-N,valid_ccd,full_heavy_atom_mcs,40,40,40,CCD graph and coordinate ligand fully mapped; safe for 2D SASA atom indices
LR00361,NUT,Ligases/MDM2/PDB/7C44_NUT.pdb,COc1ccc(C2=N[C@@H](c3ccc(Cl)cc3)[C@@H](c3ccc(Cl)cc3)N2C(=O)N2CCNC(=O)C2)c(OC(C)C)c1,COc1ccc(C2=N[C@@H](c3ccc(Cl)cc3)[C@@H](c3ccc(Cl)cc3)N2C(=O)N2CCNC(=O)C2)c(OC(C)C)c1,BDUHCSBCVGXTJM-WUFINQPMSA-N,valid_ccd,full_heavy_atom_mcs,40,40,40,CCD graph and coordinate ligand fully mapped; safe for 2D SASA atom indices
LR00362,1GI,Ligases/MDM2/PDB/7NA1_1GI.pdb,C[C@@H](Nc1nc(C(=O)O)nc2nc(-c3ccc4sccc4c3)n(Cc3ccc(Cl)cc3)c12)C1CC1,C[C@@H](Nc1nc(C(=O)O)nc2nc(-c3ccc4sccc4c3)n(Cc3ccc(Cl)cc3)c12)C1CC1,VYDVBUHEXZQWED-CQSZACIVSA-N,valid_ccd,full_heavy_atom_mcs,35,35,35,CCD graph and coordinate ligand fully mapped; safe for 2D SASA atom indices
LR00363,1I0,Ligases/MDM2/PDB/7NA2_1I0.pdb,CC1CCC(Cn2c(N3CCO[C@@H]4CCC[C@H]43)nc3cc(-c4noc(=O)[nH]4)nc(-c4cncc(Cl)c4)c32)CC1,CC1CCC(Cn2c(N3CCO[C@@H]4CCC[C@H]43)nc3cc(-c4noc(=O)[nH]4)nc(-c4cncc(Cl)c4)c32)CC1,FDBWTMMKIZGUEZ-OGRPUPFISA-N,valid_ccd,full_heavy_atom_mcs,39,39,39,CCD graph and coordinate ligand fully mapped; safe for 2D SASA atom indices
LR00364,1I3,Ligases/MDM2/PDB/7NA3_1I3.pdb,COC[C@@H](C)c1nc2cc(-c3noc(=O)[nH]3)nc(-c3cncc(Cl)c3)c2n1[C@H](C)C1CCC(C)CC1,COC[C@@H](C)c1nc2cc(-c3noc(=O)[nH]3)nc(-c3cncc(Cl)c3)c2n1[C@H](C)C1CCC(C)CC1,BOHJWRUCGNOBMS-JCCCHCCOSA-N,valid_ccd,full_heavy_atom_mcs,36,36,36,CCD graph and coordinate ligand fully mapped; safe for 2D SASA atom indices
LR00365,1I9,Ligases/MDM2/PDB/7NA4_1I9.pdb,CCO[C@@H](c1nc2cc(-c3noc(=O)[nH]3)nc(-c3cncc(Cl)c3)c2n1[C@H](C)C1CCC(C)CC1)C1CC1,CCO[C@@H](c1nc2cc(-c3noc(=O)[nH]3)nc(-c3cncc(Cl)c3)c2n1[C@H](C)C1CCC(C)CC1)C1CC1,PJGMHURMTNPVFZ-NYWAFEGCSA-N,valid_ccd,full_heavy_atom_mcs,38,38,38,CCD graph and coordinate ligand fully mapped; safe for 2D SASA atom indices
LR00366,AU0,Ligases/MDM2/PDB/7QDQ_AU0.pdb,COc1ccc(C2=N[C@@H](c3ccc(Cl)c(Cl)c3)[C@@H](c3ccc(Cl)c(Cl)c3)N2C(=O)N2CCNC(=O)C2)c(OC(C)C)c1,COc1ccc(C2=N[C@@H](c3ccc(Cl)c(Cl)c3)[C@@H](c3ccc(Cl)c(Cl)c3)N2C(=O)N2CCNC(=O)C2)c(OC(C)C)c1,SOQGENPVVRSGAY-WUFINQPMSA-N,valid_ccd,full_heavy_atom_mcs,42,42,42,CCD graph and coordinate ligand fully mapped; safe for 2D SASA atom indices
LR00367,M0L,Ligases/MDM2/PDB/8AEU_M0L.pdb,C=C1C(=O)NCCN1C(=O)N1C(c2ccc(OC)cc2OC(C)C)=N[C@@H](c2ccc(Cl)cc2)[C@H]1c1ccc(Cl)cc1,C=C1C(=O)NCCN1C(=O)N1C(c2ccc(OC)cc2OC(C)C)=N[C@@H](c2ccc(Cl)cc2)[C@H]1c1ccc(Cl)cc1,JLTUTZCZAIJXTD-WUFINQPMSA-N,valid_ccd,full_heavy_atom_mcs,41,41,41,CCD graph and coordinate ligand fully mapped; safe for 2D SASA atom indices
LR00368,FX9,Ligases/MDM2/PDB/8GCG_FX9.pdb,N[C@@H](Cc1cccc(C(F)(F)F)c1)C(=O)O,N[C@@H](Cc1cccc(C(F)(F)F)c1)C(=O)O,BURBNIPKSRJAIQ-QMMMGPOBSA-N,valid_ccd,heavy_atom_count_mismatch,16,15,,CCD and coordinate ligand have different heavy-atom counts; review manually
LR00369,0EH,Ligases/MDM2/PDB/8GJS_0EH.pdb,CCCCCCC[C@@](C)(N)C(=O)O,CCCCCCC[C@@](C)(N)C(=O)O,MLEJPUOWUJAQAF-SNVBAGLBSA-N,valid_ccd,heavy_atom_count_mismatch,13,12,,CCD and coordinate ligand have different heavy-atom counts; review manually
LR00370,NUT,Ligases/MDM2/PDB/8HDG_NUT.pdb,COc1ccc(C2=N[C@@H](c3ccc(Cl)cc3)[C@@H](c3ccc(Cl)cc3)N2C(=O)N2CCNC(=O)C2)c(OC(C)C)c1,COc1ccc(C2=N[C@@H](c3ccc(Cl)cc3)[C@@H](c3ccc(Cl)cc3)N2C(=O)N2CCNC(=O)C2)c(OC(C)C)c1,BDUHCSBCVGXTJM-WUFINQPMSA-N,valid_ccd,full_heavy_atom_mcs,40,40,40,CCD graph and coordinate ligand fully mapped; safe for 2D SASA atom indices
LR00371,NUT,Ligases/MDM2/PDB/8IA5_NUT.pdb,COc1ccc(C2=N[C@@H](c3ccc(Cl)cc3)[C@@H](c3ccc(Cl)cc3)N2C(=O)N2CCNC(=O)C2)c(OC(C)C)c1,COc1ccc(C2=N[C@@H](c3ccc(Cl)cc3)[C@@H](c3ccc(Cl)cc3)N2C(=O)N2CCNC(=O)C2)c(OC(C)C)c1,BDUHCSBCVGXTJM-WUFINQPMSA-N,valid_ccd,full_heavy_atom_mcs,40,40,40,CCD graph and coordinate ligand fully mapped; safe for 2D SASA atom indices
LR00372,G7I,Ligases/MDM2/PDB/8PWC_G7I.pdb,Cc1c(C(=O)O)ccc2c3n(nc12)[C@@H]1[C@H](C3)N(CC2CC2)[C@@]2(C(=O)Nc3cc(Cl)ccc32)[C@H]1c1cccc(Cl)c1F,Cc1c(C(=O)O)ccc2c3n(nc12)[C@@H]1[C@H](C3)N(CC2CC2)[C@@]2(C(=O)Nc3cc(Cl)ccc32)[C@H]1c1cccc(Cl)c1F,AMTXDBGKYPDTTA-SJVQGLCSSA-N,valid_ccd,full_heavy_atom_mcs,41,41,41,CCD graph and coordinate ligand fully mapped; safe for 2D SASA atom indices
LR00373,B21,Ligases/MDM2/PDB/9GFK_B21_2.pdb,COc1ccccc1-c1ccc(C(=O)O)o1,COc1ccccc1-c1ccc(C(=O)O)o1,CHWVDGYLKPLBES-UHFFFAOYSA-N,valid_ccd,heavy_atom_count_mismatch,16,10,,CCD and coordinate ligand have different heavy-atom counts; review manually
LR00374,WW8,Ligases/MDMX/PDB/3LBJ_WW8.pdb,CN(C)CCCN(C)[C@H]1CCN(C(=O)c2[nH]c3cc(Cl)ccc3c2-c2c(-c3ccccc3)ncn2Cc2ccc(Cl)cc2)C1,CN(C)CCCN(C)[C@H]1CCN(C(=O)c2[nH]c3cc(Cl)ccc3c2-c2c(-c3ccccc3)ncn2Cc2ccc(Cl)cc2)C1,LWWQYOWAPGRPRH-NDEPHWFRSA-N,valid_ccd,full_heavy_atom_mcs,44,44,44,CCD graph and coordinate ligand fully mapped; safe for 2D SASA atom indices
LR00375,NUT,Ligases/MDMX/PDB/7C3Q_NUT.pdb,COc1ccc(C2=N[C@@H](c3ccc(Cl)cc3)[C@@H](c3ccc(Cl)cc3)N2C(=O)N2CCNC(=O)C2)c(OC(C)C)c1,COc1ccc(C2=N[C@@H](c3ccc(Cl)cc3)[C@@H](c3ccc(Cl)cc3)N2C(=O)N2CCNC(=O)C2)c(OC(C)C)c1,BDUHCSBCVGXTJM-WUFINQPMSA-N,valid_ccd,full_heavy_atom_mcs,40,40,40,CCD graph and coordinate ligand fully mapped; safe for 2D SASA atom indices
LR00376,NUT,Ligases/MDMX/PDB/7C3Y_NUT.pdb,COc1ccc(C2=N[C@@H](c3ccc(Cl)cc3)[C@@H](c3ccc(Cl)cc3)N2C(=O)N2CCNC(=O)C2)c(OC(C)C)c1,COc1ccc(C2=N[C@@H](c3ccc(Cl)cc3)[C@@H](c3ccc(Cl)cc3)N2C(=O)N2CCNC(=O)C2)c(OC(C)C)c1,BDUHCSBCVGXTJM-WUFINQPMSA-N,valid_ccd,full_heavy_atom_mcs,40,40,40,CCD graph and coordinate ligand fully mapped; safe for 2D SASA atom indices
LR00377,NUT,Ligases/MDMX/PDB/7C44_NUT.pdb,COc1ccc(C2=N[C@@H](c3ccc(Cl)cc3)[C@@H](c3ccc(Cl)cc3)N2C(=O)N2CCNC(=O)C2)c(OC(C)C)c1,COc1ccc(C2=N[C@@H](c3ccc(Cl)cc3)[C@@H](c3ccc(Cl)cc3)N2C(=O)N2CCNC(=O)C2)c(OC(C)C)c1,BDUHCSBCVGXTJM-WUFINQPMSA-N,valid_ccd,full_heavy_atom_mcs,40,40,40,CCD graph and coordinate ligand fully mapped; safe for 2D SASA atom indices
LR00378,D03,Ligases/Parkin/PDB/8W31_D03.pdb,O=C(/C=C/c1ccccc1)N[C@@H](Cc1ccccc1)C(=O)N[C@@H](C[C@@H]1CCNC1=O)[C@H](O)C(=O)NCc1ccccc1,O=C(/C=C/c1ccccc1)N[C@@H](Cc1ccccc1)C(=O)N[C@@H](C[C@@H]1CCNC1=O)[C@H](O)C(=O)NCc1ccccc1,ZTFAWEJBUOCZIL-NHTHZNHESA-N,valid_ccd,heavy_atom_count_mismatch,42,37,,CCD and coordinate ligand have different heavy-atom counts; review manually
LR00379,V3L,Ligases/RNF146/PDB/3V3L_V3L.pdb,Nc1ncnc2c1ncn2[C@@H]1O[C@H](COP(=O)(O)O)[C@@H](O)[C@H]1O[C@H]1O[C@H](COP(=O)(O)O)[C@@H](O)[C@H]1O,Nc1ncnc2c1ncn2[C@@H]1O[C@H](COP(=O)(O)O)[C@@H](O)[C@H]1O[C@H]1O[C@H](COP(=O)(O)O)[C@@H](O)[C@H]1O,BHIWBSNWEZIHHL-KEOHHSTQSA-N,valid_ccd,full_heavy_atom_mcs,36,36,36,CCD graph and coordinate ligand fully mapped; safe for 2D SASA atom indices
LR00380,V3L,Ligases/RNF146/PDB/4QPL_V3L.pdb,Nc1ncnc2c1ncn2[C@@H]1O[C@H](COP(=O)(O)O)[C@@H](O)[C@H]1O[C@H]1O[C@H](COP(=O)(O)O)[C@@H](O)[C@H]1O,Nc1ncnc2c1ncn2[C@@H]1O[C@H](COP(=O)(O)O)[C@@H](O)[C@H]1O[C@H]1O[C@H](COP(=O)(O)O)[C@@H](O)[C@H]1O,BHIWBSNWEZIHHL-KEOHHSTQSA-N,valid_ccd,full_heavy_atom_mcs,36,36,36,CCD graph and coordinate ligand fully mapped; safe for 2D SASA atom indices
LR00381,JIH,Ligases/SOCS2/PDB/7ZLM_JIH.pdb,O=C(CCl)Nc1cccc(CNC(=O)[C@H](Cc2ccc(OP(=O)(O)O)cc2)NC(=O)Cc2ccc(F)cc2)c1,O=C(CCl)Nc1cccc(CNC(=O)[C@H](Cc2ccc(OP(=O)(O)O)cc2)NC(=O)Cc2ccc(F)cc2)c1,WSEFGYSEXKXLRO-QHCPKHFHSA-N,valid_ccd,heavy_atom_count_mismatch,39,38,,CCD and coordinate ligand have different heavy-atom counts; review manually
LR00382,JI9,Ligases/SOCS2/PDB/7ZLN_JI9.pdb,Cc1cc(CNC(=O)[C@H](Cc2ccc(OP(=O)(O)O)cc2)NC(=O)Cc2ccc(F)cc2)ccc1F,Cc1cc(CNC(=O)[C@H](Cc2ccc(OP(=O)(O)O)cc2)NC(=O)Cc2ccc(F)cc2)ccc1F,WXCVBJACCVIYCK-QHCPKHFHSA-N,valid_ccd,full_heavy_atom_mcs,36,36,36,CCD graph and coordinate ligand fully mapped; safe for 2D SASA atom indices
LR00383,JI0,Ligases/SOCS2/PDB/7ZLO_JI0.pdb,CCc1cc(CNC(=O)[C@H](Cc2ccc(OP(=O)(O)O)cc2)NC(=O)Cc2ccc(F)cc2)ccc1F,CCc1cc(CNC(=O)[C@H](Cc2ccc(OP(=O)(O)O)cc2)NC(=O)Cc2ccc(F)cc2)ccc1F,CMSIRRVKRDBENU-DEOSSOPVSA-N,valid_ccd,full_heavy_atom_mcs,37,37,37,CCD graph and coordinate ligand fully mapped; safe for 2D SASA atom indices
LR00384,JHR,Ligases/SOCS2/PDB/7ZLP_JHR.pdb,O=C(Cc1ccc(F)cc1)N[C@@H](Cc1ccc(OP(=O)(O)O)cc1)C(=O)NCc1ccc(F)cc1,O=C(Cc1ccc(F)cc1)N[C@@H](Cc1ccc(OP(=O)(O)O)cc1)C(=O)NCc1ccc(F)cc1,BALOTWIQBQLNPP-QFIPXVFZSA-N,valid_ccd,full_heavy_atom_mcs,35,35,35,CCD graph and coordinate ligand fully mapped; safe for 2D SASA atom indices
LR00385,JH9,Ligases/SOCS2/PDB/7ZLR_JH9.pdb,C=CCc1cc(CNC(=O)[C@H](Cc2ccc(OP(=O)(O)O)cc2)NC(=O)Cc2ccc(F)cc2)ccc1F,C=CCc1cc(CNC(=O)[C@H](Cc2ccc(OP(=O)(O)O)cc2)NC(=O)Cc2ccc(F)cc2)ccc1F,YZWKPURPDOLTHG-VWLOTQADSA-N,valid_ccd,full_heavy_atom_mcs,38,38,38,CCD graph and coordinate ligand fully mapped; safe for 2D SASA atom indices
LR00386,JH9,Ligases/SOCS2/PDB/7ZLS_JH9.pdb,C=CCc1cc(CNC(=O)[C@H](Cc2ccc(OP(=O)(O)O)cc2)NC(=O)Cc2ccc(F)cc2)ccc1F,C=CCc1cc(CNC(=O)[C@H](Cc2ccc(OP(=O)(O)O)cc2)NC(=O)Cc2ccc(F)cc2)ccc1F,YZWKPURPDOLTHG-VWLOTQADSA-N,valid_ccd,full_heavy_atom_mcs,38,38,38,CCD graph and coordinate ligand fully mapped; safe for 2D SASA atom indices
LR00387,A06,Ligases/TRIM21/PDB/7HLA_A06_2.pdb,O=C(O)C[C@@H](Cc1nc2cc(Cl)ccc2[nH]1)c1ccc(Cl)cc1,O=C(O)C[C@@H](Cc1nc2cc(Cl)ccc2[nH]1)c1ccc(Cl)cc1,MOXSMEYUODNXTB-LLVKDONJSA-N,valid_ccd,heavy_atom_count_mismatch,23,14,,CCD and coordinate ligand have different heavy-atom counts; review manually
LR00388,S9S,Ligases/TRIM21/PDB/7HLB_S9S.pdb,CS(=O)(=O)NCCc1ccc(F)cc1,CS(=O)(=O)NCCc1ccc(F)cc1,JZUQJFQXYYHUJT-UHFFFAOYSA-N,valid_ccd,full_heavy_atom_mcs,14,14,14,CCD graph and coordinate ligand fully mapped; safe for 2D SASA atom indices
LR00389,UWS,Ligases/TRIM21/PDB/7HLC_UWS.pdb,Cc1cc(Cn2nc(C)ccc2=O)on1,Cc1cc(Cn2nc(C)ccc2=O)on1,PLCLGFAKZPXQFY-UHFFFAOYSA-N,valid_ccd,full_heavy_atom_mcs,15,15,15,CCD graph and coordinate ligand fully mapped; safe for 2D SASA atom indices
LR00390,U0S,Ligases/TRIM21/PDB/7HLD_U0S.pdb,c1cnc(N2CC[C@]3(CCOC3)C2)cn1,c1cnc(N2CC[C@]3(CCOC3)C2)cn1,ITTBXBSSJHVWJS-NSHDSACASA-N,valid_ccd,full_heavy_atom_mcs,15,15,15,CCD graph and coordinate ligand fully mapped; safe for 2D SASA atom indices
LR00391,UXG,Ligases/TRIM21/PDB/7HLE_UXG.pdb,OC1CN(C(c2ccccc2)c2ccccc2)C1,OC1CN(C(c2ccccc2)c2ccccc2)C1,MMAJXKGUZYDTHV-UHFFFAOYSA-N,valid_ccd,full_heavy_atom_mcs,18,18,18,CCD graph and coordinate ligand fully mapped; safe for 2D SASA atom indices
LR00392,A18,Ligases/TRIM21/PDB/7HLF_A18.pdb,O=C(O)c1ccc(Cc2ccccc2Cl)o1,O=C(O)c1ccc(Cc2ccccc2Cl)o1,YRUPEIZURHOLHV-UHFFFAOYSA-N,valid_ccd,heavy_atom_count_mismatch,16,15,,CCD and coordinate ligand have different heavy-atom counts; review manually
LR00393,A10,Ligases/TRIM21/PDB/7HLG_A10.pdb,,,,missing_ccd_component,not_repaired,0,,,No matching component ID was found in the CCD SMILES export
LR00394,A12,Ligases/TRIM21/PDB/7HLI_A12.pdb,Nc1ncnc2c1ncn2[C@@H]1O[C@H](CO[P@@](=O)(O)CP(=O)(O)O)[C@@H](O)[C@H]1O,Nc1ncnc2c1ncn2[C@@H]1O[C@H](CO[P@@](=O)(O)CP(=O)(O)O)[C@@H](O)[C@H]1O,OLCWZBFDIYXLAA-IOSLPCCCSA-N,valid_ccd,heavy_atom_count_mismatch,27,15,,CCD and coordinate ligand have different heavy-atom counts; review manually
LR00395,TU6,Ligases/TRIM21/PDB/7HLJ_TU6.pdb,Cc1cc(N2CCCCC2)nc(CO)n1,Cc1cc(N2CCCCC2)nc(CO)n1,GZINCFOQQRVKFL-UHFFFAOYSA-N,valid_ccd,full_heavy_atom_mcs,15,15,15,CCD graph and coordinate ligand fully mapped; safe for 2D SASA atom indices
LR00396,UUP,Ligases/TRIM21/PDB/7HLK_UUP.pdb,O=C(NC1CC1)c1cnn2cccnc12,O=C(NC1CC1)c1cnn2cccnc12,IDVABKGFSZEUEE-UHFFFAOYSA-N,valid_ccd,full_heavy_atom_mcs,15,15,15,CCD graph and coordinate ligand fully mapped; safe for 2D SASA atom indices
LR00397,J4Q,Ligases/TRIM21/PDB/7HLL_J4Q.pdb,CS(=O)(=O)c1nccn1Cc1cscn1,CS(=O)(=O)c1nccn1Cc1cscn1,DWPGGNJRLYKHCD-UHFFFAOYSA-N,valid_ccd,full_heavy_atom_mcs,15,15,15,CCD graph and coordinate ligand fully mapped; safe for 2D SASA atom indices
LR00398,E14,Ligases/TRIM21/PDB/7HLN_E14.pdb,CC(C)CNC(=O)[C@H]1N(C(=O)[C@@H](O)[C@H](Cc2ccccc2)NC(=O)[C@@H](NC(=O)[C@@H](N)c2ccccc2)C(C)(C)C)CSC1(C)C,CC(C)CNC(=O)[C@H]1N(C(=O)[C@@H](O)[C@H](Cc2ccccc2)NC(=O)[C@@H](NC(=O)[C@@H](N)c2ccccc2)C(C)(C)C)CSC1(C)C,GKUGZHJDSRCEKG-APNLASKRSA-N,valid_ccd,heavy_atom_count_mismatch,45,15,,CCD and coordinate ligand have different heavy-atom counts; review manually
LR00399,A02,Ligases/TRIM21/PDB/7HLO_A02.pdb,[H]/N=C(\N)NCCC[C@@H](NC(=O)[C@@H](CCCN/C(N)=N/[H])NC(=O)CCCCCNC(=O)[C@@H](CCCCN)NC(=O)CCCCCNC(=O)[C@H]1O[C@@H](n2cnc3c(N)ncnc32)[C@H](O)[C@@H]1O)C(N)=O,[H]/N=C(\N)NCCC[C@@H](NC(=O)[C@@H](CCCN/C(N)=N/[H])NC(=O)CCCCCNC(=O)[C@@H](CCCCN)NC(=O)CCCCCNC(=O)[C@H]1O[C@@H](n2cnc3c(N)ncnc32)[C@H](O)[C@@H]1O)C(N)=O,LIYNJKNSBUCWCZ-SAPGASOESA-N,valid_ccd,heavy_atom_count_mismatch,67,12,,CCD and coordinate ligand have different heavy-atom counts; review manually
LR00400,A34,Ligases/TRIM21/PDB/7HLP_A34_1.pdb,CNc1ncnc2c1ncn2[C@H]1C[C@H](O)[C@@H](COP(=O)(O)O)O1,CNc1ncnc2c1ncn2[C@H]1C[C@H](O)[C@@H](COP(=O)(O)O)O1,MGKYNCZAQIZDCV-XLPZGREQSA-N,valid_ccd,heavy_atom_count_mismatch,23,18,,CCD and coordinate ligand have different heavy-atom counts; review manually
LR00401,A34,Ligases/TRIM21/PDB/7HLP_A34_2.pdb,CNc1ncnc2c1ncn2[C@H]1C[C@H](O)[C@@H](COP(=O)(O)O)O1,CNc1ncnc2c1ncn2[C@H]1C[C@H](O)[C@@H](COP(=O)(O)O)O1,MGKYNCZAQIZDCV-XLPZGREQSA-N,valid_ccd,heavy_atom_count_mismatch,23,18,,CCD and coordinate ligand have different heavy-atom counts; review manually
LR00402,JMM,Ligases/TRIM21/PDB/7HLQ_JMM.pdb,O=C(c1ccco1)N1CCN(C(=O)C2CC2)CC1,O=C(c1ccco1)N1CCN(C(=O)C2CC2)CC1,SMBREKYBPARCFW-UHFFFAOYSA-N,valid_ccd,full_heavy_atom_mcs,18,18,18,CCD graph and coordinate ligand fully mapped; safe for 2D SASA atom indices
LR00403,K1G,Ligases/TRIM21/PDB/7HLT_K1G_1.pdb,CC(C)N(C)c1ncnc2c1cnn2C,CC(C)N(C)c1ncnc2c1cnn2C,ACQZDWVVKAKBAO-UHFFFAOYSA-N,valid_ccd,full_heavy_atom_mcs,15,15,15,CCD graph and coordinate ligand fully mapped; safe for 2D SASA atom indices
LR00404,K1G,Ligases/TRIM21/PDB/7HLT_K1G_2.pdb,CC(C)N(C)c1ncnc2c1cnn2C,CC(C)N(C)c1ncnc2c1cnn2C,ACQZDWVVKAKBAO-UHFFFAOYSA-N,valid_ccd,full_heavy_atom_mcs,15,15,15,CCD graph and coordinate ligand fully mapped; safe for 2D SASA atom indices
LR00405,S0V,Ligases/TRIM21/PDB/7HLU_S0V_1.pdb,O=C(c1csnn1)N1CCOCC1,O=C(c1csnn1)N1CCOCC1,BPUDGPLMUNVDOA-UHFFFAOYSA-N,valid_ccd,full_heavy_atom_mcs,13,13,13,CCD graph and coordinate ligand fully mapped; safe for 2D SASA atom indices
LR00406,S0V,Ligases/TRIM21/PDB/7HLU_S0V_2.pdb,O=C(c1csnn1)N1CCOCC1,O=C(c1csnn1)N1CCOCC1,BPUDGPLMUNVDOA-UHFFFAOYSA-N,valid_ccd,full_heavy_atom_mcs,13,13,13,CCD graph and coordinate ligand fully mapped; safe for 2D SASA atom indices
LR00407,A28,Ligases/TRIM21/PDB/7HLV_A28_2.pdb,CCCC(=O)Nc1n[nH]c2c(F)c(F)c(-c3ccccc3)cc12,CCCC(=O)Nc1n[nH]c2c(F)c(F)c(-c3ccccc3)cc12,TZFLUWBMBJLZQO-UHFFFAOYSA-N,valid_ccd,heavy_atom_count_mismatch,23,15,,CCD and coordinate ligand have different heavy-atom counts; review manually
LR00408,A31,Ligases/TRIM21/PDB/7HLW_A31.pdb,O=C(CCCC[C@@H]1SC[C@@H]2NC(=O)N[C@@H]21)NCCCOCCOCCOCCCNC(=O)CCCC(=O)NCCCCCCCCNC(=O)C12CC3CC(CC(C3)C1)C2,O=C(CCCC[C@@H]1SC[C@@H]2NC(=O)N[C@@H]21)NCCCOCCOCCOCCCNC(=O)CCCC(=O)NCCCCCCCCNC(=O)C12CC3CC(CC(C3)C1)C2,HRVLISBOPSEFOL-BRNPUJAOSA-N,valid_ccd,heavy_atom_count_mismatch,59,15,,CCD and coordinate ligand have different heavy-atom counts; review manually
LR00409,UXA,Ligases/TRIM21/PDB/7HLX_UXA.pdb,O=C(NC1CC1)c1ccc2c(c1)OCO2,O=C(NC1CC1)c1ccc2c(c1)OCO2,OUGQMSXIPFSZBI-UHFFFAOYSA-N,valid_ccd,full_heavy_atom_mcs,15,15,15,CCD graph and coordinate ligand fully mapped; safe for 2D SASA atom indices
LR00410,A09,Ligases/TRIM21/PDB/7HM0_A09.pdb,O=S(=O)(NO)c1ccccc1,O=S(=O)(NO)c1ccccc1,BRMDATNYMUMZLN-UHFFFAOYSA-N,valid_ccd,heavy_atom_count_mismatch,11,14,,CCD and coordinate ligand have different heavy-atom counts; review manually
LR00411,VWV,Ligases/TRIM21/PDB/7HM1_VWV.pdb,CCOC(=O)CN1CCS(=O)(=O)CC1,CCOC(=O)CN1CCS(=O)(=O)CC1,KWVBKMSCALADDC-UHFFFAOYSA-N,valid_ccd,full_heavy_atom_mcs,14,14,14,CCD graph and coordinate ligand fully mapped; safe for 2D SASA atom indices
LR00412,NZJ,Ligases/TRIM21/PDB/7HM2_NZJ.pdb,Cc1cccc(C(=O)N2CCC(C(N)=O)CC2)c1,Cc1cccc(C(=O)N2CCC(C(N)=O)CC2)c1,VSYPROQBASLXDK-UHFFFAOYSA-N,valid_ccd,full_heavy_atom_mcs,18,18,18,CCD graph and coordinate ligand fully mapped; safe for 2D SASA atom indices
LR00413,K6U,Ligases/TRIM21/PDB/7HM3_K6U.pdb,COc1ccccc1-c1nnco1,COc1ccccc1-c1nnco1,CMZBFAJLBDAJMC-UHFFFAOYSA-N,valid_ccd,full_heavy_atom_mcs,13,13,13,CCD graph and coordinate ligand fully mapped; safe for 2D SASA atom indices
LR00414,VW4,Ligases/TRIM21/PDB/7HM4_VW4.pdb,C[C@H](CS(N)(=O)=O)c1ccccc1,C[C@H](CS(N)(=O)=O)c1ccccc1,HXLOQIXEAPZOSG-MRVPVSSYSA-N,valid_ccd,full_heavy_atom_mcs,13,13,13,CCD graph and coordinate ligand fully mapped; safe for 2D SASA atom indices
LR00415,Q4L,Ligases/TRIM21/PDB/7HM5_Q4L.pdb,COC(=O)N1CCN(c2ccc(F)cc2)CC1,COC(=O)N1CCN(c2ccc(F)cc2)CC1,KWVIJGFYBHCKOB-UHFFFAOYSA-N,valid_ccd,full_heavy_atom_mcs,17,17,17,CCD graph and coordinate ligand fully mapped; safe for 2D SASA atom indices
LR00416,A11,Ligases/TRIM21/PDB/7HM6_A11.pdb,CCOC(=O)N1CCC(Nc2cc(Cl)ccn2)CC1,CCOC(=O)N1CCC(Nc2cc(Cl)ccn2)CC1,YQEYLCGMINXDBN-UHFFFAOYSA-N,valid_ccd,heavy_atom_count_mismatch,19,14,,CCD and coordinate ligand have different heavy-atom counts; review manually
LR00417,A08,Ligases/TRIM21/PDB/7HM7_A08.pdb,N#C[C@@H](c1ccc(Cl)cc1)c1cccc(Cl)n1,N#C[C@@H](c1ccc(Cl)cc1)c1cccc(Cl)n1,KFUYTJBERFHHIL-NSHDSACASA-N,valid_ccd,heavy_atom_count_mismatch,17,14,,CCD and coordinate ligand have different heavy-atom counts; review manually
LR00418,UVA,Ligases/TRIM21/PDB/7HM8_UVA.pdb,CNc1ccccc1S(C)(=O)=O,CNc1ccccc1S(C)(=O)=O,YLDKGNWSSXYUAH-UHFFFAOYSA-N,valid_ccd,full_heavy_atom_mcs,12,12,12,CCD graph and coordinate ligand fully mapped; safe for 2D SASA atom indices
LR00419,A14,Ligases/TRIM21/PDB/7HM9_A14.pdb,CC1(C)S[C@H]2[C@H](C(=O)[C@H]2NC(=O)CCC[C@H](N)C(=O)O)[C@H]1C(=O)O,CC1(C)S[C@H]2[C@H](C(=O)[C@H]2NC(=O)CCC[C@H](N)C(=O)O)[C@H]1C(=O)O,FIHUDIADLMVJET-CEAFUOJOSA-N,valid_ccd,heavy_atom_count_mismatch,24,15,,CCD and coordinate ligand have different heavy-atom counts; review manually
LR00420,LV4,Ligases/TRIM21/PDB/7HMA_LV4.pdb,NC(=S)Nc1ccccc1OC(F)(F)F,NC(=S)Nc1ccccc1OC(F)(F)F,HYKOSRYWIURWQI-UHFFFAOYSA-N,valid_ccd,full_heavy_atom_mcs,15,15,15,CCD graph and coordinate ligand fully mapped; safe for 2D SASA atom indices
LR00421,B1J,Ligases/TRIM21/PDB/7HMB_B1J.pdb,OCc1cn(-c2ccc(Cl)cc2)nn1,OCc1cn(-c2ccc(Cl)cc2)nn1,CAHIFLPAMJOAGI-UHFFFAOYSA-N,valid_ccd,full_heavy_atom_mcs,14,14,14,CCD graph and coordinate ligand fully mapped; safe for 2D SASA atom indices
LR00422,H04,Ligases/TRIM21/PDB/7HMD_H04.pdb,CCOc1ccccc1N1CCNCC1,CCOc1ccccc1N1CCNCC1,FBQIUSDQWOLCNY-UHFFFAOYSA-N,valid_ccd,full_heavy_atom_mcs,15,15,15,CCD graph and coordinate ligand fully mapped; safe for 2D SASA atom indices
LR00423,RXS,Ligases/TRIM21/PDB/7HME_RXS.pdb,Cc1nccn1Cc1cccc(C#N)c1,Cc1nccn1Cc1cccc(C#N)c1,HMXUYPBDUYSWMA-UHFFFAOYSA-N,valid_ccd,full_heavy_atom_mcs,15,15,15,CCD graph and coordinate ligand fully mapped; safe for 2D SASA atom indices
LR00424,RZJ,Ligases/TRIM21/PDB/7HMF_RZJ_1.pdb,CN1CCCc2ccc(S(N)(=O)=O)cc21,CN1CCCc2ccc(S(N)(=O)=O)cc21,OUJFDUTZTPBMDN-UHFFFAOYSA-N,valid_ccd,full_heavy_atom_mcs,15,15,15,CCD graph and coordinate ligand fully mapped; safe for 2D SASA atom indices
LR00425,RZJ,Ligases/TRIM21/PDB/7HMF_RZJ_2.pdb,CN1CCCc2ccc(S(N)(=O)=O)cc21,CN1CCCc2ccc(S(N)(=O)=O)cc21,OUJFDUTZTPBMDN-UHFFFAOYSA-N,valid_ccd,full_heavy_atom_mcs,15,15,15,CCD graph and coordinate ligand fully mapped; safe for 2D SASA atom indices
LR00426,WKS,Ligases/TRIM21/PDB/7HMG_WKS.pdb,Cc1cc(N2CCNCC2)nc(C)n1,Cc1cc(N2CCNCC2)nc(C)n1,NARMKNJWXHFJFF-UHFFFAOYSA-N,valid_ccd,full_heavy_atom_mcs,14,14,14,CCD graph and coordinate ligand fully mapped; safe for 2D SASA atom indices
LR00427,A07,Ligases/TRIM21/PDB/7HMI_A07.pdb,CCCC(=O)Nc1n[nH]c2cc(Cl)c(-c3ccccc3)cc12,CCCC(=O)Nc1n[nH]c2cc(Cl)c(-c3ccccc3)cc12,WGVVIVGNBSSANI-UHFFFAOYSA-N,valid_ccd,heavy_atom_count_mismatch,22,14,,CCD and coordinate ligand have different heavy-atom counts; review manually
LR00428,K1P,Ligases/TRIM21/PDB/7HMJ_K1P.pdb,Cc1nsc(N2CCCNCC2)n1,Cc1nsc(N2CCCNCC2)n1,MZKLTZIEMSVRMI-UHFFFAOYSA-N,valid_ccd,full_heavy_atom_mcs,13,13,13,CCD graph and coordinate ligand fully mapped; safe for 2D SASA atom indices
LR00429,SFY,Ligases/TRIM21/PDB/7HMK_SFY.pdb,Nc1ccc(S(=O)(=O)Nc2ccccn2)cc1,Nc1ccc(S(=O)(=O)Nc2ccccn2)cc1,GECHUMIMRBOMGK-UHFFFAOYSA-N,valid_ccd,full_heavy_atom_mcs,17,17,17,CCD graph and coordinate ligand fully mapped; safe for 2D SASA atom indices
LR00430,W0Y,Ligases/TRIM21/PDB/7HMM_W0Y.pdb,CNC(=O)c1ccc(S(N)(=O)=O)cc1,CNC(=O)c1ccc(S(N)(=O)=O)cc1,CTDFBRMMEMHBEO-UHFFFAOYSA-N,valid_ccd,full_heavy_atom_mcs,14,14,14,CCD graph and coordinate ligand fully mapped; safe for 2D SASA atom indices
LR00431,O1M,Ligases/TRIM21/PDB/7HMO_O1M.pdb,NC(=O)N1CCN(c2ccc(F)cc2)CC1,NC(=O)N1CCN(c2ccc(F)cc2)CC1,XARVCWHXIZRCGB-UHFFFAOYSA-N,valid_ccd,full_heavy_atom_mcs,16,16,16,CCD graph and coordinate ligand fully mapped; safe for 2D SASA atom indices
LR00432,ZQA,Ligases/TRIM21/PDB/7HMP_ZQA_2.pdb,CCc1csc(-c2cnc[nH]2)n1,CCc1csc(-c2cnc[nH]2)n1,RXFWINHPQUVOEC-UHFFFAOYSA-N,valid_ccd,full_heavy_atom_mcs,12,12,12,CCD graph and coordinate ligand fully mapped; safe for 2D SASA atom indices
LR00433,E15,Ligases/TRIM21/PDB/7HMQ_E15.pdb,CC(C)[C@@H](C)NC(=O)[C@H]1N(C(=O)[C@@H](O)[C@H](Cc2ccccc2)NC(=O)[C@@H](NC(=O)[C@@H](N)c2ccccc2)C(C)(C)C)CSC1(C)C,CC(C)[C@@H](C)NC(=O)[C@H]1N(C(=O)[C@@H](O)[C@H](Cc2ccccc2)NC(=O)[C@@H](NC(=O)[C@@H](N)c2ccccc2)C(C)(C)C)CSC1(C)C,XTWLQNQBRIPIED-OBXVIOLMSA-N,valid_ccd,heavy_atom_count_mismatch,46,10,,CCD and coordinate ligand have different heavy-atom counts; review manually
LR00434,A03,Ligases/TRIM21/PDB/7HMR_A03.pdb,[H]/N=C(\N)NCCC[C@@H](NC(=O)[C@@H](CCCN/C(N)=N/[H])NC(=O)CCCCCNC(=O)[C@@H](C)NC(=O)CCCCCNC(=O)[C@H]1O[C@@H](n2cnc3c(N)ncnc32)[C@H](O)[C@@H]1O)C(N)=O,[H]/N=C(\N)NCCC[C@@H](NC(=O)[C@@H](CCCN/C(N)=N/[H])NC(=O)CCCCCNC(=O)[C@@H](C)NC(=O)CCCCCNC(=O)[C@H]1O[C@@H](n2cnc3c(N)ncnc32)[C@H](O)[C@@H]1O)C(N)=O,SOPDRJHPMMUFQM-ZUGNLIAKSA-N,valid_ccd,heavy_atom_count_mismatch,63,13,,CCD and coordinate ligand have different heavy-atom counts; review manually
LR00435,T6J,Ligases/TRIM21/PDB/7HMS_T6J.pdb,CS(=O)(=O)Cc1nc2ccccc2[nH]1,CS(=O)(=O)Cc1nc2ccccc2[nH]1,WCWTYTQSZZWNEW-UHFFFAOYSA-N,valid_ccd,full_heavy_atom_mcs,14,14,14,CCD graph and coordinate ligand fully mapped; safe for 2D SASA atom indices
LR00436,A04,Ligases/TRIM21/PDB/7HMT_A04.pdb,O=C(O)c1ccc(-c2ccccc2OC(F)(F)F)o1,O=C(O)c1ccc(-c2ccccc2OC(F)(F)F)o1,PSLFQKRPFOCZHR-UHFFFAOYSA-N,valid_ccd,heavy_atom_count_mismatch,19,13,,CCD and coordinate ligand have different heavy-atom counts; review manually
LR00437,W1A,Ligases/TRIM21/PDB/7HMU_W1A.pdb,CS(=O)(=O)NCC1CCNCC1,CS(=O)(=O)NCC1CCNCC1,LULUGSQUPICPQM-UHFFFAOYSA-N,valid_ccd,full_heavy_atom_mcs,12,12,12,CCD graph and coordinate ligand fully mapped; safe for 2D SASA atom indices
LR00438,U2R,Ligases/TRIM21/PDB/7HMV_U2R.pdb,O=C(O)COc1ccc(F)cc1,O=C(O)COc1ccc(F)cc1,ZBIULCVFFJJYTN-UHFFFAOYSA-N,valid_ccd,full_heavy_atom_mcs,12,12,12,CCD graph and coordinate ligand fully mapped; safe for 2D SASA atom indices
LR00439,S7G,Ligases/TRIM21/PDB/7HMW_S7G.pdb,CC(=O)N[C@H]1CNc2ccccc2C1,CC(=O)N[C@H]1CNc2ccccc2C1,HCEIEGOMGWEGOJ-SNVBAGLBSA-N,valid_ccd,full_heavy_atom_mcs,14,14,14,CCD graph and coordinate ligand fully mapped; safe for 2D SASA atom indices
LR00440,WJA,Ligases/TRIM21/PDB/7HMX_WJA.pdb,CNS(=O)(=O)Cc1cc(C)on1,CNS(=O)(=O)Cc1cc(C)on1,SDSNLNFNGILSAL-UHFFFAOYSA-N,valid_ccd,full_heavy_atom_mcs,12,12,12,CCD graph and coordinate ligand fully mapped; safe for 2D SASA atom indices
LR00441,ZTQ,Ligases/TRIM21/PDB/7HMY_ZTQ.pdb,C[C@H](Oc1ccc(-c2ccccc2)cc1)C(=O)O,C[C@H](Oc1ccc(-c2ccccc2)cc1)C(=O)O,FUPGQEMJIGUBGO-NSHDSACASA-N,valid_ccd,full_heavy_atom_mcs,18,18,18,CCD graph and coordinate ligand fully mapped; safe for 2D SASA atom indices
LR00442,A35,Ligases/TRIM21/PDB/7HMZ_A35.pdb,CNc1nc(N)c2ncn([C@H]3C[C@H](O)[C@@H](COP(=O)(O)O)O3)c2n1,CNc1nc(N)c2ncn([C@H]3C[C@H](O)[C@@H](COP(=O)(O)O)O3)c2n1,CADXCCUKYVHUJO-RRKCRQDMSA-N,valid_ccd,heavy_atom_count_mismatch,24,19,,CCD and coordinate ligand have different heavy-atom counts; review manually
LR00443,Q49,Ligases/TRIM21/PDB/7HN0_Q49.pdb,CN1CC[C@H](Oc2cccc(F)c2)C1=O,CN1CC[C@H](Oc2cccc(F)c2)C1=O,JWLJWMCLUCDWSD-JTQLQIEISA-N,valid_ccd,full_heavy_atom_mcs,15,15,15,CCD graph and coordinate ligand fully mapped; safe for 2D SASA atom indices
LR00444,A13,Ligases/TRIM21/PDB/7HN1_A13.pdb,Cc1cc(C(F)(F)F)nc(N)n1,Cc1cc(C(F)(F)F)nc(N)n1,CNTCLEOUAMWZGS-UHFFFAOYSA-N,valid_ccd,heavy_atom_count_mismatch,12,15,,CCD and coordinate ligand have different heavy-atom counts; review manually
LR00445,A20,Ligases/TRIM21/PDB/7HN2_A20.pdb,NCCCS(=O)(=O)O,NCCCS(=O)(=O)O,SNKZJIOFVMKAOJ-UHFFFAOYSA-N,valid_ccd,heavy_atom_count_mismatch,8,14,,CCD and coordinate ligand have different heavy-atom counts; review manually
LR00446,A01,Ligases/TRIM21/PDB/7HN3_A01.pdb,COc1cccc(OC)c1C(=O)NC[B-](O)(O)O,COc1cccc(OC)c1C(=O)NC[B-](O)(O)O,DRHCTIJAENVGEN-UHFFFAOYSA-N,valid_ccd,heavy_atom_count_mismatch,18,12,,CCD and coordinate ligand have different heavy-atom counts; review manually
LR00447,VZY,Ligases/TRIM21/PDB/7HN4_VZY.pdb,Cc1cccc(C(=O)NCC(=O)O)c1,Cc1cccc(C(=O)NCC(=O)O)c1,YKAKNMHEIJUKEX-UHFFFAOYSA-N,valid_ccd,full_heavy_atom_mcs,14,14,14,CCD graph and coordinate ligand fully mapped; safe for 2D SASA atom indices
LR00448,JFM,Ligases/TRIM21/PDB/7HN5_JFM.pdb,CS(=O)(=O)NCCc1ccccc1,CS(=O)(=O)NCCc1ccccc1,JGDDFCYMSLNOGJ-UHFFFAOYSA-N,valid_ccd,full_heavy_atom_mcs,13,13,13,CCD graph and coordinate ligand fully mapped; safe for 2D SASA atom indices
LR00449,A17,Ligases/TRIM21/PDB/7HN6_A17.pdb,Cc1ccc(C(=O)NC2CC2)cc1-c1ccc2c(-c3ccccc3C)nncc2c1,Cc1ccc(C(=O)NC2CC2)cc1-c1ccc2c(-c3ccccc3C)nncc2c1,GQXMJOSCBRZMKE-UHFFFAOYSA-N,valid_ccd,heavy_atom_count_mismatch,30,15,,CCD and coordinate ligand have different heavy-atom counts; review manually
LR00450,K2M,Ligases/TRIM21/PDB/7HN7_K2M.pdb,NC(=O)N1CCN(C(=O)c2ccco2)CC1,NC(=O)N1CCN(C(=O)c2ccco2)CC1,TWRIXENNPDTMSQ-UHFFFAOYSA-N,valid_ccd,full_heavy_atom_mcs,16,16,16,CCD graph and coordinate ligand fully mapped; safe for 2D SASA atom indices
LR00451,A23,Ligases/TRIM21/PDB/7HN8_A23_1.pdb,Nc1ncnc2c1ncn2[C@@H]1O[C@H](COP(=O)(O)O)[C@H]2O[P@](=O)(O)O[C@H]21,Nc1ncnc2c1ncn2[C@@H]1O[C@H](COP(=O)(O)O)[C@H]2O[P@](=O)(O)O[C@H]21,HJMBCNJTGVMDOA-KQYNXXCUSA-N,valid_ccd,heavy_atom_count_mismatch,26,14,,CCD and coordinate ligand have different heavy-atom counts; review manually
LR00452,A23,Ligases/TRIM21/PDB/7HN8_A23_2.pdb,Nc1ncnc2c1ncn2[C@@H]1O[C@H](COP(=O)(O)O)[C@H]2O[P@](=O)(O)O[C@H]21,Nc1ncnc2c1ncn2[C@@H]1O[C@H](COP(=O)(O)O)[C@H]2O[P@](=O)(O)O[C@H]21,HJMBCNJTGVMDOA-KQYNXXCUSA-N,valid_ccd,heavy_atom_count_mismatch,26,14,,CCD and coordinate ligand have different heavy-atom counts; review manually
LR00453,A26,Ligases/TRIM21/PDB/7HN9_A26.pdb,C/C(O)=C(\C#N)C(=O)Nc1ccc(C(F)(F)F)cc1,C/C(O)=C(\C#N)C(=O)Nc1ccc(C(F)(F)F)cc1,UTNUDOFZCWSZMS-YFHOEESVSA-N,valid_ccd,heavy_atom_count_mismatch,19,15,,CCD and coordinate ligand have different heavy-atom counts; review manually
LR00454,WGM,Ligases/TRIM21/PDB/7HNA_WGM.pdb,CC1(C)CN(c2ncccc2F)C[C@@H]1O,CC1(C)CN(c2ncccc2F)C[C@@H]1O,UEGVWHVSUHDHHI-VIFPVBQESA-N,valid_ccd,full_heavy_atom_mcs,15,15,15,CCD graph and coordinate ligand fully mapped; safe for 2D SASA atom indices
LR00455,T9Q,Ligases/TRIM21/PDB/7HNB_T9Q.pdb,COCC(=O)NCc1ccccc1,COCC(=O)NCc1ccccc1,VLAPGEODGZEQPC-UHFFFAOYSA-N,valid_ccd,full_heavy_atom_mcs,13,13,13,CCD graph and coordinate ligand fully mapped; safe for 2D SASA atom indices
LR00456,TV9,Ligases/TRIM21/PDB/7HNC_TV9.pdb,C[C@H](NC(=O)C1CC1)c1cccnc1,C[C@H](NC(=O)C1CC1)c1cccnc1,XMSIZXIEDPYJDR-QMMMGPOBSA-N,valid_ccd,full_heavy_atom_mcs,14,14,14,CCD graph and coordinate ligand fully mapped; safe for 2D SASA atom indices
LR00457,A24,Ligases/TRIM21/PDB/7HNE_A24.pdb,O=C(NCCN1CCOCC1)c1cc(O[C@H]2O[C@H](CO)[C@H](O)[C@H](O)[C@H]2O)cc([N+](=O)[O-])c1,O=C(NCCN1CCOCC1)c1cc(O[C@H]2O[C@H](CO)[C@H](O)[C@H](O)[C@H]2O)cc([N+](=O)[O-])c1,WUPHPSHNWMGIKP-RDHIYWLCSA-N,valid_ccd,heavy_atom_count_mismatch,32,14,,CCD and coordinate ligand have different heavy-atom counts; review manually
LR00458,A21,Ligases/TRIM21/PDB/7HNF_A21.pdb,C[C@H](NC1=NC(=O)[C@@](C)(C(F)(F)F)S1)c1ccccc1F,C[C@H](NC1=NC(=O)[C@@](C)(C(F)(F)F)S1)c1ccccc1F,KNHNFKZUNFPPQE-MADCSZMMSA-N,valid_ccd,heavy_atom_count_mismatch,21,15,,CCD and coordinate ligand have different heavy-atom counts; review manually
LR00459,O3D,Ligases/TRIM21/PDB/7HNG_O3D.pdb,O=S1(=O)CCN(Cc2ccco2)CC1,O=S1(=O)CCN(Cc2ccco2)CC1,AEOGPIJVSQTAII-UHFFFAOYSA-N,valid_ccd,full_heavy_atom_mcs,14,14,14,CCD graph and coordinate ligand fully mapped; safe for 2D SASA atom indices
LR00460,A16,Ligases/TRIM21/PDB/7HNH_A16.pdb,C[C@H]1O[C@H](O[C@H]2[C@H](O)[C@@H](O)[C@H](O)O[C@@H]2CO)[C@H](O)[C@@H](O)[C@@H]1N[C@H]1CC(CO)[C@@H](O)[C@H](O)[C@H]1O,C[C@H]1O[C@H](O[C@H]2[C@H](O)[C@@H](O)[C@H](O)O[C@@H]2CO)[C@H](O)[C@@H](O)[C@@H]1N[C@H]1CC(CO)[C@@H](O)[C@H](O)[C@H]1O,ARPGGXAVVRZVTA-YGVJSJNKSA-N,valid_ccd,heavy_atom_count_mismatch,33,15,,CCD and coordinate ligand have different heavy-atom counts; review manually
LR00461,NUA,Ligases/TRIM21/PDB/7HNI_NUA.pdb,CCn1cc(NC(=O)C2CCC2)cn1,CCn1cc(NC(=O)C2CCC2)cn1,UVTFDTBDFQZRHD-UHFFFAOYSA-N,valid_ccd,full_heavy_atom_mcs,14,14,14,CCD graph and coordinate ligand fully mapped; safe for 2D SASA atom indices
LR00462,E16,Ligases/TRIM21/PDB/7HNJ_E16.pdb,C[C@@H](NC(=O)[C@H]1N(C(=O)[C@@H](O)[C@H](Cc2ccccc2)NC(=O)[C@@H](NC(=O)[C@@H](N)c2ccccc2)C(C)(C)C)CSC1(C)C)C(C)(C)C,C[C@@H](NC(=O)[C@H]1N(C(=O)[C@@H](O)[C@H](Cc2ccccc2)NC(=O)[C@@H](NC(=O)[C@@H](N)c2ccccc2)C(C)(C)C)CSC1(C)C)C(C)(C)C,RPTQNDJJLCIOJR-OBXVIOLMSA-N,valid_ccd,heavy_atom_count_mismatch,47,15,,CCD and coordinate ligand have different heavy-atom counts; review manually
LR00463,WKG,Ligases/TRIM21/PDB/7HNK_WKG.pdb,CC(=O)N1CCCC2(CCCCCC2)C1,CC(=O)N1CCCC2(CCCCCC2)C1,JPZFTAQMOATKEN-UHFFFAOYSA-N,valid_ccd,full_heavy_atom_mcs,15,15,15,CCD graph and coordinate ligand fully mapped; safe for 2D SASA atom indices
LR00464,RWS,Ligases/TRIM21/PDB/7HNL_RWS.pdb,Cc1nnc(N2CCCCC2)s1,Cc1nnc(N2CCCCC2)s1,IIDJDXATFNHHGO-UHFFFAOYSA-N,valid_ccd,full_heavy_atom_mcs,12,12,12,CCD graph and coordinate ligand fully mapped; safe for 2D SASA atom indices
LR00465,A29,Ligases/TRIM21/PDB/7HNM_A29.pdb,O=C(O)C(=O)c1cccc(O)c1,O=C(O)C(=O)c1cccc(O)c1,NBDYDHVCTKPDRI-UHFFFAOYSA-N,valid_ccd,heavy_atom_count_mismatch,12,15,,CCD and coordinate ligand have different heavy-atom counts; review manually
LR00466,JGP,Ligases/TRIM21/PDB/7HNN_JGP.pdb,O=C(c1ccc2c(c1)OCO2)N1CCCCCC1,O=C(c1ccc2c(c1)OCO2)N1CCCCCC1,ABPXISKFLMGPJG-UHFFFAOYSA-N,valid_ccd,full_heavy_atom_mcs,18,18,18,CCD graph and coordinate ligand fully mapped; safe for 2D SASA atom indices
LR00467,RV4,Ligases/TRIM21/PDB/7HNO_RV4.pdb,CC(=O)Nc1ccc(CN2CCOCC2)cc1,CC(=O)Nc1ccc(CN2CCOCC2)cc1,KFRGDVNNAPFDCF-UHFFFAOYSA-N,valid_ccd,full_heavy_atom_mcs,17,17,17,CCD graph and coordinate ligand fully mapped; safe for 2D SASA atom indices
LR00468,NUY,Ligases/TRIM21/PDB/7HNP_NUY.pdb,CC(C)N1CCN(C(=O)c2cccs2)CC1,CC(C)N1CCN(C(=O)c2cccs2)CC1,ZEVVAPJSMUTCRY-UHFFFAOYSA-N,valid_ccd,full_heavy_atom_mcs,16,16,16,CCD graph and coordinate ligand fully mapped; safe for 2D SASA atom indices
LR00469,GX4,Ligases/TRIM21/PDB/7HNQ_GX4.pdb,O=C(C1CC1)N1CCN(c2ccc(F)cc2)CC1,O=C(C1CC1)N1CCN(c2ccc(F)cc2)CC1,FYCKRJKFEXRNGG-UHFFFAOYSA-N,valid_ccd,full_heavy_atom_mcs,18,18,18,CCD graph and coordinate ligand fully mapped; safe for 2D SASA atom indices
LR00470,NTV,Ligases/TRIM21/PDB/7HNR_NTV.pdb,Cc1c(Cl)cccc1NC(=O)[C@@H]1CCCO1,Cc1c(Cl)cccc1NC(=O)[C@@H]1CCCO1,BKWNJEPRFSSIFE-NSHDSACASA-N,valid_ccd,full_heavy_atom_mcs,16,16,16,CCD graph and coordinate ligand fully mapped; safe for 2D SASA atom indices
LR00471,LQP,Ligases/TRIM21/PDB/7HNS_LQP.pdb,O=C(COC(F)F)N1C[C@H]2CCC[C@H]2C1,O=C(COC(F)F)N1C[C@H]2CCC[C@H]2C1,GFKMUMPBDKROCT-OCAPTIKFSA-N,valid_ccd,full_heavy_atom_mcs,15,15,15,CCD graph and coordinate ligand fully mapped; safe for 2D SASA atom indices
LR00472,GQJ,Ligases/TRIM21/PDB/7HNU_GQJ.pdb,COC(=O)[C@@H]1C[C@@H](O)CN1C(=O)c1ccco1,COC(=O)[C@@H]1C[C@@H](O)CN1C(=O)c1ccco1,GVYWVRYDCMRUCE-SFYZADRCSA-N,valid_ccd,full_heavy_atom_mcs,17,17,17,CCD graph and coordinate ligand fully mapped; safe for 2D SASA atom indices
LR00473,A30,Ligases/TRIM21/PDB/7HNW_A30.pdb,CCOc1ccc(C[C@H](N)C(=O)O)cc1,CCOc1ccc(C[C@H](N)C(=O)O)cc1,RMYPEYHEPIZYDJ-JTQLQIEISA-N,valid_ccd,incomplete_mcs,15,15,10,MCS does not cover every heavy atom
LR00474,WHP,Ligases/TRIM21/PDB/7HNX_WHP.pdb,C[C@@H](NS(C)(=O)=O)c1ccccc1Cl,C[C@@H](NS(C)(=O)=O)c1ccccc1Cl,HMJIOKFBRSKMHO-SSDOTTSWSA-N,valid_ccd,full_heavy_atom_mcs,14,14,14,CCD graph and coordinate ligand fully mapped; safe for 2D SASA atom indices
LR00475,E17,Ligases/TRIM21/PDB/7HO0_E17.pdb,C[C@@H](NC(=O)[C@H]1N(C(=O)[C@@H](O)[C@H](Cc2ccccc2)NC(=O)[C@@H](NC(=O)[C@@H](NC(=O)CN2CCOCC2)c2ccccc2)C(C)(C)C)CSC1(C)C)C(C)(C)C,C[C@@H](NC(=O)[C@H]1N(C(=O)[C@@H](O)[C@H](Cc2ccccc2)NC(=O)[C@@H](NC(=O)[C@@H](NC(=O)CN2CCOCC2)c2ccccc2)C(C)(C)C)CSC1(C)C)C(C)(C)C,SJJQJWGUMHGALA-UOFFPLLDSA-N,valid_ccd,heavy_atom_count_mismatch,56,15,,CCD and coordinate ligand have different heavy-atom counts; review manually
LR00476,A25,Ligases/TRIM21/PDB/7HO1_A25.pdb,O=C1Nc2cncc(n2)OCCCCCOc2ccc(Cl)cc2N1,O=C1Nc2cncc(n2)OCCCCCOc2ccc(Cl)cc2N1,JRSWWYITYIOHOP-UHFFFAOYSA-N,valid_ccd,heavy_atom_count_mismatch,24,14,,CCD and coordinate ligand have different heavy-atom counts; review manually
LR00477,A32,Ligases/TRIM21/PDB/7HO3_A32.pdb,O=C(NCCCN1CCOCC1)c1cc(O[C@H]2O[C@H](CO)[C@H](O)[C@H](O)[C@H]2O)cc([N+](=O)[O-])c1,O=C(NCCCN1CCOCC1)c1cc(O[C@H]2O[C@H](CO)[C@H](O)[C@H](O)[C@H]2O)cc([N+](=O)[O-])c1,CBPMHEKCQNCVNT-QTVCLEQKSA-N,valid_ccd,heavy_atom_count_mismatch,33,15,,CCD and coordinate ligand have different heavy-atom counts; review manually
LR00478,LL0,Ligases/TRIM21/PDB/7HO4_LL0.pdb,NS(=O)(=O)c1ccccc1OC(F)F,NS(=O)(=O)c1ccccc1OC(F)F,XDODAVQVIOWLPT-UHFFFAOYSA-N,valid_ccd,full_heavy_atom_mcs,14,14,14,CCD graph and coordinate ligand fully mapped; safe for 2D SASA atom indices
LR00479,UXD,Ligases/TRIM21/PDB/7HO5_UXD.pdb,O=C(c1cn[nH]c1)N1CCCC1,O=C(c1cn[nH]c1)N1CCCC1,ZCTYYKNBCKBIMR-UHFFFAOYSA-N,valid_ccd,full_heavy_atom_mcs,12,12,12,CCD graph and coordinate ligand fully mapped; safe for 2D SASA atom indices
LR00480,A15,Ligases/TRIM21/PDB/7HO6_A15.pdb,O=C1OC(c2ccc(O)c(Cl)c2)(c2ccc(O)c(Cl)c2)c2cccc3cccc1c23,O=C1OC(c2ccc(O)c(Cl)c2)(c2ccc(O)c(Cl)c2)c2cccc3cccc1c23,HCQHFJBXXMFZHF-UHFFFAOYSA-N,valid_ccd,heavy_atom_count_mismatch,30,15,,CCD and coordinate ligand have different heavy-atom counts; review manually
LR00481,JFP,Ligases/TRIM21/PDB/7HO7_JFP.pdb,CCC(=O)Nc1nc(C)cs1,CCC(=O)Nc1nc(C)cs1,AIOZNYOAFODHNA-UHFFFAOYSA-N,valid_ccd,full_heavy_atom_mcs,11,11,11,CCD graph and coordinate ligand fully mapped; safe for 2D SASA atom indices
LR00482,O1J,Ligases/TRIM21/PDB/7HO8_O1J.pdb,O=C(O)COCc1ccccc1,O=C(O)COCc1ccccc1,GRZHHTYDZVRPIC-UHFFFAOYSA-N,valid_ccd,full_heavy_atom_mcs,12,12,12,CCD graph and coordinate ligand fully mapped; safe for 2D SASA atom indices
LR00483,E18,Ligases/TRIM21/PDB/7HO9_E18.pdb,CN(C)CCS/C(Cc1ccccc1)=N\OS(=O)(=O)O,CN(C)CCS/C(Cc1ccccc1)=N\OS(=O)(=O)O,AJWBDCAFLSUABV-SEYXRHQNSA-N,valid_ccd,heavy_atom_count_mismatch,20,11,,CCD and coordinate ligand have different heavy-atom counts; review manually
LR00484,WNY,Ligases/TRIM21/PDB/7HOA_WNY.pdb,CC(=O)N1CCN(c2ccc(Cl)cc2)CC1,CC(=O)N1CCN(c2ccc(Cl)cc2)CC1,UVYFWYMZWQBGAQ-UHFFFAOYSA-N,valid_ccd,full_heavy_atom_mcs,16,16,16,CCD graph and coordinate ligand fully mapped; safe for 2D SASA atom indices
LR00485,PMZ,Ligases/TRIM21/PDB/8Y58_PMZ.pdb,CC(=O)c1ccc2c(c1)N(CCCN(C)C)c1ccccc1S2,CC(=O)c1ccc2c(c1)N(CCCN(C)C)c1ccccc1S2,NOSIYYJFMPDDSA-UHFFFAOYSA-N,valid_ccd,full_heavy_atom_mcs,23,23,23,CCD graph and coordinate ligand fully mapped; safe for 2D SASA atom indices
LR00486,A42,Ligases/TRIM21/PDB/9EK5_A42.pdb,COc1cc(OC)c(NC(=O)Nc2cnc(C#N)cn2)cc1Cl,COc1cc(OC)c(NC(=O)Nc2cnc(C#N)cn2)cc1Cl,URQYPXQXSVUVRG-UHFFFAOYSA-N,valid_ccd,heavy_atom_count_mismatch,23,29,,CCD and coordinate ligand have different heavy-atom counts; review manually
LR00487,A61,Ligases/TRIM21/PDB/9M3N_A61.pdb,CCC(CC)CN(C[C@@H](O)[C@H](Cc1ccccc1)NC(=O)O[C@H]1CO[C@H]2OCC[C@H]21)S(=O)(=O)c1ccc2ncsc2c1,CCC(CC)CN(C[C@@H](O)[C@H](Cc1ccccc1)NC(=O)O[C@H]1CO[C@H]2OCC[C@H]21)S(=O)(=O)c1ccc2ncsc2c1,RAFDIRILGICCDS-OPUPNEDUSA-N,valid_ccd,heavy_atom_count_mismatch,42,31,,CCD and coordinate ligand have different heavy-atom counts; review manually
LR00488,B00,Ligases/TRIM21/PDB/9Q9O_B00.pdb,Cn1c(N)nc([C@H]2C[C@H]2c2ccccc2)cc1=O,Cn1c(N)nc([C@H]2C[C@H]2c2ccccc2)cc1=O,VTVXXFGROBMFAL-QWRGUYRKSA-N,valid_ccd,heavy_atom_count_mismatch,18,39,,CCD and coordinate ligand have different heavy-atom counts; review manually
LR00489,B01,Ligases/TRIM21/PDB/9Q9P_B01.pdb,N[C@H](Cc1ccccc1)C(=O)N1CCC[C@H]1C(=O)NCc1cc(Cl)ccn1,N[C@H](Cc1ccccc1)C(=O)N1CCC[C@H]1C(=O)NCc1cc(Cl)ccn1,HLPBLACQLHRYRL-MSOLQXFVSA-N,valid_ccd,heavy_atom_count_mismatch,27,39,,CCD and coordinate ligand have different heavy-atom counts; review manually
LR00490,A95,Ligases/TRIM21/PDB/9Q9Q_A95.pdb,COc1ccc(C2(CNC(=O)c3ccc(NC(=O)c4ccco4)cc3)CCOCC2)cc1,COc1ccc(C2(CNC(=O)c3ccc(NC(=O)c4ccco4)cc3)CCOCC2)cc1,ZJZWZIXSGNFWQQ-UHFFFAOYSA-N,valid_ccd,heavy_atom_count_mismatch,32,36,,CCD and coordinate ligand have different heavy-atom counts; review manually
LR00491,B02,Ligases/TRIM21/PDB/9Q9R_B02.pdb,Cc1cccc(-c2ccc([C@@H]3C[C@@H]3c3cc(=O)n(C)c(N)n3)cc2)c1,Cc1cccc(-c2ccc([C@@H]3C[C@@H]3c3cc(=O)n(C)c(N)n3)cc2)c1,STUBOTPNCNDBOA-ROUUACIJSA-N,valid_ccd,heavy_atom_count_mismatch,25,44,,CCD and coordinate ligand have different heavy-atom counts; review manually
LR00492,A89,Ligases/TRIM21/PDB/9QBA_A89.pdb,Cc1cc(C(=O)N[C@@H](Cc2ccc(C(F)(F)P(=O)(O)O)cc2)C(=O)N[C@@H](CCCNC(=O)c2cccc(I)c2)C(N)=O)ccc1Br,Cc1cc(C(=O)N[C@@H](Cc2ccc(C(F)(F)P(=O)(O)O)cc2)C(=O)N[C@@H](CCCNC(=O)c2cccc(I)c2)C(N)=O)ccc1Br,PSWNGHKKMCDZPT-DQEYMECFSA-N,valid_ccd,heavy_atom_count_mismatch,46,29,,CCD and coordinate ligand have different heavy-atom counts; review manually
LR00493,4CN,Ligases/TRIM24/PDB/4YAB_4CN.pdb,Cc1nc(-c2ccc3c(c2)CC(=O)N3C)cs1,Cc1nc(-c2ccc3c(c2)CC(=O)N3C)cs1,ZBEXFNOIOKBKIV-UHFFFAOYSA-N,valid_ccd,full_heavy_atom_mcs,17,17,17,CCD graph and coordinate ligand fully mapped; safe for 2D SASA atom indices
LR00494,4C1,Ligases/TRIM24/PDB/4YC9_4C1.pdb,CCCOc1cc(OCCCCN(C)C)cc(Oc2cc3c(cc2NS(=O)(=O)c2ccc(OC)c(OC)c2)n(C)c(=O)n3C)c1,CCCOc1cc(OCCCCN(C)C)cc(Oc2cc3c(cc2NS(=O)(=O)c2ccc(OC)c(OC)c2)n(C)c(=O)n3C)c1,HYQBRUSSCIAOOD-UHFFFAOYSA-N,valid_ccd,full_heavy_atom_mcs,45,45,45,CCD graph and coordinate ligand fully mapped; safe for 2D SASA atom indices
LR00495,L8B,Ligases/VHL/PDB/3ZRC_L8B_1.pdb,Cc1cc(CC(=O)N2C[C@H](O)C[C@H]2C(=O)NCc2ccc(-c3cnco3)cc2)on1,Cc1cc(CC(=O)N2C[C@H](O)C[C@H]2C(=O)NCc2ccc(-c3cnco3)cc2)on1,HFCLIEBJTGJKSV-AEFFLSMTSA-N,valid_ccd,full_heavy_atom_mcs,30,30,30,CCD graph and coordinate ligand fully mapped; safe for 2D SASA atom indices
LR00496,TR0,Ligases/VHL/PDB/3ZTC_TR0_1.pdb,Cc1cc(CC(=O)N2C[C@H](O)C[C@H]2C(=O)NCc2ccc(-c3ccccc3)cc2)on1,Cc1cc(CC(=O)N2C[C@H](O)C[C@H]2C(=O)NCc2ccc(-c3ccccc3)cc2)on1,NRELVQVYPBFBDC-IRLDBZIGSA-N,valid_ccd,full_heavy_atom_mcs,31,31,31,CCD graph and coordinate ligand fully mapped; safe for 2D SASA atom indices
LR00497,ZTD,Ligases/VHL/PDB/3ZTD_ZTD_1.pdb,COC(=O)c1ccc(CNC(=O)[C@@H]2C[C@@H](O)CN2C(=O)Cc2cc(C)no2)cc1,COC(=O)c1ccc(CNC(=O)[C@@H]2C[C@@H](O)CN2C(=O)Cc2cc(C)no2)cc1,HMFSOBWOOWBCBL-WBVHZDCISA-N,valid_ccd,full_heavy_atom_mcs,29,29,29,CCD graph and coordinate ligand fully mapped; safe for 2D SASA atom indices
LR00498,ZUN,Ligases/VHL/PDB/3ZUN_ZUN_1.pdb,Cc1cc(CC(=O)N2C[C@H](O)C[C@H]2C(=O)NCc2ccc([N+](=O)[O-])cc2)on1,Cc1cc(CC(=O)N2C[C@H](O)C[C@H]2C(=O)NCc2ccc([N+](=O)[O-])cc2)on1,CVKGDHXKAUTTSP-ZBFHGGJFSA-N,valid_ccd,full_heavy_atom_mcs,28,28,28,CCD graph and coordinate ligand fully mapped; safe for 2D SASA atom indices
LR00499,V6F,Ligases/VHL/PDB/4AWJ_V6F_1.pdb,CNC(=O)[C@@H]1C[C@@H](O)CN1C(C)=O,CNC(=O)[C@@H]1C[C@@H](O)CN1C(C)=O,XAZYBLFYZNUKHD-RQJHMYQMSA-N,valid_ccd,full_heavy_atom_mcs,13,13,13,CCD graph and coordinate ligand fully mapped; safe for 2D SASA atom indices
LR00500,UCK,Ligases/VHL/PDB/4B95_UCK_1.pdb,O=C(NCc1ccc(Cl)cc1)[C@@H]1C[C@@H](O)CN1C(=O)c1ccccc1Cl,O=C(NCc1ccc(Cl)cc1)[C@@H]1C[C@@H](O)CN1C(=O)c1ccccc1Cl,POSPLUDREYFAQC-PBHICJAKSA-N,valid_ccd,full_heavy_atom_mcs,26,26,26,CCD graph and coordinate ligand fully mapped; safe for 2D SASA atom indices
LR00501,TG0,Ligases/VHL/PDB/4B9K_TG0_1.pdb,Cc1ncsc1-c1ccc(CNC(=O)[C@@H]2C[C@@H](O)CN2C(=O)c2cccc(N)c2C)cc1,Cc1ncsc1-c1ccc(CNC(=O)[C@@H]2C[C@@H](O)CN2C(=O)c2cccc(N)c2C)cc1,AFUSGLDYQSDIEU-NQIIRXRSSA-N,valid_ccd,full_heavy_atom_mcs,32,32,32,CCD graph and coordinate ligand fully mapped; safe for 2D SASA atom indices
LR00502,X6C,Ligases/VHL/PDB/4BKS_X6C_1.pdb,CC(=O)N1C[C@H](O)C[C@H]1C(=O)NCc1ccc(-c2cnco2)cc1,CC(=O)N1C[C@H](O)C[C@H]1C(=O)NCc1ccc(-c2cnco2)cc1,KFYARNZFJDIZMC-CABCVRRESA-N,valid_ccd,full_heavy_atom_mcs,24,24,24,CCD graph and coordinate ligand fully mapped; safe for 2D SASA atom indices
LR00503,QD0,Ligases/VHL/PDB/4BKT_QD0_1.pdb,CNC(=O)[C@@H]1C[C@@H](O)CN1C(=O)Cc1cc(C)no1,CNC(=O)[C@@H]1C[C@@H](O)CN1C(=O)Cc1cc(C)no1,RKIBNEDMQYMQFM-SCZZXKLOSA-N,valid_ccd,full_heavy_atom_mcs,19,19,19,CCD graph and coordinate ligand fully mapped; safe for 2D SASA atom indices
LR00504,3JG,Ligases/VHL/PDB/4W9C_3JG_1.pdb,CC(C)(C)CC(=O)N1C[C@H](O)C[C@H]1C(=O)NCc1ccc(-c2cnco2)cc1,CC(C)(C)CC(=O)N1C[C@H](O)C[C@H]1C(=O)NCc1ccc(-c2cnco2)cc1,AWAYHHGNFTVEIB-SJORKVTESA-N,valid_ccd,full_heavy_atom_mcs,28,28,28,CCD graph and coordinate ligand fully mapped; safe for 2D SASA atom indices
LR00505,3JK,Ligases/VHL/PDB/4W9D_3JK_1.pdb,Cc1ncoc1-c1ccc(CNC(=O)[C@@H]2C[C@@H](O)CN2C(=O)CC(C)(C)C)cc1,Cc1ncoc1-c1ccc(CNC(=O)[C@@H]2C[C@@H](O)CN2C(=O)CC(C)(C)C)cc1,MHBMGYUTFNIVKQ-MSOLQXFVSA-N,valid_ccd,full_heavy_atom_mcs,29,29,29,CCD graph and coordinate ligand fully mapped; safe for 2D SASA atom indices
LR00506,3JT,Ligases/VHL/PDB/4W9E_3JT_1.pdb,CC(C)(C)CC(=O)N1C[C@H](O)C[C@H]1C(=O)NCc1ccc(-c2cncs2)cc1,CC(C)(C)CC(=O)N1C[C@H](O)C[C@H]1C(=O)NCc1ccc(-c2cncs2)cc1,ZFCSIIZHOAAIJZ-SJORKVTESA-N,valid_ccd,full_heavy_atom_mcs,28,28,28,CCD graph and coordinate ligand fully mapped; safe for 2D SASA atom indices
LR00507,3JU,Ligases/VHL/PDB/4W9F_3JU_1.pdb,Cc1ncsc1-c1ccc(CNC(=O)[C@@H]2C[C@@H](O)CN2C(=O)CC(C)(C)C)cc1,Cc1ncsc1-c1ccc(CNC(=O)[C@@H]2C[C@@H](O)CN2C(=O)CC(C)(C)C)cc1,BULPVMQBJAMSRN-MSOLQXFVSA-N,valid_ccd,full_heavy_atom_mcs,29,29,29,CCD graph and coordinate ligand fully mapped; safe for 2D SASA atom indices
LR00508,3JV,Ligases/VHL/PDB/4W9G_3JV_1.pdb,Cc1cc(CNC(=O)[C@@H]2C[C@@H](O)CN2C(=O)CC(C)(C)C)ccc1-c1cncs1,Cc1cc(CNC(=O)[C@@H]2C[C@@H](O)CN2C(=O)CC(C)(C)C)ccc1-c1cncs1,QBAUKFDDQIMOAJ-AEFFLSMTSA-N,valid_ccd,full_heavy_atom_mcs,29,29,29,CCD graph and coordinate ligand fully mapped; safe for 2D SASA atom indices
LR00509,3JF,Ligases/VHL/PDB/4W9H_3JF_1.pdb,CC(=O)N[C@H](C(=O)N1C[C@H](O)C[C@H]1C(=O)NCc1ccc(-c2scnc2C)cc1)C(C)(C)C,CC(=O)N[C@H](C(=O)N1C[C@H](O)C[C@H]1C(=O)NCc1ccc(-c2scnc2C)cc1)C(C)(C)C,GFVIEZBZIUKYOG-SVFBPWRDSA-N,valid_ccd,full_heavy_atom_mcs,33,33,33,CCD graph and coordinate ligand fully mapped; safe for 2D SASA atom indices
LR00510,3JS,Ligases/VHL/PDB/4W9I_3JS_1.pdb,CC(=O)N1C[C@H](O)C[C@H]1C(=O)N1C[C@H](O)C[C@H]1C(=O)NCc1ccc(-c2scnc2C)cc1,CC(=O)N1C[C@H](O)C[C@H]1C(=O)N1C[C@H](O)C[C@H]1C(=O)NCc1ccc(-c2scnc2C)cc1,CCBNFSALFGXMHG-ZRNYENFQSA-N,valid_ccd,full_heavy_atom_mcs,33,33,33,CCD graph and coordinate ligand fully mapped; safe for 2D SASA atom indices
LR00511,3JH,Ligases/VHL/PDB/4W9J_3JH_1.pdb,CC(=O)N[C@@H](CC(C)C)C(=O)N[C@H](C(=O)N1C[C@H](O)C[C@H]1C(=O)NCc1ccc(-c2scnc2C)cc1)C(C)(C)C,CC(=O)N[C@@H](CC(C)C)C(=O)N[C@H](C(=O)N1C[C@H](O)C[C@H]1C(=O)NCc1ccc(-c2scnc2C)cc1)C(C)(C)C,PHMXBPXKHLNRTM-DDRRAVBJSA-N,valid_ccd,full_heavy_atom_mcs,41,41,41,CCD graph and coordinate ligand fully mapped; safe for 2D SASA atom indices
LR00512,3JO,Ligases/VHL/PDB/4W9K_3JO_1.pdb,CC(=O)N[C@@H](Cc1ccccc1)C(=O)N[C@H](C(=O)N1C[C@H](O)C[C@H]1C(=O)NCc1ccc(-c2scnc2C)cc1)C(C)(C)C,CC(=O)N[C@@H](Cc1ccccc1)C(=O)N[C@H](C(=O)N1C[C@H](O)C[C@H]1C(=O)NCc1ccc(-c2scnc2C)cc1)C(C)(C)C,ALYDGEQICGMVIP-UYIZUTNXSA-N,valid_ccd,full_heavy_atom_mcs,44,44,44,CCD graph and coordinate ligand fully mapped; safe for 2D SASA atom indices
LR00513,3JJ,Ligases/VHL/PDB/4W9L_3JJ_1.pdb,CC(=O)N[C@H](C(=O)N[C@H](C(=O)N1C[C@H](O)C[C@H]1C(=O)NCc1ccc(-c2scnc2C)cc1)C(C)(C)C)C(C)(C)C,CC(=O)N[C@H](C(=O)N[C@H](C(=O)N1C[C@H](O)C[C@H]1C(=O)NCc1ccc(-c2scnc2C)cc1)C(C)(C)C)C(C)(C)C,BSMNRBWKVZRMBK-PEISPCAHSA-N,valid_ccd,full_heavy_atom_mcs,41,41,41,CCD graph and coordinate ligand fully mapped; safe for 2D SASA atom indices
LR00514,6Z3,Ligases/VHL/PDB/5LLI_6Z3_1.pdb,Cc1ncsc1-c1ccc(CNC(=O)[C@@H]2C[C@@H](O)CN2C(=O)[C@@H](NC(=O)C2(C#N)CC2)C(C)(C)C)cc1,Cc1ncsc1-c1ccc(CNC(=O)[C@@H]2C[C@@H](O)CN2C(=O)[C@@H](NC(=O)C2(C#N)CC2)C(C)(C)C)cc1,NDVQUNZCNAMROD-RZUBCFFCSA-N,valid_ccd,full_heavy_atom_mcs,37,37,37,CCD graph and coordinate ligand fully mapped; safe for 2D SASA atom indices
LR00515,9BT,Ligases/VHL/PDB/5NVV_9BT_1.pdb,Cc1ncsc1-c1ccc(CNC(=O)[C@@H]2C[C@@H](O)CN2C(=O)[C@@H](NC(=O)CO)C(C)(C)C)cc1,Cc1ncsc1-c1ccc(CNC(=O)[C@@H]2C[C@@H](O)CN2C(=O)[C@@H](NC(=O)CO)C(C)(C)C)cc1,OFCMFZVSIVJIET-LVCYWYKZSA-N,valid_ccd,full_heavy_atom_mcs,34,34,34,CCD graph and coordinate ligand fully mapped; safe for 2D SASA atom indices
LR00516,9BW,Ligases/VHL/PDB/5NVW_9BW_1.pdb,Cc1ncsc1-c1ccc(CNC(=O)[C@@H]2C[C@@H](O)CN2C(=O)[C@@H](NC(=O)C2CC2)C(C)(C)C)cc1,Cc1ncsc1-c1ccc(CNC(=O)[C@@H]2C[C@@H](O)CN2C(=O)[C@@H](NC(=O)C2CC2)C(C)(C)C)cc1,TXHVAXXHWXOMKR-RZUBCFFCSA-N,valid_ccd,full_heavy_atom_mcs,35,35,35,CCD graph and coordinate ligand fully mapped; safe for 2D SASA atom indices
LR00517,4YY,Ligases/VHL/PDB/5NVX_4YY_1.pdb,Cc1ncsc1-c1ccc(CNC(=O)[C@@H]2C[C@@H](O)CN2C(=O)[C@@H](NC(=O)C2(F)CC2)C(C)(C)C)cc1,Cc1ncsc1-c1ccc(CNC(=O)[C@@H]2C[C@@H](O)CN2C(=O)[C@@H](NC(=O)C2(F)CC2)C(C)(C)C)cc1,GFNCBUDQFXZVNN-SVFBPWRDSA-N,valid_ccd,full_heavy_atom_mcs,36,36,36,CCD graph and coordinate ligand fully mapped; safe for 2D SASA atom indices
LR00518,9B5,Ligases/VHL/PDB/5NVY_9B5_1.pdb,CC(=O)N[C@@H](C)C(=O)N1C[C@H](O)C[C@H]1C(=O)NCc1ccc(-c2scnc2C)cc1,CC(=O)N[C@@H](C)C(=O)N1C[C@H](O)C[C@H]1C(=O)NCc1ccc(-c2scnc2C)cc1,JKHAXURJIZDRKK-VHSSKADRSA-N,valid_ccd,full_heavy_atom_mcs,30,30,30,CCD graph and coordinate ligand fully mapped; safe for 2D SASA atom indices
LR00519,9BN,Ligases/VHL/PDB/5NVZ_9BN_1.pdb,CC(=O)C1(C(=O)N[C@H](C(=O)N2C[C@H](O)C[C@H]2C(=O)NCc2ccc(-c3scnc3C)cc2)C(C)(C)C)CC1,CC(=O)C1(C(=O)N[C@H](C(=O)N2C[C@H](O)C[C@H]2C(=O)NCc2ccc(-c3scnc3C)cc2)C(C)(C)C)CC1,JNBFSDQPUBSKFV-FUPPJEDESA-N,valid_ccd,full_heavy_atom_mcs,38,38,38,CCD graph and coordinate ligand fully mapped; safe for 2D SASA atom indices
LR00520,9BK,Ligases/VHL/PDB/5NW0_9BK_1.pdb,CC(=O)NC1(C(=O)N[C@H](C(=O)N2C[C@H](O)C[C@H]2C(=O)NCc2ccc(-c3scnc3C)cc2)C(C)(C)C)CC1,CC(=O)NC1(C(=O)N[C@H](C(=O)N2C[C@H](O)C[C@H]2C(=O)NCc2ccc(-c3scnc3C)cc2)C(C)(C)C)CC1,SFLOLDSFURSREE-FUPPJEDESA-N,valid_ccd,full_heavy_atom_mcs,39,39,39,CCD graph and coordinate ligand fully mapped; safe for 2D SASA atom indices
LR00521,9BH,Ligases/VHL/PDB/5NW1_9BH_1.pdb,Cc1ncsc1-c1ccc(CNC(=O)[C@@H]2C[C@@H](O)CN2C(=O)[C@@H](NC(=O)C2CCC2)C(C)(C)C)cc1,Cc1ncsc1-c1ccc(CNC(=O)[C@@H]2C[C@@H](O)CN2C(=O)[C@@H](NC(=O)C2CCC2)C(C)(C)C)cc1,DKNMIOWXDLCWDG-FUPPJEDESA-N,valid_ccd,full_heavy_atom_mcs,36,36,36,CCD graph and coordinate ligand fully mapped; safe for 2D SASA atom indices
LR00522,9B8,Ligases/VHL/PDB/5NW2_9B8_1.pdb,Cc1ncsc1-c1ccc(CNC(=O)[C@@H]2C[C@@H](O)CN2C(=O)[C@@H](NC(=O)C2COC2)C(C)(C)C)cc1,Cc1ncsc1-c1ccc(CNC(=O)[C@@H]2C[C@@H](O)CN2C(=O)[C@@H](NC(=O)C2COC2)C(C)(C)C)cc1,NKBZEWGYKXYCGU-RZUBCFFCSA-N,valid_ccd,full_heavy_atom_mcs,36,36,36,CCD graph and coordinate ligand fully mapped; safe for 2D SASA atom indices
LR00523,DV2,Ligases/VHL/PDB/6FMI_DV2_1.pdb,CC(=O)N[C@@H](C)C(=O)N1C[C@H](O)C[C@H]1C(=S)NCc1ccc(-c2scnc2C)cc1,CC(=O)N[C@@H](C)C(=O)N1C[C@H](O)C[C@H]1C(=S)NCc1ccc(-c2scnc2C)cc1,XGBXEQHIGHVMKO-VHSSKADRSA-N,valid_ccd,full_heavy_atom_mcs,30,30,30,CCD graph and coordinate ligand fully mapped; safe for 2D SASA atom indices
LR00524,DV5,Ligases/VHL/PDB/6FMJ_DV5_1.pdb,CC(=O)N[C@@H](C)C(=S)N1C[C@H](O)C[C@H]1C(=O)NCc1ccc(-c2scnc2C)cc1,CC(=O)N[C@@H](C)C(=S)N1C[C@H](O)C[C@H]1C(=O)NCc1ccc(-c2scnc2C)cc1,WHYNNQMYHZONCV-VHSSKADRSA-N,valid_ccd,full_heavy_atom_mcs,30,30,30,CCD graph and coordinate ligand fully mapped; safe for 2D SASA atom indices
LR00525,DV8,Ligases/VHL/PDB/6FMK_DV8_1.pdb,CC(=O)N[C@@H](C)C(=S)N1C[C@H](O)C[C@H]1C(=S)NCc1ccc(-c2scnc2C)cc1,CC(=O)N[C@@H](C)C(=S)N1C[C@H](O)C[C@H]1C(=S)NCc1ccc(-c2scnc2C)cc1,NPFDMJWSPHYAKU-VHSSKADRSA-N,valid_ccd,full_heavy_atom_mcs,30,30,30,CCD graph and coordinate ligand fully mapped; safe for 2D SASA atom indices
LR00526,EXH,Ligases/VHL/PDB/6GFY_EXH_1.pdb,CC(=O)N[C@H](C(=O)N1C[C@H](O)[C@H](F)[C@H]1C(=O)NCc1ccc(-c2scnc2C)cc1)C(C)(C)C,CC(=O)N[C@H](C(=O)N1C[C@H](O)[C@H](F)[C@H]1C(=O)NCc1ccc(-c2scnc2C)cc1)C(C)(C)C,MNNVXLLCYGGFOQ-VNYTWHDVSA-N,valid_ccd,full_heavy_atom_mcs,34,34,34,CCD graph and coordinate ligand fully mapped; safe for 2D SASA atom indices
LR00527,EXE,Ligases/VHL/PDB/6GFZ_EXE_1.pdb,CC(=O)N[C@H](C(=O)N1C[C@H](O)[C@@H](F)[C@H]1C(=O)NCc1ccc(-c2scnc2C)cc1)C(C)(C)C,CC(=O)N[C@H](C(=O)N1C[C@H](O)[C@@H](F)[C@H]1C(=O)NCc1ccc(-c2scnc2C)cc1)C(C)(C)C,MNNVXLLCYGGFOQ-YOUFYPILSA-N,valid_ccd,full_heavy_atom_mcs,34,34,34,CCD graph and coordinate ligand fully mapped; safe for 2D SASA atom indices
LR00528,F4K,Ligases/VHL/PDB/6GMR_F4K.pdb,OCc1ccc(-n2cccc2)cc1,OCc1ccc(-n2cccc2)cc1,LQQQPLUFBVYLRE-UHFFFAOYSA-N,valid_ccd,full_heavy_atom_mcs,13,13,13,CCD graph and coordinate ligand fully mapped; safe for 2D SASA atom indices
LR00529,QF7,Ligases/VHL/PDB/8BDI_QF7_1.pdb,CNC(=O)C[C@H](NC(=O)[C@@H]1C[C@@H](O)CN1C(=O)[C@@H](NC(=O)C1(F)CC1)C(C)(C)C)c1ccc(-c2scnc2C)cc1,CNC(=O)C[C@H](NC(=O)[C@@H]1C[C@@H](O)CN1C(=O)[C@@H](NC(=O)C1(F)CC1)C(C)(C)C)c1ccc(-c2scnc2C)cc1,PTPPMFQIIPBSRV-MDAIXWLXSA-N,valid_ccd,full_heavy_atom_mcs,41,41,41,CCD graph and coordinate ligand fully mapped; safe for 2D SASA atom indices
LR00530,QE0,Ligases/VHL/PDB/8BDJ_QE0_1.pdb,COCCOc1cc(Cl)ccc1[C@H](C)NC(=O)[C@@H]1C[C@@H](O)CN1C(=O)[C@@H](c1cc(C)no1)C(C)C,COCCOc1cc(Cl)ccc1[C@H](C)NC(=O)[C@@H]1C[C@@H](O)CN1C(=O)[C@@H](c1cc(C)no1)C(C)C,WKWHAFRANUQYKI-KZHMMYNISA-N,valid_ccd,full_heavy_atom_mcs,35,35,35,CCD graph and coordinate ligand fully mapped; safe for 2D SASA atom indices
LR00531,QF3,Ligases/VHL/PDB/8BDL_QF3_1.pdb,COCCOc1cc(-c2scnc2C)ccc1[C@H](C)NC(=O)[C@@H]1C[C@@H](O)CN1C(=O)[C@@H](c1cc(C)no1)C(C)C,COCCOc1cc(-c2scnc2C)ccc1[C@H](C)NC(=O)[C@@H]1C[C@@H](O)CN1C(=O)[C@@H](c1cc(C)no1)C(C)C,VMVWCWSHAYNZLZ-CVGMMOOQSA-N,valid_ccd,full_heavy_atom_mcs,40,40,40,CCD graph and coordinate ligand fully mapped; safe for 2D SASA atom indices
LR00532,QE9,Ligases/VHL/PDB/8BDM_QE9_1.pdb,COCCOc1cc(-c2scnc2C)ccc1CNC(=O)[C@@H]1C[C@@H](O)CN1C(=O)[C@@H](c1cc(C)no1)C(C)C,COCCOc1cc(-c2scnc2C)ccc1CNC(=O)[C@@H]1C[C@@H](O)CN1C(=O)[C@@H](c1cc(C)no1)C(C)C,WWEGKLBXPISXSU-OTNCWRBYSA-N,valid_ccd,full_heavy_atom_mcs,39,39,39,CCD graph and coordinate ligand fully mapped; safe for 2D SASA atom indices
LR00533,QFR,Ligases/VHL/PDB/8BDN_QFR_1.pdb,Cc1cc([C@H](C(=O)N2C[C@H](O)C[C@H]2C2=NO[C@](C)(c3ccc(-c4scnc4C)cc3)N2)C(C)C)on1,Cc1cc([C@H](C(=O)N2C[C@H](O)C[C@H]2C2=NO[C@](C)(c3ccc(-c4scnc4C)cc3)N2)C(C)C)on1,SJWOQSNEWHFLAZ-RVNGOIKDSA-N,valid_ccd,full_heavy_atom_mcs,36,36,36,CCD graph and coordinate ligand fully mapped; safe for 2D SASA atom indices
LR00534,QFF,Ligases/VHL/PDB/8BDO_QFF_1.pdb,Cc1cc([C@H](C(=O)N2C[C@H](O)C[C@H]2C(=O)NOc2ccc(-c3scnc3C)cc2)C(C)C)on1,Cc1cc([C@H](C(=O)N2C[C@H](O)C[C@H]2C(=O)NOc2ccc(-c3scnc3C)cc2)C(C)C)on1,JHCAFLBHJQDQTN-SLYNCCJLSA-N,valid_ccd,full_heavy_atom_mcs,34,34,34,CCD graph and coordinate ligand fully mapped; safe for 2D SASA atom indices
LR00535,VFO,Ligases/VHL/PDB/8CQE_VFO_1.pdb,Cc1ncsc1-c1cc2c(cc1F)[C@@H](NC(=O)[C@@H]1C[C@@H](O)CN1C(=O)[C@@H](NC(=O)C1(F)CC1)C(C)(C)C)CCC2,Cc1ncsc1-c1cc2c(cc1F)[C@@H](NC(=O)[C@@H]1C[C@@H](O)CN1C(=O)[C@@H](NC(=O)C1(F)CC1)C(C)(C)C)CCC2,HWXXTNVUYSSVNI-IBTIQNRDSA-N,valid_ccd,full_heavy_atom_mcs,40,40,40,CCD graph and coordinate ligand fully mapped; safe for 2D SASA atom indices
LR00536,VYQ,Ligases/VHL/PDB/8CQK_VYQ_1.pdb,Cc1cc(-c2scnc2C)ccc1[C@H](C)NC(=O)[C@@H]1C[C@@H](O)CN1C(=O)[C@@H](NC(=O)C1(F)CC1)C(C)(C)C,Cc1cc(-c2scnc2C)ccc1[C@H](C)NC(=O)[C@@H]1C[C@@H](O)CN1C(=O)[C@@H](NC(=O)C1(F)CC1)C(C)(C)C,NBHYPBDUODSQHJ-DTPUHQDNSA-N,valid_ccd,full_heavy_atom_mcs,38,38,38,CCD graph and coordinate ligand fully mapped; safe for 2D SASA atom indices
LR00537,VH3,Ligases/VHL/PDB/8CQL_VH3_1.pdb,COc1cc(-c2scnc2C)c(F)cc1[C@H](C)NC(=O)[C@@H]1C[C@@H](O)CN1C(=O)[C@@H](NC(=O)C1(F)CC1)C(C)(C)C,COc1cc(-c2scnc2C)c(F)cc1[C@H](C)NC(=O)[C@@H]1C[C@@H](O)CN1C(=O)[C@@H](NC(=O)C1(F)CC1)C(C)(C)C,PWPAOVSRKMPDRI-SKSOZTCFSA-N,valid_ccd,full_heavy_atom_mcs,40,40,40,CCD graph and coordinate ligand fully mapped; safe for 2D SASA atom indices
LR00538,WBN,Ligases/VHL/PDB/8P0F_WBN_1.pdb,Cc1ncsc1-c1ccc(CNC(=O)[C@H]2C[C@@H](O)CN(c3ccccn3)C2=O)cc1,Cc1ncsc1-c1ccc(CNC(=O)[C@H]2C[C@@H](O)CN(c3ccccn3)C2=O)cc1,LCYOGYSKPSKGLU-QZTJIDSGSA-N,valid_ccd,full_heavy_atom_mcs,30,30,30,CCD graph and coordinate ligand fully mapped; safe for 2D SASA atom indices
LR00539,REI,Ligases/VHL/PDB/8QCU_REI.pdb,,,,missing_ccd_component,not_repaired,0,,,No matching component ID was found in the CCD SMILES export
LR00540,VHL,Ligases/VHL/PDB/8QCU_VHL_1.pdb,[O+]#[C-]->[Re+](<-[C-]#[O+])(<-[C-]#[O+])([n]1ccnc1)[n]1ccnc1,[O+]#[C-]->[Re+](<-[C-]#[O+])(<-[C-]#[O+])([n]1ccnc1)[n]1ccnc1,,valid_ccd,incomplete_mcs,17,17,17,MCS does not cover every heavy atom
LR00541,VL6,Ligases/VHL/PDB/8QJS_VL6_1.pdb,COCCOCCOc1cc([C@H](C(=O)N2C[C@H](O)C[C@H]2C(=O)N[C@@H](C)c2ccc(-c3scnc3C)cc2)C(C)C)on1,COCCOCCOc1cc([C@H](C(=O)N2C[C@H](O)C[C@H]2C(=O)N[C@@H](C)c2ccc(-c3scnc3C)cc2)C(C)C)on1,NBSZVQIAZCKTLM-BOALBMDWSA-N,valid_ccd,full_heavy_atom_mcs,42,42,42,CCD graph and coordinate ligand fully mapped; safe for 2D SASA atom indices
LR00542,3JF,Ligases/VHL/PDB/8VLB_3JF.pdb,CC(=O)N[C@H](C(=O)N1C[C@H](O)C[C@H]1C(=O)NCc1ccc(-c2scnc2C)cc1)C(C)(C)C,CC(=O)N[C@H](C(=O)N1C[C@H](O)C[C@H]1C(=O)NCc1ccc(-c2scnc2C)cc1)C(C)(C)C,GFVIEZBZIUKYOG-SVFBPWRDSA-N,valid_ccd,full_heavy_atom_mcs,33,33,33,CCD graph and coordinate ligand fully mapped; safe for 2D SASA atom indices
LR00543,E19,Ligases/VHL/PDB/9BOL_E19.pdb,,,,missing_ccd_component,not_repaired,0,,,No matching component ID was found in the CCD SMILES export
LR00544,A77,Ligases/VHL/PDB/9EQJ_A77_1.pdb,CC(C)[C@H](NC(=O)N(C)Cc1ccccn1)C(=O)N[C@@H](Cc1ccccc1)[C@H](O)[C@H](O)[C@H](Cc1ccccc1)NC(=O)[C@@H](NC(=O)N(C)Cc1ccccn1)C(C)C,CC(C)[C@H](NC(=O)N(C)Cc1ccccn1)C(=O)N[C@@H](Cc1ccccc1)[C@H](O)[C@H](O)[C@H](Cc1ccccc1)NC(=O)[C@@H](NC(=O)N(C)Cc1ccccn1)C(C)C,QPVWMQXBTCSLCB-BYAJYZPISA-N,valid_ccd,heavy_atom_count_mismatch,58,50,,CCD and coordinate ligand have different heavy-atom counts; review manually
LR00545,A78,Ligases/VHL/PDB/9EQM_A78.pdb,CC(C)[C@H](NC(=O)N(C)Cc1cccc[nH+]1)C(=O)N[C@@H](Cc1ccccc1)C[C@H](O)[C@H](Cc1ccccc1)NC(=O)[C@@H](NC(=O)N(C)Cc1cccc[nH+]1)C(C)C,CC(C)[C@H](NC(=O)N(C)Cc1cccc[nH+]1)C(=O)N[C@@H](Cc1ccccc1)C[C@H](O)[C@H](Cc1ccccc1)NC(=O)[C@@H](NC(=O)N(C)Cc1cccc[nH+]1)C(C)C,KTXGTJRUYOGULA-HECCNADXSA-P,valid_ccd,heavy_atom_count_mismatch,57,50,,CCD and coordinate ligand have different heavy-atom counts; review manually
LR00546,A75,Ligases/VHL/PDB/9F1M_A75_1.pdb,O=C(O)c1c(NS(=O)(=O)c2ccccc2)ccc2c1CCCC2,O=C(O)c1c(NS(=O)(=O)c2ccccc2)ccc2c1CCCC2,RRXVUYHFDBLTEL-UHFFFAOYSA-N,valid_ccd,heavy_atom_count_mismatch,23,46,,CCD and coordinate ligand have different heavy-atom counts; review manually
LR00547,A76,Ligases/VHL/PDB/9F1N_A76_1.pdb,CC(C)[C@H](NC(=O)N(C)Cc1ccccn1)C(=O)N[C@@H](Cc1ccccc1)[C@@H](O)[C@H](O)[C@H](Cc1ccccc1)NC(=O)[C@@H](NC(=O)N(C)Cc1ccccn1)C(C)C,CC(C)[C@H](NC(=O)N(C)Cc1ccccn1)C(=O)N[C@@H](Cc1ccccc1)[C@@H](O)[C@H](O)[C@H](Cc1ccccc1)NC(=O)[C@@H](NC(=O)N(C)Cc1ccccn1)C(C)C,QPVWMQXBTCSLCB-RRUVMKMCSA-N,valid_ccd,heavy_atom_count_mismatch,58,47,,CCD and coordinate ligand have different heavy-atom counts; review manually
LR00548,REI,Ligases/VHL/PDB/9GHX_REI.pdb,,,,missing_ccd_component,not_repaired,0,,,No matching component ID was found in the CCD SMILES export
LR00549,VHL,Ligases/VHL/PDB/9GHX_VHL_1.pdb,[O+]#[C-]->[Re+](<-[C-]#[O+])(<-[C-]#[O+])([n]1ccnc1)[n]1ccnc1,[O+]#[C-]->[Re+](<-[C-]#[O+])(<-[C-]#[O+])([n]1ccnc1)[n]1ccnc1,,valid_ccd,incomplete_mcs,17,17,17,MCS does not cover every heavy atom
LR00550,A84,Ligases/VHL/PDB/9GIO_A84.pdb,CN(C)C/C=C\c1cc(F)ccc1S(=O)(=O)Nc1ccc2c(c1C(=O)O)CCCC2,CN(C)C/C=C\c1cc(F)ccc1S(=O)(=O)Nc1ccc2c(c1C(=O)O)CCCC2,CTZLIARLNXSXGL-ALCCZGGFSA-N,valid_ccd,heavy_atom_count_mismatch,30,25,,CCD and coordinate ligand have different heavy-atom counts; review manually
LR00551,A51,Ligases/VHL/PDB/9OIO_A51_1.pdb,O=C1OCC/C1=C\Nc1ccccc1,O=C1OCC/C1=C\Nc1ccccc1,BKXNPYSVWOVZGX-CMDGGOBGSA-N,valid_ccd,heavy_atom_count_mismatch,14,17,,CCD and coordinate ligand have different heavy-atom counts; review manually
LR00552,A99,Ligases/VHL/PDB/9QE4_A99_1.pdb,C[C@H](OP(=O)(O)OP(=O)(O)OP(=O)(O)OC[C@H]1O[C@@H](n2cnc3c(N)ncnc32)[C@H](O)[C@@H]1O)c1ccccc1[N+](=O)[O-],C[C@H](OP(=O)(O)OP(=O)(O)OP(=O)(O)OC[C@H]1O[C@@H](n2cnc3c(N)ncnc32)[C@H](O)[C@@H]1O)c1ccccc1[N+](=O)[O-],UOLVQBSMMHANLG-YBGGAFRISA-N,valid_ccd,heavy_atom_count_mismatch,42,37,,CCD and coordinate ligand have different heavy-atom counts; review manually
LR00553,A98,Ligases/VHL/PDB/9QE5_A98_1.pdb,CCSc1nnc(NC(=O)OC)s1,CCSc1nnc(NC(=O)OC)s1,SSCYIPXZAWJONZ-UHFFFAOYSA-N,valid_ccd,heavy_atom_count_mismatch,13,37,,CCD and coordinate ligand have different heavy-atom counts; review manually
LR00554,998,Ligases/XIAP/PDB/1TFQ_998.pdb,CN[C@@H](C)C(=O)N[C@H](C(=O)N1CCC[C@H]1C(=O)N[C@@H]1CCCc2ccccc21)C(C)(C)C,CN[C@@H](C)C(=O)N[C@H](C(=O)N1CCC[C@H]1C(=O)N[C@@H]1CCCc2ccccc21)C(C)(C)C,JUJIMRZGUBTJRV-NASSWSRMSA-N,valid_ccd,full_heavy_atom_mcs,32,32,32,CCD graph and coordinate ligand fully mapped; safe for 2D SASA atom indices
LR00555,997,Ligases/XIAP/PDB/1TFT_997.pdb,CN[C@@H](C)C(=O)N[C@H](C(=O)N1C[C@@H](Oc2ccccc2)C[C@H]1C(=O)N[C@@H]1CCCc2ccccc21)C(C)(C)C,CN[C@@H](C)C(=O)N[C@H](C(=O)N1C[C@@H](Oc2ccccc2)C[C@H]1C(=O)N[C@@H]1CCCc2ccccc21)C(C)(C)C,QKPXPZYQPBWDHS-MCJAPYMPSA-N,valid_ccd,full_heavy_atom_mcs,39,39,39,CCD graph and coordinate ligand fully mapped; safe for 2D SASA atom indices
LR00556,BI6,Ligases/XIAP/PDB/2JK7_BI6.pdb,C=N[C@@H](CC)C(=O)N[C@H]1C=CCC[C@H]2CC[C@@H](C(=O)NC(c3ccccc3)c3ccccc3)N2C1=O,C=N[C@@H](CC)C(=O)N[C@H]1C=CCC[C@H]2CC[C@@H](C(=O)NC(c3ccccc3)c3ccccc3)N2C1=O,DOJSRSYBMNHTER-QORCZRPOSA-N,valid_ccd,full_heavy_atom_mcs,36,36,36,CCD graph and coordinate ligand fully mapped; safe for 2D SASA atom indices
LR00557,CO9,Ligases/XIAP/PDB/2OPY_CO9.pdb,C[C@H](N)c1nc(C(=O)N2CCC[C@H]2C(=O)N[C@@H](Cc2c[nH]c3ccccc23)C(=O)O)co1,C[C@H](N)c1nc(C(=O)N2CCC[C@H]2C(=O)N[C@@H](Cc2c[nH]c3ccccc23)C(=O)O)co1,FBRCDLGEWAXPMI-IWEFOYFVSA-N,valid_ccd,full_heavy_atom_mcs,32,32,32,CCD graph and coordinate ligand fully mapped; safe for 2D SASA atom indices
LR00558,X22,Ligases/XIAP/PDB/3CLX_X22.pdb,CC[C@H](N)C(=O)N[C@@H]1C(=O)N2[C@@H](CC[C@@H]1CO)CC[C@H]2C(=O)NC(c1ccccc1)c1ccccc1,CC[C@H](N)C(=O)N[C@@H]1C(=O)N2[C@@H](CC[C@@H]1CO)CC[C@H]2C(=O)NC(c1ccccc1)c1ccccc1,WXYVFFGXHFXTLU-FCRIMTMASA-N,valid_ccd,full_heavy_atom_mcs,36,36,36,CCD graph and coordinate ligand fully mapped; safe for 2D SASA atom indices
LR00559,X23,Ligases/XIAP/PDB/3CM2_X23.pdb,CC[C@H](N)C(=O)N[C@@H]1C(=O)N2[C@@H](CC[C@@H]1CN)CC[C@H]2C(=O)NC(c1ccccc1)c1ccccc1,CC[C@H](N)C(=O)N[C@@H]1C(=O)N2[C@@H](CC[C@@H]1CN)CC[C@H]2C(=O)NC(c1ccccc1)c1ccccc1,XXJHZERDDCOFPK-FCRIMTMASA-N,valid_ccd,full_heavy_atom_mcs,36,36,36,CCD graph and coordinate ligand fully mapped; safe for 2D SASA atom indices
LR00560,X22,Ligases/XIAP/PDB/3CM7_X22.pdb,CC[C@H](N)C(=O)N[C@@H]1C(=O)N2[C@@H](CC[C@@H]1CO)CC[C@H]2C(=O)NC(c1ccccc1)c1ccccc1,CC[C@H](N)C(=O)N[C@@H]1C(=O)N2[C@@H](CC[C@@H]1CO)CC[C@H]2C(=O)NC(c1ccccc1)c1ccccc1,WXYVFFGXHFXTLU-FCRIMTMASA-N,valid_ccd,full_heavy_atom_mcs,36,36,36,CCD graph and coordinate ligand fully mapped; safe for 2D SASA atom indices
LR00561,SMK,Ligases/XIAP/PDB/3EYL_SMK.pdb,CC[C@H](N)C(=O)N[C@@H]1C(=O)N2[C@@H](CC[C@@H]1CCN)CC[C@H]2C(=O)NC(c1ccccc1)c1ccccc1,CC[C@H](N)C(=O)N[C@@H]1C(=O)N2[C@@H](CC[C@@H]1CCN)CC[C@H]2C(=O)NC(c1ccccc1)c1ccccc1,KQHWCFZCUNTTCW-VEGWMBEDSA-N,valid_ccd,full_heavy_atom_mcs,37,37,37,CCD graph and coordinate ligand fully mapped; safe for 2D SASA atom indices
LR00562,9JZ,Ligases/XIAP/PDB/3HL5_9JZ.pdb,CN[C@@H](C)C(=O)N[C@H](C(=O)N1CC[C@H](C)[C@H]1C(=O)Nc1ccccc1-c1ncccn1)C1CCCCC1,CN[C@@H](C)C(=O)N[C@H](C(=O)N1CC[C@H](C)[C@H]1C(=O)Nc1ccccc1-c1ncccn1)C1CCCCC1,HNXBUVYVPBCESY-WJNSRDFLSA-N,valid_ccd,full_heavy_atom_mcs,37,37,37,CCD graph and coordinate ligand fully mapped; safe for 2D SASA atom indices
LR00563,1AQ,Ligases/XIAP/PDB/4HY0_1AQ.pdb,CCO[C@@H]1C[C@@H]2CN(C(=O)[C@@H](NC(=O)[C@H](C)NC)C3CCC(F)(F)CC3)[C@H](C(=O)N[C@@H]3CCOc4ccccc43)CN2C1,CCO[C@@H]1C[C@@H]2CN(C(=O)[C@@H](NC(=O)[C@H](C)NC)C3CCC(F)(F)CC3)[C@H](C(=O)N[C@@H]3CCOc4ccccc43)CN2C1,WQLHYSFOEZZZDD-QAPMSZJWSA-N,valid_ccd,full_heavy_atom_mcs,43,43,43,CCD graph and coordinate ligand fully mapped; safe for 2D SASA atom indices
LR00564,1RH,Ligases/XIAP/PDB/4KJU_1RH.pdb,CN[C@@H](C)C(=O)N[C@H]1CN(C(=O)c2ccc(N)cc2)c2ccccc2N(Cc2c(OC)ccc3ccccc23)C1=O,CN[C@@H](C)C(=O)N[C@H]1CN(C(=O)c2ccc(N)cc2)c2ccccc2N(Cc2c(OC)ccc3ccccc23)C1=O,BXNIMYHZUMCTGM-FNZWTVRRSA-N,valid_ccd,full_heavy_atom_mcs,41,41,41,CCD graph and coordinate ligand fully mapped; safe for 2D SASA atom indices
LR00565,1RK,Ligases/XIAP/PDB/4KJV_1RK.pdb,CN[C@@H](C)C(=O)N[C@@H]1C(=O)N(Cc2c(OC)ccc3cc(C(=O)O)ccc23)c2ccccc2OC12CCOCC2,CN[C@@H](C)C(=O)N[C@@H]1C(=O)N(Cc2c(OC)ccc3cc(C(=O)O)ccc23)c2ccccc2OC12CCOCC2,PXBQMHIHZVFKSD-HFJWLAOPSA-N,valid_ccd,full_heavy_atom_mcs,40,40,40,CCD graph and coordinate ligand fully mapped; safe for 2D SASA atom indices
LR00566,4LZ,Ligases/XIAP/PDB/4WVS_4LZ.pdb,N=[N+]=NCCOc1ccc(C[C@H](N)C(=O)O)cc1,N=[N+]=NCCOc1ccc(C[C@H](N)C(=O)O)cc1,VEKASIBNRYZXIE-JTQLQIEISA-O,valid_ccd,full_heavy_atom_mcs,18,18,18,CCD graph and coordinate ligand fully mapped; safe for 2D SASA atom indices
LR00567,3V8,Ligases/XIAP/PDB/4WVU_3V8.pdb,O=C(O)CCc1cn([C@@H]2CN[C@H](C(=O)O)C2)nn1,O=C(O)CCc1cn([C@@H]2CN[C@H](C(=O)O)C2)nn1,HRFDVDAKRKYOIW-YUMQZZPRSA-N,valid_ccd,heavy_atom_count_mismatch,18,16,,CCD and coordinate ligand have different heavy-atom counts; review manually
LR00568,HOX,Ligases/XIAP/PDB/4WVU_HOX.pdb,Nc1ccc(C[C@H](N)C(=O)O)cc1,Nc1ccc(C[C@H](N)C(=O)O)cc1,CMUHFUGDYMFHEI-QMMMGPOBSA-N,valid_ccd,full_heavy_atom_mcs,13,13,13,CCD graph and coordinate ligand fully mapped; safe for 2D SASA atom indices
LR00569,4WK,Ligases/XIAP/PDB/5C0K_4WK.pdb,CC(C)[C@H](NC(=O)[C@H](C)[NH3+])C(N)=O,CC(C)[C@H](NC(=O)[C@H](C)[NH3+])C(N)=O,XIMNOSWWKHYSER-WDSKDSINSA-O,valid_ccd,full_heavy_atom_mcs,13,13,13,CCD graph and coordinate ligand fully mapped; safe for 2D SASA atom indices
LR00570,4WJ,Ligases/XIAP/PDB/5C0L_4WJ.pdb,Brc1cnn(C2CC[NH2+]CC2)c1,Brc1cnn(C2CC[NH2+]CC2)c1,CUYMHWHMYSOTHL-UHFFFAOYSA-O,valid_ccd,full_heavy_atom_mcs,12,12,12,CCD graph and coordinate ligand fully mapped; safe for 2D SASA atom indices
LR00571,4XE,Ligases/XIAP/PDB/5C3H_4XE.pdb,O=C(CN1CC[NH2+]CC1)N1CCCCC1,O=C(CN1CC[NH2+]CC1)N1CCCCC1,PCHXUJGLAFXWIW-UHFFFAOYSA-O,valid_ccd,full_heavy_atom_mcs,15,15,15,CCD graph and coordinate ligand fully mapped; safe for 2D SASA atom indices
LR00572,4XF,Ligases/XIAP/PDB/5C3K_4XF.pdb,C[C@H]([NH3+])C(=O)Nc1cccc(N)n1,C[C@H]([NH3+])C(=O)Nc1cccc(N)n1,LRIKRUHIPRIMEM-YFKPBYRVSA-O,valid_ccd,full_heavy_atom_mcs,13,13,13,CCD graph and coordinate ligand fully mapped; safe for 2D SASA atom indices
LR00573,4YE,Ligases/XIAP/PDB/5C7A_4YE.pdb,C[C@@H]1CN(CC(=O)N2CCc3ccccc32)CC[NH2+]1,C[C@@H]1CN(CC(=O)N2CCc3ccccc32)CC[NH2+]1,ZKEAJFPUDNSYIF-GFCCVEGCSA-O,valid_ccd,full_heavy_atom_mcs,19,19,19,CCD graph and coordinate ligand fully mapped; safe for 2D SASA atom indices
LR00574,4YD,Ligases/XIAP/PDB/5C7B_4YD.pdb,C[C@@H]1CN(CC(=O)N2CCCC2)CC[NH2+]1,C[C@@H]1CN(CC(=O)N2CCCC2)CC[NH2+]1,FZALEHHAYIXXFT-SNVBAGLBSA-O,valid_ccd,full_heavy_atom_mcs,15,15,15,CCD graph and coordinate ligand fully mapped; safe for 2D SASA atom indices
LR00575,4YC,Ligases/XIAP/PDB/5C7C_4YC.pdb,C[C@@H]1CN(CC(=O)N2CC(C)(C)c3ccc(Cl)cc32)CC[NH2+]1,C[C@@H]1CN(CC(=O)N2CC(C)(C)c3ccc(Cl)cc32)CC[NH2+]1,NUUUULZSGGTOOQ-GFCCVEGCSA-O,valid_ccd,full_heavy_atom_mcs,22,22,22,CCD graph and coordinate ligand fully mapped; safe for 2D SASA atom indices
LR00576,4YF,Ligases/XIAP/PDB/5C7D_4YF.pdb,C[C@@H]1CN(CC(=O)N2CCc3cnc(Cl)cc32)CC[NH2+]1,C[C@@H]1CN(CC(=O)N2CCc3cnc(Cl)cc32)CC[NH2+]1,UIUNSWTUDREESN-SNVBAGLBSA-O,valid_ccd,full_heavy_atom_mcs,20,20,20,CCD graph and coordinate ligand fully mapped; safe for 2D SASA atom indices
LR00577,4YN,Ligases/XIAP/PDB/5C83_4YN.pdb,COC[C@H]1C[NH2+][C@H](C)CN1CC(=O)N1CC(C)(C)c2cnc(Cc3ccccc3)cc21,COC[C@H]1C[NH2+][C@H](C)CN1CC(=O)N1CC(C)(C)c2cnc(Cc3ccccc3)cc21,XOZJVPQFZSCGTE-WIYYLYMNSA-O,valid_ccd,full_heavy_atom_mcs,31,31,31,CCD graph and coordinate ligand fully mapped; safe for 2D SASA atom indices
LR00578,4YL,Ligases/XIAP/PDB/5C84_4YL.pdb,COC[C@H]1C[NH2+][C@H](C)CN1CC(=O)N1CC(C)(C)c2cnc(Cl)cc21,COC[C@H]1C[NH2+][C@H](C)CN1CC(=O)N1CC(C)(C)c2cnc(Cl)cc21,CQGZTNZASZVTQR-CHWSQXEVSA-O,valid_ccd,full_heavy_atom_mcs,25,25,25,CCD graph and coordinate ligand fully mapped; safe for 2D SASA atom indices
LR00579,7HT,Ligases/XIAP/PDB/5M6E_7HT.pdb,Cc1cnn(C[C@H]2C[NH2+][C@H](C)CN2CC(=O)N2CC(C)(C)c3cnc(Cc4ccccc4)cc32)c1,Cc1cnn(C[C@H]2C[NH2+][C@H](C)CN2CC(=O)N2CC(C)(C)c3cnc(Cc4ccccc4)cc32)c1,CLHWAAAYYHMVJX-ZJSXRUAMSA-O,valid_ccd,full_heavy_atom_mcs,35,35,35,CCD graph and coordinate ligand fully mapped; safe for 2D SASA atom indices
LR00580,7HU,Ligases/XIAP/PDB/5M6F_7HU.pdb,COC[C@H]1C[NH2+][C@H](C)CN1CC(=O)N1CC(C)(C)c2ncc(Cc3ccccc3)cc21,COC[C@H]1C[NH2+][C@H](C)CN1CC(=O)N1CC(C)(C)c2ncc(Cc3ccccc3)cc21,HHAFFIKQZNSDIS-WIYYLYMNSA-O,valid_ccd,full_heavy_atom_mcs,31,31,31,CCD graph and coordinate ligand fully mapped; safe for 2D SASA atom indices
LR00581,7J6,Ligases/XIAP/PDB/5M6H_7J6.pdb,C[C@@H]1CN(CC(=O)N2CC(C)(C)c3ncc(Cc4ccccc4)cc32)[C@@H](C(=O)N2CCOCC2)C[NH2+]1,C[C@@H]1CN(CC(=O)N2CC(C)(C)c3ncc(Cc4ccccc4)cc32)[C@@H](C(=O)N2CCOCC2)C[NH2+]1,OVTBGVLYQSDVGG-HYBUGGRVSA-O,valid_ccd,full_heavy_atom_mcs,36,36,36,CCD graph and coordinate ligand fully mapped; safe for 2D SASA atom indices
LR00582,7H9,Ligases/XIAP/PDB/5M6L_7H9.pdb,C[C@@H]1CN(CC(=O)N2CC(C)(C)c3ncc(Cc4ccc(F)cc4)cc32)[C@@H](CN2CCOC[C@H]2C)C[NH2+]1,C[C@@H]1CN(CC(=O)N2CC(C)(C)c3ncc(Cc4ccc(F)cc4)cc32)[C@@H](CN2CCOC[C@H]2C)C[NH2+]1,XIQKDUKFFKQZAO-DNRQZRRGSA-O,valid_ccd,full_heavy_atom_mcs,37,37,37,CCD graph and coordinate ligand fully mapped; safe for 2D SASA atom indices
LR00583,7H8,Ligases/XIAP/PDB/5M6M_7H8.pdb,C[C@@H]1CN(CC(=O)N2CC(C)(C)c3ncc(Cc4ccccc4)cc32)[C@@H](CN2CCCC2=O)C[NH2+]1,C[C@@H]1CN(CC(=O)N2CC(C)(C)c3ncc(Cc4ccccc4)cc32)[C@@H](CN2CCCC2=O)C[NH2+]1,ALAFRPAHGDJVFE-NFBKMPQASA-O,valid_ccd,full_heavy_atom_mcs,35,35,35,CCD graph and coordinate ligand fully mapped; safe for 2D SASA atom indices
LR00584,A4E,Ligases/XIAP/PDB/5OQW_A4E.pdb,C[C@@H]1CN(CC(=O)N2CC(C)(C)c3nc(CO)c(Cc4ccc(F)cc4)cc32)[C@@H](CN2CCOC[C@H]2C)C[NH2+]1,C[C@@H]1CN(CC(=O)N2CC(C)(C)c3nc(CO)c(Cc4ccc(F)cc4)cc32)[C@@H](CN2CCOC[C@H]2C)C[NH2+]1,YCXOHEXZVKOGEV-DNRQZRRGSA-O,valid_ccd,full_heavy_atom_mcs,39,39,39,CCD graph and coordinate ligand fully mapped; safe for 2D SASA atom indices
LR00585,C3T,Ligases/XIAP/PDB/6EY2_C3T.pdb,CC[C@H](NC)C(=O)N[C@@H]1C(=O)N2[C@@H](CC[C@@H]1CO)CC[C@H]2C(=O)NCc1ccc(C(C)(C)C)cc1,CC[C@H](NC)C(=O)N[C@@H]1C(=O)N2[C@@H](CC[C@@H]1CO)CC[C@H]2C(=O)NCc1ccc(C(C)(C)C)cc1,NJWOUDIHXORURQ-PMAMDCHESA-N,valid_ccd,full_heavy_atom_mcs,35,35,35,CCD graph and coordinate ligand fully mapped; safe for 2D SASA atom indices
LR00586,FUK,Ligases/XIAP/PDB/6H6Q_FUK.pdb,C[C@@H]1CN(CC(=O)N2CC(C)(C)c3ncc([C@@H](O)c4ccc(F)cc4)cc32)[C@@H](CN2[C@H](C)COC[C@H]2C)CN1,C[C@@H]1CN(CC(=O)N2CC(C)(C)c3ncc([C@@H](O)c4ccc(F)cc4)cc32)[C@@H](CN2[C@H](C)COC[C@H]2C)CN1,MVQVBQBVVYPBCQ-DTRJGPSISA-N,valid_ccd,full_heavy_atom_mcs,39,39,39,CCD graph and coordinate ligand fully mapped; safe for 2D SASA atom indices
LR00587,FUE,Ligases/XIAP/PDB/6H6R_FUE.pdb,C[C@@H]1CN(CC(=O)N2CC(C)(C)c3ncc(Cc4ccc(F)cc4)cc32)[C@@H](CN2Cc3ccccc3C2=O)CN1,C[C@@H]1CN(CC(=O)N2CC(C)(C)c3ncc(Cc4ccc(F)cc4)cc32)[C@@H](CN2Cc3ccccc3C2=O)CN1,XYDGOXJJDFKAAT-QFQXNSOFSA-N,valid_ccd,full_heavy_atom_mcs,40,40,40,CCD graph and coordinate ligand fully mapped; safe for 2D SASA atom indices
LR00588,7PE,Ligases/XIAP/PDB/8GH7_7PE.pdb,CCOCCOCCOCCOCCOCCOCCO,CCOCCOCCOCCOCCOCCOCCO,UKXKPKBTMYNOFS-UHFFFAOYSA-N,valid_ccd,heavy_atom_count_mismatch,21,19,,CCD and coordinate ligand have different heavy-atom counts; review manually
LR00589,CHG,Ligases/XIAP/PDB/8GH7_CHG.pdb,N[C@H](C(=O)O)C1CCCCC1,N[C@H](C(=O)O)C1CCCCC1,WAMWSIDTKSNDCU-ZETCQYMHSA-N,valid_ccd,heavy_atom_count_mismatch,11,10,,CCD and coordinate ligand have different heavy-atom counts; review manually
LR00590,ZHW,Ligases/XIAP/PDB/8GH7_ZHW.pdb,N[C@@H]1CCc2c(OS(=O)(=O)F)cccc21,N[C@@H]1CCc2c(OS(=O)(=O)F)cccc21,RYLHEHRDZCXSQL-MRVPVSSYSA-N,valid_ccd,heavy_atom_count_mismatch,15,14,,CCD and coordinate ligand have different heavy-atom counts; review manually
LR00591,SMK,Ligases/cIAP1/PDB/3MUP_SMK.pdb,CC[C@H](N)C(=O)N[C@@H]1C(=O)N2[C@@H](CC[C@@H]1CCN)CC[C@H]2C(=O)NC(c1ccccc1)c1ccccc1,CC[C@H](N)C(=O)N[C@@H]1C(=O)N2[C@@H](CC[C@@H]1CCN)CC[C@H]2C(=O)NC(c1ccccc1)c1ccccc1,KQHWCFZCUNTTCW-VEGWMBEDSA-N,valid_ccd,full_heavy_atom_mcs,37,37,37,CCD graph and coordinate ligand fully mapped; safe for 2D SASA atom indices
LR00592,BMB,Ligases/cIAP1/PDB/3OZ1_BMB.pdb,CC[C@H](NC)C(=O)N[C@@H]1C(=O)N2[C@@H](CC[C@@H]1CCNCc1ccccc1)CC[C@H]2C(=O)NC(c1ccccc1)c1ccccc1,CC[C@H](NC)C(=O)N[C@@H]1C(=O)N2[C@@H](CC[C@@H]1CCNCc1ccccc1)CC[C@H]2C(=O)NC(c1ccccc1)c1ccccc1,NVNDSZWHCFDEAR-UCDLYESDSA-N,valid_ccd,full_heavy_atom_mcs,45,45,45,CCD graph and coordinate ligand fully mapped; safe for 2D SASA atom indices
LR00593,0DQ,Ligases/cIAP1/PDB/3UW4_0DQ.pdb,Nc1snnc1-c1ccccc1,Nc1snnc1-c1ccccc1,VPHYLVGCMWSAEJ-UHFFFAOYSA-N,valid_ccd,full_heavy_atom_mcs,12,12,12,CCD graph and coordinate ligand fully mapped; safe for 2D SASA atom indices
LR00594,CHG,Ligases/cIAP1/PDB/3UW4_CHG.pdb,N[C@H](C(=O)O)C1CCCCC1,N[C@H](C(=O)O)C1CCCCC1,WAMWSIDTKSNDCU-ZETCQYMHSA-N,valid_ccd,heavy_atom_count_mismatch,11,10,,CCD and coordinate ligand have different heavy-atom counts; review manually
LR00595,1BG,Ligases/cIAP1/PDB/4HY4_1BG.pdb,CN[C@@H](C)C(=O)N[C@H](C(=O)N1C[C@H]2CCCN2C[C@H]1C(=O)N[C@@H]1CCCc2ccccc21)C1CCCCC1,CN[C@@H](C)C(=O)N[C@H](C(=O)N1C[C@H]2CCCN2C[C@H]1C(=O)N[C@@H]1CCCc2ccccc21)C1CCCCC1,STMKHYWFPMLFAV-PWZZVKMOSA-N,valid_ccd,full_heavy_atom_mcs,38,38,38,CCD graph and coordinate ligand fully mapped; safe for 2D SASA atom indices
LR00596,1AQ,Ligases/cIAP1/PDB/4HY5_1AQ.pdb,CCO[C@@H]1C[C@@H]2CN(C(=O)[C@@H](NC(=O)[C@H](C)NC)C3CCC(F)(F)CC3)[C@H](C(=O)N[C@@H]3CCOc4ccccc43)CN2C1,CCO[C@@H]1C[C@@H]2CN(C(=O)[C@@H](NC(=O)[C@H](C)NC)C3CCC(F)(F)CC3)[C@H](C(=O)N[C@@H]3CCOc4ccccc43)CN2C1,WQLHYSFOEZZZDD-QAPMSZJWSA-N,valid_ccd,full_heavy_atom_mcs,43,43,43,CCD graph and coordinate ligand fully mapped; safe for 2D SASA atom indices
LR00597,1Y0,Ligases/cIAP1/PDB/4LGE_1Y0.pdb,CN[C@@H](C)C(=O)N[C@H](C(=O)N1C[C@H]2C[C@@H]3C[C@@H]3N2C[C@H]1C(=O)N[C@@H]1CCOc2ccccc21)C1CCCCC1,CN[C@@H](C)C(=O)N[C@H](C(=O)N1C[C@H]2C[C@@H]3C[C@@H]3N2C[C@H]1C(=O)N[C@@H]1CCOc2ccccc21)C1CCCCC1,OGTGKCOHYGILPQ-BBAYRLSSSA-N,valid_ccd,full_heavy_atom_mcs,39,39,39,CCD graph and coordinate ligand fully mapped; safe for 2D SASA atom indices
LR00598,1YH,Ligases/cIAP1/PDB/4LGU_1YH.pdb,CN[C@@H](C)C(=O)N[C@H](C(=O)N1C[C@H]2CCCN2C[C@H]1C(=O)N[C@@H]1CCOc2ccccc21)C1CCCCC1,CN[C@@H](C)C(=O)N[C@H](C(=O)N1C[C@H]2CCCN2C[C@H]1C(=O)N[C@@H]1CCOc2ccccc21)C1CCCCC1,GIAUJOMDUOPYLU-XFCBJTKFSA-N,valid_ccd,full_heavy_atom_mcs,38,38,38,CCD graph and coordinate ligand fully mapped; safe for 2D SASA atom indices
LR00599,2DX,Ligases/cIAP1/PDB/4MTI_2DX.pdb,CC[C@H](NC)C(=O)N[C@H](C(=O)N1C[C@H]2CCCN2C[C@H]1C(=O)N[C@@H]1CCOc2ccccc21)C1CCCCC1,CC[C@H](NC)C(=O)N[C@H](C(=O)N1C[C@H]2CCCN2C[C@H]1C(=O)N[C@@H]1CCOc2ccccc21)C1CCCCC1,MPXBKLQSQUXEDB-DPURIWRLSA-N,valid_ccd,full_heavy_atom_mcs,39,39,39,CCD graph and coordinate ligand fully mapped; safe for 2D SASA atom indices
LR00600,2DY,Ligases/cIAP1/PDB/4MU7_2DY.pdb,CC[C@H](NC)C(=O)N[C@H](C(=O)N1C[C@@H]2Cc3ccccc3N2C[C@H]1C(=O)N[C@@H]1CCOc2ccccc21)C1CCCCC1,CC[C@H](NC)C(=O)N[C@H](C(=O)N1C[C@@H]2Cc3ccccc3N2C[C@H]1C(=O)N[C@@H]1CCOc2ccccc21)C1CCCCC1,TYXHMZBEDPKUQY-HDFVOGAFSA-N,valid_ccd,full_heavy_atom_mcs,43,43,43,CCD graph and coordinate ligand fully mapped; safe for 2D SASA atom indices
LR00601,7H9,Ligases/cIAP1/PDB/5M6N_7H9.pdb,C[C@@H]1CN(CC(=O)N2CC(C)(C)c3ncc(Cc4ccc(F)cc4)cc32)[C@@H](CN2CCOC[C@H]2C)C[NH2+]1,C[C@@H]1CN(CC(=O)N2CC(C)(C)c3ncc(Cc4ccc(F)cc4)cc32)[C@@H](CN2CCOC[C@H]2C)C[NH2+]1,XIQKDUKFFKQZAO-DNRQZRRGSA-O,valid_ccd,full_heavy_atom_mcs,37,37,37,CCD graph and coordinate ligand fully mapped; safe for 2D SASA atom indices
LR00602,C3K,Ligases/cIAP1/PDB/6EXW_C3K.pdb,CCC(=O)NC[C@H]1CC[C@H]2C=C[C@@H](C(=O)NCc3ccccc3)N2C(=O)[C@H]1NC(=O)[C@H](C)NC,CCC(=O)NC[C@H]1CC[C@H]2C=C[C@@H](C(=O)NCc3ccccc3)N2C(=O)[C@H]1NC(=O)[C@H](C)NC,JUEBKGOOCOQQTH-ZFVOUSBOSA-N,valid_ccd,full_heavy_atom_mcs,34,34,34,CCD graph and coordinate ligand fully mapped; safe for 2D SASA atom indices
LR00603,IUN,Ligases/cIAP1/PDB/7TRM_IUN.pdb,CN[C@@H](C)C(=O)N[C@H](C(=O)N1CCC[C@H]1c1nc(C(=O)c2ccc(F)cc2)cs1)C1CCCCC1,CN[C@@H](C)C(=O)N[C@H](C(=O)N1CCC[C@H]1c1nc(C(=O)c2ccc(F)cc2)cs1)C1CCCCC1,UFPFGVNKHCLJJO-SSKFGXFMSA-N,valid_ccd,full_heavy_atom_mcs,35,35,35,CCD graph and coordinate ligand fully mapped; safe for 2D SASA atom indices
