RECRUITER_CODE,smiles_atom_index,smile_atom
L00004,0,C
L00004,1,C
L00004,2,N
L00004,3,N
L00004,4,N
L00004,5,C
L00004,6,C
L00004,7,N
L00004,8,N
L00004,9,C
L00004,10,O
L00004,11,C
L00004,12,C
L00004,13,C
L00004,14,N
L00004,15,C
L00004,16,N
L00004,17,N
L00004,18,C
L00004,19,C
L00004,20,O
L00004,21,C
L00004,22,C
L00006,0,C
L00006,1,C
L00006,2,C
L00006,3,C
L00006,4,C
L00006,5,C
L00006,6,N
L00006,7,C
L00006,8,O
L00006,9,N
L00006,10,C
L00006,11,O
L00006,12,C
L00006,13,C
L00006,14,C
L00006,15,C
L00006,16,O
L00006,17,N
L00006,18,C
L00006,19,O
L00008,0,C
L00008,1,C
L00008,2,C
L00008,3,O
L00008,4,C
L00008,5,C
L00008,6,C
L00008,7,C
L00008,8,C
L00008,9,C
L00008,10,C
L00008,11,N
L00008,12,C
L00008,13,C
L00008,14,N
L00008,15,C
L00008,16,O
L00008,17,N
L00008,18,C
L00008,19,C
L00008,20,N
L00008,21,C
L00008,22,O
L00008,23,C
L00008,24,C
L00008,25,C
L00008,26,C
L00008,27,C
L00008,28,C
L00008,29,C
L00008,30,Cl
L00008,31,C
L00008,32,C
L00008,33,C
L00008,34,C
L00008,35,C
L00008,36,C
L00008,37,Cl
L00008,38,O
L00008,39,C
L00009,0,C
L00009,1,C
L00009,2,C
L00009,3,C
L00009,4,C
L00009,5,C
L00009,6,C
L00009,7,C
L00009,8,C
L00009,9,C
L00009,10,O
L00009,11,O
L00009,12,N
L00010,0,C
L00010,1,C
L00010,2,C
L00010,3,O
L00010,4,C
L00010,5,N
L00010,6,C
L00010,7,C
L00010,8,C
L00010,9,N
L00010,10,C
L00010,11,O
L00010,12,N
L00010,13,C
L00010,14,O
L00010,15,P
L00010,16,O
L00010,17,O
L00010,18,O
L00010,19,P
L00010,20,O
L00010,21,O
L00010,22,O
L00010,23,P
L00010,24,O
L00010,25,O
L00010,26,O
L00010,27,O
L00011,0,C
L00011,1,C
L00011,2,C
L00011,3,C
L00011,4,C
L00011,5,C
L00011,6,N
L00011,7,C
L00011,8,N
L00011,9,C
L00011,10,O
L00011,11,C
L00011,12,C
L00011,13,C
L00011,14,C
L00011,15,O
L00011,16,N
L00011,17,C
L00011,18,O
L00012,0,C
L00012,1,C
L00012,2,C
L00012,3,C
L00012,4,C
L00012,5,C
L00012,6,O
L00012,7,C
L00012,8,C
L00012,9,C
L00012,10,C
L00012,11,C
L00012,12,C
L00012,13,C
L00012,14,C
L00012,15,N
L00012,16,C
L00012,17,C
L00012,18,N
L00012,19,C
L00012,20,C
L00012,21,C
L00012,22,C
L00012,23,C
L00012,24,C
L00012,25,C
L00012,26,C
L00012,27,F
L00012,28,C
L00012,29,N
L00012,30,C
L00012,31,N
L00012,32,C
L00012,33,O
L00012,34,C
L00012,35,C
L00012,36,C
L00012,37,C
L00012,38,O
L00012,39,N
L00012,40,C
L00012,41,O
L00014,0,C
L00014,1,C
L00014,2,C
L00014,3,C
L00014,4,C
L00014,5,C
L00014,6,Cl
L00014,7,N
L00014,8,C
L00014,9,C
L00014,10,C
L00014,11,C
L00014,12,C
L00014,13,O
L00014,14,O
L00014,15,N
L00015,0,C
L00015,1,C
L00015,2,C
L00015,3,O
L00015,4,C
L00015,5,N
L00015,6,C
L00015,7,C
L00015,8,C
L00015,9,O
L00015,10,N
L00015,11,C
L00015,12,N
L00015,13,N
L00015,14,N
L00015,15,C
L00015,16,O
L00015,17,C
L00015,18,O
L00015,19,P
L00015,20,O
L00015,21,O
L00015,22,O
L00015,23,O
L00016,0,C
L00016,1,C
L00016,2,C
L00016,3,C
L00016,4,C
L00016,5,C
L00016,6,O
L00016,7,C
L00016,8,C
L00016,9,C
L00016,10,C
L00016,11,C
L00016,12,C
L00016,13,C
L00016,14,C
L00016,15,N
L00016,16,C
L00016,17,C
L00016,18,O
L00016,19,C
L00016,20,C
L00016,21,C
L00016,22,N
L00016,23,C
L00016,24,O
L00016,25,C
L00016,26,C
L00016,27,C
L00016,28,C
L00016,29,O
L00016,30,N
L00016,31,C
L00016,32,O
L00017,0,C
L00017,1,C
L00017,2,C
L00017,3,C
L00017,4,C
L00017,5,C
L00017,6,C
L00017,7,C
L00017,8,C
L00017,9,N
L00017,10,C
L00017,11,C
L00017,12,C
L00017,13,C
L00017,14,N
L00017,15,C
L00017,16,C
L00017,17,C
L00017,18,C
L00017,19,C
L00017,20,C
L00017,21,C
L00017,22,C
L00017,23,C
L00017,24,C
L00017,25,N
L00017,26,C
L00017,27,C
L00017,28,C
L00017,29,C
L00017,30,C
L00017,31,C
L00017,32,C
L00017,33,C
L00017,34,C
L00017,35,O
L00017,36,N
L00018,0,C
L00018,1,N
L00018,2,C
L00018,3,C
L00018,4,N
L00018,5,C
L00018,6,C
L00018,7,C
L00018,8,C
L00018,9,O
L00018,10,C
L00018,11,O
L00018,12,P
L00018,13,O
L00018,14,O
L00018,15,O
L00018,16,P
L00018,17,O
L00018,18,O
L00018,19,O
L00018,20,P
L00018,21,O
L00018,22,O
L00018,23,O
L00018,24,O
L00018,25,N
L00018,26,C
L00018,27,N
L00018,28,C
L00018,29,O
L00018,30,N
L00019,0,C
L00019,1,N
L00019,2,C
L00019,3,C
L00019,4,C
L00019,5,N
L00019,6,N
L00019,7,C
L00019,8,N
L00019,9,C
L00019,10,C
L00019,11,C
L00019,12,C
L00019,13,O
L00019,14,C
L00019,15,O
L00019,16,P
L00019,17,O
L00019,18,O
L00019,19,O
L00019,20,P
L00019,21,O
L00019,22,O
L00019,23,O
L00019,24,P
L00019,25,O
L00019,26,O
L00019,27,O
L00019,28,O
L00019,29,N
L00020,0,C
L00020,1,C
L00020,2,O
L00020,3,C
L00020,4,C
L00020,5,O
L00020,6,C
L00020,7,O
L00020,8,P
L00020,9,O
L00020,10,O
L00020,11,O
L00021,0,C
L00021,1,C
L00021,2,C
L00021,3,S
L00021,4,C
L00021,5,N
L00021,6,C
L00021,7,C
L00021,8,C
L00021,9,C
L00021,10,C
L00021,11,C
L00021,12,C
L00021,13,N
L00021,14,C
L00021,15,O
L00021,16,C
L00021,17,C
L00021,18,C
L00021,19,C
L00021,20,N
L00021,21,C
L00021,22,O
L00021,23,C
L00021,24,C
L00021,25,C
L00021,26,C
L00021,27,C
L00021,28,N
L00021,29,C
L00021,30,O
L00021,31,C
L00021,32,O
L00022,0,C
L00022,1,C
L00022,2,C
L00022,3,C
L00022,4,C
L00022,5,N
L00022,6,C
L00022,7,C
L00022,8,C
L00022,9,N
L00022,10,S
L00022,11,O
L00022,12,O
L00022,13,C
L00022,14,C
L00022,15,C
L00022,16,C
L00022,17,C
L00022,18,C
L00022,19,S
L00022,20,O
L00022,21,O
L00022,22,N
L00022,23,Cl
L00023,0,C
L00023,1,O
L00023,2,C
L00023,3,C
L00023,4,C
L00023,5,C
L00023,6,C
L00023,7,C
L00023,8,S
L00023,9,O
L00023,10,O
L00023,11,N
L00023,12,C
L00023,13,C
L00023,14,O
L00023,15,N
L00023,16,C
L00023,17,C
L00023,18,C
L00023,19,C
L00023,20,C
L00023,21,C
L00023,22,C
L00023,23,C
L00023,24,C
L00023,25,C
L00023,26,N
L00023,27,C
L00023,28,C
L00023,29,O
L00023,30,N
L00023,31,S
L00023,32,O
L00023,33,O
L00023,34,C
L00023,35,C
L00023,36,C
L00023,37,C
L00023,38,C
L00023,39,C
L00023,40,N
L00026,0,C
L00026,1,C
L00026,2,C
L00026,3,C
L00026,4,C
L00026,5,C
L00026,6,C
L00026,7,N
L00026,8,C
L00026,9,C
L00026,10,C
L00026,11,C
L00026,12,C
L00026,13,O
L00026,14,N
L00026,15,C
L00026,16,O
L00026,17,N
L00026,18,C
L00026,19,C
L00026,20,C
L00026,21,C
L00026,22,C
L00026,23,C
L00026,24,C
L00026,25,F
L00026,26,F
L00026,27,Cl
L00027,0,C
L00027,1,C
L00027,2,C
L00027,3,O
L00027,4,C
L00027,5,N
L00027,6,C
L00027,7,C
L00027,8,C
L00027,9,N
L00027,10,C
L00027,11,O
L00027,12,N
L00027,13,C
L00027,14,O
L00027,15,P
L00027,16,O
L00027,17,N
L00027,18,P
L00027,19,O
L00027,20,O
L00027,21,O
L00027,22,P
L00027,23,O
L00027,24,O
L00027,25,O
L00027,26,O
L00027,27,O
L00028,0,C
L00028,1,C
L00028,2,O
L00028,3,C
L00028,4,C
L00028,5,C
L00028,6,C
L00028,7,N
L00028,8,C
L00028,9,C
L00028,10,N
L00028,11,C
L00028,12,C
L00028,13,O
L00028,14,N
L00028,15,C
L00028,16,C
L00028,17,C
L00028,18,O
L00028,19,C
L00028,20,C
L00028,21,C
L00028,22,C
L00028,23,C
L00028,24,C
L00028,25,C
L00028,26,O
L00028,27,C
L00028,28,C
L00028,29,C
L00028,30,C
L00028,31,C
L00028,32,C
L00028,33,C
L00028,34,F
L00028,35,F
L00028,36,N
L00028,37,C
L00028,38,O
L00028,39,C
L00028,40,C
L00028,41,N
L00028,42,C
L00029,0,C
L00029,1,N
L00029,2,C
L00029,3,C
L00029,4,N
L00029,5,C
L00029,6,C
L00029,7,C
L00029,8,C
L00029,9,O
L00029,10,C
L00029,11,O
L00029,12,P
L00029,13,O
L00029,14,O
L00029,15,O
L00029,16,O
L00029,17,O
L00029,18,N
L00029,19,C
L00029,20,N
L00029,21,C
L00029,22,O
L00029,23,N
L00030,0,C
L00030,1,C
L00030,2,C
L00030,3,C
L00030,4,C
L00030,5,C
L00030,6,C
L00030,7,N
L00030,8,C
L00030,9,N
L00030,10,C
L00030,11,C
L00030,12,C
L00030,13,C
L00030,14,C
L00030,15,C
L00030,16,C
L00030,17,C
L00030,18,C
L00030,19,N
L00030,20,C
L00030,21,C
L00030,22,O
L00030,23,O
L00030,24,C
L00030,25,C
L00030,26,C
L00030,27,C
L00030,28,C
L00030,29,C
L00030,30,N
L00030,31,C
L00030,32,O
L00030,33,C
L00030,34,C
L00030,35,C
L00030,36,O
L00030,37,O
L00030,38,Cl
L00030,39,C
L00030,40,C
L00030,41,C
L00030,42,C
L00030,43,C
L00030,44,C
L00030,45,F
L00030,46,Cl
L00031,0,C
L00031,1,C
L00031,2,C
L00031,3,N
L00031,4,C
L00031,5,C
L00031,6,N
L00031,7,C
L00031,8,N
L00031,9,C
L00031,10,C
L00031,11,O
L00031,12,C
L00031,13,C
L00031,14,C
L00031,15,C
L00031,16,C
L00031,17,O
L00031,18,N
L00031,19,C
L00031,20,C
L00031,21,C
L00031,22,C
L00031,23,C
L00031,24,C
L00031,25,C
L00031,26,N
L00031,27,C
L00031,28,C
L00031,29,C
L00031,30,C
L00031,31,C
L00031,32,C
L00031,33,C
L00031,34,F
L00031,35,C
L00031,36,C
L00032,0,C
L00032,1,C
L00032,2,C
L00032,3,C
L00032,4,C
L00032,5,C
L00032,6,C
L00032,7,Cl
L00032,8,N
L00032,9,C
L00032,10,O
L00032,11,N
L00032,12,C
L00032,13,C
L00032,14,C
L00032,15,C
L00032,16,C
L00032,17,C
L00032,18,C
L00032,19,C
L00032,20,N
L00032,21,C
L00032,22,O
L00032,23,C
L00032,24,C
L00032,25,C
L00032,26,C
L00032,27,O
L00032,28,N
L00032,29,C
L00032,30,O
L00033,0,C
L00033,1,C
L00033,2,C
L00033,3,N
L00033,4,C
L00033,5,S
L00033,6,C
L00033,7,C
L00033,8,C
L00033,9,O
L00033,10,O
L00033,11,N
L00034,0,B
L00034,1,C
L00034,2,N
L00034,3,S
L00034,4,O
L00034,5,O
L00034,6,C
L00034,7,C
L00034,8,C
L00034,9,C
L00034,10,C
L00034,11,C
L00034,12,C
L00034,13,C
L00034,14,O
L00034,15,O
L00034,16,O
L00034,17,O
L00034,18,P
L00034,19,O
L00034,20,O
L00034,21,O
L00035,0,C
L00035,1,C
L00035,2,C
L00035,3,C
L00035,4,C
L00035,5,C
L00035,6,C
L00035,7,C
L00035,8,C
L00035,9,C
L00035,10,C
L00035,11,C
L00035,12,C
L00035,13,C
L00035,14,C
L00035,15,C
L00035,16,N
L00035,17,C
L00035,18,N
L00035,19,C
L00035,20,C
L00035,21,N
L00035,22,C
L00035,23,C
L00035,24,C
L00035,25,C
L00035,26,O
L00035,27,C
L00035,28,O
L00035,29,P
L00035,30,O
L00035,31,O
L00035,32,O
L00035,33,O
L00035,34,N
L00035,35,C
L00035,36,N
L00035,37,C
L00035,38,O
L00035,39,N
L00036,0,C
L00036,1,C
L00036,2,N
L00036,3,C
L00036,4,N
L00036,5,C
L00036,6,C
L00036,7,C
L00036,8,N
L00036,9,N
L00036,10,C
L00036,11,N
L00036,12,C
L00036,13,C
L00036,14,C
L00036,15,C
L00036,16,O
L00036,17,C
L00036,18,O
L00036,19,P
L00036,20,O
L00036,21,O
L00036,22,O
L00036,23,O
L00037,0,C
L00037,1,C
L00037,2,C
L00037,3,N
L00037,4,C
L00037,5,C
L00037,6,C
L00037,7,C
L00037,8,C
L00037,9,C
L00037,10,C
L00037,11,C
L00037,12,O
L00038,0,C
L00038,1,C
L00038,2,C
L00038,3,C
L00038,4,C
L00038,5,C
L00038,6,O
L00038,7,C
L00038,8,C
L00038,9,O
L00038,10,O
L00038,11,C
L00038,12,N
L00038,13,C
L00038,14,O
L00038,15,N
L00038,16,C
L00038,17,N
L00038,18,N
L00038,19,C
L00038,20,O
L00038,21,C
L00038,22,C
L00038,23,C
L00038,24,C
L00038,25,O
L00039,0,C
L00039,1,C
L00039,2,C
L00039,3,C
L00039,4,C
L00039,5,C
L00039,6,N
L00039,7,N
L00039,8,C
L00039,9,C
L00039,10,N
L00039,11,C
L00039,12,N
L00039,13,C
L00039,14,O
L00039,15,C
L00039,16,N
L00039,17,C
L00039,18,C
L00039,19,C
L00039,20,O
L00039,21,N
L00039,22,C
L00039,23,C
L00039,24,C
L00039,25,C
L00039,26,C
L00039,27,C
L00039,28,C
L00039,29,C
L00039,30,N
L00039,31,C
L00039,32,C
L00039,33,C
L00039,34,C
L00039,35,N
L00039,36,C
L00039,37,O
L00039,38,Cl
L00041,0,C
L00041,1,C
L00041,2,C
L00041,3,C
L00041,4,C
L00041,5,C
L00041,6,C
L00041,7,C
L00041,8,C
L00041,9,F
L00041,10,C
L00041,11,N
L00041,12,C
L00041,13,O
L00041,14,C
L00041,15,C
L00041,16,C
L00041,17,C
L00041,18,C
L00041,19,C
L00041,20,C
L00041,21,C
L00041,22,O
L00041,23,P
L00041,24,O
L00041,25,O
L00041,26,O
L00041,27,N
L00041,28,C
L00041,29,O
L00041,30,C
L00041,31,C
L00041,32,C
L00041,33,C
L00041,34,C
L00041,35,C
L00041,36,C
L00041,37,F
L00042,0,C
L00042,1,C
L00042,2,C
L00042,3,C
L00042,4,C
L00042,5,C
L00042,6,C
L00042,7,C
L00042,8,N
L00042,9,C
L00042,10,N
L00042,11,C
L00042,12,C
L00042,13,C
L00042,14,C
L00042,15,C
L00042,16,C
L00042,17,C
L00042,18,C
L00042,19,F
L00043,0,C
L00043,1,C
L00043,2,C
L00043,3,C
L00043,4,C
L00043,5,C
L00043,6,C
L00043,7,N
L00043,8,C
L00043,9,C
L00043,10,C
L00043,11,C
L00043,12,C
L00043,13,C
L00043,14,C
L00043,15,C
L00043,16,C
L00043,17,C
L00043,18,C
L00043,19,C
L00043,20,N
L00043,21,C
L00043,22,O
L00043,23,C
L00043,24,C
L00043,25,C
L00043,26,C
L00043,27,O
L00043,28,N
L00043,29,C
L00043,30,O
L00044,0,C
L00044,1,C
L00044,2,C
L00044,3,C
L00044,4,S
L00044,5,C
L00044,6,N
L00044,7,C
L00044,8,N
L00044,9,O
L00044,10,C
L00044,11,N
L00044,12,C
L00044,13,C
L00044,14,C
L00044,15,C
L00044,16,C
L00044,17,O
L00044,18,O
L00044,19,O
L00045,0,C
L00045,1,C
L00045,2,C
L00045,3,C
L00045,4,C
L00045,5,C
L00045,6,N
L00045,7,C
L00045,8,C
L00045,9,O
L00045,10,C
L00045,11,C
L00045,12,C
L00045,13,O
L00045,14,N
L00045,15,C
L00045,16,O
L00045,17,C
L00045,18,C
L00045,19,C
L00045,20,C
L00045,21,O
L00045,22,N
L00045,23,C
L00045,24,O
L00047,0,C
L00047,1,C
L00047,2,C
L00047,3,C
L00047,4,C
L00047,5,C
L00047,6,C
L00047,7,C
L00047,8,C
L00047,9,N
L00047,10,C
L00047,11,N
L00047,12,N
L00047,13,S
L00047,14,O
L00047,15,O
L00047,16,C
L00047,17,C
L00047,18,C
L00047,19,C
L00047,20,C
L00047,21,C
L00047,22,C
L00047,23,N
L00048,0,C
L00048,1,O
L00048,2,C
L00048,3,C
L00048,4,C
L00048,5,C
L00048,6,C
L00048,7,C
L00048,8,S
L00048,9,O
L00048,10,O
L00048,11,N
L00048,12,C
L00048,13,C
L00048,14,C
L00048,15,C
L00048,16,C
L00048,17,C
L00048,18,C
L00048,19,C
L00048,20,C
L00048,21,C
L00048,22,N
L00048,23,C
L00048,24,C
L00048,25,O
L00048,26,O
L00048,27,S
L00048,28,O
L00048,29,O
L00048,30,C
L00048,31,C
L00048,32,C
L00048,33,C
L00048,34,C
L00048,35,C
L00048,36,O
L00048,37,C
L00049,0,C
L00049,1,C
L00049,2,N
L00049,3,C
L00049,4,N
L00049,5,Re
L00049,6,C
L00049,7,O
L00049,8,C
L00049,9,O
L00049,10,C
L00049,11,O
L00049,12,O
L00050,0,C
L00050,1,C
L00050,2,N
L00050,3,C
L00050,4,C
L00050,5,C
L00050,6,C
L00050,7,C
L00050,8,C
L00050,9,C
L00050,10,C
L00050,11,C
L00050,12,N
L00050,13,C
L00050,14,Re
L00050,15,C
L00050,16,O
L00050,17,C
L00050,18,O
L00050,19,C
L00050,20,O
L00051,0,C
L00051,1,C
L00051,2,C
L00051,3,C
L00051,4,C
L00051,5,C
L00051,6,C
L00051,7,Cl
L00051,8,N
L00051,9,C
L00051,10,O
L00051,11,C
L00051,12,C
L00051,13,C
L00051,14,C
L00051,15,C
L00051,16,C
L00051,17,C
L00051,18,C
L00051,19,N
L00051,20,C
L00051,21,C
L00051,22,C
L00051,23,O
L00051,24,N
L00051,25,C
L00051,26,O
L00051,27,C
L00051,28,C
L00051,29,C
L00051,30,C
L00051,31,O
L00051,32,N
L00051,33,C
L00051,34,O
L00052,0,C
L00052,1,C
L00052,2,C
L00052,3,C
L00052,4,O
L00052,5,N
L00052,6,C
L00052,7,C
L00052,8,C
L00052,9,C
L00052,10,C
L00052,11,C
L00052,12,C
L00052,13,C
L00052,14,N
L00052,15,C
L00052,16,O
L00052,17,C
L00052,18,O
L00052,19,N
L00052,20,C
L00052,21,C
L00052,22,C
L00052,23,C
L00052,24,C
L00052,25,C
L00052,26,C
L00052,27,C
L00052,28,C
L00052,29,C
L00052,30,C
L00052,31,C
L00052,32,C
L00052,33,C
L00052,34,C
L00052,35,N
L00052,36,N
L00053,0,C
L00053,1,N
L00053,2,C
L00053,3,C
L00053,4,C
L00053,5,C
L00053,6,C
L00053,7,C
L00053,8,C
L00053,9,C
L00053,10,C
L00053,11,C
L00053,12,C
L00053,13,N
L00053,14,C
L00053,15,C
L00055,0,C
L00055,1,C
L00055,2,N
L00055,3,C
L00055,4,N
L00055,5,Re
L00055,6,C
L00055,7,O
L00055,8,C
L00055,9,O
L00055,10,C
L00055,11,O
L00055,12,N
L00055,13,C
L00055,14,C
L00055,15,N
L00055,16,C
L00056,0,C
L00056,1,C
L00056,2,C
L00056,3,C
L00056,4,O
L00056,5,N
L00056,6,C
L00056,7,C
L00056,8,C
L00056,9,C
L00056,10,C
L00056,11,C
L00056,12,C
L00056,13,C
L00056,14,N
L00056,15,C
L00056,16,O
L00056,17,C
L00056,18,O
L00056,19,N
L00056,20,C
L00056,21,C
L00056,22,C
L00056,23,C
L00056,24,C
L00056,25,C
L00056,26,C
L00056,27,C
L00056,28,C
L00056,29,C
L00056,30,C
L00056,31,C
L00056,32,C
L00056,33,C
L00056,34,O
L00056,35,N
L00057,0,C
L00057,1,C
L00057,2,C
L00057,3,C
L00057,4,N
L00057,5,C
L00057,6,O
L00057,7,C
L00057,8,C
L00057,9,C
L00057,10,C
L00057,11,C
L00057,12,C
L00057,13,C
L00057,14,C
L00057,15,N
L00057,16,C
L00057,17,C
L00057,18,O
L00057,19,O
L00057,20,Cl
L00057,21,N
L00057,22,C
L00057,23,C
L00057,24,C
L00057,25,C
L00057,26,C
L00057,27,C
L00057,28,C
L00057,29,F
L00057,30,F
L00057,31,C
L00057,32,O
L00058,0,C
L00058,1,C
L00058,2,N
L00058,3,C
L00058,4,C
L00058,5,C
L00058,6,C
L00058,7,C
L00058,8,C
L00058,9,N
L00058,10,N
L00058,11,C
L00058,12,C
L00058,13,C
L00058,14,C
L00058,15,O
L00058,16,O
L00058,17,C
L00058,18,C
L00058,19,C
L00058,20,C
L00058,21,C
L00058,22,C
L00058,23,C
L00058,24,N
L00058,25,C
L00058,26,C
L00058,27,C
L00058,28,O
L00058,29,C
L00058,30,C
L00058,31,C
L00058,32,C
L00058,33,C
L00058,34,C
L00058,35,C
L00059,0,C
L00059,1,N
L00059,2,C
L00059,3,C
L00059,4,C
L00059,5,N
L00059,6,N
L00059,7,C
L00059,8,N
L00059,9,C
L00059,10,C
L00059,11,C
L00059,12,C
L00059,13,C
L00059,14,C
L00059,15,C
L00059,16,O
L00059,17,P
L00059,18,O
L00059,19,O
L00059,20,O
L00059,21,P
L00059,22,O
L00059,23,O
L00059,24,O
L00059,25,P
L00059,26,O
L00059,27,O
L00059,28,O
L00059,29,O
L00059,30,N
L00060,0,C
L00060,1,N
L00060,2,C
L00060,3,C
L00060,4,C
L00060,5,N
L00060,6,N
L00060,7,C
L00060,8,N
L00060,9,C
L00060,10,C
L00060,11,C
L00060,12,C
L00060,13,C
L00060,14,C
L00060,15,O
L00060,16,C
L00060,17,O
L00060,18,P
L00060,19,O
L00060,20,O
L00060,21,O
L00060,22,P
L00060,23,O
L00060,24,O
L00060,25,O
L00060,26,P
L00060,27,O
L00060,28,O
L00060,29,O
L00060,30,N
L00061,0,C
L00061,1,N
L00061,2,C
L00061,3,C
L00061,4,C
L00061,5,C
L00061,6,C
L00061,7,C
L00061,8,N
L00061,9,N
L00061,10,C
L00061,11,C
L00061,12,C
L00061,13,O
L00061,14,O
L00061,15,C
L00061,16,C
L00061,17,C
L00061,18,C
L00061,19,C
L00061,20,C
L00061,21,C
L00061,22,N
L00061,23,C
L00061,24,S
L00061,25,O
L00061,26,O
L00061,27,C
L00061,28,C
L00061,29,C
L00061,30,C
L00061,31,C
L00061,32,C
L00061,33,Cl
L00062,0,C
L00062,1,C
L00062,2,C
L00062,3,C
L00062,4,O
L00062,5,O
L00062,6,C
L00062,7,C
L00062,8,C
L00062,9,C
L00062,10,N
L00062,11,C
L00062,12,C
L00062,13,C
L00062,14,C
L00062,15,C
L00062,16,O
L00062,17,C
L00062,18,C
L00062,19,O
L00062,20,O
L00062,21,C
L00062,22,C
L00062,23,C
L00062,24,C
L00062,25,C
L00062,26,C
L00062,27,Cl
L00062,28,C
L00062,29,C
L00062,30,C
L00062,31,C
L00062,32,C
L00062,33,C
L00062,34,Cl
L00063,0,C
L00063,1,C
L00063,2,C
L00063,3,C
L00063,4,C
L00063,5,O
L00063,6,N
L00063,7,C
L00063,8,C
L00063,9,C
L00063,10,C
L00063,11,C
L00063,12,O
L00063,13,C
L00063,14,C
L00063,15,C
L00063,16,O
L00063,17,O
L00063,18,C
L00063,19,C
L00063,20,C
L00063,21,C
L00063,22,C
L00063,23,C
L00063,24,Cl
L00063,25,C
L00063,26,C
L00063,27,C
L00063,28,C
L00063,29,C
L00063,30,C
L00063,31,Cl
L00064,0,C
L00064,1,C
L00064,2,C
L00064,3,C
L00064,4,O
L00064,5,N
L00064,6,C
L00064,7,C
L00064,8,C
L00064,9,C
L00064,10,C
L00064,11,O
L00064,12,C
L00064,13,C
L00064,14,O
L00064,15,O
L00064,16,C
L00064,17,C
L00064,18,C
L00064,19,C
L00064,20,C
L00064,21,C
L00064,22,Cl
L00064,23,C
L00064,24,C
L00064,25,C
L00064,26,C
L00064,27,C
L00064,28,C
L00064,29,Cl
L00065,0,C
L00065,1,C
L00065,2,C
L00065,3,C
L00065,4,C
L00065,5,C
L00065,6,C
L00065,7,C
L00065,8,N
L00065,9,C
L00065,10,C
L00065,11,N
L00065,12,C
L00065,13,O
L00065,14,C
L00065,15,C
L00065,16,C
L00065,17,C
L00065,18,C
L00065,19,C
L00065,20,C
L00065,21,O
L00065,22,C
L00065,23,O
L00065,24,C
L00065,25,C
L00065,26,C
L00065,27,C
L00065,28,C
L00065,29,C
L00065,30,C
L00065,31,O
L00065,32,O
L00066,0,C
L00066,1,C
L00066,2,C
L00066,3,C
L00066,4,C
L00066,5,C
L00066,6,Cl
L00066,7,C
L00066,8,C
L00066,9,C
L00066,10,C
L00066,11,O
L00066,12,N
L00066,13,C
L00066,14,C
L00066,15,C
L00066,16,C
L00066,17,C
L00066,18,C
L00066,19,C
L00066,20,Cl
L00066,21,C
L00066,22,C
L00066,23,C
L00066,24,C
L00066,25,C
L00066,26,C
L00066,27,O
L00066,28,O
L00067,0,C
L00067,1,C
L00067,2,C
L00067,3,O
L00067,4,N
L00067,5,C
L00067,6,C
L00067,7,C
L00067,8,C
L00067,9,C
L00067,10,C
L00067,11,C
L00067,12,C
L00067,13,O
L00067,14,N
L00067,15,C
L00067,16,C
L00067,17,C
L00067,18,C
L00067,19,C
L00067,20,N
L00067,21,C
L00067,22,C
L00067,23,C
L00067,24,O
L00067,25,N
L00067,26,C
L00067,27,C
L00067,28,C
L00067,29,C
L00067,30,C
L00067,31,C
L00067,32,C
L00067,33,C
L00067,34,C
L00067,35,C
L00067,36,N
L00067,37,C
L00068,0,C
L00068,1,C
L00068,2,C
L00068,3,N
L00068,4,C
L00068,5,C
L00068,6,N
L00068,7,C
L00068,8,C
L00068,9,P
L00068,10,O
L00068,11,O
L00068,12,O
L00068,13,P
L00068,14,O
L00068,15,O
L00068,16,O
L00069,0,C
L00069,1,C
L00069,2,C
L00069,3,O
L00069,4,C
L00069,5,N
L00069,6,C
L00069,7,C
L00069,8,C
L00069,9,N
L00069,10,C
L00069,11,O
L00069,12,N
L00069,13,C
L00069,14,O
L00069,15,O
L00069,16,C
L00069,17,O
L00069,18,P
L00069,19,O
L00069,20,O
L00069,21,O
L00069,22,O
L00070,0,C
L00070,1,C
L00070,2,C
L00070,3,C
L00070,4,C
L00070,5,N
L00070,6,C
L00070,7,C
L00070,8,C
L00070,9,N
L00070,10,C
L00070,11,N
L00070,12,C
L00070,13,C
L00070,14,C
L00070,15,C
L00070,16,C
L00070,17,C
L00070,18,C
L00070,19,Cl
L00070,20,C
L00070,21,C
L00070,22,C
L00070,23,C
L00070,24,C
L00070,25,C
L00070,26,C
L00070,27,C
L00070,28,S
L00070,29,N
L00070,30,C
L00070,31,N
L00070,32,C
L00070,33,O
L00070,34,O
L00071,0,C
L00071,1,C
L00071,2,C
L00071,3,C
L00071,4,C
L00071,5,C
L00071,6,C
L00071,7,C
L00071,8,N
L00071,9,C
L00071,10,C
L00071,11,C
L00071,12,C
L00071,13,N
L00071,14,C
L00071,15,C
L00071,16,C
L00071,17,C
L00071,18,C
L00071,19,N
L00071,20,C
L00071,21,Cl
L00071,22,C
L00071,23,N
L00071,24,O
L00071,25,C
L00071,26,O
L00071,27,N
L00071,28,N
L00071,29,C
L00071,30,N
L00071,31,C
L00071,32,C
L00071,33,O
L00071,34,C
L00071,35,C
L00071,36,C
L00071,37,C
L00071,38,C
L00072,0,C
L00072,1,C
L00072,2,C
L00072,3,C
L00072,4,C
L00072,5,C
L00072,6,C
L00072,7,C
L00072,8,C
L00072,9,N
L00072,10,C
L00072,11,C
L00072,12,C
L00072,13,C
L00072,14,N
L00072,15,C
L00072,16,C
L00072,17,C
L00072,18,C
L00072,19,C
L00072,20,N
L00072,21,C
L00072,22,Cl
L00072,23,C
L00072,24,N
L00072,25,O
L00072,26,C
L00072,27,O
L00072,28,N
L00072,29,N
L00072,30,C
L00072,31,C
L00072,32,C
L00072,33,C
L00072,34,O
L00072,35,C
L00073,0,C
L00073,1,C
L00073,2,O
L00073,3,C
L00073,4,C
L00073,5,N
L00073,6,C
L00073,7,C
L00073,8,C
L00073,9,N
L00073,10,C
L00073,11,C
L00073,12,N
L00073,13,C
L00073,14,C
L00073,15,C
L00073,16,C
L00073,17,C
L00073,18,C
L00073,19,C
L00073,20,C
L00073,21,C
L00073,22,C
L00073,23,C
L00073,24,C
L00073,25,C
L00073,26,N
L00073,27,C
L00073,28,Cl
L00073,29,C
L00073,30,N
L00073,31,O
L00073,32,C
L00073,33,O
L00073,34,N
L00073,35,C
L00073,36,C
L00073,37,C
L00074,0,C
L00074,1,N
L00074,2,C
L00074,3,C
L00074,4,O
L00074,5,C
L00074,6,C
L00074,7,O
L00074,8,C
L00074,9,C
L00074,10,C
L00074,11,C
L00074,12,C
L00074,13,C
L00074,14,C
L00074,15,C
L00074,16,C
L00074,17,C
L00074,18,C
L00074,19,C
L00074,20,C
L00074,21,Br
L00074,22,C
L00074,23,C
L00074,24,C
L00074,25,C
L00074,26,C
L00074,27,C
L00074,28,Br
L00075,0,C
L00075,1,N
L00075,2,C
L00075,3,C
L00075,4,O
L00075,5,C
L00075,6,C
L00075,7,O
L00075,8,C
L00075,9,C
L00075,10,C
L00075,11,C
L00075,12,C
L00075,13,C
L00075,14,C
L00075,15,C
L00075,16,C
L00075,17,C
L00075,18,C
L00075,19,C
L00075,20,C
L00075,21,Cl
L00075,22,C
L00075,23,C
L00075,24,C
L00075,25,C
L00075,26,C
L00075,27,C
L00075,28,Cl
L00076,0,C
L00076,1,C
L00076,2,C
L00076,3,C
L00076,4,C
L00076,5,O
L00076,6,O
L00076,7,N
L00076,8,C
L00076,9,C
L00076,10,O
L00076,11,C
L00076,12,C
L00076,13,O
L00076,14,C
L00076,15,C
L00076,16,C
L00076,17,C
L00076,18,C
L00076,19,C
L00076,20,C
L00076,21,F
L00076,22,C
L00076,23,C
L00076,24,C
L00076,25,C
L00076,26,C
L00076,27,C
L00076,28,Cl
L00076,29,C
L00076,30,C
L00076,31,C
L00076,32,C
L00076,33,C
L00076,34,C
L00076,35,Cl
L00077,0,C
L00077,1,C
L00077,2,C
L00077,3,C
L00077,4,C
L00077,5,C
L00077,6,C
L00077,7,C
L00077,8,C
L00077,9,C
L00077,10,C
L00077,11,C
L00077,12,C
L00077,13,N
L00077,14,C
L00077,15,O
L00077,16,Cl
L00077,17,C
L00077,18,C
L00077,19,N
L00077,20,C
L00077,21,O
L00077,22,N
L00077,23,C
L00077,24,C
L00077,25,N
L00077,26,C
L00077,27,C
L00077,28,C
L00077,29,C
L00077,30,C
L00077,31,C
L00077,32,F
L00077,33,Cl
L00078,0,C
L00078,1,C
L00078,2,C
L00078,3,C
L00078,4,O
L00078,5,N
L00078,6,C
L00078,7,C
L00078,8,O
L00078,9,C
L00078,10,C
L00078,11,O
L00078,12,C
L00078,13,C
L00078,14,O
L00078,15,O
L00078,16,C
L00078,17,C
L00078,18,C
L00078,19,C
L00078,20,C
L00078,21,C
L00078,22,Cl
L00078,23,C
L00078,24,C
L00078,25,C
L00078,26,C
L00078,27,C
L00078,28,C
L00078,29,Cl
L00079,0,C
L00079,1,C
L00079,2,C
L00079,3,C
L00079,4,C
L00079,5,C
L00079,6,C
L00079,7,C
L00079,8,C
L00079,9,N
L00079,10,C
L00079,11,O
L00079,12,N
L00079,13,C
L00079,14,C
L00079,15,C
L00079,16,C
L00079,17,O
L00079,18,O
L00079,19,C
L00079,20,C
L00079,21,C
L00079,22,C
L00079,23,C
L00079,24,C
L00079,25,F
L00079,26,Cl
L00079,27,C
L00079,28,N
L00079,29,C
L00079,30,C
L00079,31,C
L00079,32,C
L00079,33,C
L00079,34,C
L00079,35,F
L00079,36,Cl
L00080,0,C
L00080,1,C
L00080,2,C
L00080,3,O
L00080,4,N
L00080,5,C
L00080,6,C
L00080,7,N
L00080,8,C
L00080,9,C
L00080,10,C
L00080,11,C
L00080,12,C
L00080,13,C
L00080,14,N
L00080,15,C
L00080,16,O
L00080,17,C
L00080,18,C
L00080,19,C
L00080,20,C
L00080,21,C
L00080,22,C
L00080,23,C
L00080,24,C
L00080,25,C
L00080,26,C
L00080,27,C
L00080,28,O
L00080,29,C
L00080,30,C
L00080,31,O
L00080,32,C
L00080,33,C
L00080,34,C
L00080,35,C
L00080,36,C
L00080,37,C
L00080,38,N
L00080,39,N
L00080,40,C
L00081,0,C
L00081,1,C
L00081,2,C
L00081,3,O
L00081,4,N
L00081,5,C
L00081,6,C
L00081,7,O
L00081,8,N
L00081,9,C
L00081,10,C
L00081,11,C
L00081,12,C
L00081,13,C
L00081,14,C
L00081,15,O
L00081,16,C
L00081,17,C
L00081,18,C
L00081,19,O
L00081,20,C
L00081,21,C
L00081,22,C
L00081,23,C
L00081,24,C
L00081,25,C
L00081,26,C
L00081,27,C
L00081,28,C
L00081,29,C
L00081,30,C
L00081,31,C
L00081,32,C
L00081,33,O
L00081,34,C
L00081,35,C
L00081,36,O
L00081,37,O
L00081,38,N
L00081,39,C
L00082,0,C
L00082,1,C
L00082,2,C
L00082,3,C
L00082,4,C
L00082,5,C
L00082,6,O
L00082,7,O
L00082,8,N
L00082,9,C
L00082,10,O
L00082,11,C
L00082,12,C
L00082,13,C
L00082,14,C
L00082,15,C
L00082,16,C
L00082,17,C
L00082,18,C
L00082,19,N
L00082,20,P
L00082,21,O
L00082,22,C
L00082,23,N
L00082,24,C
L00082,25,O
L00082,26,O
L00082,27,C
L00082,28,C
L00082,29,C
L00082,30,C
L00082,31,C
L00082,32,C
L00082,33,C
L00082,34,O
L00083,0,C
L00083,1,C
L00083,2,C
L00083,3,C
L00083,4,C
L00083,5,C
L00083,6,C
L00083,7,C
L00083,8,N
L00083,9,C
L00083,10,C
L00083,11,N
L00083,12,C
L00083,13,O
L00083,14,C
L00083,15,C
L00083,16,C
L00083,17,C
L00083,18,C
L00083,19,C
L00083,20,C
L00083,21,O
L00083,22,C
L00083,23,O
L00083,24,C
L00083,25,C
L00083,26,C
L00083,27,C
L00083,28,C
L00083,29,C
L00083,30,C
L00083,31,O
L00083,32,O
L00084,0,C
L00084,1,C
L00084,2,C
L00084,3,C
L00084,4,C
L00084,5,C
L00084,6,C
L00084,7,C
L00084,8,N
L00084,9,C
L00084,10,C
L00084,11,N
L00084,12,C
L00084,13,O
L00084,14,C
L00084,15,C
L00084,16,C
L00084,17,C
L00084,18,C
L00084,19,C
L00084,20,C
L00084,21,O
L00084,22,C
L00084,23,O
L00084,24,C
L00084,25,C
L00084,26,C
L00084,27,C
L00084,28,C
L00084,29,C
L00084,30,C
L00084,31,N
L00084,32,N
L00084,33,N
L00084,34,N
L00085,0,C
L00085,1,C
L00085,2,C
L00085,3,C
L00085,4,C
L00085,5,C
L00085,6,C
L00085,7,C
L00085,8,C
L00085,9,N
L00085,10,C
L00085,11,C
L00085,12,N
L00085,13,C
L00085,14,C
L00085,15,C
L00085,16,C
L00085,17,C
L00085,18,C
L00085,19,C
L00085,20,C
L00085,21,O
L00085,22,C
L00085,23,O
L00085,24,C
L00085,25,C
L00085,26,C
L00085,27,C
L00085,28,C
L00085,29,C
L00085,30,C
L00085,31,O
L00085,32,O
L00087,0,C
L00087,1,C
L00087,2,C
L00087,3,O
L00087,4,N
L00087,5,C
L00087,6,C
L00087,7,C
L00087,8,C
L00087,9,C
L00087,10,C
L00087,11,C
L00087,12,C
L00087,13,O
L00087,14,N
L00087,15,C
L00087,16,C
L00087,17,C
L00087,18,C
L00087,19,C
L00087,20,C
L00087,21,N
L00087,22,C
L00087,23,C
L00087,24,C
L00087,25,O
L00087,26,N
L00087,27,C
L00087,28,C
L00087,29,C
L00087,30,O
L00087,31,C
L00087,32,C
L00087,33,C
L00087,34,C
L00087,35,C
L00087,36,C
L00087,37,N
L00087,38,C
L00088,0,C
L00088,1,C
L00088,2,C
L00088,3,O
L00088,4,N
L00088,5,C
L00088,6,C
L00088,7,C
L00088,8,C
L00088,9,C
L00088,10,C
L00088,11,C
L00088,12,C
L00088,13,O
L00088,14,N
L00088,15,C
L00088,16,C
L00088,17,C
L00088,18,C
L00088,19,C
L00088,20,N
L00088,21,C
L00088,22,C
L00088,23,C
L00088,24,O
L00088,25,N
L00088,26,C
L00088,27,C
L00088,28,C
L00088,29,O
L00088,30,C
L00088,31,C
L00088,32,C
L00088,33,C
L00088,34,C
L00088,35,C
L00088,36,N
L00088,37,C
L00089,0,C
L00089,1,C
L00089,2,O
L00089,3,N
L00089,4,C
L00089,5,C
L00089,6,C
L00089,7,C
L00089,8,C
L00089,9,C
L00089,10,C
L00089,11,C
L00089,12,C
L00089,13,C
L00089,14,C
L00089,15,C
L00089,16,N
L00089,17,C
L00089,18,O
L00089,19,Cl
L00089,20,C
L00089,21,C
L00089,22,C
L00089,23,C
L00089,24,C
L00089,25,C
L00089,26,C
L00089,27,Cl
L00090,0,C
L00090,1,C
L00090,2,C
L00090,3,C
L00090,4,C
L00090,5,C
L00090,6,C
L00090,7,C
L00090,8,C
L00090,9,C
L00090,10,C
L00090,11,C
L00090,12,C
L00090,13,N
L00090,14,C
L00090,15,O
L00090,16,Cl
L00090,17,C
L00090,18,C
L00090,19,N
L00090,20,C
L00090,21,O
L00090,22,N
L00090,23,C
L00090,24,C
L00090,25,C
L00090,26,C
L00090,27,C
L00090,28,C
L00090,29,C
L00090,30,O
L00090,31,N
L00090,32,C
L00090,33,C
L00090,34,C
L00090,35,C
L00090,36,C
L00090,37,C
L00090,38,F
L00090,39,Cl
L00091,0,C
L00091,1,C
L00091,2,C
L00091,3,C
L00091,4,C
L00091,5,C
L00091,6,C
L00091,7,C
L00091,8,C
L00091,9,C
L00091,10,C
L00091,11,S
L00091,12,Cl
L00091,13,N
L00091,14,C
L00091,15,O
L00091,16,C
L00091,17,C
L00091,18,N
L00091,19,C
L00091,20,O
L00091,21,N
L00091,22,C
L00091,23,C
L00091,24,C
L00091,25,C
L00091,26,C
L00091,27,C
L00091,28,O
L00091,29,C
L00091,30,C
L00091,31,O
L00091,32,N
L00091,33,C
L00091,34,C
L00091,35,C
L00091,36,C
L00091,37,C
L00091,38,C
L00091,39,F
L00091,40,Cl
L00092,0,C
L00092,1,C
L00092,2,C
L00092,3,C
L00092,4,C
L00092,5,C
L00092,6,O
L00092,7,N
L00092,8,O
L00092,9,N
L00092,10,C
L00092,11,C
L00092,12,C
L00092,13,C
L00092,14,C
L00092,15,C
L00092,16,C
L00092,17,C
L00092,18,N
L00092,19,C
L00092,20,C
L00092,21,O
L00092,22,N
L00092,23,O
L00092,24,Cl
L00092,25,C
L00092,26,O
L00092,27,N
L00092,28,C
L00092,29,C
L00092,30,C
L00092,31,C
L00092,32,C
L00092,33,C
L00092,34,C
L00093,0,C
L00093,1,C
L00093,2,C
L00093,3,C
L00093,4,O
L00093,5,N
L00093,6,C
L00093,7,C
L00093,8,C
L00093,9,C
L00093,10,C
L00093,11,C
L00093,12,C
L00093,13,C
L00093,14,O
L00093,15,N
L00093,16,C
L00093,17,C
L00093,18,C
L00093,19,C
L00093,20,C
L00093,21,N
L00093,22,C
L00093,23,C
L00093,24,C
L00093,25,O
L00093,26,N
L00093,27,C
L00093,28,C
L00093,29,C
L00093,30,O
L00093,31,C
L00093,32,C
L00093,33,C
L00093,34,C
L00093,35,C
L00093,36,C
L00093,37,N
L00093,38,C
L00094,0,C
L00094,1,C
L00094,2,C
L00094,3,C
L00094,4,O
L00094,5,N
L00094,6,C
L00094,7,C
L00094,8,C
L00094,9,C
L00094,10,C
L00094,11,C
L00094,12,C
L00094,13,C
L00094,14,O
L00094,15,N
L00094,16,C
L00094,17,C
L00094,18,C
L00094,19,C
L00094,20,C
L00094,21,C
L00094,22,C
L00094,23,C
L00094,24,C
L00094,25,N
L00094,26,C
L00094,27,C
L00094,28,C
L00094,29,O
L00094,30,N
L00094,31,C
L00094,32,C
L00094,33,C
L00094,34,O
L00094,35,C
L00094,36,C
L00094,37,C
L00094,38,C
L00094,39,C
L00094,40,C
L00094,41,N
L00094,42,C
L00095,0,C
L00095,1,C
L00095,2,C
L00095,3,C
L00095,4,C
L00095,5,C
L00095,6,C
L00095,7,C
L00095,8,N
L00095,9,C
L00095,10,C
L00095,11,N
L00095,12,C
L00095,13,C
L00095,14,C
L00095,15,C
L00095,16,C
L00095,17,C
L00095,18,C
L00095,19,C
L00095,20,O
L00095,21,C
L00095,22,O
L00095,23,C
L00095,24,C
L00095,25,C
L00095,26,C
L00095,27,C
L00095,28,C
L00095,29,C
L00095,30,O
L00095,31,O
L00097,0,C
L00097,1,C
L00097,2,C
L00097,3,C
L00097,4,S
L00097,5,O
L00097,6,O
L00097,7,C
L00097,8,C
L00097,9,C
L00097,10,C
L00097,11,N
L00097,12,C
L00097,13,C
L00097,14,C
L00097,15,C
L00097,16,C
L00097,17,O
L00097,18,C
L00097,19,C
L00097,20,C
L00097,21,O
L00097,22,O
L00097,23,C
L00097,24,C
L00097,25,C
L00097,26,C
L00097,27,C
L00097,28,C
L00097,29,Cl
L00097,30,C
L00097,31,C
L00097,32,C
L00097,33,C
L00097,34,C
L00097,35,C
L00097,36,Cl
L00098,0,C
L00098,1,C
L00098,2,C
L00098,3,C
L00098,4,S
L00098,5,O
L00098,6,O
L00098,7,C
L00098,8,C
L00098,9,C
L00098,10,C
L00098,11,C
L00098,12,N
L00098,13,C
L00098,14,C
L00098,15,O
L00098,16,C
L00098,17,C
L00098,18,O
L00098,19,C
L00098,20,C
L00098,21,O
L00098,22,O
L00098,23,C
L00098,24,C
L00098,25,C
L00098,26,C
L00098,27,C
L00098,28,C
L00098,29,Cl
L00098,30,C
L00098,31,C
L00098,32,C
L00098,33,C
L00098,34,C
L00098,35,C
L00098,36,Cl
L00099,0,C
L00099,1,C
L00099,2,C
L00099,3,C
L00099,4,S
L00099,5,O
L00099,6,O
L00099,7,C
L00099,8,C
L00099,9,C
L00099,10,C
L00099,11,N
L00099,12,C
L00099,13,C
L00099,14,O
L00099,15,C
L00099,16,C
L00099,17,O
L00099,18,C
L00099,19,C
L00099,20,O
L00099,21,O
L00099,22,C
L00099,23,C
L00099,24,C
L00099,25,C
L00099,26,C
L00099,27,C
L00099,28,Cl
L00099,29,C
L00099,30,C
L00099,31,C
L00099,32,C
L00099,33,C
L00099,34,C
L00099,35,Cl
L00100,0,C
L00100,1,C
L00100,2,C
L00100,3,C
L00100,4,C
L00100,5,N
L00100,6,C
L00100,7,O
L00100,8,C
L00100,9,C
L00100,10,S
L00100,11,O
L00100,12,O
L00100,13,C
L00100,14,C
L00100,15,C
L00100,16,C
L00100,17,C
L00100,18,C
L00100,19,C
L00100,20,C
L00100,21,C
L00100,22,C
L00100,23,C
L00100,24,C
L00100,25,C
L00100,26,F
L00100,27,Cl
L00100,28,C
L00100,29,C
L00100,30,C
L00100,31,C
L00100,32,C
L00100,33,C
L00100,34,Cl
L00100,35,C
L00100,36,C
L00100,37,N
L00100,38,C
L00100,39,C
L00100,40,S
L00100,41,C
L00100,42,C
L00100,43,O
L00100,44,O
L00101,0,C
L00101,1,C
L00101,2,C
L00101,3,O
L00101,4,N
L00101,5,C
L00101,6,C
L00101,7,O
L00101,8,C
L00101,9,C
L00101,10,C
L00101,11,C
L00101,12,C
L00101,13,C
L00101,14,Cl
L00101,15,C
L00101,16,C
L00101,17,C
L00101,18,C
L00101,19,C
L00101,20,C
L00101,21,Cl
L00101,22,C
L00101,23,C
L00101,24,S
L00101,25,O
L00101,26,O
L00101,27,C
L00101,28,C
L00101,29,C
L00101,30,C
L00101,31,C
L00101,32,C
L00101,33,C
L00101,34,C
L00101,35,C
L00101,36,C
L00101,37,C
L00101,38,C
L00101,39,C
L00101,40,N
L00101,41,C
L00101,42,O
L00101,43,O
L00102,0,C
L00102,1,C
L00102,2,C
L00102,3,C
L00102,4,C
L00102,5,N
L00102,6,C
L00102,7,O
L00102,8,C
L00102,9,C
L00102,10,S
L00102,11,O
L00102,12,O
L00102,13,C
L00102,14,C
L00102,15,C
L00102,16,C
L00102,17,C
L00102,18,C
L00102,19,C
L00102,20,C
L00102,21,C
L00102,22,C
L00102,23,C
L00102,24,C
L00102,25,C
L00102,26,Cl
L00102,27,C
L00102,28,C
L00102,29,C
L00102,30,C
L00102,31,C
L00102,32,C
L00102,33,Cl
L00102,34,C
L00102,35,C
L00102,36,C
L00102,37,C
L00102,38,C
L00102,39,C
L00102,40,N
L00102,41,C
L00102,42,O
L00102,43,O
L00103,0,C
L00103,1,C
L00103,2,C
L00103,3,O
L00103,4,N
L00103,5,C
L00103,6,C
L00103,7,O
L00103,8,C
L00103,9,C
L00103,10,C
L00103,11,C
L00103,12,C
L00103,13,C
L00103,14,Cl
L00103,15,C
L00103,16,C
L00103,17,C
L00103,18,C
L00103,19,C
L00103,20,C
L00103,21,Cl
L00103,22,C
L00103,23,C
L00103,24,S
L00103,25,O
L00103,26,O
L00103,27,C
L00103,28,C
L00103,29,C
L00103,30,C
L00103,31,C
L00103,32,C
L00103,33,C
L00103,34,C
L00103,35,C
L00103,36,C
L00103,37,C
L00103,38,C
L00103,39,C
L00103,40,N
L00103,41,C
L00103,42,O
L00103,43,O
L00104,0,C
L00104,1,C
L00104,2,C
L00104,3,C
L00104,4,S
L00104,5,O
L00104,6,O
L00104,7,C
L00104,8,C
L00104,9,C
L00104,10,C
L00104,11,N
L00104,12,C
L00104,13,C
L00104,14,O
L00104,15,C
L00104,16,C
L00104,17,O
L00104,18,C
L00104,19,C
L00104,20,O
L00104,21,O
L00104,22,C
L00104,23,C
L00104,24,C
L00104,25,C
L00104,26,C
L00104,27,C
L00104,28,Cl
L00104,29,C
L00104,30,C
L00104,31,C
L00104,32,C
L00104,33,C
L00104,34,C
L00104,35,Cl
L00105,0,C
L00105,1,C
L00105,2,C
L00105,3,C
L00105,4,C
L00105,5,C
L00105,6,C
L00105,7,C
L00105,8,N
L00105,9,C
L00105,10,C
L00105,11,N
L00105,12,C
L00105,13,C
L00105,14,C
L00105,15,C
L00105,16,C
L00105,17,C
L00105,18,C
L00105,19,Cl
L00105,20,C
L00105,21,C
L00105,22,C
L00105,23,C
L00105,24,C
L00105,25,C
L00105,26,Cl
L00105,27,C
L00105,28,O
L00105,29,O
L00106,0,C
L00106,1,C
L00106,2,C
L00106,3,C
L00106,4,C
L00106,5,C
L00106,6,C
L00106,7,C
L00106,8,N
L00106,9,C
L00106,10,C
L00106,11,C
L00106,12,N
L00106,13,C
L00106,14,C
L00106,15,C
L00106,16,C
L00106,17,C
L00106,18,O
L00106,19,C
L00106,20,C
L00106,21,C
L00106,22,O
L00106,23,O
L00106,24,C
L00106,25,C
L00106,26,C
L00106,27,C
L00106,28,C
L00106,29,C
L00106,30,Cl
L00106,31,C
L00106,32,C
L00106,33,C
L00106,34,C
L00106,35,C
L00106,36,C
L00106,37,Cl
L00107,0,C
L00107,1,C
L00107,2,C
L00107,3,C
L00107,4,C
L00107,5,N
L00107,6,C
L00107,7,O
L00107,8,C
L00107,9,C
L00107,10,S
L00107,11,O
L00107,12,O
L00107,13,N
L00107,14,C
L00107,15,C
L00107,16,C
L00107,17,C
L00107,18,C
L00107,19,C
L00107,20,C
L00107,21,C
L00107,22,C
L00107,23,C
L00107,24,C
L00107,25,C
L00107,26,C
L00107,27,Cl
L00107,28,C
L00107,29,C
L00107,30,C
L00107,31,C
L00107,32,C
L00107,33,C
L00107,34,Cl
L00107,35,C
L00107,36,C
L00107,37,O
L00107,38,O
L00108,0,C
L00108,1,C
L00108,2,C
L00108,3,O
L00108,4,N
L00108,5,C
L00108,6,C
L00108,7,C
L00108,8,C
L00108,9,C
L00108,10,O
L00108,11,N
L00108,12,C
L00108,13,C
L00108,14,C
L00108,15,C
L00108,16,C
L00108,17,O
L00108,18,N
L00108,19,C
L00108,20,C
L00108,21,C
L00108,22,C
L00108,23,C
L00108,24,C
L00108,25,C
L00108,26,C
L00108,27,C
L00108,28,C
L00108,29,C
L00108,30,C
L00108,31,C
L00108,32,C
L00108,33,N
L00109,0,C
L00109,1,C
L00109,2,C
L00109,3,C
L00109,4,C
L00109,5,C
L00109,6,C
L00109,7,O
L00109,8,C
L00109,9,C
L00109,10,C
L00109,11,C
L00109,12,C
L00109,13,O
L00109,14,N
L00109,15,C
L00109,16,C
L00109,17,C
L00109,18,N
L00109,19,C
L00109,20,N
L00109,21,N
L00109,22,N
L00109,23,C
L00109,24,N
L00109,25,C
L00109,26,C
L00109,27,C
L00109,28,C
L00109,29,C
L00109,30,C
L00109,31,C
L00109,32,Cl
L00109,33,Cl
L00109,34,O
L00109,35,O
L00109,36,C
L00109,37,N
L00110,0,C
L00110,1,C
L00110,2,C
L00110,3,C
L00110,4,C
L00110,5,C
L00110,6,O
L00110,7,N
L00110,8,C
L00110,9,C
L00110,10,C
L00110,11,C
L00110,12,C
L00110,13,O
L00110,14,N
L00110,15,C
L00110,16,C
L00110,17,C
L00110,18,C
L00110,19,C
L00110,20,C
L00110,21,C
L00110,22,C
L00110,23,C
L00110,24,N
L00110,25,C
L00110,26,O
L00110,27,O
L00111,0,C
L00111,1,C
L00111,2,C
L00111,3,S
L00111,4,C
L00111,5,N
L00111,6,C
L00111,7,C
L00111,8,C
L00111,9,C
L00111,10,C
L00111,11,C
L00111,12,C
L00111,13,N
L00111,14,C
L00111,15,O
L00111,16,C
L00111,17,C
L00111,18,C
L00111,19,C
L00111,20,N
L00111,21,C
L00111,22,O
L00111,23,C
L00111,24,C
L00111,25,C
L00111,26,C
L00111,27,C
L00111,28,N
L00111,29,C
L00111,30,O
L00111,31,C
L00111,32,C
L00111,33,C
L00111,34,C
L00111,35,C
L00111,36,N
L00111,37,C
L00111,38,O
L00111,39,C
L00111,40,O
L00112,0,C
L00112,1,C
L00112,2,C
L00112,3,S
L00112,4,C
L00112,5,N
L00112,6,C
L00112,7,C
L00112,8,C
L00112,9,C
L00112,10,C
L00112,11,C
L00112,12,C
L00112,13,N
L00112,14,C
L00112,15,O
L00112,16,C
L00112,17,C
L00112,18,C
L00112,19,C
L00112,20,N
L00112,21,C
L00112,22,O
L00112,23,C
L00112,24,C
L00112,25,C
L00112,26,C
L00112,27,C
L00112,28,N
L00112,29,C
L00112,30,O
L00112,31,C
L00112,32,C
L00112,33,C
L00112,34,C
L00112,35,C
L00112,36,N
L00112,37,C
L00112,38,O
L00112,39,C
L00112,40,O
L00113,0,C
L00113,1,C
L00113,2,C
L00113,3,O
L00113,4,C
L00113,5,N
L00113,6,C
L00113,7,C
L00113,8,C
L00113,9,C
L00113,10,C
L00113,11,C
L00113,12,C
L00113,13,N
L00113,14,C
L00113,15,O
L00113,16,C
L00113,17,C
L00113,18,C
L00113,19,C
L00113,20,N
L00113,21,C
L00113,22,O
L00113,23,C
L00113,24,C
L00113,25,C
L00113,26,C
L00113,27,C
L00113,28,O
L00114,0,C
L00114,1,C
L00114,2,C
L00114,3,S
L00114,4,C
L00114,5,N
L00114,6,C
L00114,7,C
L00114,8,C
L00114,9,C
L00114,10,C
L00114,11,C
L00114,12,C
L00114,13,N
L00114,14,C
L00114,15,O
L00114,16,C
L00114,17,C
L00114,18,C
L00114,19,C
L00114,20,N
L00114,21,C
L00114,22,O
L00114,23,C
L00114,24,C
L00114,25,C
L00114,26,C
L00114,27,C
L00114,28,N
L00114,29,C
L00114,30,O
L00114,31,C
L00114,32,C
L00114,33,C
L00114,34,C
L00114,35,C
L00114,36,C
L00114,37,C
L00114,38,C
L00114,39,N
L00114,40,C
L00114,41,O
L00114,42,C
L00114,43,O
L00115,0,C
L00115,1,C
L00115,2,C
L00115,3,S
L00115,4,C
L00115,5,N
L00115,6,C
L00115,7,C
L00115,8,C
L00115,9,C
L00115,10,C
L00115,11,C
L00115,12,C
L00115,13,N
L00115,14,C
L00115,15,O
L00115,16,C
L00115,17,C
L00115,18,C
L00115,19,C
L00115,20,N
L00115,21,C
L00115,22,O
L00115,23,C
L00115,24,C
L00115,25,C
L00115,26,C
L00115,27,N
L00115,28,C
L00115,29,O
L00115,30,C
L00115,31,O
L00115,32,O
L00116,0,C
L00116,1,C
L00116,2,C
L00116,3,C
L00116,4,C
L00116,5,C
L00116,6,O
L00116,7,N
L00116,8,C
L00116,9,C
L00116,10,C
L00116,11,C
L00116,12,C
L00116,13,O
L00116,14,N
L00116,15,C
L00116,16,C
L00116,17,C
L00116,18,C
L00116,19,C
L00116,20,C
L00116,21,C
L00116,22,C
L00116,23,C
L00116,24,N
L00116,25,C
L00116,26,S
L00116,27,O
L00117,0,C
L00117,1,C
L00117,2,C
L00117,3,S
L00117,4,C
L00117,5,N
L00117,6,C
L00117,7,C
L00117,8,C
L00117,9,C
L00117,10,C
L00117,11,C
L00117,12,C
L00117,13,N
L00117,14,C
L00117,15,O
L00117,16,C
L00117,17,C
L00117,18,C
L00117,19,C
L00117,20,N
L00117,21,C
L00117,22,O
L00117,23,C
L00117,24,C
L00117,25,C
L00117,26,C
L00117,27,C
L00117,28,O
L00118,0,C
L00118,1,C
L00118,2,C
L00118,3,C
L00118,4,C
L00118,5,C
L00118,6,C
L00118,7,C
L00118,8,C
L00118,9,N
L00118,10,C
L00118,11,S
L00118,12,C
L00118,13,N
L00118,14,C
L00118,15,O
L00118,16,C
L00118,17,C
L00118,18,C
L00118,19,C
L00118,20,N
L00118,21,C
L00118,22,O
L00118,23,C
L00118,24,C
L00118,25,C
L00118,26,C
L00118,27,C
L00118,28,O
L00120,0,C
L00120,1,O
L00120,2,C
L00120,3,C
L00120,4,C
L00120,5,C
L00120,6,C
L00120,7,C
L00120,8,S
L00120,9,O
L00120,10,O
L00120,11,N
L00120,12,C
L00120,13,C
L00120,14,O
L00120,15,N
L00120,16,C
L00120,17,C
L00120,18,C
L00120,19,C
L00120,20,C
L00120,21,C
L00120,22,C
L00120,23,C
L00120,24,C
L00120,25,C
L00120,26,N
L00120,27,C
L00120,28,C
L00120,29,O
L00120,30,N
L00120,31,S
L00120,32,O
L00120,33,O
L00120,34,C
L00120,35,C
L00120,36,C
L00120,37,C
L00120,38,C
L00120,39,C
L00120,40,O
L00120,41,C
L00121,0,C
L00121,1,C
L00121,2,C
L00121,3,O
L00121,4,C
L00121,5,C
L00121,6,C
L00121,7,C
L00121,8,C
L00121,9,C
L00121,10,C
L00121,11,N
L00121,12,C
L00121,13,C
L00121,14,N
L00121,15,C
L00121,16,O
L00121,17,N
L00121,18,C
L00121,19,C
L00121,20,N
L00121,21,C
L00121,22,O
L00121,23,C
L00121,24,C
L00121,25,C
L00121,26,C
L00121,27,C
L00121,28,C
L00121,29,C
L00121,30,Cl
L00121,31,C
L00121,32,C
L00121,33,C
L00121,34,C
L00121,35,C
L00121,36,C
L00121,37,O
L00121,38,C
L00121,39,O
L00121,40,C
L00122,0,C
L00122,1,C
L00122,2,C
L00122,3,O
L00122,4,C
L00122,5,C
L00122,6,C
L00122,7,C
L00122,8,C
L00122,9,C
L00122,10,C
L00122,11,N
L00122,12,C
L00122,13,C
L00122,14,N
L00122,15,C
L00122,16,O
L00122,17,N
L00122,18,C
L00122,19,C
L00122,20,N
L00122,21,C
L00122,22,O
L00122,23,C
L00122,24,C
L00122,25,C
L00122,26,C
L00122,27,C
L00122,28,C
L00122,29,C
L00122,30,Cl
L00122,31,C
L00122,32,C
L00122,33,C
L00122,34,C
L00122,35,C
L00122,36,C
L00122,37,F
L00122,38,Br
L00122,39,O
L00122,40,C
L00123,0,C
L00123,1,C
L00123,2,C
L00123,3,O
L00123,4,C
L00123,5,C
L00123,6,C
L00123,7,C
L00123,8,C
L00123,9,C
L00123,10,C
L00123,11,N
L00123,12,C
L00123,13,C
L00123,14,N
L00123,15,C
L00123,16,O
L00123,17,N
L00123,18,C
L00123,19,C
L00123,20,N
L00123,21,C
L00123,22,O
L00123,23,C
L00123,24,C
L00123,25,C
L00123,26,C
L00123,27,C
L00123,28,C
L00123,29,C
L00123,30,Cl
L00123,31,C
L00123,32,C
L00123,33,C
L00123,34,C
L00123,35,C
L00123,36,C
L00123,37,Cl
L00123,38,C
L00123,39,N
L00124,0,C
L00124,1,C
L00124,2,C
L00124,3,O
L00124,4,C
L00124,5,C
L00124,6,C
L00124,7,C
L00124,8,C
L00124,9,C
L00124,10,C
L00124,11,N
L00124,12,C
L00124,13,C
L00124,14,N
L00124,15,C
L00124,16,O
L00124,17,N
L00124,18,C
L00124,19,C
L00124,20,N
L00124,21,C
L00124,22,O
L00124,23,C
L00124,24,C
L00124,25,C
L00124,26,C
L00124,27,C
L00124,28,C
L00124,29,C
L00124,30,Cl
L00124,31,C
L00124,32,C
L00124,33,C
L00124,34,C
L00124,35,C
L00124,36,C
L00124,37,Cl
L00124,38,O
L00124,39,C
L00125,0,C
L00125,1,C
L00125,2,C
L00125,3,C
L00125,4,C
L00125,5,C
L00125,6,C
L00125,7,C
L00125,8,S
L00125,9,O
L00125,10,O
L00125,11,C
L00125,12,C
L00125,13,N
L00125,14,C
L00125,15,N
L00125,16,C
L00125,17,O
L00125,18,S
L00125,19,C
L00125,20,C
L00125,21,O
L00125,22,N
L00125,23,C
L00125,24,C
L00125,25,C
L00125,26,C
L00125,27,C
L00125,28,C
L00125,29,C
L00125,30,F
L00125,31,F
L00125,32,F
L00127,0,C
L00127,1,N
L00127,2,C
L00127,3,O
L00127,4,C
L00127,5,C
L00127,6,C
L00127,7,C
L00127,8,C
L00127,9,C
L00127,10,C
L00127,11,C
L00127,12,C
L00127,13,C
L00127,14,Cl
L00127,15,O
L00127,16,C
L00127,17,C
L00127,18,N
L00127,19,C
L00127,20,C
L00127,21,C
L00127,22,C
L00127,23,C
L00127,24,C
L00127,25,Cl
L00127,26,C
L00127,27,C
L00127,28,C
L00127,29,C
L00127,30,C
L00127,31,C
L00127,32,C
L00127,33,Cl
L00128,0,C
L00128,1,C
L00128,2,C
L00128,3,C
L00128,4,C
L00128,5,C
L00128,6,C
L00128,7,C
L00128,8,C
L00128,9,C
L00128,10,O
L00128,11,C
L00128,12,O
L00128,13,C
L00128,14,C
L00128,15,C
L00128,16,C
L00128,17,C
L00128,18,C
L00128,19,C
L00128,20,Cl
L00128,21,O
L00128,22,C
L00128,23,C
L00128,24,N
L00128,25,C
L00128,26,C
L00128,27,C
L00128,28,C
L00128,29,C
L00128,30,C
L00128,31,Cl
L00128,32,Cl
L00129,0,C
L00129,1,C
L00129,2,O
L00129,3,C
L00129,4,C
L00129,5,C
L00129,6,C
L00129,7,C
L00129,8,C
L00129,9,O
L00129,10,C
L00129,11,C
L00129,12,C
L00129,13,N
L00129,14,C
L00129,15,O
L00129,16,C
L00129,17,C
L00129,18,C
L00129,19,C
L00129,20,C
L00129,21,C
L00129,22,C
L00129,23,O
L00129,24,C
L00129,25,C
L00129,26,N
L00129,27,N
L00129,28,N
L00129,29,N
L00129,30,C
L00129,31,C
L00129,32,C
L00129,33,C
L00129,34,C
L00129,35,C
L00129,36,C
L00129,37,Cl
L00130,0,C
L00130,1,C
L00130,2,C
L00130,3,O
L00130,4,C
L00130,5,C
L00130,6,C
L00130,7,C
L00130,8,C
L00130,9,C
L00130,10,O
L00130,11,C
L00130,12,C
L00130,13,C
L00130,14,O
L00130,15,N
L00130,16,C
L00130,17,C
L00130,18,C
L00130,19,C
L00130,20,C
L00130,21,C
L00130,22,C
L00130,23,Cl
L00130,24,C
L00130,25,C
L00130,26,C
L00130,27,C
L00130,28,C
L00130,29,C
L00130,30,N
L00130,31,C
L00130,32,C
L00130,33,C
L00130,34,C
L00130,35,C
L00130,36,C
L00130,37,C
L00130,38,C
L00130,39,N
L00130,40,C
L00130,41,C
L00130,42,N
L00130,43,C
L00130,44,O
L00130,45,C
L00130,46,C
L00131,0,C
L00131,1,C
L00131,2,C
L00131,3,C
L00131,4,O
L00131,5,C
L00131,6,C
L00131,7,C
L00131,8,C
L00131,9,C
L00131,10,C
L00131,11,O
L00131,12,C
L00131,13,C
L00131,14,C
L00131,15,O
L00131,16,N
L00131,17,C
L00131,18,C
L00131,19,C
L00131,20,C
L00131,21,C
L00131,22,C
L00131,23,C
L00131,24,Cl
L00131,25,C
L00131,26,C
L00131,27,C
L00131,28,C
L00131,29,C
L00131,30,C
L00131,31,N
L00131,32,C
L00131,33,C
L00131,34,C
L00131,35,C
L00131,36,C
L00131,37,N
L00131,38,C
L00131,39,C
L00132,0,C
L00132,1,C
L00132,2,C
L00132,3,N
L00132,4,N
L00132,5,C
L00132,6,C
L00132,7,C
L00132,8,N
L00132,9,C
L00132,10,C
L00132,11,Br
L00133,0,C
L00133,1,C
L00133,2,C
L00133,3,O
L00133,4,N
L00133,5,C
L00133,6,C
L00133,7,C
L00133,8,C
L00133,9,C
L00133,10,O
L00133,11,N
L00133,12,N
L00134,0,C
L00134,1,C
L00134,2,C
L00134,3,N
L00134,4,C
L00134,5,C
L00134,6,C
L00134,7,O
L00134,8,C
L00134,9,N
L00134,10,C
L00134,11,C
L00134,12,N
L00134,13,C
L00134,14,C
L00135,0,C
L00135,1,C
L00135,2,C
L00135,3,O
L00135,4,N
L00135,5,C
L00135,6,C
L00135,7,C
L00135,8,C
L00135,9,C
L00135,10,N
L00135,11,N
L00135,12,N
L00136,0,C
L00136,1,C
L00136,2,C
L00136,3,N
L00136,4,C
L00136,5,C
L00136,6,N
L00136,7,C
L00136,8,C
L00136,9,O
L00136,10,N
L00136,11,C
L00136,12,C
L00136,13,C
L00136,14,C
L00136,15,C
L00136,16,C
L00136,17,C
L00136,18,C
L00136,19,Cl
L00136,20,C
L00136,21,C
L00137,0,C
L00137,1,C
L00137,2,C
L00137,3,N
L00137,4,C
L00137,5,C
L00137,6,N
L00137,7,C
L00137,8,C
L00137,9,O
L00137,10,N
L00137,11,C
L00137,12,C
L00137,13,C
L00137,14,C
L00138,0,C
L00138,1,C
L00138,2,C
L00138,3,N
L00138,4,C
L00138,5,C
L00138,6,N
L00138,7,C
L00138,8,C
L00138,9,O
L00138,10,N
L00138,11,C
L00138,12,C
L00138,13,C
L00138,14,C
L00138,15,C
L00138,16,C
L00138,17,C
L00138,18,C
L00139,0,C
L00139,1,C
L00139,2,C
L00139,3,N
L00139,4,C
L00139,5,C
L00139,6,N
L00139,7,C
L00139,8,C
L00139,9,O
L00139,10,N
L00139,11,C
L00139,12,C
L00139,13,C
L00139,14,C
L00139,15,C
L00139,16,C
L00139,17,N
L00139,18,C
L00139,19,Cl
L00140,0,C
L00140,1,C
L00140,2,C
L00140,3,N
L00140,4,C
L00140,5,C
L00140,6,N
L00140,7,C
L00140,8,O
L00140,9,C
L00140,10,C
L00140,11,C
L00140,12,O
L00140,13,N
L00140,14,C
L00140,15,C
L00140,16,C
L00140,17,C
L00140,18,C
L00140,19,C
L00140,20,N
L00140,21,C
L00140,22,Cl
L00140,23,C
L00140,24,C
L00141,0,C
L00141,1,C
L00141,2,C
L00141,3,N
L00141,4,C
L00141,5,C
L00141,6,N
L00141,7,C
L00141,8,O
L00141,9,C
L00141,10,C
L00141,11,C
L00141,12,O
L00141,13,N
L00141,14,C
L00141,15,C
L00141,16,C
L00141,17,C
L00141,18,C
L00141,19,C
L00141,20,N
L00141,21,C
L00141,22,C
L00141,23,C
L00141,24,C
L00141,25,C
L00141,26,C
L00141,27,C
L00141,28,C
L00141,29,C
L00141,30,C
L00142,0,C
L00142,1,C
L00142,2,C
L00142,3,S
L00142,4,C
L00142,5,N
L00142,6,C
L00142,7,C
L00142,8,C
L00142,9,C
L00142,10,C
L00142,11,C
L00142,12,C
L00142,13,N
L00142,14,C
L00142,15,O
L00142,16,C
L00142,17,C
L00142,18,C
L00142,19,C
L00142,20,N
L00142,21,C
L00142,22,O
L00142,23,C
L00142,24,C
L00142,25,C
L00142,26,C
L00142,27,C
L00142,28,N
L00142,29,C
L00142,30,O
L00142,31,C
L00142,32,C
L00142,33,C
L00142,34,F
L00142,35,O
L00143,0,C
L00143,1,C
L00143,2,C
L00143,3,O
L00143,4,N
L00143,5,C
L00143,6,C
L00143,7,C
L00143,8,C
L00143,9,C
L00143,10,C
L00143,11,C
L00143,12,C
L00143,13,O
L00143,14,N
L00143,15,C
L00143,16,C
L00143,17,C
L00143,18,C
L00143,19,C
L00143,20,N
L00143,21,C
L00143,22,C
L00143,23,S
L00143,24,C
L00143,25,C
L00143,26,C
L00143,27,C
L00143,28,C
L00143,29,C
L00143,30,C
L00143,31,C
L00143,32,C
L00143,33,C
L00143,34,N
L00143,35,C
L00144,0,C
L00144,1,C
L00144,2,C
L00144,3,C
L00144,4,C
L00144,5,C
L00144,6,C
L00144,7,C
L00144,8,S
L00144,9,O
L00144,10,O
L00144,11,N
L00144,12,C
L00144,13,C
L00144,14,C
L00144,15,C
L00144,16,C
L00144,17,C
L00144,18,C
L00144,19,C
L00144,20,C
L00144,21,C
L00144,22,N
L00144,23,C
L00144,24,C
L00144,25,C
L00144,26,C
L00144,27,C
L00144,28,O
L00144,29,O
L00144,30,C
L00144,31,C
L00145,0,C
L00145,1,C
L00145,2,C
L00145,3,C
L00145,4,C
L00145,5,C
L00145,6,C
L00145,7,N
L00145,8,N
L00145,9,C
L00145,10,C
L00145,11,C
L00145,12,C
L00145,13,C
L00145,14,O
L00145,15,C
L00145,16,N
L00145,17,C
L00145,18,C
L00145,19,C
L00145,20,C
L00145,21,C
L00145,22,C
L00145,23,N
L00145,24,C
L00146,0,C
L00146,1,N
L00146,2,C
L00146,3,C
L00146,4,O
L00146,5,C
L00146,6,C
L00146,7,C
L00146,8,C
L00146,9,C
L00146,10,C
L00146,11,C
L00146,12,C
L00146,13,C
L00146,14,C
L00146,15,C
L00146,16,C
L00146,17,N
L00146,18,C
L00146,19,C
L00146,20,C
L00146,21,N
L00146,22,C
L00146,23,O
L00146,24,O
L00146,25,C
L00146,26,C
L00146,27,C
L00147,0,C
L00147,1,C
L00147,2,C
L00147,3,C
L00147,4,C
L00147,5,C
L00147,6,C
L00147,7,C
L00147,8,N
L00147,9,C
L00147,10,O
L00147,11,C
L00147,12,C
L00147,13,C
L00147,14,C
L00147,15,C
L00147,16,C
L00147,17,C
L00147,18,C
L00147,19,C
L00147,20,C
L00147,21,C
L00147,22,C
L00147,23,N
L00147,24,C
L00147,25,C
L00147,26,C
L00147,27,N
L00147,28,C
L00147,29,O
L00147,30,O
L00147,31,C
L00147,32,C
L00147,33,C
L00147,34,C
L00147,35,C
L00147,36,N
L00147,37,N
L00147,38,N
L00147,39,C
L00148,0,C
L00148,1,C
L00148,2,C
L00148,3,C
L00148,4,C
L00148,5,C
L00148,6,C
L00148,7,C
L00148,8,N
L00148,9,C
L00148,10,O
L00148,11,C
L00148,12,C
L00148,13,C
L00148,14,C
L00148,15,C
L00148,16,C
L00148,17,C
L00148,18,C
L00148,19,C
L00148,20,C
L00148,21,C
L00148,22,C
L00148,23,N
L00148,24,C
L00148,25,C
L00148,26,C
L00148,27,N
L00148,28,C
L00148,29,O
L00148,30,O
L00148,31,C
L00148,32,C
L00148,33,C
L00149,0,C
L00149,1,C
L00149,2,C
L00149,3,O
L00149,4,C
L00149,5,C
L00149,6,C
L00149,7,C
L00149,8,C
L00149,9,C
L00149,10,C
L00149,11,C
L00149,12,C
L00149,13,C
L00149,14,C
L00149,15,N
L00149,16,N
L00149,17,C
L00149,18,C
L00149,19,C
L00149,20,N
L00149,21,C
L00149,22,O
L00149,23,O
L00149,24,C
L00149,25,F
L00149,26,F
L00149,27,F
L00150,0,C
L00150,1,C
L00150,2,C
L00150,3,C
L00150,4,C
L00150,5,C
L00150,6,C
L00150,7,C
L00150,8,N
L00150,9,C
L00150,10,O
L00150,11,C
L00150,12,C
L00150,13,C
L00150,14,C
L00150,15,C
L00150,16,C
L00150,17,F
L00150,18,C
L00150,19,C
L00150,20,C
L00150,21,C
L00150,22,C
L00150,23,C
L00150,24,N
L00150,25,C
L00150,26,C
L00150,27,C
L00150,28,N
L00150,29,C
L00150,30,O
L00150,31,O
L00150,32,C
L00150,33,C
L00150,34,C
L00151,0,C
L00151,1,N
L00151,2,C
L00151,3,C
L00151,4,O
L00151,5,C
L00151,6,C
L00151,7,C
L00151,8,C
L00151,9,C
L00151,10,C
L00151,11,C
L00151,12,C
L00151,13,C
L00151,14,C
L00151,15,C
L00151,16,N
L00151,17,N
L00151,18,C
L00151,19,C
L00151,20,C
L00151,21,N
L00151,22,C
L00151,23,O
L00151,24,O
L00151,25,C
L00151,26,F
L00151,27,F
L00151,28,F
L00152,0,C
L00152,1,N
L00152,2,C
L00152,3,C
L00152,4,N
L00152,5,N
L00152,6,C
L00152,7,C
L00152,8,C
L00152,9,C
L00152,10,C
L00152,11,C
L00152,12,N
L00152,13,N
L00152,14,C
L00152,15,C
L00152,16,C
L00152,17,C
L00152,18,C
L00152,19,C
L00152,20,C
L00152,21,C
L00152,22,C
L00152,23,C
L00152,24,C
L00152,25,C
L00152,26,C
L00152,27,O
L00152,28,N
L00152,29,C
L00152,30,C
L00152,31,C
L00152,32,O
L00152,33,O
L00153,0,C
L00153,1,C
L00153,2,C
L00153,3,C
L00153,4,C
L00153,5,C
L00153,6,C
L00153,7,O
L00153,8,N
L00153,9,C
L00153,10,O
L00153,11,C
L00153,12,C
L00153,13,C
L00153,14,C
L00153,15,O
L00153,16,N
L00153,17,C
L00153,18,O
L00154,0,C
L00154,1,O
L00154,2,C
L00154,3,C
L00154,4,C
L00154,5,N
L00154,6,C
L00154,7,N
L00154,8,N
L00154,9,N
L00154,10,C
L00154,11,N
L00154,12,C
L00154,13,C
L00154,14,C
L00154,15,C
L00154,16,O
L00154,17,C
L00154,18,O
L00154,19,P
L00154,20,O
L00154,21,O
L00154,22,O
L00154,23,O
L00155,0,C
L00155,1,C
L00155,2,C
L00155,3,C
L00155,4,C
L00155,5,C
L00155,6,Cl
L00155,7,C
L00155,8,C
L00155,9,C
L00155,10,C
L00155,11,C
L00155,12,N
L00155,13,C
L00155,14,C
L00155,15,O
L00155,16,O
L00155,17,N
L00155,18,C
L00155,19,C
L00155,20,C
L00155,21,C
L00155,22,C
L00155,23,C
L00155,24,C
L00155,25,N
L00155,26,C
L00155,27,O
L00155,28,Cl
L00155,29,C
L00155,30,C
L00155,31,C
L00155,32,C
L00156,0,C
L00156,1,C
L00156,2,C
L00156,3,C
L00156,4,C
L00156,5,N
L00156,6,C
L00156,7,C
L00156,8,C
L00156,9,C
L00156,10,C
L00156,11,C
L00156,12,C
L00156,13,C
L00156,14,C
L00156,15,C
L00156,16,N
L00156,17,C
L00156,18,O
L00156,19,Cl
L00156,20,C
L00156,21,C
L00156,22,C
L00156,23,C
L00156,24,C
L00156,25,C
L00156,26,Cl
L00156,27,N
L00157,0,C
L00157,1,C
L00157,2,O
L00157,3,C
L00157,4,C
L00157,5,C
L00157,6,C
L00157,7,C
L00157,8,C
L00157,9,C
L00157,10,N
L00157,11,C
L00157,12,C
L00157,13,C
L00157,14,C
L00157,15,C
L00157,16,C
L00157,17,C
L00157,18,C
L00157,19,C
L00157,20,C
L00157,21,N
L00157,22,C
L00157,23,O
L00157,24,Cl
L00157,25,C
L00157,26,C
L00157,27,C
L00157,28,C
L00157,29,C
L00157,30,C
L00157,31,F
L00157,32,Cl
L00157,33,N
L00157,34,C
L00158,0,C
L00158,1,C
L00158,2,C
L00158,3,C
L00158,4,C
L00158,5,C
L00158,6,Cl
L00158,7,F
L00158,8,C
L00158,9,C
L00158,10,C
L00158,11,C
L00158,12,C
L00158,13,N
L00158,14,C
L00158,15,C
L00158,16,C
L00158,17,C
L00158,18,C
L00158,19,C
L00158,20,C
L00158,21,O
L00158,22,O
L00158,23,N
L00158,24,C
L00158,25,C
L00158,26,C
L00158,27,C
L00158,28,C
L00158,29,C
L00158,30,C
L00158,31,N
L00158,32,C
L00158,33,O
L00158,34,Cl
L00158,35,C
L00158,36,C
L00158,37,C
L00158,38,C
L00159,0,C
L00159,1,C
L00159,2,C
L00159,3,S
L00159,4,C
L00159,5,N
L00159,6,C
L00159,7,C
L00159,8,C
L00159,9,C
L00159,10,C
L00159,11,C
L00159,12,C
L00159,13,N
L00159,14,C
L00159,15,O
L00159,16,C
L00159,17,C
L00159,18,C
L00159,19,C
L00159,20,N
L00159,21,C
L00159,22,O
L00159,23,C
L00159,24,C
L00159,25,C
L00159,26,C
L00159,27,C
L00159,28,N
L00159,29,C
L00159,30,O
L00159,31,C
L00159,32,C
L00159,33,C
L00159,34,C
L00159,35,N
L00159,36,O
L00160,0,C
L00160,1,C
L00160,2,C
L00160,3,C
L00160,4,C
L00160,5,C
L00160,6,C
L00160,7,C
L00160,8,C
L00160,9,C
L00160,10,N
L00160,11,N
L00160,12,C
L00160,13,C
L00160,14,C
L00160,15,C
L00160,16,C
L00160,17,C
L00160,18,C
L00160,19,C
L00160,20,C
L00160,21,C
L00160,22,O
L00160,23,C
L00160,24,C
L00160,25,O
L00160,26,N
L00160,27,C
L00160,28,C
L00160,29,C
L00160,30,C
L00160,31,C
L00160,32,C
L00160,33,O
L00160,34,C
L00160,35,C
L00160,36,N
L00160,37,C
L00160,38,C
L00160,39,Cl
L00160,40,Cl
L00161,0,C
L00161,1,C
L00161,2,N
L00161,3,C
L00161,4,C
L00161,5,O
L00161,6,C
L00161,7,C
L00161,8,O
L00161,9,C
L00161,10,O
L00161,11,C
L00162,0,C
L00162,1,C
L00162,2,C
L00162,3,N
L00162,4,C
L00162,5,C
L00162,6,N
L00162,7,C
L00162,8,N
L00162,9,C
L00162,10,C
L00162,11,C
L00162,12,C
L00162,13,O
L00162,14,C
L00162,15,C
L00162,16,O
L00162,17,N
L00162,18,C
L00162,19,C
L00162,20,C
L00162,21,C
L00162,22,C
L00162,23,C
L00162,24,C
L00162,25,N
L00162,26,C
L00162,27,C
L00162,28,C
L00162,29,C
L00162,30,C
L00162,31,C
L00162,32,C
L00162,33,C
L00162,34,C
L00163,0,C
L00163,1,C
L00163,2,C
L00163,3,C
L00163,4,C
L00163,5,C
L00163,6,C
L00163,7,C
L00163,8,C
L00163,9,C
L00163,10,C
L00163,11,C
L00163,12,C
L00163,13,N
L00163,14,C
L00163,15,O
L00163,16,Cl
L00163,17,C
L00163,18,C
L00163,19,N
L00163,20,C
L00163,21,O
L00163,22,N
L00163,23,C
L00163,24,C
L00163,25,C
L00163,26,C
L00163,27,C
L00163,28,C
L00163,29,O
L00163,30,C
L00163,31,C
L00163,32,C
L00163,33,C
L00163,34,C
L00163,35,C
L00163,36,F
L00163,37,Cl
L00164,0,C
L00164,1,C
L00164,2,C
L00164,3,N
L00164,4,N
L00164,5,C
L00164,6,C
L00164,7,C
L00164,8,C
L00164,9,N
L00164,10,C
L00164,11,C
L00164,12,N
L00164,13,C
L00164,14,C
L00164,15,O
L00164,16,N
L00164,17,C
L00164,18,C
L00164,19,C
L00164,20,C
L00164,21,C
L00164,22,C
L00164,23,N
L00164,24,C
L00164,25,C
L00164,26,C
L00164,27,C
L00164,28,C
L00164,29,C
L00164,30,C
L00164,31,C
L00164,32,C
L00164,33,C
L00164,34,C
L00165,0,C
L00165,1,C
L00165,2,C
L00165,3,N
L00165,4,C
L00165,5,C
L00165,6,N
L00165,7,C
L00165,8,O
L00165,9,C
L00165,10,C
L00165,11,C
L00165,12,O
L00165,13,N
L00165,14,C
L00165,15,C
L00165,16,C
L00165,17,C
L00165,18,C
L00165,19,C
L00165,20,C
L00165,21,N
L00165,22,C
L00165,23,C
L00165,24,C
L00165,25,C
L00165,26,C
L00165,27,C
L00165,28,C
L00165,29,C
L00165,30,C
L00166,0,C
L00166,1,C
L00166,2,C
L00166,3,N
L00166,4,C
L00166,5,C
L00166,6,N
L00166,7,C
L00166,8,O
L00166,9,N
L00166,10,C
L00166,11,C
L00166,12,O
L00166,13,C
L00166,14,C
L00166,15,C
L00166,16,C
L00166,17,O
L00166,18,N
L00166,19,C
L00166,20,C
L00166,21,C
L00166,22,C
L00166,23,C
L00166,24,C
L00166,25,C
L00166,26,N
L00166,27,C
L00166,28,C
L00166,29,C
L00166,30,C
L00166,31,C
L00166,32,C
L00166,33,C
L00166,34,C
L00166,35,C
L00167,0,C
L00167,1,C
L00167,2,C
L00167,3,C
L00167,4,C
L00167,5,C
L00167,6,N
L00167,7,N
L00167,8,N
L00167,9,C
L00167,10,C
L00167,11,C
L00167,12,C
L00167,13,O
L00167,14,N
L00167,15,C
L00167,16,O
L00168,0,C
L00168,1,O
L00168,2,C
L00168,3,C
L00168,4,C
L00168,5,C
L00168,6,C
L00168,7,C
L00168,8,O
L00168,9,C
L00168,10,C
L00168,11,N
L00168,12,C
L00168,13,O
L00168,14,N
L00168,15,C
L00168,16,C
L00168,17,C
L00168,18,C
L00168,19,C
L00168,20,C
L00168,21,C
L00168,22,O
L00168,23,C
L00168,24,C
L00168,25,C
L00168,26,C
L00168,27,N
L00168,28,C
L00168,29,O
L00168,30,N
L00168,31,C
L00168,32,C
L00168,33,C
L00168,34,C
L00168,35,C
L00168,36,C
L00168,37,C
L00168,38,C
L00168,39,C
L00168,40,C
L00168,41,N
L00168,42,C
L00168,43,O
L00168,44,S
L00168,45,C
L00168,46,O
L00168,47,C
L00168,48,O
L00169,0,C
L00169,1,C
L00169,2,N
L00169,3,C
L00169,4,C
L00169,5,C
L00169,6,C
L00169,7,C
L00169,8,C
L00169,9,C
L00169,10,O
L00169,11,N
L00169,12,C
L00169,13,C
L00169,14,C
L00169,15,C
L00169,16,O
L00169,17,N
L00169,18,C
L00169,19,O
L00169,20,N
L00170,0,C
L00170,1,N
L00170,2,C
L00170,3,O
L00170,4,C
L00170,5,C
L00170,6,C
L00170,7,O
L00170,8,N
L00170,9,C
L00170,10,C
L00170,11,C
L00170,12,C
L00170,13,C
L00170,14,O
L00170,15,N
L00170,16,C
L00170,17,C
L00170,18,O
L00170,19,C
L00170,20,O
L00170,21,C
L00170,22,C
L00170,23,C
L00170,24,C
L00170,25,C
L00170,26,C
L00170,27,C
L00170,28,S
L00170,29,C
L00170,30,C
L00170,31,N
L00170,32,C
L00170,33,O
L00170,34,C
L00170,35,O
L00170,36,N
L00170,37,C
L00170,38,C
L00171,0,C
L00171,1,C
L00171,2,O
L00171,3,N
L00171,4,C
L00171,5,C
L00171,6,C
L00171,7,C
L00171,8,C
L00171,9,O
L00171,10,N
L00171,11,C
L00171,12,C
L00171,13,O
L00171,14,C
L00171,15,O
L00171,16,C
L00171,17,C
L00171,18,C
L00171,19,C
L00171,20,C
L00171,21,C
L00171,22,C
L00171,23,S
L00171,24,C
L00171,25,C
L00171,26,N
L00171,27,C
L00171,28,O
L00171,29,C
L00171,30,O
L00171,31,N
L00171,32,C
L00171,33,C
L00171,34,C
L00171,35,C
L00171,36,C
L00171,37,C
L00171,38,C
L00171,39,C
L00171,40,N
L00171,41,O
L00171,42,N
L00172,0,C
L00172,1,C
L00172,2,O
L00172,3,N
L00172,4,C
L00172,5,C
L00172,6,C
L00172,7,C
L00172,8,C
L00172,9,O
L00172,10,N
L00172,11,C
L00172,12,C
L00172,13,O
L00172,14,C
L00172,15,O
L00172,16,C
L00172,17,C
L00172,18,C
L00172,19,C
L00172,20,C
L00172,21,C
L00172,22,C
L00172,23,S
L00172,24,O
L00172,25,C
L00172,26,C
L00172,27,N
L00172,28,C
L00172,29,O
L00172,30,C
L00172,31,O
L00172,32,N
L00172,33,C
L00172,34,C
L00173,0,C
L00173,1,C
L00173,2,C
L00173,3,O
L00173,4,N
L00173,5,C
L00173,6,C
L00173,7,O
L00173,8,N
L00173,9,C
L00173,10,C
L00173,11,C
L00173,12,C
L00173,13,C
L00173,14,O
L00173,15,N
L00173,16,C
L00173,17,C
L00173,18,C
L00173,19,C
L00173,20,C
L00173,21,C
L00173,22,C
L00173,23,C
L00173,24,C
L00173,25,C
L00173,26,O
L00173,27,C
L00173,28,C
L00173,29,C
L00173,30,C
L00173,31,C
L00173,32,C
L00173,33,C
L00173,34,C
L00173,35,C
L00173,36,C
L00173,37,N
L00173,38,C
L00174,0,C
L00174,1,C
L00174,2,C
L00174,3,O
L00174,4,N
L00174,5,C
L00174,6,C
L00174,7,O
L00174,8,N
L00174,9,C
L00174,10,C
L00174,11,C
L00174,12,C
L00174,13,C
L00174,14,O
L00174,15,N
L00174,16,C
L00174,17,C
L00174,18,C
L00174,19,C
L00174,20,C
L00174,21,C
L00174,22,C
L00174,23,C
L00174,24,C
L00174,25,C
L00174,26,C
L00174,27,C
L00174,28,C
L00174,29,C
L00174,30,N
L00174,31,C
L00175,0,C
L00175,1,C
L00175,2,C
L00175,3,S
L00175,4,C
L00175,5,N
L00175,6,C
L00175,7,C
L00175,8,C
L00175,9,C
L00175,10,C
L00175,11,C
L00175,12,C
L00175,13,N
L00175,14,C
L00175,15,O
L00175,16,C
L00175,17,C
L00175,18,C
L00175,19,C
L00175,20,N
L00175,21,C
L00175,22,O
L00175,23,C
L00175,24,C
L00175,25,N
L00175,26,C
L00175,27,O
L00175,28,C
L00175,29,O
L00176,0,C
L00176,1,C
L00176,2,C
L00176,3,S
L00176,4,C
L00176,5,N
L00176,6,C
L00176,7,C
L00176,8,C
L00176,9,C
L00176,10,C
L00176,11,C
L00176,12,C
L00176,13,N
L00176,14,C
L00176,15,O
L00176,16,C
L00176,17,C
L00176,18,C
L00176,19,C
L00176,20,N
L00176,21,C
L00176,22,O
L00176,23,C
L00176,24,C
L00176,25,C
L00176,26,C
L00176,27,C
L00176,28,N
L00176,29,C
L00176,30,O
L00176,31,C
L00176,32,C
L00176,33,O
L00176,34,C
L00176,35,O
L00177,0,C
L00177,1,C
L00177,2,C
L00177,3,S
L00177,4,C
L00177,5,N
L00177,6,C
L00177,7,C
L00177,8,C
L00177,9,C
L00177,10,C
L00177,11,C
L00177,12,C
L00177,13,N
L00177,14,C
L00177,15,O
L00177,16,C
L00177,17,C
L00177,18,C
L00177,19,C
L00177,20,N
L00177,21,C
L00177,22,O
L00177,23,C
L00177,24,C
L00177,25,C
L00177,26,C
L00177,27,C
L00177,28,N
L00177,29,C
L00177,30,O
L00177,31,C
L00177,32,C
L00177,33,C
L00177,34,C
L00177,35,O
L00178,0,C
L00178,1,C
L00178,2,C
L00178,3,S
L00178,4,C
L00178,5,N
L00178,6,C
L00178,7,C
L00178,8,C
L00178,9,C
L00178,10,C
L00178,11,C
L00178,12,C
L00178,13,N
L00178,14,C
L00178,15,O
L00178,16,C
L00178,17,C
L00178,18,C
L00178,19,C
L00178,20,N
L00178,21,C
L00178,22,O
L00178,23,C
L00178,24,C
L00178,25,C
L00178,26,C
L00178,27,C
L00178,28,N
L00178,29,C
L00178,30,O
L00178,31,C
L00178,32,C
L00178,33,C
L00178,34,N
L00178,35,C
L00178,36,O
L00178,37,C
L00178,38,O
L00179,0,C
L00179,1,C
L00179,2,C
L00179,3,S
L00179,4,C
L00179,5,N
L00179,6,C
L00179,7,C
L00179,8,C
L00179,9,C
L00179,10,C
L00179,11,C
L00179,12,C
L00179,13,N
L00179,14,C
L00179,15,O
L00179,16,C
L00179,17,C
L00179,18,C
L00179,19,C
L00179,20,N
L00179,21,C
L00179,22,O
L00179,23,C
L00179,24,C
L00179,25,C
L00179,26,C
L00179,27,C
L00179,28,N
L00179,29,C
L00179,30,O
L00179,31,C
L00179,32,C
L00179,33,C
L00179,34,C
L00179,35,O
L00179,36,C
L00179,37,O
L00180,0,C
L00180,1,C
L00180,2,C
L00180,3,S
L00180,4,C
L00180,5,N
L00180,6,C
L00180,7,C
L00180,8,C
L00180,9,C
L00180,10,C
L00180,11,C
L00180,12,C
L00180,13,N
L00180,14,C
L00180,15,O
L00180,16,C
L00180,17,C
L00180,18,C
L00180,19,C
L00180,20,N
L00180,21,C
L00180,22,O
L00180,23,C
L00180,24,C
L00180,25,C
L00180,26,C
L00180,27,C
L00180,28,N
L00180,29,C
L00180,30,O
L00180,31,C
L00180,32,O
L00180,33,O
L00181,0,C
L00181,1,C
L00181,2,C
L00181,3,S
L00181,4,C
L00181,5,N
L00181,6,C
L00181,7,C
L00181,8,C
L00181,9,C
L00181,10,C
L00181,11,C
L00181,12,C
L00181,13,N
L00181,14,C
L00181,15,O
L00181,16,C
L00181,17,C
L00181,18,C
L00181,19,C
L00181,20,N
L00181,21,C
L00181,22,O
L00181,23,C
L00181,24,C
L00181,25,C
L00181,26,C
L00181,27,C
L00181,28,N
L00181,29,C
L00181,30,O
L00181,31,C
L00181,32,C
L00181,33,C
L00181,34,O
L00182,0,C
L00182,1,O
L00182,2,C
L00182,3,C
L00182,4,C
L00182,5,C
L00182,6,C
L00182,7,C
L00182,8,C
L00182,9,C
L00182,10,C
L00182,11,C
L00182,12,O
L00182,13,N
L00182,14,C
L00182,15,O
L00183,0,C
L00183,1,C
L00183,2,O
L00183,3,N
L00183,4,C
L00183,5,C
L00183,6,C
L00183,7,C
L00183,8,C
L00183,9,O
L00183,10,N
L00183,11,C
L00183,12,C
L00183,13,O
L00183,14,C
L00183,15,O
L00183,16,C
L00183,17,C
L00183,18,C
L00183,19,C
L00183,20,C
L00183,21,C
L00183,22,C
L00183,23,S
L00183,24,C
L00183,25,C
L00183,26,N
L00183,27,C
L00183,28,O
L00183,29,C
L00183,30,O
L00183,31,N
L00183,32,C
L00183,33,C
L00183,34,C
L00183,35,C
L00183,36,C
L00183,37,C
L00183,38,C
L00183,39,C
L00183,40,C
L00183,41,O
L00183,42,O
L00184,0,C
L00184,1,C
L00184,2,C
L00184,3,C
L00184,4,N
L00184,5,C
L00184,6,C
L00184,7,O
L00184,8,N
L00184,9,C
L00184,10,C
L00184,11,C
L00184,12,C
L00184,13,C
L00184,14,C
L00184,15,C
L00184,16,N
L00184,17,C
L00184,18,C
L00184,19,C
L00184,20,N
L00184,21,C
L00184,22,O
L00184,23,C
L00184,24,C
L00184,25,C
L00184,26,C
L00184,27,C
L00184,28,C
L00184,29,C
L00184,30,N
L00184,31,C
L00184,32,O
L00184,33,C
L00184,34,C
L00184,35,N
L00184,36,C
L00185,0,C
L00185,1,C
L00185,2,O
L00185,3,N
L00185,4,C
L00185,5,C
L00185,6,C
L00185,7,C
L00185,8,C
L00185,9,O
L00185,10,N
L00185,11,C
L00185,12,C
L00185,13,O
L00185,14,C
L00185,15,O
L00185,16,C
L00185,17,C
L00185,18,C
L00185,19,C
L00185,20,C
L00185,21,C
L00185,22,C
L00185,23,S
L00185,24,C
L00185,25,C
L00185,26,N
L00185,27,C
L00185,28,O
L00185,29,C
L00185,30,O
L00185,31,N
L00185,32,C
L00185,33,C
L00185,34,C
L00185,35,C
L00185,36,C
L00185,37,C
L00185,38,C
L00185,39,C
L00185,40,C
L00185,41,O
L00185,42,O
L00186,0,C
L00186,1,C
L00186,2,C
L00186,3,N
L00186,4,C
L00186,5,C
L00186,6,N
L00186,7,C
L00186,8,C
L00186,9,C
L00186,10,N
L00186,11,C
L00186,12,N
L00186,13,C
L00186,14,O
L00186,15,C
L00186,16,O
L00186,17,C
L00186,18,C
L00186,19,O
L00186,20,N
L00186,21,C
L00186,22,C
L00186,23,C
L00186,24,C
L00186,25,C
L00186,26,C
L00186,27,C
L00186,28,Cl
L00186,29,C
L00186,30,C
L00186,31,C
L00186,32,C
L00186,33,N
L00186,34,C
L00186,35,O
L00186,36,C
L00186,37,Cl
L00187,0,C
L00187,1,C
L00187,2,C
L00187,3,C
L00187,4,C
L00187,5,C
L00187,6,O
L00187,7,N
L00187,8,C
L00187,9,O
L00187,10,C
L00187,11,C
L00187,12,C
L00187,13,C
L00187,14,C
L00187,15,C
L00187,16,N
L00188,0,C
L00188,1,C
L00188,2,C
L00188,3,N
L00188,4,C
L00188,5,C
L00188,6,N
L00188,7,C
L00188,8,N
L00188,9,C
L00188,10,C
L00188,11,O
L00188,12,C
L00188,13,C
L00188,14,C
L00188,15,C
L00188,16,C
L00188,17,O
L00188,18,N
L00188,19,C
L00188,20,C
L00188,21,C
L00188,22,C
L00188,23,C
L00188,24,C
L00188,25,C
L00188,26,N
L00188,27,C
L00188,28,O
L00188,29,C
L00188,30,C
L00188,31,C
L00188,32,C
L00188,33,C
L00188,34,C
L00188,35,C
L00188,36,F
L00188,37,C
L00188,38,C
L00189,0,C
L00189,1,C
L00189,2,N
L00189,3,C
L00189,4,C
L00189,5,C
L00189,6,N
L00189,7,C
L00189,8,N
L00189,9,C
L00189,10,C
L00189,11,C
L00189,12,C
L00189,13,O
L00189,14,C
L00189,15,O
L00189,16,O
L00189,17,O
L00189,18,N
L00190,0,C
L00190,1,N
L00190,2,C
L00190,3,C
L00190,4,C
L00190,5,N
L00190,6,N
L00190,7,C
L00190,8,N
L00190,9,C
L00190,10,C
L00190,11,C
L00190,12,C
L00190,13,O
L00190,14,C
L00190,15,O
L00190,16,P
L00190,17,O
L00190,18,O
L00190,19,O
L00190,20,P
L00190,21,O
L00190,22,O
L00190,23,O
L00190,24,N
L00191,0,C
L00191,1,C
L00191,2,C
L00191,3,C
L00191,4,N
L00191,5,C
L00191,6,N
L00191,7,C
L00191,8,N
L00191,9,N
L00191,10,C
L00191,11,N
L00191,12,C
L00191,13,C
L00191,14,C
L00191,15,C
L00191,16,C
L00191,17,O
L00191,18,O
L00191,19,O
L00193,0,C
L00193,1,N
L00193,2,C
L00193,3,C
L00193,4,C
L00193,5,N
L00193,6,N
L00193,7,C
L00193,8,N
L00193,9,C
L00193,10,C
L00193,11,C
L00193,12,C
L00193,13,O
L00193,14,C
L00193,15,O
L00193,16,P
L00193,17,O
L00193,18,O
L00193,19,O
L00193,20,P
L00193,21,O
L00193,22,O
L00193,23,O
L00193,24,P
L00193,25,O
L00193,26,O
L00193,27,O
L00193,28,P
L00193,29,O
L00193,30,O
L00193,31,O
L00193,32,O
L00193,33,O
L00193,34,N
L00194,0,C
L00194,1,C
L00194,2,C
L00194,3,O
L00194,4,C
L00194,5,C
L00194,6,C
L00194,7,C
L00194,8,C
L00194,9,C
L00194,10,C
L00194,11,N
L00194,12,C
L00194,13,C
L00194,14,N
L00194,15,C
L00194,16,O
L00194,17,N
L00194,18,C
L00194,19,C
L00194,20,N
L00194,21,C
L00194,22,O
L00194,23,C
L00194,24,C
L00194,25,C
L00194,26,C
L00194,27,C
L00194,28,C
L00194,29,C
L00194,30,Cl
L00194,31,Cl
L00194,32,C
L00194,33,C
L00194,34,C
L00194,35,C
L00194,36,C
L00194,37,C
L00194,38,Cl
L00194,39,Cl
L00194,40,O
L00194,41,C
L00195,0,C
L00195,1,C
L00195,2,C
L00195,3,C
L00195,4,C
L00195,5,C
L00195,6,O
L00195,7,C
L00195,8,C
L00195,9,O
L00195,10,N
L00195,11,C
L00195,12,C
L00195,13,C
L00195,14,C
L00195,15,C
L00195,16,C
L00196,0,C
L00196,1,C
L00196,2,C
L00196,3,C
L00196,4,C
L00196,5,C
L00196,6,F
L00196,7,N
L00196,8,C
L00196,9,C
L00196,10,C
L00196,11,C
L00196,12,C
L00196,13,N
L00196,14,C
L00196,15,C
L00196,16,C
L00196,17,N
L00196,18,C
L00196,19,N
L00196,20,N
L00196,21,C
L00196,22,C
L00196,23,O
L00196,24,C
L00196,25,C
L00197,0,C
L00197,1,C
L00197,2,C
L00197,3,C
L00197,4,C
L00197,5,C
L00197,6,N
L00197,7,C
L00197,8,C
L00197,9,N
L00197,10,N
L00197,11,C
L00197,12,O
L00197,13,Cl
L00198,0,C
L00198,1,C
L00198,2,C
L00198,3,C
L00198,4,N
L00198,5,C
L00198,6,O
L00198,7,C
L00198,8,C
L00198,9,C
L00198,10,C
L00198,11,C
L00198,12,C
L00198,13,C
L00198,14,C
L00198,15,N
L00198,16,C
L00198,17,C
L00198,18,O
L00198,19,O
L00198,20,Cl
L00198,21,N
L00198,22,C
L00198,23,C
L00198,24,C
L00198,25,C
L00198,26,C
L00198,27,C
L00198,28,C
L00198,29,F
L00198,30,F
L00198,31,F
L00198,32,C
L00198,33,O
L00199,0,C
L00199,1,C
L00199,2,C
L00199,3,C
L00199,4,O
L00199,5,N
L00199,6,C
L00199,7,C
L00199,8,C
L00199,9,C
L00199,10,C
L00199,11,C
L00199,12,C
L00199,13,C
L00199,14,C
L00199,15,N
L00199,16,C
L00199,17,O
L00199,18,C
L00199,19,O
L00199,20,N
L00199,21,C
L00199,22,C
L00199,23,C
L00199,24,C
L00199,25,C
L00199,26,C
L00199,27,C
L00199,28,C
L00199,29,C
L00199,30,C
L00199,31,C
L00199,32,C
L00199,33,C
L00199,34,N
L00199,35,C
L00200,0,C
L00200,1,C
L00200,2,C
L00200,3,C
L00200,4,C
L00200,5,C
L00200,6,C
L00200,7,C
L00200,8,C
L00200,9,C
L00200,10,C
L00200,11,C
L00200,12,C
L00200,13,C
L00200,14,C
L00200,15,O
L00200,16,O
L00200,17,N
L00201,0,C
L00201,1,C
L00201,2,C
L00201,3,C
L00201,4,C
L00201,5,C
L00201,6,C
L00201,7,C
L00201,8,N
L00201,9,C
L00201,10,N
L00201,11,C
L00201,12,C
L00201,13,C
L00201,14,C
L00201,15,C
L00201,16,C
L00201,17,C
L00201,18,Cl
L00201,19,C
L00201,20,C
L00201,21,C
L00201,22,C
L00201,23,C
L00201,24,C
L00201,25,C
L00201,26,N
L00201,27,C
L00201,28,C
L00201,29,O
L00201,30,N
L00201,31,C
L00201,32,C
L00201,33,N
L00201,34,C
L00201,35,C
L00201,36,O
L00201,37,C
L00201,38,C
L00201,39,Cl
L00202,0,C
L00202,1,C
L00202,2,C
L00202,3,C
L00202,4,O
L00202,5,N
L00202,6,C
L00202,7,C
L00202,8,C
L00202,9,C
L00202,10,C
L00202,11,C
L00202,12,C
L00202,13,C
L00202,14,N
L00202,15,C
L00202,16,O
L00202,17,C
L00202,18,O
L00202,19,N
L00202,20,C
L00202,21,C
L00202,22,C
L00202,23,C
L00202,24,C
L00202,25,C
L00202,26,C
L00202,27,C
L00202,28,C
L00202,29,C
L00202,30,C
L00202,31,C
L00202,32,C
L00202,33,C
L00202,34,C
L00202,35,N
L00202,36,C
L00202,37,C
L00202,38,C
L00202,39,C
L00202,40,C
L00202,41,C
L00202,42,C
L00202,43,N
L00202,44,C
L00204,0,C
L00204,1,C
L00204,2,C
L00204,3,C
L00204,4,C
L00204,5,C
L00204,6,C
L00204,7,O
L00204,8,N
L00204,9,C
L00204,10,C
L00204,11,C
L00204,12,O
L00204,13,O
L00205,0,C
L00205,1,C
L00205,2,C
L00205,3,O
L00205,4,N
L00205,5,C
L00205,6,C
L00205,7,C
L00205,8,C
L00205,9,C
L00205,10,C
L00205,11,C
L00205,12,C
L00205,13,N
L00205,14,C
L00205,15,O
L00205,16,C
L00205,17,N
L00205,18,C
L00205,19,O
L00205,20,C
L00205,21,C
L00205,22,N
L00205,23,C
L00205,24,C
L00205,25,O
L00205,26,N
L00205,27,C
L00205,28,C
L00205,29,C
L00205,30,C
L00205,31,C
L00205,32,C
L00205,33,C
L00206,0,C
L00206,1,C
L00206,2,C
L00206,3,C
L00206,4,O
L00206,5,N
L00206,6,C
L00206,7,C
L00206,8,C
L00206,9,C
L00206,10,C
L00206,11,C
L00206,12,C
L00206,13,C
L00206,14,N
L00206,15,C
L00206,16,O
L00206,17,C
L00206,18,O
L00206,19,N
L00206,20,C
L00206,21,C
L00206,22,C
L00206,23,C
L00206,24,C
L00206,25,C
L00206,26,C
L00206,27,C
L00206,28,C
L00206,29,C
L00206,30,C
L00206,31,C
L00206,32,O
L00206,33,N
L00206,34,C
L00207,0,C
L00207,1,C
L00207,2,N
L00207,3,C
L00207,4,O
L00207,5,N
L00207,6,C
L00207,7,N
L00207,8,C
L00207,9,C
L00207,10,C
L00207,11,C
L00207,12,O
L00207,13,C
L00207,14,O
L00207,15,P
L00207,16,O
L00207,17,O
L00207,18,O
L00207,19,O
L00207,20,O
L00209,0,C
L00209,1,C
L00209,2,C
L00209,3,N
L00209,4,C
L00209,5,C
L00209,6,O
L00209,7,C
L00209,8,O
L00209,9,N
L00209,10,C
L00209,11,C
L00209,12,C
L00209,13,C
L00209,14,C
L00209,15,O
L00209,16,N
L00209,17,C
L00209,18,C
L00209,19,C
L00209,20,C
L00209,21,N
L00209,22,C
L00209,23,C
L00209,24,C
L00209,25,C
L00209,26,C
L00209,27,C
L00209,28,C
L00209,29,O
L00209,30,O
L00209,31,N
L00210,0,C
L00210,1,C
L00210,2,C
L00210,3,C
L00210,4,N
L00210,5,C
L00210,6,C
L00210,7,C
L00210,8,C
L00210,9,C
L00210,10,C
L00210,11,C
L00210,12,C
L00210,13,O
L00210,14,C
L00210,15,O
L00210,16,N
L00210,17,C
L00210,18,C
L00210,19,O
L00210,20,O
L00210,21,N
L00210,22,O
L00212,0,C
L00212,1,C
L00212,2,C
L00212,3,C
L00212,4,C
L00212,5,C
L00212,6,C
L00212,7,N
L00212,8,N
L00212,9,N
L00212,10,C
L00212,11,C
L00212,12,C
L00212,13,C
L00212,14,C
L00212,15,C
L00212,16,C
L00212,17,C
L00212,18,O
L00212,19,O
L00212,20,C
L00212,21,O
L00212,22,N
L00212,23,C
L00212,24,C
L00212,25,C
L00212,26,C
L00212,27,C
L00212,28,N
L00212,29,C
L00212,30,O
L00212,31,O
L00213,0,C
L00213,1,N
L00213,2,C
L00213,3,C
L00213,4,C
L00213,5,N
L00213,6,N
L00213,7,C
L00213,8,N
L00213,9,C
L00213,10,C
L00213,11,C
L00213,12,C
L00213,13,O
L00213,14,C
L00213,15,O
L00213,16,P
L00213,17,O
L00213,18,O
L00213,19,O
L00213,20,O
L00213,21,N
L00214,0,C
L00214,1,C
L00214,2,O
L00214,3,N
L00214,4,C
L00214,5,C
L00214,6,C
L00214,7,C
L00214,8,C
L00214,9,C
L00214,10,C
L00214,11,C
L00214,12,C
L00214,13,N
L00214,14,O
L00215,0,C
L00215,1,C
L00215,2,C
L00215,3,C
L00215,4,C
L00215,5,C
L00215,6,C
L00215,7,C
L00215,8,C
L00215,9,N
L00215,10,C
L00215,11,N
L00215,12,C
L00215,13,C
L00215,14,C
L00215,15,O
L00215,16,C
L00215,17,O
L00215,18,C
L00215,19,C
L00215,20,O
L00215,21,N
L00215,22,C
L00215,23,C
L00215,24,O
L00215,25,C
L00215,26,C
L00217,0,C
L00217,1,C
L00217,2,C
L00217,3,C
L00217,4,C
L00217,5,C
L00217,6,C
L00217,7,C
L00217,8,O
L00217,9,N
L00217,10,C
L00217,11,C
L00217,12,C
L00217,13,C
L00217,14,C
L00217,15,C
L00217,16,C
L00217,17,O
L00217,18,N
L00217,19,C
L00217,20,C
L00217,21,C
L00217,22,C
L00217,23,C
L00217,24,C
L00217,25,C
L00217,26,Cl
L00217,27,C
L00217,28,O
L00217,29,O
L00217,30,I
L00217,31,Cl
L00219,0,C
L00219,1,C
L00219,2,C
L00219,3,O
L00219,4,C
L00219,5,N
L00219,6,C
L00219,7,C
L00219,8,C
L00219,9,O
L00219,10,N
L00219,11,C
L00219,12,O
L00219,13,C
L00219,14,O
L00219,15,O
L00220,0,C
L00220,1,C
L00220,2,C
L00220,3,S
L00220,4,C
L00220,5,N
L00220,6,C
L00220,7,C
L00220,8,C
L00220,9,C
L00220,10,C
L00220,11,C
L00220,12,C
L00220,13,N
L00220,14,C
L00220,15,S
L00220,16,C
L00220,17,C
L00220,18,C
L00220,19,C
L00220,20,N
L00220,21,C
L00220,22,O
L00220,23,C
L00220,24,C
L00220,25,N
L00220,26,C
L00220,27,O
L00220,28,C
L00220,29,O
L00221,0,C
L00221,1,C
L00221,2,C
L00221,3,S
L00221,4,C
L00221,5,N
L00221,6,C
L00221,7,C
L00221,8,C
L00221,9,C
L00221,10,C
L00221,11,C
L00221,12,C
L00221,13,N
L00221,14,C
L00221,15,O
L00221,16,C
L00221,17,C
L00221,18,C
L00221,19,C
L00221,20,N
L00221,21,C
L00221,22,S
L00221,23,C
L00221,24,C
L00221,25,N
L00221,26,C
L00221,27,O
L00221,28,C
L00221,29,O
L00222,0,C
L00222,1,C
L00222,2,C
L00222,3,S
L00222,4,C
L00222,5,N
L00222,6,C
L00222,7,C
L00222,8,C
L00222,9,C
L00222,10,C
L00222,11,C
L00222,12,C
L00222,13,N
L00222,14,C
L00222,15,S
L00222,16,C
L00222,17,C
L00222,18,C
L00222,19,C
L00222,20,N
L00222,21,C
L00222,22,S
L00222,23,C
L00222,24,C
L00222,25,N
L00222,26,C
L00222,27,O
L00222,28,C
L00222,29,O
L00223,0,C
L00223,1,C
L00223,2,C
L00223,3,N
L00223,4,C
L00223,5,C
L00223,6,O
L00223,7,C
L00223,8,C
L00223,9,C
L00223,10,O
L00223,11,O
L00223,12,N
L00223,13,C
L00223,14,O
L00223,15,O
L00224,0,C
L00224,1,C
L00224,2,C
L00224,3,C
L00224,4,C
L00224,5,C
L00224,6,F
L00224,7,N
L00224,8,C
L00224,9,C
L00224,10,C
L00224,11,C
L00224,12,C
L00224,13,O
L00224,14,O
L00224,15,N
L00225,0,C
L00225,1,C
L00225,2,C
L00225,3,C
L00225,4,C
L00225,5,C
L00225,6,O
L00225,7,O
L00225,8,C
L00225,9,O
L00225,10,N
L00225,11,C
L00225,12,C
L00225,13,O
L00225,14,C
L00225,15,O
L00225,16,C
L00225,17,C
L00225,18,O
L00225,19,C
L00225,20,O
L00225,21,C
L00225,22,C
L00225,23,O
L00225,24,C
L00225,25,O
L00225,26,N
L00225,27,C
L00225,28,O
L00225,29,C
L00225,30,C
L00225,31,C
L00225,32,C
L00225,33,C
L00225,34,C
L00225,35,O
L00225,36,O
L00225,37,N
L00225,38,C
L00225,39,O
L00225,40,C
L00225,41,C
L00225,42,C
L00225,43,C
L00225,44,C
L00225,45,C
L00225,46,O
L00225,47,O
L00226,0,C
L00226,1,C
L00226,2,N
L00226,3,C
L00226,4,N
L00226,5,N
L00226,6,C
L00226,7,O
L00226,8,C
L00226,9,C
L00226,10,N
L00226,11,C
L00226,12,N
L00226,13,C
L00226,14,C
L00226,15,C
L00226,16,C
L00226,17,O
L00226,18,C
L00226,19,O
L00226,20,P
L00226,21,O
L00226,22,O
L00226,23,O
L00226,24,O
L00226,25,F
L00227,0,C
L00227,1,C
L00227,2,C
L00227,3,C
L00227,4,C
L00227,5,O
L00227,6,C
L00227,7,C
L00227,8,N
L00227,9,C
L00227,10,C
L00227,11,C
L00227,12,C
L00227,13,C
L00227,14,C
L00227,15,C
L00227,16,O
L00227,17,N
L00227,18,O
L00227,19,O
L00227,20,Cl
L00227,21,N
L00227,22,C
L00227,23,C
L00227,24,C
L00227,25,C
L00227,26,C
L00227,27,C
L00227,28,Cl
L00227,29,Cl
L00228,0,C
L00228,1,C
L00228,2,C
L00228,3,S
L00228,4,C
L00228,5,N
L00228,6,C
L00228,7,C
L00228,8,C
L00228,9,C
L00228,10,C
L00228,11,C
L00228,12,C
L00228,13,N
L00228,14,C
L00228,15,O
L00228,16,C
L00228,17,C
L00228,18,C
L00228,19,C
L00228,20,N
L00228,21,C
L00228,22,O
L00228,23,C
L00228,24,C
L00228,25,C
L00228,26,C
L00228,27,C
L00228,28,N
L00228,29,C
L00228,30,O
L00228,31,C
L00228,32,O
L00228,33,F
L00229,0,C
L00229,1,C
L00229,2,C
L00229,3,S
L00229,4,C
L00229,5,N
L00229,6,C
L00229,7,C
L00229,8,C
L00229,9,C
L00229,10,C
L00229,11,C
L00229,12,C
L00229,13,N
L00229,14,C
L00229,15,O
L00229,16,C
L00229,17,C
L00229,18,C
L00229,19,C
L00229,20,N
L00229,21,C
L00229,22,O
L00229,23,C
L00229,24,C
L00229,25,C
L00229,26,C
L00229,27,C
L00229,28,N
L00229,29,C
L00229,30,O
L00229,31,C
L00229,32,O
L00229,33,F
L00230,0,C
L00230,1,C
L00230,2,C
L00230,3,C
L00230,4,C
L00230,5,C
L00230,6,C
L00230,7,N
L00230,8,C
L00230,9,C
L00230,10,C
L00230,11,N
L00230,12,C
L00230,13,N
L00230,14,C
L00230,15,C
L00230,16,C
L00230,17,C
L00230,18,C
L00230,19,N
L00230,20,C
L00230,21,N
L00230,22,C
L00230,23,O
L00230,24,C
L00230,25,O
L00230,26,C
L00230,27,C
L00230,28,O
L00230,29,C
L00230,30,C
L00230,31,C
L00230,32,C
L00230,33,C
L00230,34,C
L00230,35,C
L00230,36,Cl
L00230,37,Cl
L00231,0,H
L00231,1,N
L00231,2,C
L00231,3,N
L00231,4,S
L00231,5,C
L00231,6,C
L00231,7,C
L00231,8,C
L00231,9,C
L00231,10,C
L00231,11,C
L00231,12,Cl
L00232,0,C
L00232,1,C
L00232,2,C
L00232,3,C
L00232,4,C
L00232,5,C
L00232,6,N
L00232,7,C
L00232,8,O
L00232,9,C
L00232,10,N
L00232,11,C
L00232,12,C
L00232,13,C
L00232,14,C
L00232,15,C
L00232,16,O
L00232,17,C
L00232,18,O
L00234,0,C
L00234,1,C
L00234,2,C
L00234,3,C
L00234,4,C
L00234,5,C
L00234,6,O
L00234,7,C
L00234,8,O
L00234,9,N
L00234,10,C
L00234,11,O
L00234,12,C
L00234,13,C
L00234,14,C
L00234,15,C
L00234,16,O
L00234,17,N
L00234,18,C
L00234,19,O
L00235,0,C
L00235,1,C
L00235,2,C
L00235,3,C
L00235,4,C
L00235,5,C
L00235,6,N
L00235,7,C
L00235,8,O
L00235,9,C
L00235,10,C
L00235,11,C
L00235,12,N
L00235,13,C
L00235,14,C
L00235,15,C
L00235,16,C
L00235,17,C
L00235,18,N
L00236,0,C
L00236,1,N
L00236,2,C
L00236,3,C
L00236,4,C
L00236,5,C
L00236,6,C
L00236,7,O
L00236,8,O
L00236,9,C
L00236,10,C
L00236,11,C
L00236,12,C
L00236,13,N
L00236,14,C
L00238,0,C
L00238,1,C
L00238,2,C
L00238,3,C
L00238,4,C
L00238,5,C
L00238,6,N
L00238,7,C
L00238,8,C
L00238,9,C
L00238,10,C
L00238,11,N
L00238,12,C
L00238,13,C
L00238,14,O
L00238,15,C
L00238,16,C
L00238,17,O
L00239,0,C
L00239,1,C
L00239,2,C
L00239,3,C
L00239,4,C
L00239,5,C
L00239,6,F
L00239,7,N
L00239,8,C
L00239,9,O
L00239,10,O
L00240,0,C
L00240,1,C
L00240,2,C
L00240,3,C
L00240,4,C
L00240,5,C
L00240,6,S
L00240,7,O
L00240,8,O
L00240,9,N
L00241,0,C
L00241,1,C
L00241,2,N
L00241,3,C
L00241,4,C
L00241,5,N
L00241,6,N
L00241,7,C
L00241,8,C
L00241,9,C
L00241,10,C
L00241,11,C
L00241,12,C
L00241,13,C
L00241,14,C
L00241,15,N
L00241,16,N
L00241,17,N
L00241,18,C
L00241,19,C
L00241,20,C
L00241,21,C
L00241,22,C
L00241,23,C
L00241,24,C
L00241,25,C
L00241,26,N
L00241,27,C
L00241,28,C
L00241,29,N
L00241,30,C
L00241,31,C
L00241,32,C
L00242,0,C
L00242,1,C
L00242,2,N
L00242,3,C
L00242,4,N
L00242,5,N
L00242,6,N
L00242,7,C
L00242,8,O
L00242,9,C
L00242,10,C
L00242,11,Cl
L00243,0,C
L00243,1,C
L00243,2,C
L00243,3,C
L00243,4,C
L00243,5,C
L00243,6,C
L00243,7,C
L00243,8,N
L00243,9,C
L00243,10,C
L00243,11,N
L00243,12,C
L00243,13,O
L00243,14,N
L00243,15,C
L00243,16,O
L00243,17,N
L00243,18,C
L00243,19,C
L00243,20,C
L00243,21,C
L00243,22,C
L00243,23,O
L00243,24,P
L00243,25,O
L00243,26,O
L00243,27,O
L00243,28,O
L00243,29,O
L00243,30,O
L00244,0,C
L00244,1,C
L00244,2,C
L00244,3,C
L00244,4,C
L00244,5,O
L00244,6,C
L00244,7,O
L00244,8,O
L00244,9,O
L00244,10,O
L00244,11,O
L00245,0,C
L00245,1,C
L00245,2,C
L00245,3,N
L00245,4,C
L00245,5,C
L00245,6,N
L00245,7,C
L00245,8,N
L00245,9,C
L00245,10,C
L00245,11,C
L00245,12,C
L00245,13,C
L00245,14,C
L00245,15,C
L00245,16,C
L00245,17,O
L00245,18,C
L00245,19,C
L00245,20,O
L00245,21,N
L00245,22,C
L00245,23,C
L00245,24,C
L00245,25,C
L00245,26,C
L00245,27,C
L00245,28,C
L00245,29,N
L00245,30,C
L00245,31,C
L00245,32,C
L00245,33,C
L00245,34,C
L00245,35,C
L00245,36,C
L00245,37,F
L00245,38,C
L00245,39,C
L00246,0,C
L00246,1,C
L00246,2,C
L00246,3,N
L00246,4,C
L00246,5,C
L00246,6,N
L00246,7,C
L00246,8,N
L00246,9,C
L00246,10,C
L00246,11,O
L00246,12,C
L00246,13,C
L00246,14,C
L00246,15,C
L00246,16,C
L00246,17,C
L00246,18,O
L00246,19,N
L00246,20,C
L00246,21,C
L00246,22,C
L00246,23,C
L00246,24,C
L00246,25,C
L00246,26,C
L00246,27,N
L00246,28,C
L00246,29,C
L00246,30,C
L00246,31,C
L00246,32,C
L00246,33,C
L00246,34,C
L00246,35,F
L00246,36,O
L00246,37,C
L00246,38,C
L00247,0,C
L00247,1,N
L00247,2,C
L00247,3,C
L00247,4,N
L00247,5,C
L00247,6,C
L00247,7,C
L00247,8,C
L00247,9,O
L00247,10,C
L00247,11,O
L00247,12,P
L00247,13,O
L00247,14,O
L00247,15,O
L00247,16,P
L00247,17,O
L00247,18,C
L00247,19,P
L00247,20,O
L00247,21,O
L00247,22,O
L00247,23,O
L00247,24,O
L00247,25,O
L00247,26,N
L00247,27,C
L00247,28,N
L00247,29,C
L00247,30,O
L00247,31,N
L00249,0,C
L00249,1,O
L00249,2,C
L00249,3,O
L00249,4,C
L00249,5,C
L00249,6,C
L00249,7,C
L00249,8,N
L00249,9,C
L00249,10,O
L00249,11,C
L00249,12,C
L00249,13,C
L00249,14,C
L00249,15,O
L00249,16,O
L00251,0,C
L00251,1,C
L00251,2,C
L00251,3,C
L00251,4,C
L00251,5,C
L00251,6,N
L00251,7,C
L00251,8,C
L00251,9,N
L00251,10,C
L00251,11,C
L00251,12,C
L00251,13,O
L00251,14,C
L00251,15,C
L00251,16,C
L00251,17,F
L00252,0,C
L00252,1,O
L00252,2,C
L00252,3,C
L00252,4,C
L00252,5,C
L00252,6,C
L00252,7,C
L00252,8,S
L00252,9,O
L00252,10,O
L00252,11,N
L00252,12,C
L00252,13,C
L00252,14,O
L00252,15,O
L00252,16,C
L00252,17,C
L00252,18,C
L00252,19,C
L00252,20,C
L00252,21,C
L00252,22,O
L00252,23,C
L00252,24,C
L00252,25,C
L00252,26,C
L00252,27,C
L00252,28,C
L00252,29,C
L00252,30,N
L00252,31,C
L00252,32,C
L00252,33,O
L00252,34,O
L00252,35,S
L00252,36,O
L00252,37,O
L00252,38,C
L00252,39,C
L00252,40,C
L00252,41,C
L00252,42,C
L00252,43,C
L00252,44,O
L00252,45,C
L00253,0,C
L00253,1,C
L00253,2,O
L00253,3,C
L00253,4,C
L00253,5,C
L00253,6,C
L00253,7,C
L00253,8,C
L00253,9,N
L00253,10,C
L00253,11,C
L00253,12,N
L00253,13,C
L00253,14,C
L00254,0,C
L00254,1,C
L00254,2,C
L00254,3,C
L00254,4,C
L00254,5,C
L00254,6,Cl
L00254,7,F
L00254,8,C
L00254,9,C
L00254,10,C
L00254,11,C
L00254,12,N
L00254,13,C
L00254,14,O
L00254,15,N
L00254,16,C
L00254,17,C
L00254,18,C
L00254,19,C
L00254,20,C
L00254,21,C
L00254,22,C
L00254,23,N
L00254,24,C
L00254,25,O
L00254,26,Cl
L00254,27,C
L00254,28,C
L00254,29,C
L00254,30,C
L00255,0,C
L00255,1,C
L00255,2,N
L00255,3,C
L00255,4,N
L00255,5,C
L00255,6,C
L00255,7,C
L00255,8,O
L00255,9,N
L00255,10,N
L00258,0,C
L00258,1,C
L00258,2,C
L00258,3,C
L00258,4,C
L00258,5,C
L00258,6,C
L00258,7,C
L00258,8,C
L00258,9,C
L00258,10,N
L00258,11,N
L00258,12,C
L00258,13,C
L00258,14,C
L00258,15,C
L00258,16,C
L00258,17,O
L00258,18,N
L00258,19,C
L00258,20,C
L00258,21,C
L00258,22,C
L00258,23,C
L00258,24,C
L00258,25,F
L00258,26,Cl
L00258,27,Cl
L00259,0,C
L00259,1,C
L00259,2,C
L00259,3,C
L00259,4,C
L00259,5,C
L00259,6,C
L00259,7,N
L00259,8,C
L00259,9,C
L00259,10,C
L00259,11,C
L00259,12,N
L00259,13,C
L00259,14,O
L00259,15,C
L00259,16,C
L00259,17,N
L00259,18,C
L00259,19,C
L00259,20,C
L00259,21,C
L00259,22,C
L00259,23,C
L00259,24,O
L00259,25,C
L00260,0,C
L00260,1,C
L00260,2,C
L00260,3,C
L00260,4,C
L00260,5,C
L00260,6,C
L00260,7,C
L00260,8,Cl
L00260,9,N
L00260,10,C
L00260,11,C
L00260,12,C
L00260,13,N
L00260,14,C
L00260,15,N
L00260,16,C
L00260,17,C
L00260,18,C
L00260,19,C
L00260,20,C
L00260,21,N
L00260,22,C
L00260,23,N
L00260,24,C
L00260,25,O
L00260,26,C
L00260,27,O
L00260,28,C
L00260,29,C
L00260,30,O
L00260,31,C
L00260,32,C
L00260,33,C
L00260,34,C
L00260,35,C
L00260,36,C
L00260,37,Cl
L00261,0,C
L00261,1,N
L00261,2,C
L00261,3,C
L00261,4,C
L00261,5,C
L00261,6,N
L00261,7,C
L00261,8,C
L00261,9,C
L00261,10,C
L00261,11,N
L00261,12,C
L00261,13,C
L00261,14,O
L00261,15,C
L00261,16,C
L00261,17,C
L00261,18,C
L00261,19,C
L00261,20,C
L00261,21,C
L00261,22,C
L00261,23,N
L00261,24,Cl
L00261,25,C
L00261,26,C
L00261,27,N
L00261,28,C
L00261,29,N
L00261,30,C
L00261,31,C
L00261,32,C
L00261,33,C
L00261,34,C
L00261,35,C
L00261,36,C
L00261,37,C
L00261,38,O
L00261,39,Cl
L00261,40,C
L00261,41,C
L00261,42,C
L00261,43,C
L00261,44,C
L00261,45,C
L00262,0,C
L00262,1,C
L00262,2,C
L00262,3,C
L00262,4,N
L00262,5,C
L00262,6,O
L00262,7,C
L00262,8,C
L00262,9,C
L00262,10,C
L00262,11,C
L00262,12,C
L00262,13,C
L00262,14,N
L00262,15,C
L00262,16,C
L00262,17,N
L00262,18,C
L00262,19,C
L00262,20,C
L00262,21,C
L00262,22,C
L00262,23,C
L00262,24,C
L00262,25,C
L00262,26,N
L00262,27,N
L00262,28,N
L00262,29,N
L00262,30,C
L00262,31,C
L00262,32,C
L00262,33,C
L00262,34,C
L00262,35,C
L00262,36,Cl
L00262,37,F
L00262,38,Cl
L00263,0,C
L00263,1,C
L00263,2,C
L00263,3,C
L00263,4,C
L00263,5,C
L00263,6,C
L00263,7,C
L00263,8,Cl
L00263,9,N
L00263,10,C
L00263,11,N
L00263,12,C
L00263,13,C
L00263,14,C
L00263,15,C
L00263,16,C
L00263,17,C
L00263,18,C
L00263,19,C
L00263,20,C
L00263,21,N
L00263,22,C
L00263,23,C
L00263,24,O
L00263,25,N
L00263,26,C
L00263,27,C
L00263,28,N
L00263,29,C
L00263,30,C
L00263,31,N
L00263,32,C
L00263,33,C
L00263,34,C
L00263,35,C
L00263,36,C
L00263,37,C
L00263,38,C
L00263,39,C
L00263,40,Cl
L00263,41,C
L00263,42,C
L00263,43,C
L00263,44,C
L00263,45,C
L00263,46,C
L00265,0,C
L00265,1,C
L00265,2,C
L00265,3,C
L00265,4,C
L00265,5,C
L00265,6,C
L00265,7,C
L00265,8,C
L00265,9,N
L00265,10,C
L00265,11,O
L00265,12,N
L00265,13,C
L00265,14,C
L00265,15,C
L00265,16,C
L00265,17,O
L00265,18,O
L00265,19,C
L00265,20,C
L00265,21,C
L00265,22,C
L00265,23,C
L00265,24,C
L00265,25,Cl
L00265,26,C
L00265,27,N
L00265,28,C
L00265,29,C
L00265,30,C
L00265,31,C
L00265,32,C
L00265,33,C
L00265,34,Cl
L00266,0,C
L00266,1,C
L00266,2,N
L00266,3,C
L00266,4,C
L00266,5,N
L00266,6,C
L00266,7,C
L00266,8,C
L00266,9,C
L00266,10,C
L00266,11,C
L00266,12,Cl
L00266,13,C
L00266,14,C
L00266,15,C
L00266,16,C
L00266,17,C
L00266,18,C
L00266,19,Cl
L00267,0,C
L00267,1,C
L00267,2,N
L00267,3,C
L00267,4,C
L00267,5,N
L00267,6,C
L00267,7,O
L00267,8,N
L00267,9,C
L00267,10,C
L00267,11,N
L00267,12,C
L00267,13,C
L00267,14,C
L00267,15,C
L00267,16,C
L00267,17,S
L00267,18,O
L00267,19,O
L00267,20,C
L00267,21,C
L00267,22,C
L00267,23,C
L00267,24,C
L00267,25,C
L00267,26,C
L00267,27,C
L00267,28,Cl
L00267,29,C
L00267,30,C
L00267,31,C
L00267,32,C
L00267,33,C
L00267,34,C
L00267,35,C
L00267,36,Cl
L00268,0,C
L00268,1,C
L00268,2,O
L00268,3,C
L00268,4,C
L00268,5,C
L00268,6,C
L00268,7,C
L00268,8,C
L00268,9,C
L00268,10,N
L00268,11,C
L00268,12,C
L00268,13,N
L00268,14,C
L00268,15,C
L00268,16,C
L00268,17,C
L00268,18,C
L00268,19,C
L00268,20,C
L00268,21,Cl
L00268,22,C
L00268,23,C
L00268,24,C
L00268,25,C
L00268,26,C
L00268,27,C
L00268,28,C
L00268,29,Cl
L00268,30,C
L00268,31,C
L00268,32,C
L00268,33,C
L00269,0,C
L00269,1,C
L00269,2,C
L00269,3,C
L00269,4,C
L00269,5,C
L00269,6,C
L00269,7,C
L00269,8,N
L00269,9,C
L00269,10,C
L00269,11,O
L00269,12,O
L00270,0,C
L00270,1,C
L00270,2,C
L00270,3,C
L00270,4,S
L00270,5,C
L00270,6,C
L00270,7,C
L00270,8,C
L00270,9,C
L00270,10,O
L00270,11,O
L00270,12,N
L00270,13,C
L00270,14,N
L00270,15,N
L00271,0,C
L00271,1,C
L00271,2,C
L00271,3,O
L00271,4,C
L00271,5,C
L00271,6,C
L00271,7,C
L00271,8,C
L00271,9,C
L00271,10,C
L00271,11,N
L00271,12,C
L00271,13,C
L00271,14,N
L00271,15,C
L00271,16,O
L00271,17,N
L00271,18,C
L00271,19,C
L00271,20,N
L00271,21,C
L00271,22,C
L00271,23,C
L00271,24,C
L00271,25,C
L00271,26,C
L00271,27,C
L00271,28,C
L00271,29,Cl
L00271,30,C
L00271,31,C
L00271,32,C
L00271,33,C
L00271,34,C
L00271,35,C
L00271,36,Cl
L00271,37,O
L00271,38,C
L00272,0,C
L00272,1,C
L00272,2,O
L00272,3,C
L00272,4,C
L00272,5,C
L00272,6,C
L00272,7,C
L00272,8,C
L00272,9,C
L00272,10,N
L00272,11,C
L00272,12,C
L00272,13,N
L00272,14,C
L00272,15,O
L00272,16,N
L00272,17,C
L00272,18,C
L00272,19,N
L00272,20,C
L00272,21,C
L00272,22,C
L00272,23,C
L00272,24,O
L00272,25,C
L00272,26,C
L00272,27,C
L00272,28,C
L00272,29,C
L00272,30,C
L00272,31,Br
L00272,32,C
L00272,33,C
L00272,34,C
L00272,35,C
L00272,36,C
L00272,37,C
L00272,38,Br
L00272,39,O
L00272,40,C
L00273,0,C
L00273,1,O
L00273,2,C
L00273,3,C
L00273,4,C
L00273,5,C
L00273,6,C
L00273,7,C
L00273,8,S
L00273,9,O
L00273,10,O
L00273,11,N
L00273,12,C
L00273,13,C
L00273,14,C
L00273,15,C
L00273,16,C
L00273,17,C
L00273,18,C
L00273,19,C
L00273,20,C
L00273,21,C
L00273,22,N
L00273,23,S
L00273,24,O
L00273,25,O
L00273,26,C
L00273,27,C
L00273,28,C
L00273,29,C
L00273,30,C
L00273,31,C
L00273,32,O
L00273,33,C
L00274,0,C
L00274,1,C
L00274,2,C
L00274,3,O
L00274,4,N
L00274,5,C
L00274,6,C
L00274,7,C
L00274,8,C
L00274,9,C
L00274,10,C
L00274,11,C
L00274,12,C
L00274,13,O
L00274,14,N
L00274,15,C
L00274,16,C
L00274,17,C
L00274,18,C
L00274,19,C
L00274,20,N
L00274,21,C
L00274,22,C
L00274,23,S
L00274,24,C
L00274,25,O
L00274,26,C
L00274,27,C
L00274,28,C
L00274,29,C
L00274,30,C
L00274,31,C
L00274,32,F
L00274,33,N
L00274,34,C
L00275,0,C
L00275,1,C
L00275,2,C
L00275,3,C
L00275,4,C
L00275,5,C
L00275,6,C
L00275,7,N
L00275,8,C
L00275,9,O
L00275,10,C
L00275,11,C
L00275,12,C
L00275,13,S
L00275,14,C
L00275,15,N
L00275,16,C
L00275,17,O
L00275,18,C
L00275,19,C
L00275,20,N
L00275,21,C
L00275,22,C
L00275,23,C
L00275,24,C
L00275,25,C
L00275,26,C
L00275,27,C
L00275,28,C
L00275,29,C
L00275,30,C
L00275,31,C
L00275,32,C
L00276,0,C
L00276,1,C
L00276,2,C
L00276,3,C
L00276,4,C
L00276,5,C
L00276,6,C
L00276,7,N
L00276,8,C
L00276,9,O
L00276,10,C
L00276,11,C
L00276,12,C
L00276,13,S
L00276,14,C
L00276,15,N
L00276,16,C
L00276,17,O
L00276,18,C
L00276,19,N
L00276,20,C
L00276,21,C
L00276,22,C
L00276,23,C
L00276,24,N
L00276,25,C
L00276,26,C
L00276,27,C
L00276,28,C
L00276,29,C
L00276,30,C
L00276,31,C
L00276,32,C
L00276,33,C
L00276,34,C
L00277,0,C
L00277,1,S
L00277,2,O
L00277,3,O
L00277,4,C
L00277,5,N
L00277,6,C
L00277,7,C
L00277,8,N
L00277,9,C
L00277,10,C
L00277,11,C
L00277,12,S
L00277,13,C
L00277,14,N
L00278,0,C
L00278,1,C
L00278,2,C
L00278,3,C
L00278,4,C
L00278,5,C
L00278,6,C
L00278,7,C
L00278,8,C
L00278,9,O
L00278,10,O
L00278,11,C
L00278,12,C
L00278,13,C
L00278,14,O
L00278,15,N
L00278,16,C
L00278,17,C
L00278,18,Cl
L00279,0,C
L00279,1,C
L00279,2,C
L00279,3,C
L00279,4,C
L00279,5,C
L00279,6,C
L00279,7,C
L00279,8,N
L00279,9,C
L00279,10,S
L00279,11,O
L00279,12,O
L00279,13,C
L00279,14,C
L00279,15,C
L00279,16,C
L00279,17,C
L00279,18,C
L00279,19,C
L00279,20,C
L00279,21,C
L00279,22,O
L00279,23,O
L00279,24,C
L00279,25,C
L00279,26,C
L00279,27,C
L00279,28,C
L00279,29,C
L00279,30,O
L00279,31,C
L00279,32,N
L00279,33,N
L00279,34,N
L00279,35,C
L00280,0,C
L00280,1,N
L00280,2,C
L00280,3,C
L00280,4,C
L00280,5,C
L00280,6,C
L00280,7,C
L00280,8,N
L00280,9,N
L00280,10,C
L00280,11,C
L00280,12,C
L00280,13,O
L00280,14,O
L00280,15,C
L00280,16,C
L00280,17,C
L00280,18,C
L00280,19,C
L00280,20,C
L00280,21,Cl
L00281,0,C
L00281,1,C
L00281,2,C
L00281,3,C
L00281,4,C
L00281,5,C
L00281,6,C
L00281,7,Cl
L00281,8,C
L00281,9,C
L00281,10,C
L00281,11,O
L00281,12,O
L00281,13,C
L00281,14,C
L00281,15,C
L00281,16,C
L00281,17,C
L00281,18,C
L00281,19,N
L00281,20,N
L00281,21,N
L00281,22,C
L00282,0,C
L00282,1,C
L00282,2,C
L00282,3,C
L00282,4,C
L00282,5,C
L00282,6,C
L00282,7,C
L00282,8,N
L00282,9,C
L00282,10,C
L00282,11,O
L00282,12,C
L00282,13,C
L00282,14,C
L00282,15,C
L00282,16,C
L00282,17,C
L00282,18,S
L00282,19,O
L00282,20,O
L00282,21,C
L00282,22,C
L00282,23,C
L00282,24,O
L00282,25,O
L00282,26,C
L00282,27,C
L00282,28,C
L00282,29,C
L00282,30,C
L00282,31,C
L00282,32,O
L00282,33,C
L00282,34,N
L00282,35,N
L00282,36,N
L00282,37,C
L00283,0,C
L00283,1,S
L00283,2,O
L00283,3,O
L00283,4,N
L00283,5,C
L00283,6,C
L00283,7,C
L00283,8,C
L00283,9,C
L00283,10,C
L00283,11,C
L00283,12,C
L00284,0,C
L00284,1,C
L00284,2,C
L00284,3,O
L00284,4,N
L00284,5,C
L00284,6,N
L00284,7,C
L00284,8,C
L00284,9,S
L00284,10,C
L00286,0,C
L00286,1,C
L00286,2,C
L00286,3,C
L00286,4,C
L00286,5,C
L00286,6,C
L00286,7,O
L00286,8,N
L00286,9,C
L00286,10,C
L00286,11,C
L00286,12,C
L00286,13,C
L00286,14,C
L00286,15,O
L00286,16,C
L00286,17,O
L00287,0,C
L00287,1,C
L00287,2,C
L00287,3,C
L00287,4,C
L00287,5,C
L00287,6,C
L00287,7,C
L00287,8,C
L00287,9,O
L00287,10,N
L00287,11,C
L00287,12,C
L00287,13,C
L00287,14,C
L00287,15,C
L00287,16,C
L00287,17,C
L00287,18,F
L00287,19,N
L00287,20,C
L00287,21,O
L00287,22,C
L00287,23,C
L00287,24,C
L00287,25,C
L00287,26,C
L00287,27,C
L00287,28,C
L00287,29,F
L00287,30,O
L00287,31,P
L00287,32,O
L00287,33,O
L00287,34,O
L00288,0,C
L00288,1,C
L00288,2,C
L00288,3,C
L00288,4,C
L00288,5,C
L00288,6,C
L00288,7,C
L00288,8,F
L00288,9,C
L00288,10,N
L00288,11,C
L00288,12,O
L00288,13,C
L00288,14,C
L00288,15,C
L00288,16,C
L00288,17,C
L00288,18,C
L00288,19,C
L00288,20,C
L00288,21,O
L00288,22,P
L00288,23,O
L00288,24,O
L00288,25,O
L00288,26,N
L00288,27,C
L00288,28,O
L00288,29,C
L00288,30,C
L00288,31,C
L00288,32,C
L00288,33,C
L00288,34,C
L00288,35,C
L00288,36,F
L00289,0,C
L00289,1,C
L00289,2,C
L00289,3,C
L00289,4,C
L00289,5,C
L00289,6,C
L00289,7,F
L00289,8,C
L00289,9,N
L00289,10,C
L00289,11,O
L00289,12,C
L00289,13,C
L00289,14,C
L00289,15,C
L00289,16,C
L00289,17,C
L00289,18,C
L00289,19,C
L00289,20,O
L00289,21,P
L00289,22,O
L00289,23,O
L00289,24,O
L00289,25,N
L00289,26,C
L00289,27,O
L00289,28,C
L00289,29,C
L00289,30,C
L00289,31,C
L00289,32,C
L00289,33,C
L00289,34,C
L00289,35,F
L00290,0,C
L00290,1,C
L00290,2,C
L00290,3,C
L00290,4,C
L00290,5,C
L00290,6,N
L00290,7,C
L00290,8,O
L00290,9,C
L00290,10,Cl
L00290,11,C
L00290,12,N
L00290,13,C
L00290,14,O
L00290,15,C
L00290,16,C
L00290,17,C
L00290,18,C
L00290,19,C
L00290,20,C
L00290,21,C
L00290,22,C
L00290,23,O
L00290,24,P
L00290,25,O
L00290,26,O
L00290,27,O
L00290,28,N
L00290,29,C
L00290,30,O
L00290,31,C
L00290,32,C
L00290,33,C
L00290,34,C
L00290,35,C
L00290,36,C
L00290,37,C
L00290,38,F
L00291,0,C
L00291,1,C
L00291,2,C
L00291,3,O
L00291,4,C
L00291,5,C
L00291,6,O
L00291,7,N
L00291,8,C
L00291,9,C
L00291,10,N
L00291,11,C
L00291,12,C
L00291,13,C
L00291,14,O
L00291,15,C
L00291,16,C
L00291,17,C
L00292,0,C
L00292,1,C
L00292,2,C
L00292,3,C
L00292,4,C
L00292,5,C
L00292,6,C
L00292,7,O
L00292,8,N
L00292,9,C
L00292,10,C
L00292,11,C
L00292,12,C
L00292,13,O
L00292,14,N
L00292,15,C
L00292,16,O
L00292,17,C
L00292,18,O
L00292,19,O
L00293,0,C
L00293,1,C
L00293,2,C
L00293,3,C
L00293,4,C
L00293,5,C
L00293,6,N
L00293,7,O
L00293,8,O
L00293,9,C
L00293,10,O
L00293,11,N
L00293,12,C
L00293,13,C
L00293,14,C
L00293,15,O
L00293,16,N
L00293,17,C
L00293,18,O
L00293,19,C
L00293,20,O
L00293,21,O
L00295,0,C
L00295,1,C
L00295,2,C
L00295,3,C
L00295,4,C
L00295,5,C
L00295,6,N
L00295,7,C
L00295,8,O
L00295,9,N
L00295,10,C
L00295,11,C
L00295,12,C
L00295,13,O
L00295,14,N
L00295,15,C
L00295,16,O
L00295,17,C
L00295,18,O
L00295,19,O
L00296,0,C
L00296,1,C
L00296,2,C
L00296,3,C
L00296,4,C
L00296,5,C
L00296,6,N
L00296,7,C
L00296,8,O
L00296,9,N
L00296,10,C
L00296,11,O
L00296,12,C
L00296,13,C
L00296,14,C
L00296,15,O
L00296,16,N
L00296,17,C
L00296,18,O
L00304,0,C
L00304,1,C
L00304,2,C
L00304,3,C
L00304,4,C
L00304,5,C
L00304,6,C
L00304,7,O
L00304,8,C
L00304,9,O
L00304,10,N
L00304,11,C
L00304,12,C
L00304,13,C
L00304,14,O
L00304,15,N
L00304,16,C
L00304,17,O
L00306,0,C
L00306,1,C
L00306,2,C
L00306,3,C
L00306,4,C
L00306,5,C
L00306,6,Cl
L00306,7,C
L00306,8,O
L00306,9,N
L00306,10,C
L00306,11,C
L00306,12,C
L00306,13,O
L00306,14,N
L00306,15,C
L00306,16,O
L00306,17,Cl
L00306,18,Cl
L00307,0,C
L00307,1,C
L00307,2,C
L00307,3,C
L00307,4,O
L00307,5,N
L00307,6,C
L00307,7,C
L00307,8,C
L00307,9,O
L00307,10,N
L00307,11,C
L00307,12,O
L00307,13,C
L00310,0,C
L00310,1,C
L00310,2,C
L00310,3,N
L00310,4,C
L00310,5,C
L00310,6,C
L00310,7,C
L00310,8,N
L00310,9,N
L00310,10,C
L00310,11,N
L00310,12,C
L00310,13,N
L00310,14,C
L00311,0,C
L00311,1,C
L00311,2,N
L00311,3,C
L00311,4,S
L00311,5,N
L00311,6,N
L00311,7,C
L00311,8,C
L00311,9,C
L00311,10,N
L00311,11,C
L00311,12,C
L00312,0,C
L00312,1,C
L00312,2,C
L00312,3,C
L00312,4,C
L00312,5,C
L00312,6,C
L00312,7,C
L00312,8,N
L00312,9,C
L00312,10,N
L00312,11,C
L00312,12,C
L00312,13,C
L00312,14,C
L00312,15,C
L00312,16,C
L00312,17,C
L00312,18,Cl
L00312,19,C
L00312,20,C
L00312,21,C
L00312,22,C
L00312,23,C
L00312,24,C
L00312,25,C
L00312,26,N
L00312,27,C
L00312,28,C
L00312,29,O
L00312,30,O
L00312,31,Cl
L00313,0,C
L00313,1,C
L00313,2,C
L00313,3,O
L00313,4,C
L00313,5,C
L00313,6,O
L00313,7,N
L00313,8,C
L00313,9,C
L00313,10,N
L00313,11,C
L00313,12,C
L00313,13,C
L00313,14,O
L00313,15,N
L00314,0,C
L00314,1,C
L00314,2,O
L00314,3,C
L00314,4,C
L00314,5,C
L00314,6,C
L00314,7,C
L00314,8,C
L00314,9,S
L00314,10,O
L00314,11,O
L00314,12,N
L00314,13,C
L00314,14,C
L00314,15,C
L00314,16,C
L00314,17,C
L00314,18,C
L00314,19,C
L00314,20,C
L00314,21,C
L00314,22,C
L00314,23,N
L00314,24,S
L00314,25,O
L00314,26,O
L00314,27,C
L00314,28,C
L00314,29,C
L00314,30,C
L00314,31,C
L00314,32,C
L00314,33,O
L00314,34,C
L00314,35,C
L00314,36,C
L00314,37,C
L00314,38,O
L00314,39,C
L00315,0,C
L00315,1,O
L00315,2,C
L00315,3,C
L00315,4,C
L00315,5,C
L00315,6,C
L00315,7,C
L00315,8,C
L00315,9,N
L00315,10,N
L00315,11,C
L00315,12,O
L00316,0,C
L00316,1,C
L00316,2,C
L00316,3,C
L00316,4,C
L00316,5,C
L00316,6,C
L00316,7,C
L00316,8,N
L00316,9,C
L00316,10,C
L00316,11,C
L00316,12,C
L00316,13,C
L00316,14,C
L00316,15,C
L00316,16,O
L00316,17,S
L00316,18,O
L00316,19,O
L00316,20,O
L00316,21,C
L00316,22,C
L00316,23,O
L00316,24,C
L00316,25,C
L00316,26,N
L00316,27,C
L00316,28,C
L00316,29,C
L00316,30,C
L00316,31,C
L00316,32,C
L00316,33,N
L00316,34,N
L00316,35,C
L00316,36,C
L00316,37,C
L00316,38,C
L00316,39,O
L00316,40,O
L00316,41,C
L00317,0,C
L00317,1,C
L00317,2,C
L00317,3,C
L00317,4,C
L00317,5,C
L00317,6,C
L00317,7,C
L00317,8,N
L00317,9,C
L00317,10,C
L00317,11,O
L00317,12,C
L00317,13,C
L00317,14,C
L00317,15,C
L00317,16,C
L00317,17,C
L00317,18,S
L00317,19,O
L00317,20,O
L00317,21,C
L00317,22,C
L00317,23,C
L00317,24,C
L00317,25,O
L00317,26,O
L00317,27,C
L00317,28,C
L00317,29,C
L00317,30,C
L00317,31,C
L00317,32,C
L00317,33,O
L00317,34,C
L00317,35,N
L00317,36,N
L00317,37,N
L00317,38,C
L00318,0,C
L00318,1,C
L00318,2,C
L00318,3,C
L00318,4,O
L00318,5,N
L00318,6,C
L00318,7,C
L00318,8,O
L00318,9,N
L00318,10,C
L00318,11,C
L00318,12,C
L00318,13,C
L00318,14,C
L00318,15,O
L00318,16,N
L00318,17,C
L00318,18,C
L00318,19,C
L00318,20,C
L00318,21,C
L00318,22,C
L00318,23,C
L00318,24,C
L00318,25,C
L00318,26,N
L00318,27,C
L00318,28,O
L00318,29,O
L00319,0,C
L00319,1,C
L00319,2,C
L00319,3,C
L00319,4,C
L00319,5,C
L00319,6,O
L00319,7,O
L00319,8,N
L00319,9,C
L00319,10,O
L00319,11,C
L00322,0,C
L00322,1,C
L00322,2,C
L00322,3,C
L00322,4,C
L00322,5,C
L00322,6,O
L00322,7,C
L00322,8,F
L00322,9,F
L00322,10,S
L00322,11,O
L00322,12,O
L00322,13,N
L00323,0,C
L00323,1,C
L00323,2,C
L00323,3,C
L00323,4,C
L00323,5,C
L00323,6,C
L00323,7,O
L00323,8,N
L00323,9,C
L00323,10,O
L00323,11,C
L00323,12,C
L00323,13,C
L00323,14,C
L00323,15,C
L00323,16,C
L00323,17,C
L00323,18,C
L00323,19,C
L00323,20,C
L00323,21,N
L00323,22,C
L00323,23,O
L00323,24,C
L00323,25,C
L00323,26,C
L00323,27,C
L00323,28,C
L00323,29,C
L00323,30,C
L00323,31,O
L00323,32,O
L00323,33,O
L00323,34,C
L00323,35,C
L00323,36,O
L00324,0,C
L00324,1,C
L00324,2,C
L00324,3,C
L00324,4,C
L00324,5,C
L00324,6,C
L00324,7,O
L00324,8,N
L00324,9,C
L00324,10,O
L00324,11,C
L00324,12,C
L00324,13,C
L00324,14,C
L00324,15,C
L00324,16,C
L00324,17,C
L00324,18,C
L00324,19,C
L00324,20,C
L00324,21,N
L00324,22,C
L00324,23,O
L00324,24,C
L00324,25,C
L00324,26,C
L00324,27,C
L00324,28,C
L00324,29,O
L00324,30,N
L00324,31,O
L00324,32,C
L00324,33,C
L00324,34,O
L00325,0,C
L00325,1,C
L00325,2,C
L00325,3,C
L00325,4,N
L00325,5,C
L00325,6,C
L00325,7,C
L00325,8,C
L00325,9,O
L00325,10,C
L00325,11,O
L00325,12,C
L00325,13,F
L00325,14,F
L00326,0,C
L00326,1,C
L00326,2,C
L00326,3,C
L00326,4,C
L00326,5,C
L00326,6,N
L00326,7,C
L00326,8,O
L00326,9,C
L00326,10,C
L00326,11,N
L00326,12,C
L00326,13,C
L00326,14,N
L00326,15,C
L00326,16,S
L00326,17,C
L00326,18,C
L00326,19,C
L00326,20,C
L00326,21,C
L00326,22,C
L00326,23,C
L00326,24,Cl
L00326,25,C
L00326,26,C
L00326,27,C
L00326,28,C
L00326,29,C
L00326,30,C
L00326,31,Cl
L00326,32,C
L00326,33,C
L00326,34,C
L00326,35,C
L00326,36,O
L00326,37,N
L00326,38,C
L00326,39,C
L00326,40,N
L00326,41,C
L00326,42,C
L00326,43,C
L00326,44,C
L00326,45,O
L00326,46,C
L00327,0,C
L00327,1,C
L00327,2,C
L00327,3,C
L00327,4,C
L00327,5,C
L00327,6,N
L00327,7,C
L00327,8,S
L00327,9,N
L00327,10,O
L00327,11,C
L00327,12,F
L00327,13,F
L00327,14,F
L00329,0,C
L00329,1,C
L00329,2,C
L00329,3,O
L00329,4,C
L00329,5,C
L00329,6,C
L00329,7,C
L00329,8,C
L00329,9,C
L00329,10,C
L00329,11,N
L00329,12,C
L00329,13,C
L00329,14,N
L00329,15,C
L00329,16,O
L00329,17,N
L00329,18,C
L00329,19,C
L00329,20,N
L00329,21,C
L00329,22,O
L00329,23,C
L00329,24,C
L00329,25,C
L00329,26,C
L00329,27,C
L00329,28,C
L00329,29,C
L00329,30,C
L00329,31,Cl
L00329,32,C
L00329,33,C
L00329,34,C
L00329,35,C
L00329,36,C
L00329,37,C
L00329,38,Cl
L00329,39,O
L00329,40,C
L00330,0,C
L00330,1,C
L00330,2,C
L00330,3,N
L00330,4,C
L00330,5,C
L00330,6,N
L00330,7,C
L00330,8,C
L00330,9,C
L00330,10,C
L00330,11,O
L00330,12,P
L00330,13,O
L00330,14,O
L00330,15,O
L00330,16,P
L00330,17,O
L00330,18,O
L00330,19,O
L00331,0,C
L00331,1,C
L00331,2,C
L00331,3,C
L00331,4,C
L00331,5,C
L00331,6,C
L00331,7,O
L00331,8,C
L00331,9,O
L00331,10,C
L00331,11,C
L00331,12,O
L00331,13,O
L00334,0,C
L00334,1,C
L00334,2,C
L00334,3,C
L00334,4,C
L00334,5,C
L00334,6,C
L00334,7,C
L00334,8,C
L00334,9,C
L00334,10,C
L00334,11,C
L00334,12,C
L00334,13,N
L00334,14,C
L00334,15,O
L00334,16,Cl
L00334,17,C
L00334,18,C
L00334,19,N
L00334,20,C
L00334,21,O
L00334,22,N
L00334,23,C
L00334,24,C
L00334,25,N
L00334,26,C
L00334,27,C
L00334,28,O
L00334,29,C
L00334,30,C
L00334,31,C
L00334,32,C
L00334,33,C
L00334,34,C
L00334,35,C
L00334,36,C
L00334,37,F
L00334,38,Cl
L00335,0,C
L00335,1,C
L00335,2,C
L00335,3,C
L00335,4,C
L00335,5,C
L00335,6,S
L00335,7,C
L00335,8,C
L00335,9,C
L00335,10,C
L00335,11,C
L00335,12,O
L00335,13,N
L00335,14,C
L00335,15,O
L00335,16,N
L00336,0,C
L00336,1,C
L00336,2,C
L00336,3,C
L00336,4,C
L00336,5,C
L00336,6,C
L00336,7,C
L00336,8,C
L00336,9,N
L00336,10,N
L00336,11,C
L00336,12,O
L00336,13,N
L00336,14,C
L00336,15,C
L00336,16,C
L00336,17,O
L00336,18,N
L00336,19,C
L00336,20,C
L00336,21,C
L00336,22,C
L00336,23,C
L00336,24,C
L00336,25,Cl
L00336,26,F
L00337,0,C
L00337,1,C
L00337,2,C
L00337,3,C
L00337,4,C
L00337,5,C
L00337,6,S
L00337,7,O
L00337,8,O
L00337,9,C
L00337,10,C
L00337,11,C
L00337,12,C
L00337,13,C
L00337,14,O
L00337,15,N
L00337,16,C
L00337,17,O
L00338,0,C
L00338,1,O
L00338,2,Fe
L00338,3,C
L00338,4,N
L00338,5,C
L00338,6,N
L00338,7,Ni
L00339,0,C
L00339,1,C
L00339,2,C
L00339,3,C
L00339,4,C
L00339,5,C
L00339,6,C
L00339,7,Cl
L00339,8,N
L00339,9,C
L00339,10,O
L00339,11,C
L00339,12,C
L00339,13,C
L00339,14,C
L00339,15,O
L00340,0,C
L00340,1,C
L00340,2,N
L00340,3,C
L00340,4,C
L00340,5,C
L00340,6,N
L00340,7,N
L00340,8,C
L00340,9,O
L00340,10,C
L00340,11,C
L00340,12,C
L00340,13,C
L00342,0,C
L00342,1,C
L00342,2,C
L00342,3,N
L00342,4,C
L00342,5,C
L00342,6,N
L00342,7,C
L00342,8,C
L00342,9,C
L00342,10,O
L00342,11,C
L00342,12,C
L00342,13,C
L00342,14,C
L00342,15,S
L00344,0,C
L00344,1,C
L00344,2,C
L00344,3,C
L00344,4,C
L00344,5,C
L00344,6,C
L00344,7,C
L00344,8,O
L00344,9,N
L00344,10,C
L00344,11,C
L00344,12,C
L00344,13,C
L00344,14,C
L00344,15,C
L00344,16,O
L00344,17,N
L00345,0,C
L00345,1,C
L00345,2,C
L00345,3,C
L00345,4,C
L00345,5,C
L00345,6,C
L00345,7,O
L00345,8,C
L00345,9,C
L00345,10,O
L00345,11,O
L00346,0,C
L00346,1,C
L00346,2,C
L00346,3,C
L00346,4,C
L00346,5,C
L00346,6,N
L00346,7,C
L00346,8,C
L00346,9,N
L00346,10,C
L00346,11,C
L00346,12,C
L00346,13,O
L00346,14,N
L00346,15,F
L00347,0,C
L00347,1,C
L00347,2,C
L00347,3,O
L00347,4,C
L00347,5,C
L00347,6,N
L00347,7,C
L00347,8,C
L00347,9,S
L00347,10,O
L00347,11,O
L00347,12,C
L00347,13,C
L00348,0,C
L00348,1,C
L00348,2,C
L00348,3,N
L00348,4,C
L00348,5,C
L00348,6,N
L00348,7,N
L00348,8,C
L00348,9,N
L00348,10,C
L00348,11,C
L00348,12,O
L00348,13,C
L00348,14,C
L00348,15,C
L00348,16,C
L00348,17,S
L00348,18,C
L00348,19,C
L00348,20,C
L00348,21,C
L00348,22,C
L00348,23,C
L00348,24,C
L00348,25,C
L00348,26,C
L00348,27,S
L00348,28,C
L00348,29,C
L00348,30,C
L00348,31,O
L00348,32,N
L00348,33,C
L00348,34,C
L00348,35,C
L00348,36,C
L00348,37,N
L00348,38,N
L00348,39,N
L00348,40,C
L00348,41,C
L00349,0,C
L00349,1,C
L00349,2,N
L00349,3,C
L00349,4,C
L00349,5,N
L00349,6,N
L00349,7,C
L00349,8,C
L00349,9,C
L00349,10,C
L00349,11,C
L00349,12,C
L00349,13,C
L00349,14,C
L00349,15,N
L00349,16,N
L00349,17,N
L00349,18,C
L00349,19,C
L00349,20,C
L00349,21,C
L00349,22,C
L00349,23,C
L00349,24,C
L00349,25,C
L00351,0,C
L00351,1,C
L00351,2,C
L00351,3,C
L00351,4,C
L00351,5,C
L00351,6,Cl
L00351,7,Cl
L00351,8,C
L00351,9,O
L00351,10,N
L00351,11,S
L00351,12,O
L00351,13,O
L00351,14,C
L00351,15,C
L00351,16,C
L00351,17,C
L00351,18,S
L00351,19,Br
L00352,0,C
L00352,1,C
L00352,2,C
L00352,3,C
L00352,4,C
L00352,5,C
L00352,6,C
L00352,7,C
L00352,8,C
L00352,9,O
L00352,10,O
L00352,11,N
L00352,12,I
L00353,0,C
L00353,1,C
L00353,2,N
L00353,3,C
L00353,4,C
L00353,5,C
L00353,6,C
L00353,7,C
L00353,8,C
L00353,9,N
L00353,10,N
L00353,11,C
L00353,12,C
L00353,13,C
L00353,14,C
L00353,15,O
L00353,16,O
L00353,17,C
L00353,18,C
L00353,19,C
L00353,20,C
L00353,21,C
L00353,22,C
L00353,23,C
L00353,24,N
L00353,25,C
L00353,26,C
L00353,27,C
L00353,28,O
L00353,29,C
L00353,30,C
L00353,31,C
L00353,32,C
L00353,33,C
L00353,34,C
L00354,0,C
L00354,1,C
L00354,2,O
L00354,3,C
L00354,4,C
L00354,5,C
L00354,6,C
L00354,7,C
L00354,8,C
L00354,9,N
L00354,10,C
L00354,11,C
L00354,12,C
L00354,13,C
L00354,14,C
L00354,15,C
L00354,16,S
L00354,17,C
L00354,18,C
L00354,19,C
L00354,20,N
L00354,21,C
L00354,22,C
L00355,0,C
L00355,1,C
L00355,2,C
L00355,3,C
L00355,4,N
L00355,5,N
L00355,6,C
L00355,7,N
L00355,8,C
L00355,9,O
L00355,10,N
L00355,11,C
L00355,12,N
L00356,0,C
L00356,1,N
L00356,2,C
L00356,3,C
L00356,4,C
L00356,5,C
L00356,6,O
L00356,7,O
L00356,8,C
L00356,9,C
L00356,10,C
L00356,11,C
L00356,12,C
L00356,13,C
L00356,14,F
L00357,0,C
L00357,1,O
L00357,2,C
L00357,3,O
L00357,4,N
L00357,5,C
L00357,6,C
L00357,7,N
L00357,8,C
L00357,9,C
L00357,10,C
L00357,11,C
L00357,12,C
L00357,13,C
L00357,14,C
L00357,15,C
L00357,16,F
L00358,0,C
L00358,1,C
L00358,2,C
L00358,3,C
L00358,4,C
L00358,5,C
L00358,6,C
L00358,7,C
L00358,8,C
L00358,9,N
L00358,10,C
L00358,11,N
L00358,12,N
L00358,13,S
L00358,14,O
L00358,15,O
L00358,16,C
L00358,17,C
L00358,18,C
L00358,19,C
L00358,20,C
L00358,21,C
L00358,22,C
L00358,23,N
L00359,0,C
L00359,1,O
L00359,2,C
L00359,3,C
L00359,4,C
L00359,5,C
L00359,6,C
L00359,7,C
L00359,8,S
L00359,9,O
L00359,10,O
L00359,11,N
L00359,12,C
L00359,13,C
L00359,14,O
L00359,15,O
L00359,16,C
L00359,17,C
L00359,18,C
L00359,19,C
L00359,20,C
L00359,21,C
L00359,22,C
L00359,23,C
L00359,24,C
L00359,25,N
L00359,26,N
L00359,27,C
L00359,28,C
L00359,29,F
L00359,30,F
L00359,31,F
L00359,32,S
L00359,33,O
L00359,34,O
L00359,35,C
L00359,36,C
L00359,37,C
L00359,38,C
L00359,39,C
L00359,40,C
L00359,41,O
L00359,42,C
L00360,0,C
L00360,1,C
L00360,2,O
L00360,3,N
L00360,4,C
L00360,5,C
L00360,6,C
L00360,7,C
L00360,8,C
L00360,9,O
L00360,10,N
L00360,11,C
L00360,12,C
L00360,13,O
L00360,14,C
L00360,15,O
L00360,16,C
L00360,17,C
L00360,18,C
L00360,19,C
L00360,20,C
L00360,21,C
L00360,22,C
L00360,23,S
L00360,24,C
L00360,25,C
L00360,26,N
L00360,27,C
L00360,28,O
L00360,29,C
L00360,30,O
L00360,31,N
L00360,32,C
L00360,33,C
L00361,0,C
L00361,1,C
L00361,2,C
L00361,3,C
L00361,4,O
L00361,5,N
L00361,6,C
L00361,7,C
L00361,8,O
L00361,9,N
L00361,10,C
L00361,11,C
L00361,12,C
L00361,13,C
L00361,14,C
L00361,15,O
L00361,16,N
L00361,17,C
L00361,18,O
L00362,0,C
L00362,1,C
L00362,2,C
L00362,3,C
L00362,4,O
L00362,5,N
L00362,6,C
L00362,7,C
L00362,8,C
L00362,9,C
L00362,10,C
L00362,11,O
L00362,12,N
L00362,13,C
L00362,14,C
L00362,15,C
L00362,16,C
L00362,17,C
L00362,18,O
L00362,19,N
L00362,20,C
L00362,21,C
L00362,22,C
L00362,23,C
L00362,24,C
L00362,25,C
L00362,26,C
L00362,27,C
L00362,28,O
L00362,29,C
L00362,30,C
L00362,31,O
L00362,32,C
L00362,33,Cl
L00362,34,O
L00363,0,C
L00363,1,C
L00363,2,C
L00363,3,C
L00363,4,O
L00363,5,N
L00363,6,C
L00363,7,C
L00363,8,C
L00363,9,C
L00363,10,C
L00363,11,O
L00363,12,N
L00363,13,C
L00363,14,C
L00363,15,C
L00363,16,C
L00363,17,C
L00363,18,O
L00363,19,N
L00363,20,C
L00363,21,C
L00363,22,C
L00363,23,C
L00363,24,C
L00363,25,C
L00363,26,C
L00363,27,O
L00363,28,C
L00363,29,C
L00363,30,O
L00363,31,C
L00363,32,C
L00363,33,C
L00363,34,N
L00363,35,C
L00363,36,S
L00363,37,C
L00363,38,O
L00364,0,C
L00364,1,C
L00364,2,C
L00364,3,C
L00364,4,O
L00364,5,N
L00364,6,C
L00364,7,C
L00364,8,C
L00364,9,C
L00364,10,C
L00364,11,O
L00364,12,N
L00364,13,C
L00364,14,C
L00364,15,C
L00364,16,C
L00364,17,C
L00364,18,O
L00364,19,N
L00364,20,C
L00364,21,C
L00364,22,C
L00364,23,C
L00364,24,C
L00364,25,C
L00364,26,C
L00364,27,C
L00364,28,O
L00364,29,C
L00364,30,C
L00364,31,O
L00364,32,C
L00364,33,C
L00364,34,C
L00364,35,N
L00364,36,C
L00364,37,S
L00364,38,C
L00364,39,O
L00365,0,C
L00365,1,C
L00365,2,C
L00365,3,S
L00365,4,C
L00365,5,N
L00365,6,C
L00365,7,C
L00365,8,C
L00365,9,C
L00365,10,C
L00365,11,C
L00365,12,C
L00365,13,C
L00365,14,C
L00365,15,O
L00365,16,N
L00365,17,C
L00365,18,N
L00365,19,C
L00365,20,O
L00365,21,C
L00365,22,C
L00365,23,C
L00365,24,C
L00365,25,N
L00365,26,C
L00365,27,O
L00365,28,C
L00365,29,C
L00365,30,C
L00365,31,C
L00365,32,C
L00365,33,N
L00365,34,C
L00365,35,O
L00365,36,C
L00365,37,C
L00365,38,C
L00365,39,F
L00365,40,O
L00366,0,C
L00366,1,C
L00366,2,C
L00366,3,C
L00366,4,O
L00366,5,N
L00366,6,C
L00366,7,C
L00366,8,C
L00366,9,C
L00366,10,C
L00366,11,O
L00366,12,N
L00366,13,C
L00366,14,C
L00366,15,C
L00366,16,C
L00366,17,C
L00366,18,O
L00366,19,N
L00366,20,O
L00366,21,C
L00366,22,C
L00366,23,C
L00366,24,C
L00366,25,C
L00366,26,C
L00366,27,C
L00366,28,C
L00366,29,N
L00366,30,C
L00366,31,S
L00366,32,C
L00366,33,O
L00367,0,C
L00367,1,C
L00367,2,C
L00367,3,C
L00367,4,O
L00367,5,N
L00367,6,C
L00367,7,C
L00367,8,C
L00367,9,C
L00367,10,C
L00367,11,O
L00367,12,N
L00367,13,C
L00367,14,C
L00367,15,C
L00367,16,C
L00367,17,C
L00367,18,N
L00367,19,O
L00367,20,C
L00367,21,N
L00367,22,C
L00367,23,C
L00367,24,C
L00367,25,C
L00367,26,C
L00367,27,C
L00367,28,C
L00367,29,C
L00367,30,C
L00367,31,N
L00367,32,C
L00367,33,S
L00367,34,C
L00367,35,O
L00368,0,C
L00368,1,C
L00368,2,C
L00368,3,C
L00368,4,C
L00368,5,C
L00368,6,S
L00368,7,O
L00368,8,O
L00368,9,N
L00368,10,C
L00368,11,C
L00368,12,C
L00368,13,C
L00368,14,C
L00368,15,C
L00368,16,N
L00368,17,C
L00368,18,C
L00368,19,C
L00368,20,N
L00368,21,C
L00368,22,O
L00368,23,O
L00368,24,C
L00368,25,C
L00368,26,C
L00369,0,C
L00369,1,C
L00369,2,C
L00369,3,C
L00369,4,C
L00369,5,C
L00369,6,C
L00369,7,C
L00369,8,C
L00369,9,C
L00369,10,C
L00369,11,C
L00369,12,N
L00369,13,N
L00369,14,C
L00369,15,C
L00369,16,C
L00369,17,C
L00369,18,C
L00369,19,C
L00369,20,N
L00369,21,C
L00369,22,C
L00369,23,O
L00369,24,O
L00369,25,S
L00369,26,O
L00369,27,O
L00369,28,C
L00369,29,C
L00369,30,C
L00369,31,C
L00369,32,C
L00369,33,C
L00369,34,C
L00369,35,O
L00369,36,O
L00370,0,C
L00370,1,C
L00370,2,C
L00370,3,C
L00370,4,C
L00370,5,C
L00370,6,S
L00370,7,O
L00370,8,O
L00370,9,N
L00370,10,C
L00370,11,C
L00370,12,C
L00370,13,C
L00370,14,C
L00370,15,C
L00370,16,N
L00370,17,C
L00370,18,C
L00370,19,C
L00370,20,N
L00370,21,C
L00370,22,N
L00370,23,N
L00370,24,N
L00370,25,N
L00370,26,C
L00370,27,C
L00370,28,C
L00371,0,C
L00371,1,C
L00371,2,C
L00371,3,C
L00371,4,C
L00371,5,C
L00371,6,C
L00371,7,C
L00371,8,C
L00371,9,C
L00371,10,S
L00371,11,O
L00371,12,O
L00371,13,N
L00371,14,C
L00371,15,C
L00371,16,O
L00371,17,O
L00371,18,C
L00371,19,C
L00371,20,C
L00371,21,C
L00371,22,C
L00371,23,C
L00371,24,N
L00371,25,C
L00371,26,C
L00371,27,C
L00371,28,N
L00371,29,C
L00371,30,O
L00371,31,O
L00371,32,C
L00371,33,C
L00371,34,C
L00372,0,C
L00372,1,C
L00372,2,C
L00372,3,C
L00372,4,C
L00372,5,C
L00372,6,C
L00372,7,C
L00372,8,N
L00372,9,C
L00372,10,O
L00372,11,C
L00372,12,C
L00372,13,C
L00372,14,C
L00372,15,C
L00372,16,C
L00372,17,C
L00372,18,C
L00372,19,C
L00372,20,C
L00372,21,C
L00372,22,C
L00372,23,N
L00372,24,C
L00372,25,C
L00372,26,C
L00372,27,N
L00372,28,C
L00372,29,O
L00372,30,O
L00372,31,C
L00372,32,C
L00372,33,C
L00373,0,C
L00373,1,C
L00373,2,C
L00373,3,C
L00373,4,C
L00373,5,C
L00373,6,S
L00373,7,O
L00373,8,O
L00373,9,N
L00373,10,C
L00373,11,C
L00373,12,O
L00373,13,O
L00373,14,C
L00373,15,C
L00373,16,C
L00373,17,C
L00373,18,C
L00373,19,C
L00373,20,N
L00373,21,C
L00373,22,C
L00373,23,C
L00373,24,N
L00373,25,C
L00373,26,O
L00373,27,O
L00373,28,C
L00373,29,C
L00373,30,C
L00374,0,C
L00374,1,C
L00374,2,C
L00374,3,C
L00374,4,C
L00374,5,C
L00374,6,N
L00374,7,C
L00374,8,C
L00374,9,C
L00374,10,N
L00374,11,C
L00374,12,O
L00374,13,O
L00374,14,C
L00374,15,C
L00374,16,C
L00375,0,C
L00375,1,O
L00375,2,C
L00375,3,C
L00375,4,C
L00375,5,C
L00375,6,C
L00375,7,C
L00375,8,S
L00375,9,O
L00375,10,O
L00375,11,N
L00375,12,C
L00375,13,C
L00375,14,O
L00375,15,O
L00375,16,C
L00375,17,C
L00375,18,C
L00375,19,C
L00375,20,C
L00375,21,C
L00375,22,N
L00375,23,C
L00375,24,C
L00375,25,C
L00375,26,N
L00375,27,C
L00375,28,O
L00375,29,O
L00375,30,C
L00375,31,C
L00375,32,C
L00376,0,C
L00376,1,C
L00376,2,C
L00376,3,C
L00376,4,C
L00376,5,C
L00376,6,C
L00376,7,C
L00376,8,S
L00376,9,O
L00376,10,O
L00376,11,N
L00376,12,C
L00376,13,C
L00376,14,C
L00376,15,C
L00376,16,C
L00376,17,C
L00376,18,N
L00376,19,C
L00376,20,C
L00376,21,C
L00376,22,N
L00376,23,C
L00376,24,O
L00376,25,O
L00376,26,C
L00376,27,C
L00376,28,C
L00376,29,C
L00376,30,C
L00377,0,C
L00377,1,C
L00377,2,C
L00377,3,C
L00377,4,C
L00377,5,C
L00377,6,C
L00377,7,C
L00377,8,S
L00377,9,O
L00377,10,O
L00377,11,N
L00377,12,C
L00377,13,C
L00377,14,O
L00377,15,O
L00377,16,C
L00377,17,C
L00377,18,C
L00377,19,C
L00377,20,C
L00377,21,C
L00377,22,N
L00377,23,C
L00377,24,C
L00377,25,C
L00377,26,N
L00377,27,C
L00377,28,O
L00377,29,O
L00377,30,C
L00377,31,C
L00377,32,C
L00377,33,C
L00377,34,C
L00378,0,C
L00378,1,O
L00378,2,C
L00378,3,C
L00378,4,C
L00378,5,C
L00378,6,C
L00378,7,C
L00378,8,S
L00378,9,O
L00378,10,O
L00378,11,N
L00378,12,C
L00378,13,C
L00378,14,O
L00378,15,O
L00378,16,C
L00378,17,C
L00378,18,C
L00378,19,C
L00378,20,C
L00378,21,C
L00378,22,N
L00378,23,C
L00378,24,C
L00378,25,C
L00378,26,N
L00378,27,C
L00378,28,O
L00378,29,O
L00378,30,C
L00378,31,C
L00378,32,C
L00378,33,C
L00378,34,C
L00378,35,C
L00378,36,C
L00378,37,C
L00378,38,C
L00379,0,C
L00379,1,C
L00379,2,C
L00379,3,C
L00379,4,C
L00379,5,C
L00379,6,C
L00379,7,C
L00379,8,C
L00379,9,S
L00379,10,O
L00379,11,O
L00379,12,N
L00379,13,C
L00379,14,C
L00379,15,C
L00379,16,C
L00379,17,C
L00379,18,C
L00379,19,N
L00379,20,C
L00379,21,C
L00379,22,C
L00379,23,N
L00379,24,C
L00379,25,O
L00379,26,O
L00379,27,C
L00379,28,C
L00379,29,C
L00380,0,C
L00380,1,N
L00380,2,C
L00380,3,C
L00380,4,O
L00380,5,C
L00380,6,C
L00380,7,C
L00380,8,C
L00380,9,C
L00380,10,C
L00380,11,N
L00380,12,C
L00380,13,O
L00380,14,O
L00380,15,C
L00380,16,C
L00380,17,C
L00380,18,C
L00380,19,C
L00380,20,C
L00380,21,C
L00380,22,C
L00380,23,O
L00380,24,O
L00382,0,C
L00382,1,C
L00382,2,O
L00382,3,N
L00382,4,C
L00382,5,C
L00382,6,C
L00382,7,C
L00382,8,C
L00382,9,C
L00382,10,C
L00382,11,N
L00382,12,C
L00382,13,C
L00382,14,O
L00382,15,C
L00382,16,C
L00383,0,C
L00383,1,C
L00383,2,N
L00383,3,N
L00383,4,C
L00383,5,S
L00383,6,N
L00383,7,C
L00383,8,C
L00383,9,C
L00383,10,C
L00383,11,C
L00384,0,C
L00384,1,C
L00384,2,N
L00384,3,C
L00384,4,C
L00384,5,N
L00384,6,C
L00384,7,C
L00384,8,C
L00384,9,C
L00384,10,C
L00384,11,C
L00384,12,C
L00384,13,C
L00384,14,N
L00385,0,C
L00385,1,N
L00385,2,C
L00385,3,C
L00385,4,C
L00385,5,C
L00385,6,C
L00385,7,C
L00385,8,C
L00385,9,C
L00385,10,C
L00385,11,S
L00385,12,O
L00385,13,O
L00385,14,N
L00386,0,C
L00386,1,C
L00386,2,N
L00386,3,N
L00386,4,S
L00386,5,C
L00386,6,O
L00386,7,N
L00386,8,C
L00386,9,C
L00386,10,O
L00386,11,C
L00386,12,C
L00387,0,C
L00387,1,C
L00387,2,C
L00387,3,C
L00387,4,C
L00387,5,C
L00387,6,C
L00387,7,C
L00387,8,C
L00387,9,O
L00387,10,O
L00387,11,Cl
L00388,0,C
L00388,1,C
L00388,2,C
L00388,3,O
L00388,4,O
L00388,5,C
L00388,6,C
L00388,7,C
L00388,8,C
L00388,9,C
L00388,10,C
L00388,11,C
L00388,12,O
L00388,13,O
L00388,14,C
L00389,0,C
L00389,1,C
L00389,2,C
L00389,3,C
L00389,4,C
L00389,5,C
L00389,6,C
L00389,7,O
L00389,8,C
L00389,9,O
L00389,10,C
L00389,11,C
L00389,12,C
L00389,13,C
L00389,14,O
L00389,15,O
L00390,0,C
L00390,1,C
L00390,2,O
L00390,3,N
L00390,4,C
L00390,5,C
L00390,6,C
L00390,7,C
L00390,8,C
L00390,9,C
L00390,10,C
L00390,11,C
L00390,12,N
L00390,13,C
L00391,0,C
L00391,1,S
L00391,2,O
L00391,3,O
L00391,4,N
L00391,5,C
L00391,6,C
L00391,7,C
L00391,8,C
L00391,9,C
L00391,10,C
L00391,11,C
L00391,12,C
L00391,13,F
L00392,0,C
L00392,1,C
L00392,2,C
L00392,3,N
L00392,4,C
L00392,5,C
L00392,6,N
L00392,7,S
L00392,8,O
L00392,9,O
L00392,10,C
L00392,11,C
L00392,12,C
L00392,13,C
L00392,14,C
L00392,15,C
L00392,16,N
L00393,0,C
L00393,1,C
L00393,2,C
L00393,3,C
L00393,4,C
L00393,5,C
L00393,6,C
L00393,7,C
L00393,8,C
L00393,9,C
L00393,10,O
L00393,11,O
L00393,12,N
L00393,13,C
L00393,14,O
L00393,15,C
L00393,16,C
L00393,17,C
L00393,18,C
L00393,19,C
L00393,20,C
L00393,21,C
L00393,22,C
L00393,23,C
L00393,24,C
L00393,25,C
L00394,0,C
L00394,1,C
L00394,2,C
L00394,3,C
L00394,4,C
L00394,5,C
L00394,6,C
L00394,7,C
L00394,8,C
L00394,9,C
L00394,10,C
L00394,11,O
L00394,12,O
L00394,13,N
L00394,14,C
L00394,15,O
L00394,16,C
L00394,17,C
L00394,18,C
L00394,19,C
L00394,20,C
L00394,21,C
L00394,22,C
L00394,23,C
L00394,24,C
L00394,25,C
L00394,26,C
L00395,0,C
L00395,1,C
L00395,2,C
L00395,3,C
L00395,4,C
L00395,5,C
L00395,6,C
L00395,7,C
L00395,8,C
L00395,9,C
L00395,10,C
L00395,11,C
L00395,12,O
L00395,13,C
L00395,14,C
L00395,15,C
L00395,16,C
L00395,17,C
L00395,18,C
L00395,19,C
L00395,20,C
L00395,21,C
L00395,22,C
L00395,23,C
L00395,24,C
L00395,25,C
L00395,26,O
L00395,27,C
L00395,28,N
L00395,29,C
L00395,30,C
L00395,31,C
L00395,32,C
L00395,33,C
L00395,34,O
L00395,35,O
L00396,0,C
L00396,1,C
L00396,2,C
L00396,3,C
L00396,4,C
L00396,5,C
L00396,6,C
L00396,7,C
L00396,8,C
L00396,9,C
L00396,10,C
L00396,11,O
L00396,12,O
L00396,13,N
L00396,14,C
L00396,15,O
L00396,16,C
L00396,17,C
L00396,18,C
L00396,19,C
L00396,20,C
L00396,21,C
L00396,22,C
L00396,23,C
L00396,24,C
L00396,25,C
L00396,26,C
L00396,27,F
L00397,0,C
L00397,1,S
L00397,2,O
L00397,3,O
L00397,4,C
L00397,5,C
L00397,6,N
L00397,7,C
L00397,8,C
L00397,9,C
L00397,10,C
L00397,11,C
L00397,12,C
L00397,13,N
L00398,0,C
L00398,1,O
L00398,2,C
L00398,3,C
L00398,4,O
L00398,5,N
L00398,6,C
L00398,7,C
L00398,8,C
L00398,9,C
L00398,10,C
L00398,11,C
L00398,12,C
L00399,0,C
L00399,1,C
L00399,2,C
L00399,3,C
L00399,4,C
L00399,5,C
L00399,6,C
L00399,7,N
L00399,8,C
L00399,9,O
L00399,10,N
L00399,11,C
L00399,12,C
L00399,13,C
L00399,14,C
L00399,15,C
L00399,16,O
L00399,17,N
L00399,18,C
L00399,19,C
L00399,20,C
L00399,21,C
L00399,22,C
L00399,23,C
L00399,24,C
L00399,25,C
L00399,26,C
L00399,27,N
L00399,28,C
L00399,29,S
L00399,30,C
L00399,31,O
L00401,0,C
L00401,1,C
L00401,2,C
L00401,3,C
L00401,4,N
L00401,5,C
L00401,6,O
L00401,7,C
L00401,8,C
L00401,9,C
L00401,10,C
L00401,11,C
L00401,12,C
L00401,13,C
L00401,14,C
L00401,15,N
L00401,16,C
L00401,17,C
L00401,18,O
L00401,19,O
L00401,20,Cl
L00401,21,N
L00401,22,C
L00401,23,C
L00401,24,C
L00401,25,C
L00401,26,C
L00401,27,C
L00401,28,C
L00401,29,Cl
L00401,30,C
L00401,31,O
L00402,0,C
L00402,1,C
L00402,2,C
L00402,3,C
L00402,4,C
L00402,5,C
L00402,6,N
L00402,7,C
L00402,8,N
L00402,9,C
L00402,10,C
L00402,11,S
L00402,12,C
L00402,13,N
L00403,0,C
L00403,1,C
L00403,2,C
L00403,3,C
L00403,4,O
L00403,5,N
L00403,6,C
L00403,7,C
L00403,8,O
L00403,9,N
L00403,10,C
L00403,11,C
L00403,12,C
L00403,13,C
L00403,14,C
L00403,15,O
L00403,16,N
L00403,17,C
L00403,18,C
L00403,19,C
L00403,20,C
L00403,21,C
L00403,22,C
L00403,23,C
L00403,24,C
L00403,25,C
L00403,26,C
L00403,27,C
L00403,28,C
L00403,29,C
L00403,30,O
L00404,0,C
L00404,1,C
L00404,2,C
L00404,3,C
L00404,4,N
L00404,5,C
L00404,6,N
L00404,7,C
L00404,8,O
L00404,9,N
L00404,10,C
L00404,11,C
L00404,12,C
L00404,13,C
L00404,14,C
L00405,0,C
L00405,1,C
L00405,2,C
L00405,3,C
L00405,4,C
L00405,5,C
L00405,6,C
L00405,7,C
L00405,8,C
L00405,9,F
L00405,10,C
L00405,11,N
L00405,12,C
L00405,13,O
L00405,14,C
L00405,15,C
L00405,16,C
L00405,17,C
L00405,18,C
L00405,19,C
L00405,20,N
L00405,21,C
L00405,22,N
L00405,23,C
L00405,24,C
L00405,25,C
L00405,26,C
L00405,27,C
L00405,28,C
L00405,29,Cl
L00405,30,O
L00405,31,C
L00405,32,C
L00405,33,C
L00405,34,C
L00405,35,C
L00405,36,O
L00405,37,O
L00406,0,C
L00406,1,C
L00406,2,C
L00406,3,C
L00406,4,C
L00406,5,C
L00406,6,C
L00406,7,C
L00406,8,C
L00406,9,F
L00406,10,C
L00406,11,N
L00406,12,C
L00406,13,O
L00406,14,C
L00406,15,C
L00406,16,C
L00406,17,C
L00406,18,C
L00406,19,C
L00406,20,N
L00406,21,Cl
L00406,22,C
L00406,23,C
L00406,24,C
L00406,25,C
L00406,26,C
L00406,27,C
L00406,28,Cl
L00406,29,O
L00406,30,C
L00406,31,C
L00406,32,C
L00406,33,C
L00406,34,C
L00406,35,O
L00406,36,N
L00406,37,O
L00407,0,C
L00407,1,C
L00407,2,C
L00407,3,C
L00407,4,C
L00407,5,C
L00407,6,C
L00407,7,C
L00407,8,C
L00407,9,F
L00407,10,C
L00407,11,N
L00407,12,C
L00407,13,O
L00407,14,C
L00407,15,C
L00407,16,C
L00407,17,C
L00407,18,C
L00407,19,C
L00407,20,N
L00407,21,Cl
L00407,22,C
L00407,23,C
L00407,24,C
L00407,25,C
L00407,26,C
L00407,27,C
L00407,28,Cl
L00407,29,O
L00407,30,C
L00407,31,C
L00407,32,C
L00407,33,C
L00407,34,O
L00407,35,O
L00408,0,C
L00408,1,C
L00408,2,C
L00408,3,C
L00408,4,C
L00408,5,C
L00408,6,N
L00408,7,C
L00408,8,N
L00408,9,C
L00408,10,O
L00408,11,C
L00408,12,C
L00408,13,C
L00409,0,C
L00409,1,C
L00409,2,C
L00409,3,C
L00409,4,C
L00409,5,C
L00409,6,Cl
L00409,7,C
L00409,8,N
L00409,9,C
L00409,10,O
L00409,11,C
L00409,12,C
L00409,13,C
L00409,14,C
L00409,15,C
L00409,16,C
L00409,17,C
L00409,18,N
L00409,19,O
L00409,20,O
L00409,21,C
L00409,22,C
L00409,23,C
L00409,24,C
L00409,25,C
L00409,26,C
L00409,27,Cl
L00409,28,O
L00409,29,C
L00409,30,C
L00409,31,C
L00409,32,C
L00409,33,C
L00409,34,O
L00410,0,C
L00410,1,C
L00410,2,C
L00410,3,C
L00410,4,C
L00410,5,C
L00410,6,C
L00410,7,C
L00410,8,C
L00410,9,F
L00410,10,C
L00410,11,N
L00410,12,C
L00410,13,O
L00410,14,C
L00410,15,C
L00410,16,C
L00410,17,C
L00410,18,C
L00410,19,C
L00410,20,N
L00410,21,Cl
L00410,22,C
L00410,23,C
L00410,24,C
L00410,25,C
L00410,26,C
L00410,27,C
L00410,28,Cl
L00410,29,O
L00410,30,C
L00410,31,C
L00410,32,C
L00410,33,C
L00410,34,C
L00410,35,O
L00410,36,O
L00411,0,C
L00411,1,C
L00411,2,N
L00411,3,C
L00411,4,C
L00411,5,C
L00411,6,N
L00411,7,O
L00411,8,C
L00411,9,C
L00411,10,C
L00411,11,C
L00411,12,C
L00411,13,C
L00411,14,C
L00411,15,C
L00411,16,C
L00411,17,C
L00411,18,O
L00411,19,C
L00411,20,N
L00411,21,C
L00412,0,C
L00412,1,C
L00412,2,N
L00412,3,C
L00412,4,C
L00412,5,N
L00412,6,N
L00412,7,C
L00412,8,C
L00412,9,C
L00412,10,C
L00412,11,C
L00412,12,C
L00412,13,O
L00412,14,C
L00413,0,C
L00413,1,C
L00413,2,C
L00413,3,C
L00413,4,C
L00413,5,C
L00413,6,C
L00413,7,N
L00413,8,C
L00413,9,F
L00413,10,F
L00413,11,F
L00414,0,C
L00414,1,C
L00414,2,C
L00414,3,C
L00414,4,C
L00414,5,C
L00414,6,O
L00414,7,C
L00414,8,C
L00414,9,O
L00414,10,O
L00414,11,F
L00415,0,C
L00415,1,C
L00415,2,N
L00415,3,C
L00415,4,C
L00415,5,C
L00415,6,C
L00415,7,C
L00415,8,C
L00415,9,C
L00415,10,O
L00415,11,C
L00415,12,C
L00415,13,C
L00415,14,C
L00415,15,C
L00415,16,C
L00415,17,C
L00415,18,N
L00415,19,C
L00415,20,O
L00415,21,C
L00415,22,C
L00415,23,C
L00415,24,C
L00415,25,O
L00415,26,N
L00415,27,C
L00415,28,O
L00416,0,C
L00416,1,C
L00416,2,C
L00416,3,C
L00416,4,C
L00416,5,C
L00416,6,C
L00416,7,C
L00416,8,C
L00416,9,C
L00416,10,O
L00416,11,N
L00416,12,C
L00416,13,C
L00416,14,C
L00416,15,C
L00416,16,C
L00416,17,C
L00416,18,C
L00416,19,Cl
L00416,20,O
L00416,21,C
L00416,22,C
L00416,23,C
L00416,24,C
L00416,25,C
L00416,26,O
L00416,27,C
L00416,28,C
L00416,29,C
L00416,30,C
L00416,31,C
L00416,32,C
L00416,33,C
L00416,34,C
L00416,35,C
L00416,36,O
L00418,0,C
L00418,1,C
L00418,2,C
L00418,3,C
L00418,4,N
L00418,5,C
L00418,6,N
L00418,7,C
L00418,8,N
L00418,9,N
L00418,10,C
L00418,11,C
L00418,12,C
L00418,13,C
L00418,14,N
L00418,15,C
L00418,16,O
L00418,17,O
L00418,18,O
L00419,0,C
L00419,1,C
L00419,2,C
L00419,3,C
L00419,4,C
L00419,5,C
L00419,6,O
L00419,7,O
L00419,8,N
L00419,9,C
L00419,10,O
L00419,11,C
L00419,12,C
L00419,13,N
L00419,14,P
L00419,15,O
L00419,16,C
L00419,17,N
L00419,18,C
L00419,19,O
L00419,20,O
L00419,21,C
L00419,22,C
L00419,23,C
L00419,24,C
L00419,25,C
L00419,26,C
L00419,27,C
L00419,28,O
L00420,0,C
L00420,1,C
L00420,2,C
L00420,3,C
L00420,4,C
L00420,5,C
L00420,6,O
L00420,7,O
L00420,8,N
L00420,9,C
L00420,10,O
L00420,11,C
L00420,12,C
L00420,13,C
L00420,14,C
L00420,15,N
L00420,16,P
L00420,17,O
L00420,18,C
L00420,19,N
L00420,20,C
L00420,21,O
L00420,22,O
L00420,23,C
L00420,24,C
L00420,25,C
L00420,26,C
L00420,27,C
L00420,28,C
L00420,29,C
L00420,30,O
L00421,0,C
L00421,1,C
L00421,2,C
L00421,3,C
L00421,4,C
L00421,5,C
L00421,6,C
L00421,7,O
L00421,8,N
L00421,9,C
L00421,10,C
L00421,11,C
L00421,12,C
L00421,13,C
L00421,14,O
L00421,15,N
L00421,16,C
L00421,17,C
L00421,18,C
L00421,19,C
L00421,20,C
L00421,21,C
L00421,22,C
L00421,23,Cl
L00421,24,O
L00421,25,Cl
L00422,0,C
L00422,1,C
L00422,2,N
L00422,3,C
L00422,4,O
L00422,5,N
L00422,6,C
L00422,7,O
L00422,8,C
L00422,9,C
L00422,10,C
L00422,11,C
L00422,12,O
L00422,13,C
L00422,14,O
L00422,15,P
L00422,16,O
L00422,17,O
L00422,18,O
L00422,19,P
L00422,20,O
L00422,21,O
L00422,22,O
L00422,23,O
L00422,24,O
L00424,0,C
L00424,1,C
L00424,2,N
L00424,3,C
L00424,4,C
L00424,5,C
L00424,6,N
L00424,7,N
L00424,8,C
L00424,9,C
L00424,10,O
L00424,11,N
L00424,12,C
L00424,13,C
L00424,14,C
L00425,0,C
L00425,1,N
L00425,2,C
L00425,3,C
L00425,4,C
L00425,5,C
L00425,6,C
L00425,7,C
L00425,8,S
L00425,9,O
L00425,10,O
L00425,11,C
L00426,0,C
L00426,1,C
L00426,2,C
L00426,3,C
L00426,4,O
L00426,5,N
L00426,6,C
L00426,7,N
L00426,8,C
L00426,9,O
L00426,10,C
L00426,11,C
L00426,12,C
L00426,13,N
L00426,14,C
L00427,0,C
L00427,1,C
L00427,2,C
L00427,3,C
L00427,4,C
L00427,5,C
L00427,6,C
L00427,7,O
L00427,8,N
L00427,9,C
L00427,10,C
L00427,11,C
L00427,12,O
L00427,13,C
L00427,14,O
L00428,0,C
L00428,1,C
L00428,2,C
L00428,3,N
L00428,4,N
L00428,5,C
L00428,6,O
L00428,7,N
L00428,8,C
L00428,9,C
L00428,10,C
L00428,11,C
L00429,0,C
L00429,1,C
L00429,2,C
L00429,3,C
L00429,4,C
L00429,5,C
L00429,6,C
L00429,7,C
L00429,8,C
L00429,9,C
L00429,10,C
L00429,11,C
L00429,12,C
L00429,13,N
L00429,14,C
L00429,15,C
L00429,16,C
L00429,17,O
L00430,0,C
L00430,1,C
L00430,2,C
L00430,3,C
L00430,4,C
L00430,5,C
L00430,6,C
L00430,7,C
L00430,8,O
L00430,9,N
L00430,10,C
L00430,11,C
L00430,12,C
L00430,13,C
L00430,14,C
L00430,15,C
L00430,16,C
L00430,17,C
L00430,18,N
L00430,19,C
L00430,20,O
L00430,21,C
L00430,22,C
L00430,23,C
L00430,24,C
L00430,25,O
L00430,26,N
L00430,27,C
L00430,28,O
L00430,29,F
L00430,30,F
L00430,31,Cl
L00431,0,C
L00431,1,C
L00431,2,O
L00431,3,N
L00431,4,C
L00431,5,C
L00431,6,C
L00431,7,C
L00431,8,C
L00431,9,O
L00431,10,N
L00431,11,C
L00431,12,O
L00432,0,C
L00432,1,C
L00432,2,C
L00432,3,O
L00432,4,N
L00432,5,C
L00432,6,O
L00432,7,C
L00432,8,C
L00432,9,O
L00432,10,N
L00433,0,C
L00433,1,C
L00433,2,S
L00433,3,C
L00433,4,C
L00433,5,C
L00433,6,O
L00433,7,C
L00433,8,C
L00433,9,C
L00433,10,N
L00434,0,C
L00434,1,C
L00434,2,C
L00434,3,C
L00434,4,C
L00434,5,C
L00434,6,C
L00434,7,C
L00434,8,C
L00434,9,C
L00434,10,C
L00434,11,C
L00434,12,C
L00434,13,O
L00434,14,N
L00434,15,C
L00434,16,C
L00434,17,O
L00434,18,O
L00434,19,C
L00434,20,O
L00435,0,C
L00435,1,C
L00435,2,C
L00435,3,N
L00435,4,C
L00435,5,C
L00435,6,F
L00435,7,Cl
L00435,8,Cl
L00435,9,C
L00435,10,O
L00435,11,O
L00437,0,C
L00437,1,C
L00437,2,C
L00437,3,C
L00437,4,C
L00437,5,C
L00437,6,C
L00437,7,C
L00437,8,O
L00437,9,O
L00437,10,N
L00437,11,C
L00437,12,O
L00437,13,C
L00437,14,C
L00437,15,C
L00437,16,C
L00437,17,C
L00437,18,C
L00437,19,C
L00437,20,C
L00437,21,C
L00437,22,C
L00437,23,C
L00437,24,C
L00437,25,C
L00437,26,O
L00438,0,C
L00438,1,C
L00438,2,N
L00438,3,C
L00438,4,C
L00438,5,C
L00438,6,O
L00438,7,C
L00438,8,C
L00438,9,C
L00438,10,C
L00438,11,C
L00438,12,C
L00438,13,C
L00438,14,C
L00438,15,C
L00438,16,C
L00438,17,C
L00438,18,C
L00438,19,C
L00438,20,O
L00439,0,C
L00439,1,C
L00439,2,C
L00439,3,C
L00439,4,C
L00439,5,C
L00439,6,C
L00439,7,C
L00439,8,C
L00439,9,C
L00439,10,C
L00439,11,C
L00439,12,C
L00439,13,O
L00439,14,O
L00439,15,O
L00440,0,C
L00440,1,N
L00440,2,C
L00440,3,C
L00440,4,O
L00440,5,C
L00440,6,C
L00440,7,C
L00440,8,C
L00440,9,C
L00440,10,C
L00440,11,C
L00440,12,C
L00440,13,C
L00440,14,C
L00440,15,C
L00440,16,C
L00440,17,C
L00440,18,O
L00441,0,C
L00441,1,C
L00441,2,C
L00441,3,S
L00441,4,C
L00441,5,N
L00441,6,C
L00441,7,C
L00441,8,C
L00441,9,C
L00441,10,C
L00441,11,C
L00441,12,F
L00441,13,C
L00441,14,C
L00441,15,C
L00441,16,C
L00441,17,N
L00441,18,C
L00441,19,O
L00441,20,C
L00441,21,C
L00441,22,C
L00441,23,C
L00441,24,N
L00441,25,C
L00441,26,O
L00441,27,C
L00441,28,C
L00441,29,C
L00441,30,C
L00441,31,C
L00441,32,N
L00441,33,C
L00441,34,O
L00441,35,C
L00441,36,C
L00441,37,C
L00441,38,F
L00441,39,O
L00442,0,C
L00442,1,C
L00442,2,C
L00442,3,S
L00442,4,C
L00442,5,N
L00442,6,C
L00442,7,C
L00442,8,C
L00442,9,C
L00442,10,C
L00442,11,C
L00442,12,F
L00442,13,C
L00442,14,C
L00442,15,N
L00442,16,C
L00442,17,O
L00442,18,C
L00442,19,C
L00442,20,C
L00442,21,C
L00442,22,N
L00442,23,C
L00442,24,O
L00442,25,C
L00442,26,C
L00442,27,C
L00442,28,C
L00442,29,C
L00442,30,N
L00442,31,C
L00442,32,O
L00442,33,C
L00442,34,C
L00442,35,C
L00442,36,F
L00442,37,O
L00442,38,O
L00442,39,C
L00443,0,C
L00443,1,C
L00443,2,C
L00443,3,S
L00443,4,C
L00443,5,N
L00443,6,C
L00443,7,C
L00443,8,C
L00443,9,C
L00443,10,C
L00443,11,C
L00443,12,C
L00443,13,C
L00443,14,N
L00443,15,C
L00443,16,O
L00443,17,C
L00443,18,C
L00443,19,C
L00443,20,C
L00443,21,N
L00443,22,C
L00443,23,O
L00443,24,C
L00443,25,C
L00443,26,C
L00443,27,C
L00443,28,N
L00443,29,O
L00443,30,O
L00443,31,C
L00443,32,C
L00443,33,O
L00443,34,C
L00443,35,C
L00443,36,O
L00443,37,C
L00443,38,C
L00443,39,C
L00443,40,C
L00443,41,O
L00444,0,C
L00444,1,C
L00444,2,O
L00444,3,O
L00444,4,N
L00444,5,C
L00444,6,C
L00444,7,O
L00444,8,C
L00444,9,O
L00444,10,C
L00444,11,O
L00445,0,C
L00445,1,N
L00445,2,C
L00445,3,C
L00445,4,N
L00445,5,C
L00445,6,C
L00445,7,C
L00445,8,C
L00445,9,C
L00445,10,C
L00445,11,C
L00445,12,C
L00445,13,C
L00445,14,C
L00445,15,N
L00445,16,C
L00445,17,N
L00445,18,C
L00445,19,C
L00445,20,C
L00445,21,C
L00445,22,C
L00445,23,C
L00445,24,C
L00445,25,C
L00445,26,C
L00445,27,C
L00445,28,C
L00445,29,O
L00445,30,C
L00446,0,C
L00446,1,C
L00446,2,C
L00446,3,C
L00446,4,C
L00446,5,C
L00446,6,C
L00446,7,C
L00446,8,N
L00446,9,C
L00446,10,N
L00446,11,C
L00446,12,C
L00446,13,C
L00446,14,C
L00446,15,C
L00446,16,C
L00446,17,C
L00446,18,C
L00446,19,C
L00446,20,C
L00446,21,C
L00446,22,Cl
L00447,0,C
L00447,1,C
L00447,2,C
L00447,3,C
L00447,4,C
L00447,5,C
L00447,6,C
L00447,7,C
L00447,8,C
L00447,9,C
L00447,10,C
L00447,11,C
L00447,12,C
L00447,13,C
L00447,14,C
L00447,15,C
L00447,16,C
L00447,17,C
L00447,18,C
L00447,19,N
L00447,20,C
L00447,21,C
L00447,22,N
L00448,0,H
L00448,1,N
L00448,2,C
L00448,3,C
L00448,4,C
L00448,5,C
L00448,6,N
L00448,7,C
L00448,8,C
L00448,9,C
L00448,10,C
L00448,11,C
L00448,12,C
L00448,13,O
L00448,14,C
L00448,15,C
L00448,16,C
L00448,17,C
L00448,18,C
L00448,19,C
L00448,20,Cl
L00449,0,C
L00449,1,C
L00449,2,O
L00449,3,N
L00449,4,C
L00449,5,C
L00449,6,N
L00449,7,C
L00449,8,C
L00449,9,C
L00449,10,C
L00449,11,C
L00449,12,C
L00449,13,C
L00449,14,C
L00449,15,N
L00449,16,C
L00449,17,N
L00449,18,C
L00449,19,N
L00449,20,C
L00449,21,C
L00449,22,N
L00449,23,C
L00449,24,C
L00449,25,C
L00449,26,C
L00449,27,C
L00449,28,C
L00449,29,C
L00449,30,C
L00449,31,C
L00449,32,C
L00449,33,C
L00449,34,Cl
L00450,0,C
L00450,1,N
L00450,2,C
L00450,3,C
L00450,4,N
L00450,5,C
L00450,6,C
L00450,7,C
L00450,8,C
L00450,9,C
L00450,10,C
L00450,11,C
L00450,12,C
L00450,13,N
L00450,14,C
L00450,15,N
L00450,16,C
L00450,17,N
L00450,18,C
L00450,19,C
L00450,20,N
L00450,21,C
L00450,22,C
L00450,23,C
L00450,24,C
L00450,25,C
L00450,26,C
L00450,27,C
L00450,28,C
L00450,29,C
L00450,30,O
L00450,31,C
L00451,0,C
L00451,1,O
L00451,2,C
L00451,3,C
L00451,4,C
L00451,5,C
L00451,6,C
L00451,7,C
L00451,8,C
L00451,9,O
L00451,10,N
L00451,11,C
L00451,12,O
L00451,13,C
L00451,14,C
L00451,15,C
L00451,16,C
L00451,17,O
L00451,18,N
L00451,19,C
L00451,20,O
L00451,21,N
L00452,0,C
L00452,1,C
L00452,2,C
L00452,3,S
L00452,4,O
L00452,5,O
L00452,6,N
L00452,7,C
L00452,8,C
L00452,9,C
L00452,10,C
L00452,11,C
L00452,12,C
L00453,0,C
L00453,1,C
L00453,2,O
L00453,3,C
L00453,4,O
L00453,5,C
L00453,6,N
L00453,7,C
L00453,8,C
L00453,9,S
L00453,10,O
L00453,11,O
L00453,12,C
L00453,13,C
L00454,0,C
L00454,1,C
L00454,2,C
L00454,3,C
L00454,4,C
L00454,5,C
L00454,6,C
L00454,7,C
L00454,8,C
L00454,9,N
L00454,10,C
L00454,11,O
L00454,12,C
L00454,13,C
L00454,14,C
L00454,15,C
L00454,16,N
L00454,17,C
L00454,18,O
L00454,19,C
L00454,20,C
L00454,21,C
L00454,22,C
L00454,23,C
L00454,24,N
L00454,25,C
L00454,26,O
L00454,27,C
L00454,28,C
L00454,29,C
L00454,30,F
L00454,31,O
L00454,32,C
L00454,33,C
L00454,34,N
L00454,35,C
L00454,36,S
L00454,37,C
L00455,0,C
L00455,1,C
L00455,2,C
L00455,3,C
L00455,4,C
L00455,5,S
L00455,6,C
L00455,7,N
L00455,8,C
L00455,9,C
L00455,10,N
L00455,11,C
L00455,12,C
L00455,13,C
L00455,14,C
L00455,15,C
L00455,16,C
L00455,17,Cl
L00455,18,C
L00455,19,C
L00455,20,C
L00455,21,C
L00455,22,C
L00455,23,C
L00455,24,C
L00455,25,Cl
L00455,26,C
L00455,27,O
L00455,28,N
L00455,29,C
L00455,30,C
L00455,31,C
L00455,32,C
L00455,33,C
L00455,34,O
L00455,35,N
L00455,36,C
L00455,37,C
L00456,0,C
L00456,1,C
L00456,2,C
L00456,3,C
L00456,4,C
L00456,5,C
L00456,6,C
L00456,7,C
L00456,8,O
L00456,9,N
L00456,10,C
L00456,11,C
L00456,12,O
L00456,13,O
L00457,0,C
L00457,1,N
L00457,2,C
L00457,3,O
L00457,4,C
L00457,5,C
L00457,6,C
L00457,7,C
L00457,8,C
L00457,9,C
L00457,10,S
L00457,11,O
L00457,12,O
L00457,13,N
L00458,0,C
L00458,1,O
L00458,2,C
L00458,3,C
L00458,4,C
L00458,5,C
L00458,6,C
L00458,7,C
L00458,8,F
L00458,9,C
L00458,10,O
L00458,11,N
L00458,12,C
L00458,13,C
L00458,14,C
L00458,15,C
L00458,16,O
L00458,17,N
L00458,18,C
L00458,19,O
L00458,20,F
L00458,21,N
L00459,0,C
L00459,1,S
L00459,2,O
L00459,3,O
L00459,4,N
L00459,5,C
L00459,6,C
L00459,7,C
L00459,8,C
L00459,9,N
L00459,10,C
L00459,11,C
L00460,0,C
L00460,1,C
L00460,2,C
L00460,3,C
L00460,4,C
L00460,5,C
L00460,6,N
L00460,7,O
L00460,8,C
L00460,9,O
L00460,10,N
L00460,11,C
L00460,12,C
L00460,13,C
L00460,14,C
L00460,15,O
L00460,16,N
L00460,17,C
L00460,18,O
L00461,0,C
L00461,1,O
L00461,2,C
L00461,3,C
L00461,4,C
L00461,5,C
L00461,6,C
L00461,7,C
L00461,8,C
L00461,9,O
L00461,10,N
L00461,11,C
L00461,12,C
L00461,13,C
L00461,14,C
L00461,15,O
L00461,16,N
L00461,17,C
L00461,18,O
L00461,19,N
L00463,0,C
L00463,1,C
L00463,2,C
L00463,3,C
L00463,4,C
L00463,5,C
L00463,6,N
L00463,7,C
L00463,8,F
L00463,9,F
L00463,10,F
L00463,11,C
L00463,12,O
L00463,13,N
L00463,14,C
L00463,15,C
L00463,16,C
L00463,17,C
L00463,18,O
L00463,19,N
L00463,20,C
L00463,21,O
L00464,0,C
L00464,1,C
L00464,2,C
L00464,3,C
L00464,4,C
L00464,5,C
L00464,6,C
L00464,7,C
L00464,8,O
L00464,9,N
L00464,10,C
L00464,11,C
L00464,12,C
L00464,13,C
L00464,14,O
L00464,15,N
L00464,16,C
L00464,17,O
L00464,18,N
L00465,0,C
L00465,1,C
L00465,2,C
L00465,3,C
L00465,4,C
L00465,5,C
L00465,6,N
L00465,7,Cl
L00465,8,C
L00465,9,O
L00465,10,N
L00465,11,C
L00465,12,C
L00465,13,C
L00465,14,C
L00465,15,O
L00465,16,N
L00465,17,C
L00465,18,O
L00466,0,C
L00466,1,C
L00466,2,C
L00466,3,S
L00466,4,C
L00466,5,N
L00466,6,C
L00466,7,C
L00466,8,C
L00466,9,C
L00466,10,C
L00466,11,C
L00466,12,C
L00466,13,N
L00466,14,C
L00466,15,O
L00466,16,C
L00466,17,C
L00466,18,C
L00466,19,C
L00466,20,N
L00466,21,C
L00466,22,O
L00466,23,C
L00466,24,C
L00466,25,C
L00466,26,C
L00466,27,C
L00466,28,N
L00466,29,O
L00467,0,C
L00467,1,C
L00467,2,C
L00467,3,N
L00467,4,C
L00467,5,C
L00467,6,O
L00467,7,C
L00467,8,C
L00467,9,C
L00467,10,C
L00467,11,C
L00467,12,N
L00467,13,F
L00467,14,C
L00468,0,C
L00468,1,C
L00468,2,C
L00468,3,C
L00468,4,C
L00468,5,C
L00468,6,C
L00468,7,C
L00468,8,Cl
L00468,9,N
L00468,10,S
L00468,11,O
L00468,12,O
L00468,13,C
L00469,0,C
L00469,1,C
L00469,2,C
L00469,3,C
L00469,4,N
L00469,5,O
L00469,6,C
L00469,7,S
L00469,8,O
L00469,9,O
L00469,10,N
L00469,11,C
L00470,0,C
L00470,1,C
L00470,2,O
L00470,3,N
L00470,4,C
L00470,5,C
L00470,6,C
L00470,7,C
L00470,8,C
L00470,9,C
L00470,10,C
L00470,11,C
L00470,12,C
L00470,13,C
L00470,14,C
L00471,0,C
L00471,1,C
L00471,2,C
L00471,3,C
L00471,4,N
L00471,5,C
L00471,6,N
L00471,7,C
L00471,8,N
L00471,9,C
L00471,10,C
L00471,11,N
L00471,12,C
L00471,13,C
L00472,0,C
L00472,1,C
L00472,2,O
L00472,3,N
L00472,4,C
L00472,5,C
L00472,6,N
L00472,7,C
L00472,8,C
L00472,9,C
L00472,10,C
L00472,11,C
L00472,12,C
L00472,13,C
L00472,14,C
L00472,15,Cl
L00473,0,C
L00473,1,N
L00473,2,C
L00473,3,C
L00473,4,C
L00473,5,N
L00473,6,C
L00473,7,C
L00473,8,C
L00473,9,C
L00473,10,C
L00473,11,N
L00473,12,C
L00473,13,C
L00473,14,O
L00473,15,C
L00473,16,C
L00473,17,C
L00473,18,C
L00473,19,C
L00473,20,C
L00473,21,C
L00473,22,C
L00473,23,N
L00473,24,Cl
L00473,25,C
L00473,26,C
L00473,27,N
L00473,28,C
L00473,29,N
L00473,30,C
L00473,31,C
L00473,32,C
L00473,33,C
L00473,34,C
L00473,35,C
L00473,36,C
L00473,37,Cl
L00473,38,C
L00473,39,C
L00473,40,C
L00473,41,C
L00473,42,C
L00473,43,C
L00475,0,C
L00475,1,C
L00475,2,C
L00475,3,C
L00475,4,O
L00475,5,N
L00475,6,C
L00475,7,C
L00475,8,C
L00475,9,C
L00475,10,C
L00475,11,C
L00475,12,C
L00475,13,C
L00475,14,N
L00475,15,C
L00475,16,O
L00475,17,C
L00475,18,O
L00475,19,N
L00475,20,C
L00475,21,C
L00475,22,C
L00475,23,C
L00475,24,C
L00475,25,C
L00475,26,C
L00475,27,C
L00475,28,C
L00475,29,C
L00475,30,C
L00475,31,C
L00475,32,C
L00475,33,C
L00475,34,N
L00475,35,N
L00476,0,C
L00476,1,C
L00476,2,O
L00476,3,N
L00476,4,C
L00476,5,C
L00476,6,C
L00476,7,C
L00476,8,C
L00476,9,O
L00476,10,N
L00476,11,C
L00476,12,C
L00476,13,C
L00476,14,C
L00476,15,C
L00476,16,C
L00476,17,C
L00476,18,C
L00476,19,C
L00476,20,N
L00476,21,C
L00476,22,O
L00476,23,O
L00477,0,C
L00477,1,C
L00477,2,C
L00477,3,C
L00477,4,C
L00477,5,C
L00477,6,C
L00477,7,C
L00477,8,C
L00477,9,O
L00477,10,N
L00477,11,N
L00477,12,C
L00477,13,O
L00477,14,C
L00477,15,C
L00477,16,N
L00477,17,N
L00477,18,C
L00477,19,C
L00477,20,C
L00477,21,C
L00477,22,C
L00477,23,C
L00477,24,C
L00477,25,F
L00477,26,Cl
L00477,27,Cl
L00477,28,F
L00478,0,C
L00478,1,N
L00478,2,C
L00478,3,C
L00478,4,C
L00478,5,C
L00478,6,C
L00478,7,C
L00478,8,N
L00478,9,N
L00478,10,C
L00478,11,C
L00478,12,C
L00478,13,O
L00478,14,O
L00478,15,C
L00478,16,C
L00478,17,C
L00478,18,C
L00478,19,C
L00478,20,C
L00478,21,Cl
L00479,0,C
L00479,1,C
L00479,2,C
L00479,3,C
L00479,4,C
L00479,5,C
L00479,6,C
L00479,7,C
L00479,8,C
L00479,9,C
L00479,10,C
L00479,11,O
L00479,12,O
L00479,13,C
L00479,14,O
L00479,15,C
L00479,16,C
L00479,17,O
L00479,18,C
L00479,19,O
L00479,20,C
L00479,21,C
L00479,22,C
L00479,23,C
L00479,24,O
L00479,25,O
L00481,0,C
L00481,1,N
L00481,2,C
L00481,3,C
L00481,4,C
L00481,5,C
L00481,6,C
L00481,7,C
L00481,8,N
L00481,9,N
L00481,10,C
L00481,11,C
L00481,12,C
L00481,13,O
L00481,14,O
L00481,15,C
L00481,16,C
L00481,17,C
L00481,18,C
L00481,19,C
L00481,20,C
L00481,21,C
L00481,22,N
L00481,23,C
L00481,24,S
L00481,25,O
L00481,26,O
L00481,27,C
L00481,28,Cl
L00482,0,C
L00482,1,C
L00482,2,C
L00482,3,C
L00482,4,N
L00482,5,C
L00482,6,O
L00482,7,C
L00482,8,C
L00482,9,C
L00482,10,C
L00482,11,C
L00482,12,C
L00482,13,C
L00482,14,C
L00482,15,N
L00482,16,C
L00482,17,C
L00482,18,O
L00482,19,O
L00482,20,Cl
L00482,21,N
L00482,22,C
L00482,23,C
L00482,24,C
L00482,25,C
L00482,26,C
L00482,27,C
L00482,28,C
L00482,29,O
L00482,30,C
L00482,31,C
L00482,32,C
L00482,33,C
L00482,34,C
L00482,35,C
L00482,36,C
L00482,37,Cl
L00482,38,C
L00482,39,O
L00483,0,C
L00483,1,C
L00483,2,C
L00483,3,C
L00483,4,C
L00483,5,C
L00483,6,C
L00483,7,C
L00483,8,C
L00483,9,N
L00483,10,C
L00483,11,N
L00483,12,N
L00483,13,C
L00483,14,N
L00483,15,C
L00483,16,C
L00483,17,C
L00483,18,C
L00483,19,C
L00483,20,C
L00483,21,Br
L00483,22,C
L00483,23,O
L00483,24,C
L00483,25,C
L00483,26,C
L00483,27,C
L00483,28,C
L00483,29,C
L00483,30,Br
L00484,0,C
L00484,1,C
L00484,2,S
L00484,3,O
L00484,4,O
L00484,5,N
L00484,6,C
L00484,7,C
L00484,8,C
L00484,9,C
L00484,10,C
L00484,11,C
L00484,12,C
L00484,13,N
L00484,14,C
L00484,15,C
L00484,16,N
L00484,17,N
L00484,18,C
L00484,19,N
L00484,20,C
L00484,21,C
L00484,22,C
L00484,23,C
L00484,24,S
L00484,25,C
L00484,26,C
L00484,27,C
L00484,28,C
L00484,29,C
L00484,30,O
L00484,31,O
L00484,32,C
L00484,33,C
L00484,34,C
L00484,35,C
L00485,0,C
L00485,1,C
L00485,2,C
L00485,3,C
L00485,4,C
L00485,5,C
L00485,6,C
L00485,7,N
L00485,8,O
L00485,9,N
L00485,10,C
L00485,11,C
L00485,12,C
L00485,13,C
L00485,14,C
L00485,15,C
L00485,16,C
L00485,17,N
L00485,18,C
L00485,19,O
L00485,20,C
L00485,21,C
L00485,22,C
L00485,23,C
L00485,24,O
L00485,25,N
L00485,26,C
L00485,27,O
L00486,0,C
L00486,1,C
L00486,2,C
L00486,3,C
L00486,4,C
L00486,5,C
L00486,6,Cl
L00486,7,Cl
L00486,8,C
L00486,9,N
L00486,10,O
L00486,11,C
L00486,12,C
L00486,13,C
L00486,14,C
L00486,15,C
L00486,16,O
L00486,17,N
L00486,18,C
L00486,19,O
L00488,0,C
L00488,1,C
L00488,2,C
L00488,3,C
L00488,4,O
L00488,5,N
L00488,6,C
L00488,7,C
L00488,8,O
L00488,9,N
L00488,10,C
L00488,11,C
L00488,12,C
L00488,13,C
L00488,14,C
L00488,15,O
L00488,16,N
L00488,17,C
L00488,18,C
L00488,19,C
L00488,20,C
L00488,21,C
L00488,22,C
L00488,23,C
L00488,24,C
L00488,25,O
L00488,26,O
L00488,27,C
L00488,28,O
L00489,0,C
L00489,1,C
L00489,2,C
L00489,3,O
L00489,4,O
L00489,5,O
L00489,6,C
L00489,7,C
L00489,8,C
L00489,9,C
L00489,10,C
L00489,11,C
L00489,12,C
L00489,13,C
L00489,14,C
L00489,15,C
L00489,16,C
L00489,17,C
L00490,0,C
L00490,1,C
L00490,2,C
L00490,3,C
L00490,4,O
L00490,5,N
L00490,6,C
L00490,7,C
L00490,8,O
L00490,9,N
L00490,10,C
L00490,11,C
L00490,12,C
L00490,13,C
L00490,14,C
L00490,15,O
L00490,16,N
L00490,17,C
L00490,18,C
L00490,19,C
L00490,20,C
L00490,21,C
L00490,22,C
L00490,23,C
L00490,24,N
L00490,25,O
L00490,26,O
L00490,27,O
L00587,0,C
L00587,1,C
L00587,2,N
L00587,3,N
L00587,4,N
L00587,5,C
L00587,6,C
L00587,7,N
L00587,8,N
L00587,9,C
L00587,10,O
L00587,11,C
L00587,12,C
L00587,13,C
L00587,14,N
L00587,15,C
L00587,16,N
L00587,17,N
L00587,18,C
L00587,19,C
L00587,20,O
L00587,21,C
L00587,22,C
L00588,0,C
L00588,1,C
L00588,2,N
L00588,3,N
L00588,4,N
L00588,5,C
L00588,6,C
L00588,7,N
L00588,8,N
L00588,9,C
L00588,10,O
L00588,11,C
L00588,12,C
L00588,13,C
L00588,14,N
L00588,15,C
L00588,16,N
L00588,17,N
L00588,18,C
L00588,19,C
L00588,20,O
L00588,21,C
L00588,22,C
L00589,0,C
L00589,1,C
L00589,2,N
L00589,3,N
L00589,4,N
L00589,5,C
L00589,6,C
L00589,7,N
L00589,8,N
L00589,9,C
L00589,10,O
L00589,11,C
L00589,12,C
L00589,13,C
L00589,14,N
L00589,15,C
L00589,16,N
L00589,17,N
L00589,18,C
L00589,19,C
L00589,20,O
L00589,21,C
L00589,22,C
L00590,0,C
L00590,1,C
L00590,2,N
L00590,3,N
L00590,4,N
L00590,5,C
L00590,6,C
L00590,7,N
L00590,8,N
L00590,9,C
L00590,10,O
L00590,11,C
L00590,12,C
L00590,13,C
L00590,14,N
L00590,15,C
L00590,16,N
L00590,17,N
L00590,18,C
L00590,19,C
L00590,20,O
L00590,21,C
L00590,22,C
L00591,0,C
L00591,1,C
L00591,2,N
L00591,3,N
L00591,4,N
L00591,5,C
L00591,6,C
L00591,7,N
L00591,8,N
L00591,9,C
L00591,10,O
L00591,11,C
L00591,12,C
L00591,13,C
L00591,14,N
L00591,15,C
L00591,16,N
L00591,17,N
L00591,18,C
L00591,19,C
L00591,20,O
L00591,21,C
L00591,22,C
L00592,0,C
L00592,1,C
L00592,2,N
L00592,3,N
L00592,4,N
L00592,5,C
L00592,6,C
L00592,7,N
L00592,8,N
L00592,9,C
L00592,10,O
L00592,11,C
L00592,12,C
L00592,13,C
L00592,14,N
L00592,15,C
L00592,16,N
L00592,17,N
L00592,18,C
L00592,19,C
L00592,20,O
L00592,21,C
L00592,22,C
L00593,0,C
L00593,1,C
L00593,2,N
L00593,3,N
L00593,4,N
L00593,5,C
L00593,6,C
L00593,7,N
L00593,8,N
L00593,9,C
L00593,10,O
L00593,11,C
L00593,12,C
L00593,13,C
L00593,14,N
L00593,15,C
L00593,16,N
L00593,17,N
L00593,18,C
L00593,19,C
L00593,20,O
L00593,21,C
L00593,22,C
L00594,0,C
L00594,1,C
L00594,2,N
L00594,3,N
L00594,4,N
L00594,5,C
L00594,6,C
L00594,7,N
L00594,8,N
L00594,9,C
L00594,10,O
L00594,11,C
L00594,12,C
L00594,13,C
L00594,14,N
L00594,15,C
L00594,16,N
L00594,17,N
L00594,18,C
L00594,19,C
L00594,20,O
L00594,21,C
L00594,22,C
L00595,0,C
L00595,1,C
L00595,2,N
L00595,3,N
L00595,4,N
L00595,5,C
L00595,6,C
L00595,7,N
L00595,8,N
L00595,9,C
L00595,10,O
L00595,11,C
L00595,12,C
L00595,13,C
L00595,14,N
L00595,15,C
L00595,16,N
L00595,17,N
L00595,18,C
L00595,19,C
L00595,20,O
L00595,21,C
L00595,22,C
L00596,0,C
L00596,1,C
L00596,2,N
L00596,3,N
L00596,4,N
L00596,5,C
L00596,6,C
L00596,7,N
L00596,8,N
L00596,9,C
L00596,10,O
L00596,11,C
L00596,12,C
L00596,13,C
L00596,14,N
L00596,15,C
L00596,16,N
L00596,17,N
L00596,18,C
L00596,19,C
L00596,20,O
L00596,21,C
L00596,22,C
L00597,0,C
L00597,1,C
L00597,2,N
L00597,3,N
L00597,4,N
L00597,5,C
L00597,6,C
L00597,7,N
L00597,8,N
L00597,9,C
L00597,10,O
L00597,11,C
L00597,12,C
L00597,13,C
L00597,14,N
L00597,15,C
L00597,16,N
L00597,17,N
L00597,18,C
L00597,19,C
L00597,20,O
L00597,21,C
L00597,22,C
L00598,0,C
L00598,1,C
L00598,2,N
L00598,3,N
L00598,4,N
L00598,5,C
L00598,6,C
L00598,7,N
L00598,8,N
L00598,9,C
L00598,10,O
L00598,11,C
L00598,12,C
L00598,13,C
L00598,14,N
L00598,15,C
L00598,16,N
L00598,17,N
L00598,18,C
L00598,19,C
L00598,20,O
L00598,21,C
L00598,22,C
L00599,0,C
L00599,1,C
L00599,2,N
L00599,3,N
L00599,4,N
L00599,5,C
L00599,6,C
L00599,7,N
L00599,8,N
L00599,9,C
L00599,10,O
L00599,11,C
L00599,12,C
L00599,13,C
L00599,14,N
L00599,15,C
L00599,16,N
L00599,17,N
L00599,18,C
L00599,19,C
L00599,20,O
L00599,21,C
L00599,22,C
L00600,0,C
L00600,1,C
L00600,2,N
L00600,3,N
L00600,4,N
L00600,5,C
L00600,6,C
L00600,7,N
L00600,8,N
L00600,9,C
L00600,10,O
L00600,11,C
L00600,12,C
L00600,13,C
L00600,14,N
L00600,15,C
L00600,16,N
L00600,17,N
L00600,18,C
L00600,19,C
L00600,20,O
L00600,21,C
L00600,22,C
L00613,0,C
L00613,1,C
L00613,2,C
L00613,3,C
L00613,4,C
L00613,5,C
L00613,6,N
L00613,7,C
L00613,8,O
L00613,9,N
L00613,10,C
L00613,11,O
L00613,12,C
L00613,13,C
L00613,14,C
L00613,15,C
L00613,16,O
L00613,17,N
L00613,18,C
L00613,19,O
L00614,0,C
L00614,1,C
L00614,2,C
L00614,3,C
L00614,4,C
L00614,5,C
L00614,6,N
L00614,7,C
L00614,8,O
L00614,9,N
L00614,10,C
L00614,11,O
L00614,12,C
L00614,13,C
L00614,14,C
L00614,15,C
L00614,16,O
L00614,17,N
L00614,18,C
L00614,19,O
L00615,0,C
L00615,1,C
L00615,2,C
L00615,3,C
L00615,4,C
L00615,5,C
L00615,6,N
L00615,7,C
L00615,8,O
L00615,9,N
L00615,10,C
L00615,11,O
L00615,12,C
L00615,13,C
L00615,14,C
L00615,15,C
L00615,16,O
L00615,17,N
L00615,18,C
L00615,19,O
L00616,0,C
L00616,1,C
L00616,2,C
L00616,3,C
L00616,4,C
L00616,5,C
L00616,6,N
L00616,7,C
L00616,8,O
L00616,9,N
L00616,10,C
L00616,11,O
L00616,12,C
L00616,13,C
L00616,14,C
L00616,15,C
L00616,16,O
L00616,17,N
L00616,18,C
L00616,19,O
L00617,0,C
L00617,1,C
L00617,2,C
L00617,3,C
L00617,4,C
L00617,5,C
L00617,6,N
L00617,7,C
L00617,8,O
L00617,9,N
L00617,10,C
L00617,11,O
L00617,12,C
L00617,13,C
L00617,14,C
L00617,15,C
L00617,16,O
L00617,17,N
L00617,18,C
L00617,19,O
L00618,0,C
L00618,1,C
L00618,2,C
L00618,3,C
L00618,4,C
L00618,5,C
L00618,6,N
L00618,7,C
L00618,8,O
L00618,9,N
L00618,10,C
L00618,11,O
L00618,12,C
L00618,13,C
L00618,14,C
L00618,15,C
L00618,16,O
L00618,17,N
L00618,18,C
L00618,19,O
L00619,0,C
L00619,1,C
L00619,2,C
L00619,3,C
L00619,4,C
L00619,5,C
L00619,6,N
L00619,7,C
L00619,8,O
L00619,9,N
L00619,10,C
L00619,11,O
L00619,12,C
L00619,13,C
L00619,14,C
L00619,15,C
L00619,16,O
L00619,17,N
L00619,18,C
L00619,19,O
L00620,0,C
L00620,1,C
L00620,2,C
L00620,3,C
L00620,4,C
L00620,5,C
L00620,6,N
L00620,7,C
L00620,8,O
L00620,9,N
L00620,10,C
L00620,11,O
L00620,12,C
L00620,13,C
L00620,14,C
L00620,15,C
L00620,16,O
L00620,17,N
L00620,18,C
L00620,19,O
L00621,0,C
L00621,1,C
L00621,2,C
L00621,3,C
L00621,4,C
L00621,5,C
L00621,6,N
L00621,7,C
L00621,8,O
L00621,9,N
L00621,10,C
L00621,11,O
L00621,12,C
L00621,13,C
L00621,14,C
L00621,15,C
L00621,16,O
L00621,17,N
L00621,18,C
L00621,19,O
L00622,0,C
L00622,1,C
L00622,2,C
L00622,3,C
L00622,4,C
L00622,5,C
L00622,6,N
L00622,7,C
L00622,8,O
L00622,9,N
L00622,10,C
L00622,11,O
L00622,12,C
L00622,13,C
L00622,14,C
L00622,15,C
L00622,16,O
L00622,17,N
L00622,18,C
L00622,19,O
L00632,0,C
L00632,1,C
L00632,2,C
L00632,3,O
L00632,4,C
L00632,5,C
L00632,6,C
L00632,7,C
L00632,8,C
L00632,9,C
L00632,10,C
L00632,11,N
L00632,12,C
L00632,13,C
L00632,14,N
L00632,15,C
L00632,16,O
L00632,17,N
L00632,18,C
L00632,19,C
L00632,20,N
L00632,21,C
L00632,22,O
L00632,23,C
L00632,24,C
L00632,25,C
L00632,26,C
L00632,27,C
L00632,28,C
L00632,29,C
L00632,30,Cl
L00632,31,C
L00632,32,C
L00632,33,C
L00632,34,C
L00632,35,C
L00632,36,C
L00632,37,Cl
L00632,38,O
L00632,39,C
L00633,0,C
L00633,1,C
L00633,2,C
L00633,3,O
L00633,4,C
L00633,5,C
L00633,6,C
L00633,7,C
L00633,8,C
L00633,9,C
L00633,10,C
L00633,11,N
L00633,12,C
L00633,13,C
L00633,14,N
L00633,15,C
L00633,16,O
L00633,17,N
L00633,18,C
L00633,19,C
L00633,20,N
L00633,21,C
L00633,22,O
L00633,23,C
L00633,24,C
L00633,25,C
L00633,26,C
L00633,27,C
L00633,28,C
L00633,29,C
L00633,30,Cl
L00633,31,C
L00633,32,C
L00633,33,C
L00633,34,C
L00633,35,C
L00633,36,C
L00633,37,Cl
L00633,38,O
L00633,39,C
L00634,0,C
L00634,1,C
L00634,2,C
L00634,3,O
L00634,4,C
L00634,5,C
L00634,6,C
L00634,7,C
L00634,8,C
L00634,9,C
L00634,10,C
L00634,11,N
L00634,12,C
L00634,13,C
L00634,14,N
L00634,15,C
L00634,16,O
L00634,17,N
L00634,18,C
L00634,19,C
L00634,20,N
L00634,21,C
L00634,22,O
L00634,23,C
L00634,24,C
L00634,25,C
L00634,26,C
L00634,27,C
L00634,28,C
L00634,29,C
L00634,30,Cl
L00634,31,C
L00634,32,C
L00634,33,C
L00634,34,C
L00634,35,C
L00634,36,C
L00634,37,Cl
L00634,38,O
L00634,39,C
L00635,0,C
L00635,1,C
L00635,2,C
L00635,3,O
L00635,4,C
L00635,5,C
L00635,6,C
L00635,7,C
L00635,8,C
L00635,9,C
L00635,10,C
L00635,11,N
L00635,12,C
L00635,13,C
L00635,14,N
L00635,15,C
L00635,16,O
L00635,17,N
L00635,18,C
L00635,19,C
L00635,20,N
L00635,21,C
L00635,22,O
L00635,23,C
L00635,24,C
L00635,25,C
L00635,26,C
L00635,27,C
L00635,28,C
L00635,29,C
L00635,30,Cl
L00635,31,C
L00635,32,C
L00635,33,C
L00635,34,C
L00635,35,C
L00635,36,C
L00635,37,Cl
L00635,38,O
L00635,39,C
L00636,0,C
L00636,1,C
L00636,2,C
L00636,3,O
L00636,4,C
L00636,5,C
L00636,6,C
L00636,7,C
L00636,8,C
L00636,9,C
L00636,10,C
L00636,11,N
L00636,12,C
L00636,13,C
L00636,14,N
L00636,15,C
L00636,16,O
L00636,17,N
L00636,18,C
L00636,19,C
L00636,20,N
L00636,21,C
L00636,22,O
L00636,23,C
L00636,24,C
L00636,25,C
L00636,26,C
L00636,27,C
L00636,28,C
L00636,29,C
L00636,30,Cl
L00636,31,C
L00636,32,C
L00636,33,C
L00636,34,C
L00636,35,C
L00636,36,C
L00636,37,Cl
L00636,38,O
L00636,39,C
L00637,0,C
L00637,1,C
L00637,2,C
L00637,3,O
L00637,4,C
L00637,5,C
L00637,6,C
L00637,7,C
L00637,8,C
L00637,9,C
L00637,10,C
L00637,11,N
L00637,12,C
L00637,13,C
L00637,14,N
L00637,15,C
L00637,16,O
L00637,17,N
L00637,18,C
L00637,19,C
L00637,20,N
L00637,21,C
L00637,22,O
L00637,23,C
L00637,24,C
L00637,25,C
L00637,26,C
L00637,27,C
L00637,28,C
L00637,29,C
L00637,30,Cl
L00637,31,C
L00637,32,C
L00637,33,C
L00637,34,C
L00637,35,C
L00637,36,C
L00637,37,Cl
L00637,38,O
L00637,39,C
L00638,0,C
L00638,1,C
L00638,2,C
L00638,3,O
L00638,4,C
L00638,5,C
L00638,6,C
L00638,7,C
L00638,8,C
L00638,9,C
L00638,10,C
L00638,11,N
L00638,12,C
L00638,13,C
L00638,14,N
L00638,15,C
L00638,16,O
L00638,17,N
L00638,18,C
L00638,19,C
L00638,20,N
L00638,21,C
L00638,22,O
L00638,23,C
L00638,24,C
L00638,25,C
L00638,26,C
L00638,27,C
L00638,28,C
L00638,29,C
L00638,30,Cl
L00638,31,C
L00638,32,C
L00638,33,C
L00638,34,C
L00638,35,C
L00638,36,C
L00638,37,Cl
L00638,38,O
L00638,39,C
L00639,0,C
L00639,1,C
L00639,2,C
L00639,3,O
L00639,4,C
L00639,5,C
L00639,6,C
L00639,7,C
L00639,8,C
L00639,9,C
L00639,10,C
L00639,11,N
L00639,12,C
L00639,13,C
L00639,14,N
L00639,15,C
L00639,16,O
L00639,17,N
L00639,18,C
L00639,19,C
L00639,20,N
L00639,21,C
L00639,22,O
L00639,23,C
L00639,24,C
L00639,25,C
L00639,26,C
L00639,27,C
L00639,28,C
L00639,29,C
L00639,30,Cl
L00639,31,C
L00639,32,C
L00639,33,C
L00639,34,C
L00639,35,C
L00639,36,C
L00639,37,Cl
L00639,38,O
L00639,39,C
L00640,0,C
L00640,1,C
L00640,2,C
L00640,3,O
L00640,4,C
L00640,5,C
L00640,6,C
L00640,7,C
L00640,8,C
L00640,9,C
L00640,10,C
L00640,11,N
L00640,12,C
L00640,13,C
L00640,14,N
L00640,15,C
L00640,16,O
L00640,17,N
L00640,18,C
L00640,19,C
L00640,20,N
L00640,21,C
L00640,22,O
L00640,23,C
L00640,24,C
L00640,25,C
L00640,26,C
L00640,27,C
L00640,28,C
L00640,29,C
L00640,30,Cl
L00640,31,C
L00640,32,C
L00640,33,C
L00640,34,C
L00640,35,C
L00640,36,C
L00640,37,Cl
L00640,38,O
L00640,39,C
L00641,0,C
L00641,1,C
L00641,2,C
L00641,3,C
L00641,4,C
L00641,5,C
L00641,6,C
L00641,7,C
L00641,8,C
L00641,9,C
L00641,10,O
L00641,11,O
L00641,12,N
L00642,0,C
L00642,1,C
L00642,2,C
L00642,3,C
L00642,4,C
L00642,5,C
L00642,6,C
L00642,7,C
L00642,8,C
L00642,9,C
L00642,10,O
L00642,11,O
L00642,12,N
L00643,0,C
L00643,1,C
L00643,2,C
L00643,3,C
L00643,4,C
L00643,5,C
L00643,6,C
L00643,7,C
L00643,8,C
L00643,9,C
L00643,10,O
L00643,11,O
L00643,12,N
L00644,0,C
L00644,1,C
L00644,2,C
L00644,3,C
L00644,4,C
L00644,5,C
L00644,6,C
L00644,7,C
L00644,8,C
L00644,9,C
L00644,10,O
L00644,11,O
L00644,12,N
L00645,0,C
L00645,1,C
L00645,2,C
L00645,3,C
L00645,4,C
L00645,5,C
L00645,6,C
L00645,7,C
L00645,8,C
L00645,9,C
L00645,10,O
L00645,11,O
L00645,12,N
L00646,0,C
L00646,1,C
L00646,2,C
L00646,3,C
L00646,4,C
L00646,5,C
L00646,6,C
L00646,7,C
L00646,8,C
L00646,9,C
L00646,10,O
L00646,11,O
L00646,12,N
L00647,0,C
L00647,1,C
L00647,2,C
L00647,3,C
L00647,4,C
L00647,5,C
L00647,6,C
L00647,7,C
L00647,8,C
L00647,9,C
L00647,10,O
L00647,11,O
L00647,12,N
L00648,0,C
L00648,1,C
L00648,2,C
L00648,3,O
L00648,4,C
L00648,5,N
L00648,6,C
L00648,7,C
L00648,8,C
L00648,9,N
L00648,10,C
L00648,11,O
L00648,12,N
L00648,13,C
L00648,14,O
L00648,15,P
L00648,16,O
L00648,17,O
L00648,18,O
L00648,19,P
L00648,20,O
L00648,21,O
L00648,22,O
L00648,23,P
L00648,24,O
L00648,25,O
L00648,26,O
L00648,27,O
L00649,0,C
L00649,1,C
L00649,2,C
L00649,3,O
L00649,4,C
L00649,5,N
L00649,6,C
L00649,7,C
L00649,8,C
L00649,9,N
L00649,10,C
L00649,11,O
L00649,12,N
L00649,13,C
L00649,14,O
L00649,15,P
L00649,16,O
L00649,17,O
L00649,18,O
L00649,19,P
L00649,20,O
L00649,21,O
L00649,22,O
L00649,23,P
L00649,24,O
L00649,25,O
L00649,26,O
L00649,27,O
L00650,0,C
L00650,1,C
L00650,2,C
L00650,3,O
L00650,4,C
L00650,5,N
L00650,6,C
L00650,7,C
L00650,8,C
L00650,9,N
L00650,10,C
L00650,11,O
L00650,12,N
L00650,13,C
L00650,14,O
L00650,15,P
L00650,16,O
L00650,17,O
L00650,18,O
L00650,19,P
L00650,20,O
L00650,21,O
L00650,22,O
L00650,23,P
L00650,24,O
L00650,25,O
L00650,26,O
L00650,27,O
L00651,0,C
L00651,1,C
L00651,2,C
L00651,3,O
L00651,4,C
L00651,5,N
L00651,6,C
L00651,7,C
L00651,8,C
L00651,9,N
L00651,10,C
L00651,11,O
L00651,12,N
L00651,13,C
L00651,14,O
L00651,15,P
L00651,16,O
L00651,17,O
L00651,18,O
L00651,19,P
L00651,20,O
L00651,21,O
L00651,22,O
L00651,23,P
L00651,24,O
L00651,25,O
L00651,26,O
L00651,27,O
L00652,0,C
L00652,1,C
L00652,2,C
L00652,3,O
L00652,4,C
L00652,5,N
L00652,6,C
L00652,7,C
L00652,8,C
L00652,9,N
L00652,10,C
L00652,11,O
L00652,12,N
L00652,13,C
L00652,14,O
L00652,15,P
L00652,16,O
L00652,17,O
L00652,18,O
L00652,19,P
L00652,20,O
L00652,21,O
L00652,22,O
L00652,23,P
L00652,24,O
L00652,25,O
L00652,26,O
L00652,27,O
L00653,0,C
L00653,1,C
L00653,2,C
L00653,3,C
L00653,4,C
L00653,5,C
L00653,6,N
L00653,7,C
L00653,8,N
L00653,9,C
L00653,10,O
L00653,11,C
L00653,12,C
L00653,13,C
L00653,14,C
L00653,15,O
L00653,16,N
L00653,17,C
L00653,18,O
L00654,0,C
L00654,1,C
L00654,2,C
L00654,3,C
L00654,4,C
L00654,5,C
L00654,6,N
L00654,7,C
L00654,8,N
L00654,9,C
L00654,10,O
L00654,11,C
L00654,12,C
L00654,13,C
L00654,14,C
L00654,15,O
L00654,16,N
L00654,17,C
L00654,18,O
L00655,0,C
L00655,1,C
L00655,2,C
L00655,3,C
L00655,4,C
L00655,5,C
L00655,6,N
L00655,7,C
L00655,8,N
L00655,9,C
L00655,10,O
L00655,11,C
L00655,12,C
L00655,13,C
L00655,14,C
L00655,15,O
L00655,16,N
L00655,17,C
L00655,18,O
L00656,0,C
L00656,1,C
L00656,2,C
L00656,3,C
L00656,4,C
L00656,5,C
L00656,6,N
L00656,7,C
L00656,8,N
L00656,9,C
L00656,10,O
L00656,11,C
L00656,12,C
L00656,13,C
L00656,14,C
L00656,15,O
L00656,16,N
L00656,17,C
L00656,18,O
L00657,0,C
L00657,1,C
L00657,2,C
L00657,3,C
L00657,4,C
L00657,5,C
L00657,6,N
L00657,7,C
L00657,8,N
L00657,9,C
L00657,10,O
L00657,11,C
L00657,12,C
L00657,13,C
L00657,14,C
L00657,15,O
L00657,16,N
L00657,17,C
L00657,18,O
L00658,0,C
L00658,1,C
L00658,2,C
L00658,3,C
L00658,4,C
L00658,5,C
L00658,6,O
L00658,7,C
L00658,8,C
L00658,9,C
L00658,10,C
L00658,11,C
L00658,12,C
L00658,13,C
L00658,14,C
L00658,15,N
L00658,16,C
L00658,17,C
L00658,18,N
L00658,19,C
L00658,20,C
L00658,21,C
L00658,22,C
L00658,23,C
L00658,24,C
L00658,25,C
L00658,26,C
L00658,27,F
L00658,28,C
L00658,29,N
L00658,30,C
L00658,31,N
L00658,32,C
L00658,33,O
L00658,34,C
L00658,35,C
L00658,36,C
L00658,37,C
L00658,38,O
L00658,39,N
L00658,40,C
L00658,41,O
L00659,0,C
L00659,1,C
L00659,2,C
L00659,3,C
L00659,4,C
L00659,5,C
L00659,6,O
L00659,7,C
L00659,8,C
L00659,9,C
L00659,10,C
L00659,11,C
L00659,12,C
L00659,13,C
L00659,14,C
L00659,15,N
L00659,16,C
L00659,17,C
L00659,18,N
L00659,19,C
L00659,20,C
L00659,21,C
L00659,22,C
L00659,23,C
L00659,24,C
L00659,25,C
L00659,26,C
L00659,27,F
L00659,28,C
L00659,29,N
L00659,30,C
L00659,31,N
L00659,32,C
L00659,33,O
L00659,34,C
L00659,35,C
L00659,36,C
L00659,37,C
L00659,38,O
L00659,39,N
L00659,40,C
L00659,41,O
L00660,0,C
L00660,1,C
L00660,2,C
L00660,3,C
L00660,4,C
L00660,5,C
L00660,6,O
L00660,7,C
L00660,8,C
L00660,9,C
L00660,10,C
L00660,11,C
L00660,12,C
L00660,13,C
L00660,14,C
L00660,15,N
L00660,16,C
L00660,17,C
L00660,18,N
L00660,19,C
L00660,20,C
L00660,21,C
L00660,22,C
L00660,23,C
L00660,24,C
L00660,25,C
L00660,26,C
L00660,27,F
L00660,28,C
L00660,29,N
L00660,30,C
L00660,31,N
L00660,32,C
L00660,33,O
L00660,34,C
L00660,35,C
L00660,36,C
L00660,37,C
L00660,38,O
L00660,39,N
L00660,40,C
L00660,41,O
L00661,0,C
L00661,1,C
L00661,2,C
L00661,3,C
L00661,4,C
L00661,5,C
L00661,6,O
L00661,7,C
L00661,8,C
L00661,9,C
L00661,10,C
L00661,11,C
L00661,12,C
L00661,13,C
L00661,14,C
L00661,15,N
L00661,16,C
L00661,17,C
L00661,18,N
L00661,19,C
L00661,20,C
L00661,21,C
L00661,22,C
L00661,23,C
L00661,24,C
L00661,25,C
L00661,26,C
L00661,27,F
L00661,28,C
L00661,29,N
L00661,30,C
L00661,31,N
L00661,32,C
L00661,33,O
L00661,34,C
L00661,35,C
L00661,36,C
L00661,37,C
L00661,38,O
L00661,39,N
L00661,40,C
L00661,41,O
L00662,0,C
L00662,1,C
L00662,2,C
L00662,3,C
L00662,4,C
L00662,5,C
L00662,6,O
L00662,7,C
L00662,8,C
L00662,9,C
L00662,10,C
L00662,11,C
L00662,12,C
L00662,13,C
L00662,14,C
L00662,15,N
L00662,16,C
L00662,17,C
L00662,18,N
L00662,19,C
L00662,20,C
L00662,21,C
L00662,22,C
L00662,23,C
L00662,24,C
L00662,25,C
L00662,26,C
L00662,27,F
L00662,28,C
L00662,29,N
L00662,30,C
L00662,31,N
L00662,32,C
L00662,33,O
L00662,34,C
L00662,35,C
L00662,36,C
L00662,37,C
L00662,38,O
L00662,39,N
L00662,40,C
L00662,41,O
L00667,0,C
L00667,1,C
L00667,2,C
L00667,3,C
L00667,4,C
L00667,5,C
L00667,6,Cl
L00667,7,N
L00667,8,C
L00667,9,C
L00667,10,C
L00667,11,C
L00667,12,C
L00667,13,O
L00667,14,O
L00667,15,N
L00668,0,C
L00668,1,C
L00668,2,C
L00668,3,C
L00668,4,C
L00668,5,C
L00668,6,Cl
L00668,7,N
L00668,8,C
L00668,9,C
L00668,10,C
L00668,11,C
L00668,12,C
L00668,13,O
L00668,14,O
L00668,15,N
L00669,0,C
L00669,1,C
L00669,2,C
L00669,3,C
L00669,4,C
L00669,5,C
L00669,6,Cl
L00669,7,N
L00669,8,C
L00669,9,C
L00669,10,C
L00669,11,C
L00669,12,C
L00669,13,O
L00669,14,O
L00669,15,N
L00670,0,C
L00670,1,C
L00670,2,C
L00670,3,O
L00670,4,C
L00670,5,N
L00670,6,C
L00670,7,C
L00670,8,C
L00670,9,O
L00670,10,N
L00670,11,C
L00670,12,N
L00670,13,N
L00670,14,N
L00670,15,C
L00670,16,O
L00670,17,C
L00670,18,O
L00670,19,P
L00670,20,O
L00670,21,O
L00670,22,O
L00670,23,O
L00671,0,C
L00671,1,C
L00671,2,C
L00671,3,O
L00671,4,C
L00671,5,N
L00671,6,C
L00671,7,C
L00671,8,C
L00671,9,O
L00671,10,N
L00671,11,C
L00671,12,N
L00671,13,N
L00671,14,N
L00671,15,C
L00671,16,O
L00671,17,C
L00671,18,O
L00671,19,P
L00671,20,O
L00671,21,O
L00671,22,O
L00671,23,O
L00672,0,C
L00672,1,C
L00672,2,C
L00672,3,O
L00672,4,C
L00672,5,N
L00672,6,C
L00672,7,C
L00672,8,C
L00672,9,O
L00672,10,N
L00672,11,C
L00672,12,N
L00672,13,N
L00672,14,N
L00672,15,C
L00672,16,O
L00672,17,C
L00672,18,O
L00672,19,P
L00672,20,O
L00672,21,O
L00672,22,O
L00672,23,O
L00673,0,C
L00673,1,C
L00673,2,C
L00673,3,C
L00673,4,C
L00673,5,C
L00673,6,O
L00673,7,C
L00673,8,C
L00673,9,C
L00673,10,C
L00673,11,C
L00673,12,C
L00673,13,C
L00673,14,C
L00673,15,N
L00673,16,C
L00673,17,C
L00673,18,O
L00673,19,C
L00673,20,C
L00673,21,C
L00673,22,N
L00673,23,C
L00673,24,O
L00673,25,C
L00673,26,C
L00673,27,C
L00673,28,C
L00673,29,O
L00673,30,N
L00673,31,C
L00673,32,O
L00674,0,C
L00674,1,C
L00674,2,C
L00674,3,C
L00674,4,C
L00674,5,C
L00674,6,O
L00674,7,C
L00674,8,C
L00674,9,C
L00674,10,C
L00674,11,C
L00674,12,C
L00674,13,C
L00674,14,C
L00674,15,N
L00674,16,C
L00674,17,C
L00674,18,O
L00674,19,C
L00674,20,C
L00674,21,C
L00674,22,N
L00674,23,C
L00674,24,O
L00674,25,C
L00674,26,C
L00674,27,C
L00674,28,C
L00674,29,O
L00674,30,N
L00674,31,C
L00674,32,O
L00675,0,C
L00675,1,C
L00675,2,C
L00675,3,C
L00675,4,C
L00675,5,C
L00675,6,O
L00675,7,C
L00675,8,C
L00675,9,C
L00675,10,C
L00675,11,C
L00675,12,C
L00675,13,C
L00675,14,C
L00675,15,N
L00675,16,C
L00675,17,C
L00675,18,O
L00675,19,C
L00675,20,C
L00675,21,C
L00675,22,N
L00675,23,C
L00675,24,O
L00675,25,C
L00675,26,C
L00675,27,C
L00675,28,C
L00675,29,O
L00675,30,N
L00675,31,C
L00675,32,O
L00676,0,C
L00676,1,C
L00676,2,C
L00676,3,C
L00676,4,C
L00676,5,C
L00676,6,C
L00676,7,C
L00676,8,C
L00676,9,N
L00676,10,C
L00676,11,C
L00676,12,C
L00676,13,C
L00676,14,N
L00676,15,C
L00676,16,C
L00676,17,C
L00676,18,C
L00676,19,C
L00676,20,C
L00676,21,C
L00676,22,C
L00676,23,C
L00676,24,C
L00676,25,N
L00676,26,C
L00676,27,C
L00676,28,C
L00676,29,C
L00676,30,C
L00676,31,C
L00676,32,C
L00676,33,C
L00676,34,C
L00676,35,O
L00676,36,N
L00677,0,C
L00677,1,C
L00677,2,C
L00677,3,C
L00677,4,C
L00677,5,C
L00677,6,C
L00677,7,C
L00677,8,C
L00677,9,N
L00677,10,C
L00677,11,C
L00677,12,C
L00677,13,C
L00677,14,N
L00677,15,C
L00677,16,C
L00677,17,C
L00677,18,C
L00677,19,C
L00677,20,C
L00677,21,C
L00677,22,C
L00677,23,C
L00677,24,C
L00677,25,N
L00677,26,C
L00677,27,C
L00677,28,C
L00677,29,C
L00677,30,C
L00677,31,C
L00677,32,C
L00677,33,C
L00677,34,C
L00677,35,O
L00677,36,N
L00678,0,C
L00678,1,C
L00678,2,C
L00678,3,C
L00678,4,C
L00678,5,C
L00678,6,C
L00678,7,C
L00678,8,C
L00678,9,N
L00678,10,C
L00678,11,C
L00678,12,C
L00678,13,C
L00678,14,N
L00678,15,C
L00678,16,C
L00678,17,C
L00678,18,C
L00678,19,C
L00678,20,C
L00678,21,C
L00678,22,C
L00678,23,C
L00678,24,C
L00678,25,N
L00678,26,C
L00678,27,C
L00678,28,C
L00678,29,C
L00678,30,C
L00678,31,C
L00678,32,C
L00678,33,C
L00678,34,C
L00678,35,O
L00678,36,N
L00679,0,C
L00679,1,N
L00679,2,C
L00679,3,C
L00679,4,N
L00679,5,C
L00679,6,C
L00679,7,C
L00679,8,C
L00679,9,O
L00679,10,C
L00679,11,O
L00679,12,P
L00679,13,O
L00679,14,O
L00679,15,O
L00679,16,P
L00679,17,O
L00679,18,O
L00679,19,O
L00679,20,P
L00679,21,O
L00679,22,O
L00679,23,O
L00679,24,O
L00679,25,N
L00679,26,C
L00679,27,N
L00679,28,C
L00679,29,O
L00679,30,N
L00680,0,C
L00680,1,N
L00680,2,C
L00680,3,C
L00680,4,N
L00680,5,C
L00680,6,C
L00680,7,C
L00680,8,C
L00680,9,O
L00680,10,C
L00680,11,O
L00680,12,P
L00680,13,O
L00680,14,O
L00680,15,O
L00680,16,P
L00680,17,O
L00680,18,O
L00680,19,O
L00680,20,P
L00680,21,O
L00680,22,O
L00680,23,O
L00680,24,O
L00680,25,N
L00680,26,C
L00680,27,N
L00680,28,C
L00680,29,O
L00680,30,N
L00681,0,C
L00681,1,N
L00681,2,C
L00681,3,C
L00681,4,N
L00681,5,C
L00681,6,C
L00681,7,C
L00681,8,C
L00681,9,O
L00681,10,C
L00681,11,O
L00681,12,P
L00681,13,O
L00681,14,O
L00681,15,O
L00681,16,P
L00681,17,O
L00681,18,O
L00681,19,O
L00681,20,P
L00681,21,O
L00681,22,O
L00681,23,O
L00681,24,O
L00681,25,N
L00681,26,C
L00681,27,N
L00681,28,C
L00681,29,O
L00681,30,N
L00682,0,C
L00682,1,N
L00682,2,C
L00682,3,C
L00682,4,C
L00682,5,N
L00682,6,N
L00682,7,C
L00682,8,N
L00682,9,C
L00682,10,C
L00682,11,C
L00682,12,C
L00682,13,O
L00682,14,C
L00682,15,O
L00682,16,P
L00682,17,O
L00682,18,O
L00682,19,O
L00682,20,P
L00682,21,O
L00682,22,O
L00682,23,O
L00682,24,P
L00682,25,O
L00682,26,O
L00682,27,O
L00682,28,O
L00682,29,N
L00683,0,C
L00683,1,N
L00683,2,C
L00683,3,C
L00683,4,C
L00683,5,N
L00683,6,N
L00683,7,C
L00683,8,N
L00683,9,C
L00683,10,C
L00683,11,C
L00683,12,C
L00683,13,O
L00683,14,C
L00683,15,O
L00683,16,P
L00683,17,O
L00683,18,O
L00683,19,O
L00683,20,P
L00683,21,O
L00683,22,O
L00683,23,O
L00683,24,P
L00683,25,O
L00683,26,O
L00683,27,O
L00683,28,O
L00683,29,N
L00684,0,C
L00684,1,N
L00684,2,C
L00684,3,C
L00684,4,C
L00684,5,N
L00684,6,N
L00684,7,C
L00684,8,N
L00684,9,C
L00684,10,C
L00684,11,C
L00684,12,C
L00684,13,O
L00684,14,C
L00684,15,O
L00684,16,P
L00684,17,O
L00684,18,O
L00684,19,O
L00684,20,P
L00684,21,O
L00684,22,O
L00684,23,O
L00684,24,P
L00684,25,O
L00684,26,O
L00684,27,O
L00684,28,O
L00684,29,N
L00685,0,C
L00685,1,C
L00685,2,O
L00685,3,C
L00685,4,C
L00685,5,O
L00685,6,C
L00685,7,O
L00685,8,P
L00685,9,O
L00685,10,O
L00685,11,O
L00686,0,C
L00686,1,C
L00686,2,O
L00686,3,C
L00686,4,C
L00686,5,O
L00686,6,C
L00686,7,O
L00686,8,P
L00686,9,O
L00686,10,O
L00686,11,O
L00687,0,C
L00687,1,C
L00687,2,C
L00687,3,S
L00687,4,C
L00687,5,N
L00687,6,C
L00687,7,C
L00687,8,C
L00687,9,C
L00687,10,C
L00687,11,C
L00687,12,C
L00687,13,N
L00687,14,C
L00687,15,O
L00687,16,C
L00687,17,C
L00687,18,C
L00687,19,C
L00687,20,N
L00687,21,C
L00687,22,O
L00687,23,C
L00687,24,C
L00687,25,C
L00687,26,C
L00687,27,C
L00687,28,N
L00687,29,C
L00687,30,O
L00687,31,C
L00687,32,O
L00688,0,C
L00688,1,C
L00688,2,C
L00688,3,S
L00688,4,C
L00688,5,N
L00688,6,C
L00688,7,C
L00688,8,C
L00688,9,C
L00688,10,C
L00688,11,C
L00688,12,C
L00688,13,N
L00688,14,C
L00688,15,O
L00688,16,C
L00688,17,C
L00688,18,C
L00688,19,C
L00688,20,N
L00688,21,C
L00688,22,O
L00688,23,C
L00688,24,C
L00688,25,C
L00688,26,C
L00688,27,C
L00688,28,N
L00688,29,C
L00688,30,O
L00688,31,C
L00688,32,O
L00689,0,C
L00689,1,C
L00689,2,C
L00689,3,C
L00689,4,C
L00689,5,N
L00689,6,C
L00689,7,C
L00689,8,C
L00689,9,N
L00689,10,S
L00689,11,O
L00689,12,O
L00689,13,C
L00689,14,C
L00689,15,C
L00689,16,C
L00689,17,C
L00689,18,C
L00689,19,S
L00689,20,O
L00689,21,O
L00689,22,N
L00689,23,Cl
L00690,0,C
L00690,1,C
L00690,2,C
L00690,3,C
L00690,4,C
L00690,5,N
L00690,6,C
L00690,7,C
L00690,8,C
L00690,9,N
L00690,10,S
L00690,11,O
L00690,12,O
L00690,13,C
L00690,14,C
L00690,15,C
L00690,16,C
L00690,17,C
L00690,18,C
L00690,19,S
L00690,20,O
L00690,21,O
L00690,22,N
L00690,23,Cl
L00691,0,C
L00691,1,O
L00691,2,C
L00691,3,C
L00691,4,C
L00691,5,C
L00691,6,C
L00691,7,C
L00691,8,S
L00691,9,O
L00691,10,O
L00691,11,N
L00691,12,C
L00691,13,C
L00691,14,O
L00691,15,N
L00691,16,C
L00691,17,C
L00691,18,C
L00691,19,C
L00691,20,C
L00691,21,C
L00691,22,C
L00691,23,C
L00691,24,C
L00691,25,C
L00691,26,N
L00691,27,C
L00691,28,C
L00691,29,O
L00691,30,N
L00691,31,S
L00691,32,O
L00691,33,O
L00691,34,C
L00691,35,C
L00691,36,C
L00691,37,C
L00691,38,C
L00691,39,C
L00691,40,N
L00692,0,C
L00692,1,O
L00692,2,C
L00692,3,C
L00692,4,C
L00692,5,C
L00692,6,C
L00692,7,C
L00692,8,S
L00692,9,O
L00692,10,O
L00692,11,N
L00692,12,C
L00692,13,C
L00692,14,O
L00692,15,N
L00692,16,C
L00692,17,C
L00692,18,C
L00692,19,C
L00692,20,C
L00692,21,C
L00692,22,C
L00692,23,C
L00692,24,C
L00692,25,C
L00692,26,N
L00692,27,C
L00692,28,C
L00692,29,O
L00692,30,N
L00692,31,S
L00692,32,O
L00692,33,O
L00692,34,C
L00692,35,C
L00692,36,C
L00692,37,C
L00692,38,C
L00692,39,C
L00692,40,N
L00693,0,C
L00693,1,O
L00693,2,C
L00693,3,C
L00693,4,C
L00693,5,C
L00693,6,C
L00693,7,C
L00693,8,S
L00693,9,O
L00693,10,O
L00693,11,N
L00693,12,C
L00693,13,C
L00693,14,O
L00693,15,N
L00693,16,C
L00693,17,C
L00693,18,C
L00693,19,C
L00693,20,C
L00693,21,C
L00693,22,C
L00693,23,C
L00693,24,C
L00693,25,C
L00693,26,N
L00693,27,C
L00693,28,C
L00693,29,O
L00693,30,N
L00693,31,S
L00693,32,O
L00693,33,O
L00693,34,C
L00693,35,C
L00693,36,C
L00693,37,C
L00693,38,C
L00693,39,C
L00693,40,N
L00699,0,C
L00699,1,C
L00699,2,C
L00699,3,C
L00699,4,C
L00699,5,C
L00699,6,C
L00699,7,N
L00699,8,C
L00699,9,C
L00699,10,C
L00699,11,C
L00699,12,C
L00699,13,O
L00699,14,N
L00699,15,C
L00699,16,O
L00699,17,N
L00699,18,C
L00699,19,C
L00699,20,C
L00699,21,C
L00699,22,C
L00699,23,C
L00699,24,C
L00699,25,F
L00699,26,F
L00699,27,Cl
L00700,0,C
L00700,1,C
L00700,2,C
L00700,3,O
L00700,4,C
L00700,5,N
L00700,6,C
L00700,7,C
L00700,8,C
L00700,9,N
L00700,10,C
L00700,11,O
L00700,12,N
L00700,13,C
L00700,14,O
L00700,15,P
L00700,16,O
L00700,17,N
L00700,18,P
L00700,19,O
L00700,20,O
L00700,21,O
L00700,22,P
L00700,23,O
L00700,24,O
L00700,25,O
L00700,26,O
L00700,27,O
L00701,0,C
L00701,1,C
L00701,2,O
L00701,3,C
L00701,4,C
L00701,5,C
L00701,6,C
L00701,7,N
L00701,8,C
L00701,9,C
L00701,10,N
L00701,11,C
L00701,12,C
L00701,13,O
L00701,14,N
L00701,15,C
L00701,16,C
L00701,17,C
L00701,18,O
L00701,19,C
L00701,20,C
L00701,21,C
L00701,22,C
L00701,23,C
L00701,24,C
L00701,25,C
L00701,26,O
L00701,27,C
L00701,28,C
L00701,29,C
L00701,30,C
L00701,31,C
L00701,32,C
L00701,33,C
L00701,34,F
L00701,35,F
L00701,36,N
L00701,37,C
L00701,38,O
L00701,39,C
L00701,40,C
L00701,41,N
L00701,42,C
L00702,0,C
L00702,1,C
L00702,2,O
L00702,3,C
L00702,4,C
L00702,5,C
L00702,6,C
L00702,7,N
L00702,8,C
L00702,9,C
L00702,10,N
L00702,11,C
L00702,12,C
L00702,13,O
L00702,14,N
L00702,15,C
L00702,16,C
L00702,17,C
L00702,18,O
L00702,19,C
L00702,20,C
L00702,21,C
L00702,22,C
L00702,23,C
L00702,24,C
L00702,25,C
L00702,26,O
L00702,27,C
L00702,28,C
L00702,29,C
L00702,30,C
L00702,31,C
L00702,32,C
L00702,33,C
L00702,34,F
L00702,35,F
L00702,36,N
L00702,37,C
L00702,38,O
L00702,39,C
L00702,40,C
L00702,41,N
L00702,42,C
L00703,0,C
L00703,1,C
L00703,2,O
L00703,3,C
L00703,4,C
L00703,5,C
L00703,6,C
L00703,7,N
L00703,8,C
L00703,9,C
L00703,10,N
L00703,11,C
L00703,12,C
L00703,13,O
L00703,14,N
L00703,15,C
L00703,16,C
L00703,17,C
L00703,18,O
L00703,19,C
L00703,20,C
L00703,21,C
L00703,22,C
L00703,23,C
L00703,24,C
L00703,25,C
L00703,26,O
L00703,27,C
L00703,28,C
L00703,29,C
L00703,30,C
L00703,31,C
L00703,32,C
L00703,33,C
L00703,34,F
L00703,35,F
L00703,36,N
L00703,37,C
L00703,38,O
L00703,39,C
L00703,40,C
L00703,41,N
L00703,42,C
L00704,0,C
L00704,1,C
L00704,2,O
L00704,3,C
L00704,4,C
L00704,5,C
L00704,6,C
L00704,7,N
L00704,8,C
L00704,9,C
L00704,10,N
L00704,11,C
L00704,12,C
L00704,13,O
L00704,14,N
L00704,15,C
L00704,16,C
L00704,17,C
L00704,18,O
L00704,19,C
L00704,20,C
L00704,21,C
L00704,22,C
L00704,23,C
L00704,24,C
L00704,25,C
L00704,26,O
L00704,27,C
L00704,28,C
L00704,29,C
L00704,30,C
L00704,31,C
L00704,32,C
L00704,33,C
L00704,34,F
L00704,35,F
L00704,36,N
L00704,37,C
L00704,38,O
L00704,39,C
L00704,40,C
L00704,41,N
L00704,42,C
L00705,0,C
L00705,1,C
L00705,2,C
L00705,3,C
L00705,4,C
L00705,5,C
L00705,6,C
L00705,7,N
L00705,8,C
L00705,9,N
L00705,10,C
L00705,11,C
L00705,12,C
L00705,13,C
L00705,14,C
L00705,15,C
L00705,16,C
L00705,17,C
L00705,18,C
L00705,19,N
L00705,20,C
L00705,21,C
L00705,22,O
L00705,23,O
L00705,24,C
L00705,25,C
L00705,26,C
L00705,27,C
L00705,28,C
L00705,29,C
L00705,30,N
L00705,31,C
L00705,32,O
L00705,33,C
L00705,34,C
L00705,35,C
L00705,36,O
L00705,37,O
L00705,38,Cl
L00705,39,C
L00705,40,C
L00705,41,C
L00705,42,C
L00705,43,C
L00705,44,C
L00705,45,F
L00705,46,Cl
L00706,0,C
L00706,1,C
L00706,2,C
L00706,3,N
L00706,4,C
L00706,5,C
L00706,6,N
L00706,7,C
L00706,8,N
L00706,9,C
L00706,10,C
L00706,11,O
L00706,12,C
L00706,13,C
L00706,14,C
L00706,15,C
L00706,16,C
L00706,17,O
L00706,18,N
L00706,19,C
L00706,20,C
L00706,21,C
L00706,22,C
L00706,23,C
L00706,24,C
L00706,25,C
L00706,26,N
L00706,27,C
L00706,28,C
L00706,29,C
L00706,30,C
L00706,31,C
L00706,32,C
L00706,33,C
L00706,34,F
L00706,35,C
L00706,36,C
L00707,0,C
L00707,1,C
L00707,2,C
L00707,3,N
L00707,4,C
L00707,5,C
L00707,6,N
L00707,7,C
L00707,8,N
L00707,9,C
L00707,10,C
L00707,11,O
L00707,12,C
L00707,13,C
L00707,14,C
L00707,15,C
L00707,16,C
L00707,17,O
L00707,18,N
L00707,19,C
L00707,20,C
L00707,21,C
L00707,22,C
L00707,23,C
L00707,24,C
L00707,25,C
L00707,26,N
L00707,27,C
L00707,28,C
L00707,29,C
L00707,30,C
L00707,31,C
L00707,32,C
L00707,33,C
L00707,34,F
L00707,35,C
L00707,36,C
L00708,0,C
L00708,1,C
L00708,2,C
L00708,3,N
L00708,4,C
L00708,5,C
L00708,6,N
L00708,7,C
L00708,8,N
L00708,9,C
L00708,10,C
L00708,11,O
L00708,12,C
L00708,13,C
L00708,14,C
L00708,15,C
L00708,16,C
L00708,17,O
L00708,18,N
L00708,19,C
L00708,20,C
L00708,21,C
L00708,22,C
L00708,23,C
L00708,24,C
L00708,25,C
L00708,26,N
L00708,27,C
L00708,28,C
L00708,29,C
L00708,30,C
L00708,31,C
L00708,32,C
L00708,33,C
L00708,34,F
L00708,35,C
L00708,36,C
L00709,0,C
L00709,1,C
L00709,2,C
L00709,3,N
L00709,4,C
L00709,5,C
L00709,6,N
L00709,7,C
L00709,8,N
L00709,9,C
L00709,10,C
L00709,11,O
L00709,12,C
L00709,13,C
L00709,14,C
L00709,15,C
L00709,16,C
L00709,17,O
L00709,18,N
L00709,19,C
L00709,20,C
L00709,21,C
L00709,22,C
L00709,23,C
L00709,24,C
L00709,25,C
L00709,26,N
L00709,27,C
L00709,28,C
L00709,29,C
L00709,30,C
L00709,31,C
L00709,32,C
L00709,33,C
L00709,34,F
L00709,35,C
L00709,36,C
L00710,0,C
L00710,1,C
L00710,2,C
L00710,3,C
L00710,4,C
L00710,5,C
L00710,6,C
L00710,7,Cl
L00710,8,N
L00710,9,C
L00710,10,O
L00710,11,N
L00710,12,C
L00710,13,C
L00710,14,C
L00710,15,C
L00710,16,C
L00710,17,C
L00710,18,C
L00710,19,C
L00710,20,N
L00710,21,C
L00710,22,O
L00710,23,C
L00710,24,C
L00710,25,C
L00710,26,C
L00710,27,O
L00710,28,N
L00710,29,C
L00710,30,O
L00711,0,C
L00711,1,C
L00711,2,C
L00711,3,N
L00711,4,C
L00711,5,S
L00711,6,C
L00711,7,C
L00711,8,C
L00711,9,O
L00711,10,O
L00711,11,N
L00712,0,B
L00712,1,C
L00712,2,N
L00712,3,S
L00712,4,O
L00712,5,O
L00712,6,C
L00712,7,C
L00712,8,C
L00712,9,C
L00712,10,C
L00712,11,C
L00712,12,C
L00712,13,C
L00712,14,O
L00712,15,O
L00712,16,O
L00712,17,O
L00712,18,P
L00712,19,O
L00712,20,O
L00712,21,O
L00713,0,C
L00713,1,C
L00713,2,C
L00713,3,C
L00713,4,C
L00713,5,C
L00713,6,C
L00713,7,C
L00713,8,C
L00713,9,C
L00713,10,C
L00713,11,C
L00713,12,C
L00713,13,C
L00713,14,C
L00713,15,C
L00713,16,N
L00713,17,C
L00713,18,N
L00713,19,C
L00713,20,C
L00713,21,N
L00713,22,C
L00713,23,C
L00713,24,C
L00713,25,C
L00713,26,O
L00713,27,C
L00713,28,O
L00713,29,P
L00713,30,O
L00713,31,O
L00713,32,O
L00713,33,O
L00713,34,N
L00713,35,C
L00713,36,N
L00713,37,C
L00713,38,O
L00713,39,N
L00714,0,C
L00714,1,C
L00714,2,N
L00714,3,C
L00714,4,N
L00714,5,C
L00714,6,C
L00714,7,C
L00714,8,N
L00714,9,N
L00714,10,C
L00714,11,N
L00714,12,C
L00714,13,C
L00714,14,C
L00714,15,C
L00714,16,O
L00714,17,C
L00714,18,O
L00714,19,P
L00714,20,O
L00714,21,O
L00714,22,O
L00714,23,O
L00715,0,C
L00715,1,C
L00715,2,C
L00715,3,N
L00715,4,C
L00715,5,C
L00715,6,C
L00715,7,C
L00715,8,C
L00715,9,C
L00715,10,C
L00715,11,C
L00715,12,O
L00716,0,C
L00716,1,C
L00716,2,C
L00716,3,C
L00716,4,C
L00716,5,C
L00716,6,O
L00716,7,C
L00716,8,C
L00716,9,O
L00716,10,O
L00716,11,C
L00716,12,N
L00716,13,C
L00716,14,O
L00716,15,N
L00716,16,C
L00716,17,N
L00716,18,N
L00716,19,C
L00716,20,O
L00716,21,C
L00716,22,C
L00716,23,C
L00716,24,C
L00716,25,O
L00717,0,C
L00717,1,C
L00717,2,C
L00717,3,C
L00717,4,C
L00717,5,C
L00717,6,N
L00717,7,N
L00717,8,C
L00717,9,C
L00717,10,N
L00717,11,C
L00717,12,N
L00717,13,C
L00717,14,O
L00717,15,C
L00717,16,N
L00717,17,C
L00717,18,C
L00717,19,C
L00717,20,O
L00717,21,N
L00717,22,C
L00717,23,C
L00717,24,C
L00717,25,C
L00717,26,C
L00717,27,C
L00717,28,C
L00717,29,C
L00717,30,N
L00717,31,C
L00717,32,C
L00717,33,C
L00717,34,C
L00717,35,N
L00717,36,C
L00717,37,O
L00717,38,Cl
L00719,0,C
L00719,1,C
L00719,2,C
L00719,3,C
L00719,4,C
L00719,5,C
L00719,6,C
L00719,7,C
L00719,8,C
L00719,9,F
L00719,10,C
L00719,11,N
L00719,12,C
L00719,13,O
L00719,14,C
L00719,15,C
L00719,16,C
L00719,17,C
L00719,18,C
L00719,19,C
L00719,20,C
L00719,21,C
L00719,22,O
L00719,23,P
L00719,24,O
L00719,25,O
L00719,26,O
L00719,27,N
L00719,28,C
L00719,29,O
L00719,30,C
L00719,31,C
L00719,32,C
L00719,33,C
L00719,34,C
L00719,35,C
L00719,36,C
L00719,37,F
L00720,0,C
L00720,1,C
L00720,2,C
L00720,3,C
L00720,4,C
L00720,5,C
L00720,6,C
L00720,7,C
L00720,8,N
L00720,9,C
L00720,10,N
L00720,11,C
L00720,12,C
L00720,13,C
L00720,14,C
L00720,15,C
L00720,16,C
L00720,17,C
L00720,18,C
L00720,19,F
L00721,0,C
L00721,1,C
L00721,2,C
L00721,3,C
L00721,4,C
L00721,5,C
L00721,6,C
L00721,7,C
L00721,8,N
L00721,9,C
L00721,10,N
L00721,11,C
L00721,12,C
L00721,13,C
L00721,14,C
L00721,15,C
L00721,16,C
L00721,17,C
L00721,18,C
L00721,19,F
L00722,0,C
L00722,1,C
L00722,2,C
L00722,3,C
L00722,4,C
L00722,5,C
L00722,6,C
L00722,7,C
L00722,8,N
L00722,9,C
L00722,10,N
L00722,11,C
L00722,12,C
L00722,13,C
L00722,14,C
L00722,15,C
L00722,16,C
L00722,17,C
L00722,18,C
L00722,19,F
L00723,0,C
L00723,1,C
L00723,2,C
L00723,3,C
L00723,4,C
L00723,5,C
L00723,6,C
L00723,7,C
L00723,8,N
L00723,9,C
L00723,10,N
L00723,11,C
L00723,12,C
L00723,13,C
L00723,14,C
L00723,15,C
L00723,16,C
L00723,17,C
L00723,18,C
L00723,19,F
L00724,0,C
L00724,1,C
L00724,2,C
L00724,3,C
L00724,4,C
L00724,5,C
L00724,6,C
L00724,7,N
L00724,8,C
L00724,9,C
L00724,10,C
L00724,11,C
L00724,12,C
L00724,13,C
L00724,14,C
L00724,15,C
L00724,16,C
L00724,17,C
L00724,18,C
L00724,19,C
L00724,20,N
L00724,21,C
L00724,22,O
L00724,23,C
L00724,24,C
L00724,25,C
L00724,26,C
L00724,27,O
L00724,28,N
L00724,29,C
L00724,30,O
L00725,0,C
L00725,1,C
L00725,2,C
L00725,3,C
L00725,4,S
L00725,5,C
L00725,6,N
L00725,7,C
L00725,8,N
L00725,9,O
L00725,10,C
L00725,11,N
L00725,12,C
L00725,13,C
L00725,14,C
L00725,15,C
L00725,16,C
L00725,17,O
L00725,18,O
L00725,19,O
L00726,0,C
L00726,1,C
L00726,2,C
L00726,3,C
L00726,4,C
L00726,5,C
L00726,6,N
L00726,7,C
L00726,8,C
L00726,9,O
L00726,10,C
L00726,11,C
L00726,12,C
L00726,13,O
L00726,14,N
L00726,15,C
L00726,16,O
L00726,17,C
L00726,18,C
L00726,19,C
L00726,20,C
L00726,21,O
L00726,22,N
L00726,23,C
L00726,24,O
L00728,0,C
L00728,1,C
L00728,2,C
L00728,3,C
L00728,4,C
L00728,5,C
L00728,6,C
L00728,7,C
L00728,8,C
L00728,9,N
L00728,10,C
L00728,11,N
L00728,12,N
L00728,13,S
L00728,14,O
L00728,15,O
L00728,16,C
L00728,17,C
L00728,18,C
L00728,19,C
L00728,20,C
L00728,21,C
L00728,22,C
L00728,23,N
L00729,0,C
L00729,1,O
L00729,2,C
L00729,3,C
L00729,4,C
L00729,5,C
L00729,6,C
L00729,7,C
L00729,8,S
L00729,9,O
L00729,10,O
L00729,11,N
L00729,12,C
L00729,13,C
L00729,14,C
L00729,15,C
L00729,16,C
L00729,17,C
L00729,18,C
L00729,19,C
L00729,20,C
L00729,21,C
L00729,22,N
L00729,23,C
L00729,24,C
L00729,25,O
L00729,26,O
L00729,27,S
L00729,28,O
L00729,29,O
L00729,30,C
L00729,31,C
L00729,32,C
L00729,33,C
L00729,34,C
L00729,35,C
L00729,36,O
L00729,37,C
L00730,0,C
L00730,1,C
L00730,2,C
L00730,3,C
L00730,4,C
L00730,5,C
L00730,6,C
L00730,7,Cl
L00730,8,N
L00730,9,C
L00730,10,O
L00730,11,C
L00730,12,C
L00730,13,C
L00730,14,C
L00730,15,C
L00730,16,C
L00730,17,C
L00730,18,C
L00730,19,N
L00730,20,C
L00730,21,C
L00730,22,C
L00730,23,O
L00730,24,N
L00730,25,C
L00730,26,O
L00730,27,C
L00730,28,C
L00730,29,C
L00730,30,C
L00730,31,O
L00730,32,N
L00730,33,C
L00730,34,O
L00731,0,C
L00731,1,C
L00731,2,C
L00731,3,C
L00731,4,O
L00731,5,N
L00731,6,C
L00731,7,C
L00731,8,C
L00731,9,C
L00731,10,C
L00731,11,C
L00731,12,C
L00731,13,C
L00731,14,N
L00731,15,C
L00731,16,O
L00731,17,C
L00731,18,O
L00731,19,N
L00731,20,C
L00731,21,C
L00731,22,C
L00731,23,C
L00731,24,C
L00731,25,C
L00731,26,C
L00731,27,C
L00731,28,C
L00731,29,C
L00731,30,C
L00731,31,C
L00731,32,C
L00731,33,C
L00731,34,C
L00731,35,N
L00731,36,N
L00732,0,C
L00732,1,C
L00732,2,C
L00732,3,C
L00732,4,O
L00732,5,N
L00732,6,C
L00732,7,C
L00732,8,C
L00732,9,C
L00732,10,C
L00732,11,C
L00732,12,C
L00732,13,C
L00732,14,N
L00732,15,C
L00732,16,O
L00732,17,C
L00732,18,O
L00732,19,N
L00732,20,C
L00732,21,C
L00732,22,C
L00732,23,C
L00732,24,C
L00732,25,C
L00732,26,C
L00732,27,C
L00732,28,C
L00732,29,C
L00732,30,C
L00732,31,C
L00732,32,C
L00732,33,C
L00732,34,C
L00732,35,N
L00732,36,N
L00733,0,C
L00733,1,C
L00733,2,C
L00733,3,C
L00733,4,O
L00733,5,N
L00733,6,C
L00733,7,C
L00733,8,C
L00733,9,C
L00733,10,C
L00733,11,C
L00733,12,C
L00733,13,C
L00733,14,N
L00733,15,C
L00733,16,O
L00733,17,C
L00733,18,O
L00733,19,N
L00733,20,C
L00733,21,C
L00733,22,C
L00733,23,C
L00733,24,C
L00733,25,C
L00733,26,C
L00733,27,C
L00733,28,C
L00733,29,C
L00733,30,C
L00733,31,C
L00733,32,C
L00733,33,C
L00733,34,C
L00733,35,N
L00733,36,N
L00734,0,C
L00734,1,C
L00734,2,C
L00734,3,C
L00734,4,O
L00734,5,N
L00734,6,C
L00734,7,C
L00734,8,C
L00734,9,C
L00734,10,C
L00734,11,C
L00734,12,C
L00734,13,C
L00734,14,N
L00734,15,C
L00734,16,O
L00734,17,C
L00734,18,O
L00734,19,N
L00734,20,C
L00734,21,C
L00734,22,C
L00734,23,C
L00734,24,C
L00734,25,C
L00734,26,C
L00734,27,C
L00734,28,C
L00734,29,C
L00734,30,C
L00734,31,C
L00734,32,C
L00734,33,C
L00734,34,C
L00734,35,N
L00734,36,N
L00735,0,C
L00735,1,C
L00735,2,C
L00735,3,C
L00735,4,O
L00735,5,N
L00735,6,C
L00735,7,C
L00735,8,C
L00735,9,C
L00735,10,C
L00735,11,C
L00735,12,C
L00735,13,C
L00735,14,N
L00735,15,C
L00735,16,O
L00735,17,C
L00735,18,O
L00735,19,N
L00735,20,C
L00735,21,C
L00735,22,C
L00735,23,C
L00735,24,C
L00735,25,C
L00735,26,C
L00735,27,C
L00735,28,C
L00735,29,C
L00735,30,C
L00735,31,C
L00735,32,C
L00735,33,C
L00735,34,C
L00735,35,N
L00735,36,N
L00736,0,C
L00736,1,N
L00736,2,C
L00736,3,C
L00736,4,C
L00736,5,C
L00736,6,C
L00736,7,C
L00736,8,C
L00736,9,C
L00736,10,C
L00736,11,C
L00736,12,C
L00736,13,N
L00736,14,C
L00736,15,C
L00739,0,C
L00739,1,C
L00739,2,C
L00739,3,C
L00739,4,O
L00739,5,N
L00739,6,C
L00739,7,C
L00739,8,C
L00739,9,C
L00739,10,C
L00739,11,C
L00739,12,C
L00739,13,C
L00739,14,N
L00739,15,C
L00739,16,O
L00739,17,C
L00739,18,O
L00739,19,N
L00739,20,C
L00739,21,C
L00739,22,C
L00739,23,C
L00739,24,C
L00739,25,C
L00739,26,C
L00739,27,C
L00739,28,C
L00739,29,C
L00739,30,C
L00739,31,C
L00739,32,C
L00739,33,C
L00739,34,O
L00739,35,N
L00740,0,C
L00740,1,C
L00740,2,C
L00740,3,C
L00740,4,O
L00740,5,N
L00740,6,C
L00740,7,C
L00740,8,C
L00740,9,C
L00740,10,C
L00740,11,C
L00740,12,C
L00740,13,C
L00740,14,N
L00740,15,C
L00740,16,O
L00740,17,C
L00740,18,O
L00740,19,N
L00740,20,C
L00740,21,C
L00740,22,C
L00740,23,C
L00740,24,C
L00740,25,C
L00740,26,C
L00740,27,C
L00740,28,C
L00740,29,C
L00740,30,C
L00740,31,C
L00740,32,C
L00740,33,C
L00740,34,O
L00740,35,N
L00741,0,C
L00741,1,C
L00741,2,C
L00741,3,C
L00741,4,O
L00741,5,N
L00741,6,C
L00741,7,C
L00741,8,C
L00741,9,C
L00741,10,C
L00741,11,C
L00741,12,C
L00741,13,C
L00741,14,N
L00741,15,C
L00741,16,O
L00741,17,C
L00741,18,O
L00741,19,N
L00741,20,C
L00741,21,C
L00741,22,C
L00741,23,C
L00741,24,C
L00741,25,C
L00741,26,C
L00741,27,C
L00741,28,C
L00741,29,C
L00741,30,C
L00741,31,C
L00741,32,C
L00741,33,C
L00741,34,O
L00741,35,N
L00742,0,C
L00742,1,C
L00742,2,C
L00742,3,C
L00742,4,O
L00742,5,N
L00742,6,C
L00742,7,C
L00742,8,C
L00742,9,C
L00742,10,C
L00742,11,C
L00742,12,C
L00742,13,C
L00742,14,N
L00742,15,C
L00742,16,O
L00742,17,C
L00742,18,O
L00742,19,N
L00742,20,C
L00742,21,C
L00742,22,C
L00742,23,C
L00742,24,C
L00742,25,C
L00742,26,C
L00742,27,C
L00742,28,C
L00742,29,C
L00742,30,C
L00742,31,C
L00742,32,C
L00742,33,C
L00742,34,O
L00742,35,N
L00743,0,C
L00743,1,C
L00743,2,C
L00743,3,C
L00743,4,O
L00743,5,N
L00743,6,C
L00743,7,C
L00743,8,C
L00743,9,C
L00743,10,C
L00743,11,C
L00743,12,C
L00743,13,C
L00743,14,N
L00743,15,C
L00743,16,O
L00743,17,C
L00743,18,O
L00743,19,N
L00743,20,C
L00743,21,C
L00743,22,C
L00743,23,C
L00743,24,C
L00743,25,C
L00743,26,C
L00743,27,C
L00743,28,C
L00743,29,C
L00743,30,C
L00743,31,C
L00743,32,C
L00743,33,C
L00743,34,O
L00743,35,N
L00744,0,C
L00744,1,C
L00744,2,N
L00744,3,C
L00744,4,C
L00744,5,C
L00744,6,C
L00744,7,C
L00744,8,C
L00744,9,N
L00744,10,N
L00744,11,C
L00744,12,C
L00744,13,C
L00744,14,C
L00744,15,O
L00744,16,O
L00744,17,C
L00744,18,C
L00744,19,C
L00744,20,C
L00744,21,C
L00744,22,C
L00744,23,C
L00744,24,N
L00744,25,C
L00744,26,C
L00744,27,C
L00744,28,O
L00744,29,C
L00744,30,C
L00744,31,C
L00744,32,C
L00744,33,C
L00744,34,C
L00744,35,C
L00745,0,C
L00745,1,C
L00745,2,C
L00745,3,O
L00745,4,N
L00745,5,C
L00745,6,C
L00745,7,C
L00745,8,C
L00745,9,C
L00745,10,C
L00745,11,C
L00745,12,C
L00745,13,O
L00745,14,N
L00745,15,C
L00745,16,C
L00745,17,C
L00745,18,C
L00745,19,C
L00745,20,N
L00745,21,C
L00745,22,C
L00745,23,C
L00745,24,O
L00745,25,N
L00745,26,C
L00745,27,C
L00745,28,C
L00745,29,C
L00745,30,C
L00745,31,C
L00745,32,C
L00745,33,C
L00745,34,C
L00745,35,C
L00745,36,N
L00745,37,C
L00746,0,C
L00746,1,C
L00746,2,C
L00746,3,O
L00746,4,N
L00746,5,C
L00746,6,C
L00746,7,N
L00746,8,C
L00746,9,C
L00746,10,C
L00746,11,C
L00746,12,C
L00746,13,C
L00746,14,N
L00746,15,C
L00746,16,O
L00746,17,C
L00746,18,C
L00746,19,C
L00746,20,C
L00746,21,C
L00746,22,C
L00746,23,C
L00746,24,C
L00746,25,C
L00746,26,C
L00746,27,C
L00746,28,O
L00746,29,C
L00746,30,C
L00746,31,O
L00746,32,C
L00746,33,C
L00746,34,C
L00746,35,C
L00746,36,C
L00746,37,C
L00746,38,N
L00746,39,N
L00746,40,C
L00747,0,C
L00747,1,C
L00747,2,C
L00747,3,O
L00747,4,N
L00747,5,C
L00747,6,C
L00747,7,O
L00747,8,N
L00747,9,C
L00747,10,C
L00747,11,C
L00747,12,C
L00747,13,C
L00747,14,C
L00747,15,O
L00747,16,C
L00747,17,C
L00747,18,C
L00747,19,O
L00747,20,C
L00747,21,C
L00747,22,C
L00747,23,C
L00747,24,C
L00747,25,C
L00747,26,C
L00747,27,C
L00747,28,C
L00747,29,C
L00747,30,C
L00747,31,C
L00747,32,C
L00747,33,O
L00747,34,C
L00747,35,C
L00747,36,O
L00747,37,O
L00747,38,N
L00747,39,C
L00748,0,C
L00748,1,C
L00748,2,C
L00748,3,O
L00748,4,N
L00748,5,C
L00748,6,C
L00748,7,C
L00748,8,C
L00748,9,C
L00748,10,C
L00748,11,C
L00748,12,C
L00748,13,O
L00748,14,N
L00748,15,C
L00748,16,C
L00748,17,C
L00748,18,C
L00748,19,C
L00748,20,C
L00748,21,N
L00748,22,C
L00748,23,C
L00748,24,C
L00748,25,O
L00748,26,N
L00748,27,C
L00748,28,C
L00748,29,C
L00748,30,O
L00748,31,C
L00748,32,C
L00748,33,C
L00748,34,C
L00748,35,C
L00748,36,C
L00748,37,N
L00748,38,C
L00749,0,C
L00749,1,C
L00749,2,C
L00749,3,O
L00749,4,N
L00749,5,C
L00749,6,C
L00749,7,C
L00749,8,C
L00749,9,C
L00749,10,C
L00749,11,C
L00749,12,C
L00749,13,O
L00749,14,N
L00749,15,C
L00749,16,C
L00749,17,C
L00749,18,C
L00749,19,C
L00749,20,N
L00749,21,C
L00749,22,C
L00749,23,C
L00749,24,O
L00749,25,N
L00749,26,C
L00749,27,C
L00749,28,C
L00749,29,O
L00749,30,C
L00749,31,C
L00749,32,C
L00749,33,C
L00749,34,C
L00749,35,C
L00749,36,N
L00749,37,C
L00750,0,C
L00750,1,C
L00750,2,C
L00750,3,C
L00750,4,C
L00750,5,C
L00750,6,O
L00750,7,N
L00750,8,O
L00750,9,N
L00750,10,C
L00750,11,C
L00750,12,C
L00750,13,C
L00750,14,C
L00750,15,C
L00750,16,C
L00750,17,C
L00750,18,N
L00750,19,C
L00750,20,C
L00750,21,O
L00750,22,N
L00750,23,O
L00750,24,Cl
L00750,25,C
L00750,26,O
L00750,27,N
L00750,28,C
L00750,29,C
L00750,30,C
L00750,31,C
L00750,32,C
L00750,33,C
L00750,34,C
L00751,0,C
L00751,1,C
L00751,2,C
L00751,3,C
L00751,4,O
L00751,5,N
L00751,6,C
L00751,7,C
L00751,8,C
L00751,9,C
L00751,10,C
L00751,11,C
L00751,12,C
L00751,13,C
L00751,14,O
L00751,15,N
L00751,16,C
L00751,17,C
L00751,18,C
L00751,19,C
L00751,20,C
L00751,21,N
L00751,22,C
L00751,23,C
L00751,24,C
L00751,25,O
L00751,26,N
L00751,27,C
L00751,28,C
L00751,29,C
L00751,30,O
L00751,31,C
L00751,32,C
L00751,33,C
L00751,34,C
L00751,35,C
L00751,36,C
L00751,37,N
L00751,38,C
L00752,0,C
L00752,1,C
L00752,2,C
L00752,3,C
L00752,4,O
L00752,5,N
L00752,6,C
L00752,7,C
L00752,8,C
L00752,9,C
L00752,10,C
L00752,11,C
L00752,12,C
L00752,13,C
L00752,14,O
L00752,15,N
L00752,16,C
L00752,17,C
L00752,18,C
L00752,19,C
L00752,20,C
L00752,21,C
L00752,22,C
L00752,23,C
L00752,24,C
L00752,25,N
L00752,26,C
L00752,27,C
L00752,28,C
L00752,29,O
L00752,30,N
L00752,31,C
L00752,32,C
L00752,33,C
L00752,34,O
L00752,35,C
L00752,36,C
L00752,37,C
L00752,38,C
L00752,39,C
L00752,40,C
L00752,41,N
L00752,42,C
L00755,0,C
L00755,1,C
L00755,2,C
L00755,3,O
L00755,4,N
L00755,5,C
L00755,6,C
L00755,7,C
L00755,8,C
L00755,9,C
L00755,10,O
L00755,11,N
L00755,12,C
L00755,13,C
L00755,14,C
L00755,15,C
L00755,16,C
L00755,17,O
L00755,18,N
L00755,19,C
L00755,20,C
L00755,21,C
L00755,22,C
L00755,23,C
L00755,24,C
L00755,25,C
L00755,26,C
L00755,27,C
L00755,28,C
L00755,29,C
L00755,30,C
L00755,31,C
L00755,32,C
L00755,33,N
L00756,0,C
L00756,1,C
L00756,2,C
L00756,3,O
L00756,4,N
L00756,5,C
L00756,6,C
L00756,7,C
L00756,8,C
L00756,9,C
L00756,10,O
L00756,11,N
L00756,12,C
L00756,13,C
L00756,14,C
L00756,15,C
L00756,16,C
L00756,17,O
L00756,18,N
L00756,19,C
L00756,20,C
L00756,21,C
L00756,22,C
L00756,23,C
L00756,24,C
L00756,25,C
L00756,26,C
L00756,27,C
L00756,28,C
L00756,29,C
L00756,30,C
L00756,31,C
L00756,32,C
L00756,33,N
L00758,0,C
L00758,1,C
L00758,2,C
L00758,3,C
L00758,4,C
L00758,5,C
L00758,6,C
L00758,7,C
L00758,8,S
L00758,9,O
L00758,10,O
L00758,11,C
L00758,12,C
L00758,13,N
L00758,14,C
L00758,15,N
L00758,16,C
L00758,17,O
L00758,18,S
L00758,19,C
L00758,20,C
L00758,21,O
L00758,22,N
L00758,23,C
L00758,24,C
L00758,25,C
L00758,26,C
L00758,27,C
L00758,28,C
L00758,29,C
L00758,30,F
L00758,31,F
L00758,32,F
L00760,0,C
L00760,1,C
L00760,2,C
L00760,3,N
L00760,4,N
L00760,5,C
L00760,6,C
L00760,7,C
L00760,8,N
L00760,9,C
L00760,10,C
L00760,11,Br
L00761,0,C
L00761,1,C
L00761,2,C
L00761,3,O
L00761,4,N
L00761,5,C
L00761,6,C
L00761,7,C
L00761,8,C
L00761,9,C
L00761,10,O
L00761,11,N
L00761,12,N
L00762,0,C
L00762,1,C
L00762,2,C
L00762,3,N
L00762,4,C
L00762,5,C
L00762,6,C
L00762,7,O
L00762,8,C
L00762,9,N
L00762,10,C
L00762,11,C
L00762,12,N
L00762,13,C
L00762,14,C
L00763,0,C
L00763,1,C
L00763,2,C
L00763,3,O
L00763,4,N
L00763,5,C
L00763,6,C
L00763,7,C
L00763,8,C
L00763,9,C
L00763,10,N
L00763,11,N
L00763,12,N
L00764,0,C
L00764,1,C
L00764,2,C
L00764,3,N
L00764,4,C
L00764,5,C
L00764,6,N
L00764,7,C
L00764,8,C
L00764,9,O
L00764,10,N
L00764,11,C
L00764,12,C
L00764,13,C
L00764,14,C
L00764,15,C
L00764,16,C
L00764,17,C
L00764,18,C
L00764,19,Cl
L00764,20,C
L00764,21,C
L00765,0,C
L00765,1,C
L00765,2,C
L00765,3,N
L00765,4,C
L00765,5,C
L00765,6,N
L00765,7,C
L00765,8,C
L00765,9,O
L00765,10,N
L00765,11,C
L00765,12,C
L00765,13,C
L00765,14,C
L00766,0,C
L00766,1,C
L00766,2,C
L00766,3,N
L00766,4,C
L00766,5,C
L00766,6,N
L00766,7,C
L00766,8,C
L00766,9,O
L00766,10,N
L00766,11,C
L00766,12,C
L00766,13,C
L00766,14,C
L00766,15,C
L00766,16,C
L00766,17,C
L00766,18,C
L00767,0,C
L00767,1,C
L00767,2,C
L00767,3,N
L00767,4,C
L00767,5,C
L00767,6,N
L00767,7,C
L00767,8,C
L00767,9,O
L00767,10,N
L00767,11,C
L00767,12,C
L00767,13,C
L00767,14,C
L00767,15,C
L00767,16,C
L00767,17,N
L00767,18,C
L00767,19,Cl
L00768,0,C
L00768,1,C
L00768,2,C
L00768,3,N
L00768,4,C
L00768,5,C
L00768,6,N
L00768,7,C
L00768,8,O
L00768,9,C
L00768,10,C
L00768,11,C
L00768,12,O
L00768,13,N
L00768,14,C
L00768,15,C
L00768,16,C
L00768,17,C
L00768,18,C
L00768,19,C
L00768,20,N
L00768,21,C
L00768,22,Cl
L00768,23,C
L00768,24,C
L00769,0,C
L00769,1,C
L00769,2,C
L00769,3,N
L00769,4,C
L00769,5,C
L00769,6,N
L00769,7,C
L00769,8,O
L00769,9,C
L00769,10,C
L00769,11,C
L00769,12,O
L00769,13,N
L00769,14,C
L00769,15,C
L00769,16,C
L00769,17,C
L00769,18,C
L00769,19,C
L00769,20,N
L00769,21,C
L00769,22,C
L00769,23,C
L00769,24,C
L00769,25,C
L00769,26,C
L00769,27,C
L00769,28,C
L00769,29,C
L00769,30,C
L00770,0,C
L00770,1,C
L00770,2,C
L00770,3,O
L00770,4,N
L00770,5,C
L00770,6,C
L00770,7,C
L00770,8,C
L00770,9,C
L00770,10,C
L00770,11,C
L00770,12,C
L00770,13,O
L00770,14,N
L00770,15,C
L00770,16,C
L00770,17,C
L00770,18,C
L00770,19,C
L00770,20,N
L00770,21,C
L00770,22,C
L00770,23,S
L00770,24,C
L00770,25,C
L00770,26,C
L00770,27,C
L00770,28,C
L00770,29,C
L00770,30,C
L00770,31,C
L00770,32,C
L00770,33,C
L00770,34,N
L00770,35,C
L00771,0,C
L00771,1,C
L00771,2,C
L00771,3,O
L00771,4,N
L00771,5,C
L00771,6,C
L00771,7,C
L00771,8,C
L00771,9,C
L00771,10,C
L00771,11,C
L00771,12,C
L00771,13,O
L00771,14,N
L00771,15,C
L00771,16,C
L00771,17,C
L00771,18,C
L00771,19,C
L00771,20,N
L00771,21,C
L00771,22,C
L00771,23,S
L00771,24,C
L00771,25,C
L00771,26,C
L00771,27,C
L00771,28,C
L00771,29,C
L00771,30,C
L00771,31,C
L00771,32,C
L00771,33,C
L00771,34,N
L00771,35,C
L00772,0,C
L00772,1,C
L00772,2,C
L00772,3,N
L00772,4,C
L00772,5,C
L00772,6,N
L00772,7,C
L00772,8,N
L00772,9,C
L00772,10,C
L00772,11,C
L00772,12,C
L00772,13,O
L00772,14,C
L00772,15,C
L00772,16,O
L00772,17,N
L00772,18,C
L00772,19,C
L00772,20,C
L00772,21,C
L00772,22,C
L00772,23,C
L00772,24,C
L00772,25,N
L00772,26,C
L00772,27,C
L00772,28,C
L00772,29,C
L00772,30,C
L00772,31,C
L00772,32,C
L00772,33,C
L00772,34,C
L00773,0,C
L00773,1,C
L00773,2,C
L00773,3,N
L00773,4,N
L00773,5,C
L00773,6,C
L00773,7,C
L00773,8,C
L00773,9,N
L00773,10,C
L00773,11,C
L00773,12,N
L00773,13,C
L00773,14,C
L00773,15,O
L00773,16,N
L00773,17,C
L00773,18,C
L00773,19,C
L00773,20,C
L00773,21,C
L00773,22,C
L00773,23,N
L00773,24,C
L00773,25,C
L00773,26,C
L00773,27,C
L00773,28,C
L00773,29,C
L00773,30,C
L00773,31,C
L00773,32,C
L00773,33,C
L00773,34,C
L00774,0,C
L00774,1,C
L00774,2,C
L00774,3,N
L00774,4,C
L00774,5,C
L00774,6,N
L00774,7,C
L00774,8,O
L00774,9,C
L00774,10,C
L00774,11,C
L00774,12,O
L00774,13,N
L00774,14,C
L00774,15,C
L00774,16,C
L00774,17,C
L00774,18,C
L00774,19,C
L00774,20,C
L00774,21,N
L00774,22,C
L00774,23,C
L00774,24,C
L00774,25,C
L00774,26,C
L00774,27,C
L00774,28,C
L00774,29,C
L00774,30,C
L00775,0,C
L00775,1,C
L00775,2,C
L00775,3,N
L00775,4,C
L00775,5,C
L00775,6,N
L00775,7,C
L00775,8,O
L00775,9,N
L00775,10,C
L00775,11,C
L00775,12,O
L00775,13,C
L00775,14,C
L00775,15,C
L00775,16,C
L00775,17,O
L00775,18,N
L00775,19,C
L00775,20,C
L00775,21,C
L00775,22,C
L00775,23,C
L00775,24,C
L00775,25,C
L00775,26,N
L00775,27,C
L00775,28,C
L00775,29,C
L00775,30,C
L00775,31,C
L00775,32,C
L00775,33,C
L00775,34,C
L00775,35,C
L00776,0,C
L00776,1,C
L00776,2,C
L00776,3,O
L00776,4,N
L00776,5,C
L00776,6,C
L00776,7,O
L00776,8,N
L00776,9,C
L00776,10,C
L00776,11,C
L00776,12,C
L00776,13,C
L00776,14,O
L00776,15,N
L00776,16,C
L00776,17,C
L00776,18,C
L00776,19,C
L00776,20,C
L00776,21,C
L00776,22,C
L00776,23,C
L00776,24,C
L00776,25,C
L00776,26,O
L00776,27,C
L00776,28,C
L00776,29,C
L00776,30,C
L00776,31,C
L00776,32,C
L00776,33,C
L00776,34,C
L00776,35,C
L00776,36,C
L00776,37,N
L00776,38,C
L00777,0,C
L00777,1,C
L00777,2,C
L00777,3,O
L00777,4,N
L00777,5,C
L00777,6,C
L00777,7,O
L00777,8,N
L00777,9,C
L00777,10,C
L00777,11,C
L00777,12,C
L00777,13,C
L00777,14,O
L00777,15,N
L00777,16,C
L00777,17,C
L00777,18,C
L00777,19,C
L00777,20,C
L00777,21,C
L00777,22,C
L00777,23,C
L00777,24,C
L00777,25,C
L00777,26,C
L00777,27,C
L00777,28,C
L00777,29,C
L00777,30,N
L00777,31,C
L00778,0,C
L00778,1,C
L00778,2,C
L00778,3,C
L00778,4,N
L00778,5,C
L00778,6,C
L00778,7,O
L00778,8,N
L00778,9,C
L00778,10,C
L00778,11,C
L00778,12,C
L00778,13,C
L00778,14,C
L00778,15,C
L00778,16,N
L00778,17,C
L00778,18,C
L00778,19,C
L00778,20,N
L00778,21,C
L00778,22,O
L00778,23,C
L00778,24,C
L00778,25,C
L00778,26,C
L00778,27,C
L00778,28,C
L00778,29,C
L00778,30,N
L00778,31,C
L00778,32,O
L00778,33,C
L00778,34,C
L00778,35,N
L00778,36,C
L00779,0,C
L00779,1,C
L00779,2,C
L00779,3,N
L00779,4,C
L00779,5,C
L00779,6,N
L00779,7,C
L00779,8,N
L00779,9,C
L00779,10,C
L00779,11,O
L00779,12,C
L00779,13,C
L00779,14,C
L00779,15,C
L00779,16,C
L00779,17,O
L00779,18,N
L00779,19,C
L00779,20,C
L00779,21,C
L00779,22,C
L00779,23,C
L00779,24,C
L00779,25,C
L00779,26,N
L00779,27,C
L00779,28,O
L00779,29,C
L00779,30,C
L00779,31,C
L00779,32,C
L00779,33,C
L00779,34,C
L00779,35,C
L00779,36,F
L00779,37,C
L00779,38,C
L00780,0,C
L00780,1,C
L00780,2,C
L00780,3,C
L00780,4,O
L00780,5,N
L00780,6,C
L00780,7,C
L00780,8,C
L00780,9,C
L00780,10,C
L00780,11,C
L00780,12,C
L00780,13,C
L00780,14,C
L00780,15,N
L00780,16,C
L00780,17,O
L00780,18,C
L00780,19,O
L00780,20,N
L00780,21,C
L00780,22,C
L00780,23,C
L00780,24,C
L00780,25,C
L00780,26,C
L00780,27,C
L00780,28,C
L00780,29,C
L00780,30,C
L00780,31,C
L00780,32,C
L00780,33,C
L00780,34,N
L00780,35,C
L00781,0,C
L00781,1,C
L00781,2,C
L00781,3,C
L00781,4,O
L00781,5,N
L00781,6,C
L00781,7,C
L00781,8,C
L00781,9,C
L00781,10,C
L00781,11,C
L00781,12,C
L00781,13,C
L00781,14,C
L00781,15,N
L00781,16,C
L00781,17,O
L00781,18,C
L00781,19,O
L00781,20,N
L00781,21,C
L00781,22,C
L00781,23,C
L00781,24,C
L00781,25,C
L00781,26,C
L00781,27,C
L00781,28,C
L00781,29,C
L00781,30,C
L00781,31,C
L00781,32,C
L00781,33,C
L00781,34,N
L00781,35,C
L00782,0,C
L00782,1,C
L00782,2,C
L00782,3,C
L00782,4,C
L00782,5,C
L00782,6,C
L00782,7,C
L00782,8,C
L00782,9,C
L00782,10,C
L00782,11,C
L00782,12,C
L00782,13,C
L00782,14,C
L00782,15,O
L00782,16,O
L00782,17,N
L00783,0,C
L00783,1,C
L00783,2,C
L00783,3,C
L00783,4,O
L00783,5,N
L00783,6,C
L00783,7,C
L00783,8,C
L00783,9,C
L00783,10,C
L00783,11,C
L00783,12,C
L00783,13,C
L00783,14,N
L00783,15,C
L00783,16,O
L00783,17,C
L00783,18,O
L00783,19,N
L00783,20,C
L00783,21,C
L00783,22,C
L00783,23,C
L00783,24,C
L00783,25,C
L00783,26,C
L00783,27,C
L00783,28,C
L00783,29,C
L00783,30,C
L00783,31,C
L00783,32,C
L00783,33,C
L00783,34,C
L00783,35,N
L00783,36,C
L00783,37,C
L00783,38,C
L00783,39,C
L00783,40,C
L00783,41,C
L00783,42,C
L00783,43,N
L00783,44,C
L00784,0,C
L00784,1,C
L00784,2,C
L00784,3,C
L00784,4,O
L00784,5,N
L00784,6,C
L00784,7,C
L00784,8,C
L00784,9,C
L00784,10,C
L00784,11,C
L00784,12,C
L00784,13,C
L00784,14,N
L00784,15,C
L00784,16,O
L00784,17,C
L00784,18,O
L00784,19,N
L00784,20,C
L00784,21,C
L00784,22,C
L00784,23,C
L00784,24,C
L00784,25,C
L00784,26,C
L00784,27,C
L00784,28,C
L00784,29,C
L00784,30,C
L00784,31,C
L00784,32,C
L00784,33,C
L00784,34,C
L00784,35,N
L00784,36,C
L00784,37,C
L00784,38,C
L00784,39,C
L00784,40,C
L00784,41,C
L00784,42,C
L00784,43,N
L00784,44,C
L00785,0,C
L00785,1,C
L00785,2,C
L00785,3,O
L00785,4,N
L00785,5,C
L00785,6,C
L00785,7,C
L00785,8,C
L00785,9,C
L00785,10,C
L00785,11,C
L00785,12,C
L00785,13,N
L00785,14,C
L00785,15,O
L00785,16,C
L00785,17,N
L00785,18,C
L00785,19,O
L00785,20,C
L00785,21,C
L00785,22,N
L00785,23,C
L00785,24,C
L00785,25,O
L00785,26,N
L00785,27,C
L00785,28,C
L00785,29,C
L00785,30,C
L00785,31,C
L00785,32,C
L00785,33,C
L00786,0,C
L00786,1,C
L00786,2,C
L00786,3,O
L00786,4,N
L00786,5,C
L00786,6,C
L00786,7,C
L00786,8,C
L00786,9,C
L00786,10,C
L00786,11,C
L00786,12,C
L00786,13,N
L00786,14,C
L00786,15,O
L00786,16,C
L00786,17,N
L00786,18,C
L00786,19,O
L00786,20,C
L00786,21,C
L00786,22,N
L00786,23,C
L00786,24,C
L00786,25,O
L00786,26,N
L00786,27,C
L00786,28,C
L00786,29,C
L00786,30,C
L00786,31,C
L00786,32,C
L00786,33,C
L00787,0,C
L00787,1,C
L00787,2,C
L00787,3,C
L00787,4,O
L00787,5,N
L00787,6,C
L00787,7,C
L00787,8,C
L00787,9,C
L00787,10,C
L00787,11,C
L00787,12,C
L00787,13,C
L00787,14,N
L00787,15,C
L00787,16,O
L00787,17,C
L00787,18,O
L00787,19,N
L00787,20,C
L00787,21,C
L00787,22,C
L00787,23,C
L00787,24,C
L00787,25,C
L00787,26,C
L00787,27,C
L00787,28,C
L00787,29,C
L00787,30,C
L00787,31,C
L00787,32,O
L00787,33,N
L00787,34,C
L00788,0,C
L00788,1,C
L00788,2,C
L00788,3,C
L00788,4,O
L00788,5,N
L00788,6,C
L00788,7,C
L00788,8,C
L00788,9,C
L00788,10,C
L00788,11,C
L00788,12,C
L00788,13,C
L00788,14,N
L00788,15,C
L00788,16,O
L00788,17,C
L00788,18,O
L00788,19,N
L00788,20,C
L00788,21,C
L00788,22,C
L00788,23,C
L00788,24,C
L00788,25,C
L00788,26,C
L00788,27,C
L00788,28,C
L00788,29,C
L00788,30,C
L00788,31,C
L00788,32,O
L00788,33,N
L00788,34,C
L00789,0,C
L00789,1,C
L00789,2,C
L00789,3,N
L00789,4,C
L00789,5,C
L00789,6,O
L00789,7,C
L00789,8,O
L00789,9,N
L00789,10,C
L00789,11,C
L00789,12,C
L00789,13,C
L00789,14,C
L00789,15,O
L00789,16,N
L00789,17,C
L00789,18,C
L00789,19,C
L00789,20,C
L00789,21,N
L00789,22,C
L00789,23,C
L00789,24,C
L00789,25,C
L00789,26,C
L00789,27,C
L00789,28,C
L00789,29,O
L00789,30,O
L00789,31,N
L00790,0,C
L00790,1,C
L00790,2,C
L00790,3,C
L00790,4,C
L00790,5,C
L00790,6,C
L00790,7,C
L00790,8,C
L00790,9,N
L00790,10,C
L00790,11,N
L00790,12,C
L00790,13,C
L00790,14,C
L00790,15,O
L00790,16,C
L00790,17,O
L00790,18,C
L00790,19,C
L00790,20,O
L00790,21,N
L00790,22,C
L00790,23,C
L00790,24,O
L00790,25,C
L00790,26,C
L00791,0,C
L00791,1,C
L00791,2,C
L00791,3,N
L00791,4,C
L00791,5,C
L00791,6,N
L00791,7,C
L00791,8,N
L00791,9,C
L00791,10,C
L00791,11,C
L00791,12,C
L00791,13,C
L00791,14,C
L00791,15,C
L00791,16,C
L00791,17,O
L00791,18,C
L00791,19,C
L00791,20,O
L00791,21,N
L00791,22,C
L00791,23,C
L00791,24,C
L00791,25,C
L00791,26,C
L00791,27,C
L00791,28,C
L00791,29,N
L00791,30,C
L00791,31,C
L00791,32,C
L00791,33,C
L00791,34,C
L00791,35,C
L00791,36,C
L00791,37,F
L00791,38,C
L00791,39,C
L00792,0,C
L00792,1,C
L00792,2,C
L00792,3,N
L00792,4,C
L00792,5,C
L00792,6,N
L00792,7,C
L00792,8,N
L00792,9,C
L00792,10,C
L00792,11,O
L00792,12,C
L00792,13,C
L00792,14,C
L00792,15,C
L00792,16,C
L00792,17,C
L00792,18,O
L00792,19,N
L00792,20,C
L00792,21,C
L00792,22,C
L00792,23,C
L00792,24,C
L00792,25,C
L00792,26,C
L00792,27,N
L00792,28,C
L00792,29,C
L00792,30,C
L00792,31,C
L00792,32,C
L00792,33,C
L00792,34,C
L00792,35,F
L00792,36,O
L00792,37,C
L00792,38,C
L00794,0,C
L00794,1,C
L00794,2,N
L00794,3,C
L00794,4,C
L00794,5,N
L00794,6,C
L00794,7,C
L00794,8,C
L00794,9,C
L00794,10,C
L00794,11,C
L00794,12,Cl
L00794,13,C
L00794,14,C
L00794,15,C
L00794,16,C
L00794,17,C
L00794,18,C
L00794,19,Cl
L00795,0,C
L00795,1,C
L00795,2,O
L00795,3,C
L00795,4,C
L00795,5,C
L00795,6,C
L00795,7,C
L00795,8,C
L00795,9,C
L00795,10,N
L00795,11,C
L00795,12,C
L00795,13,N
L00795,14,C
L00795,15,O
L00795,16,N
L00795,17,C
L00795,18,C
L00795,19,N
L00795,20,C
L00795,21,C
L00795,22,C
L00795,23,C
L00795,24,O
L00795,25,C
L00795,26,C
L00795,27,C
L00795,28,C
L00795,29,C
L00795,30,C
L00795,31,Br
L00795,32,C
L00795,33,C
L00795,34,C
L00795,35,C
L00795,36,C
L00795,37,C
L00795,38,Br
L00795,39,O
L00795,40,C
L00796,0,C
L00796,1,C
L00796,2,C
L00796,3,O
L00796,4,N
L00796,5,C
L00796,6,C
L00796,7,C
L00796,8,C
L00796,9,C
L00796,10,C
L00796,11,C
L00796,12,C
L00796,13,O
L00796,14,N
L00796,15,C
L00796,16,C
L00796,17,C
L00796,18,C
L00796,19,C
L00796,20,N
L00796,21,C
L00796,22,C
L00796,23,S
L00796,24,C
L00796,25,O
L00796,26,C
L00796,27,C
L00796,28,C
L00796,29,C
L00796,30,C
L00796,31,C
L00796,32,F
L00796,33,N
L00796,34,C
L00797,0,C
L00797,1,C
L00797,2,C
L00797,3,O
L00797,4,N
L00797,5,C
L00797,6,C
L00797,7,C
L00797,8,C
L00797,9,C
L00797,10,C
L00797,11,C
L00797,12,C
L00797,13,O
L00797,14,N
L00797,15,C
L00797,16,C
L00797,17,C
L00797,18,C
L00797,19,C
L00797,20,N
L00797,21,C
L00797,22,C
L00797,23,S
L00797,24,C
L00797,25,O
L00797,26,C
L00797,27,C
L00797,28,C
L00797,29,C
L00797,30,C
L00797,31,C
L00797,32,F
L00797,33,N
L00797,34,C
L00798,0,C
L00798,1,N
L00798,2,C
L00798,3,C
L00798,4,C
L00798,5,C
L00798,6,C
L00798,7,C
L00798,8,N
L00798,9,N
L00798,10,C
L00798,11,C
L00798,12,C
L00798,13,O
L00798,14,O
L00798,15,C
L00798,16,C
L00798,17,C
L00798,18,C
L00798,19,C
L00798,20,C
L00798,21,Cl
L00799,0,C
L00799,1,C
L00799,2,C
L00799,3,N
L00799,4,C
L00799,5,C
L00799,6,C
L00799,7,C
L00799,8,N
L00799,9,N
L00799,10,C
L00799,11,N
L00799,12,C
L00799,13,N
L00799,14,C
L00800,0,C
L00800,1,N
L00800,2,C
L00800,3,C
L00800,4,C
L00800,5,C
L00800,6,C
L00800,7,C
L00800,8,C
L00800,9,C
L00800,10,C
L00800,11,S
L00800,12,O
L00800,13,O
L00800,14,N
L00801,0,C
L00801,1,C
L00801,2,N
L00801,3,N
L00801,4,S
L00801,5,C
L00801,6,O
L00801,7,N
L00801,8,C
L00801,9,C
L00801,10,O
L00801,11,C
L00801,12,C
L00802,0,C
L00802,1,C
L00802,2,C
L00802,3,C
L00802,4,C
L00802,5,C
L00802,6,C
L00802,7,C
L00802,8,N
L00802,9,C
L00802,10,N
L00802,11,C
L00802,12,C
L00802,13,C
L00802,14,C
L00802,15,C
L00802,16,C
L00802,17,C
L00802,18,C
L00802,19,C
L00802,20,C
L00802,21,C
L00802,22,Cl
L00803,0,C
L00803,1,C
L00803,2,C
L00803,3,C
L00803,4,C
L00803,5,C
L00803,6,C
L00803,7,C
L00803,8,C
L00803,9,C
L00803,10,C
L00803,11,C
L00803,12,C
L00803,13,C
L00803,14,C
L00803,15,C
L00803,16,C
L00803,17,C
L00803,18,C
L00803,19,N
L00803,20,C
L00803,21,C
L00803,22,N
L00804,0,C
L00804,1,C
L00804,2,O
L00804,3,N
L00804,4,C
L00804,5,C
L00804,6,N
L00804,7,C
L00804,8,C
L00804,9,C
L00804,10,C
L00804,11,C
L00804,12,C
L00804,13,C
L00804,14,C
L00804,15,N
L00804,16,C
L00804,17,N
L00804,18,C
L00804,19,N
L00804,20,C
L00804,21,C
L00804,22,N
L00804,23,C
L00804,24,C
L00804,25,C
L00804,26,C
L00804,27,C
L00804,28,C
L00804,29,C
L00804,30,C
L00804,31,C
L00804,32,C
L00804,33,C
L00804,34,Cl
L00805,0,C
L00805,1,N
L00805,2,C
L00805,3,C
L00805,4,C
L00805,5,N
L00805,6,C
L00805,7,C
L00805,8,C
L00805,9,C
L00805,10,C
L00805,11,N
L00805,12,C
L00805,13,C
L00805,14,O
L00805,15,C
L00805,16,C
L00805,17,C
L00805,18,C
L00805,19,C
L00805,20,C
L00805,21,C
L00805,22,C
L00805,23,N
L00805,24,Cl
L00805,25,C
L00805,26,C
L00805,27,N
L00805,28,C
L00805,29,N
L00805,30,C
L00805,31,C
L00805,32,C
L00805,33,C
L00805,34,C
L00805,35,C
L00805,36,C
L00805,37,Cl
L00805,38,C
L00805,39,C
L00805,40,C
L00805,41,C
L00805,42,C
L00805,43,C
L00806,0,C
L00806,1,C
L00806,2,C
L00806,3,C
L00806,4,O
L00806,5,N
L00806,6,C
L00806,7,C
L00806,8,C
L00806,9,C
L00806,10,C
L00806,11,C
L00806,12,C
L00806,13,C
L00806,14,N
L00806,15,C
L00806,16,O
L00806,17,C
L00806,18,O
L00806,19,N
L00806,20,C
L00806,21,C
L00806,22,C
L00806,23,C
L00806,24,C
L00806,25,C
L00806,26,C
L00806,27,C
L00806,28,C
L00806,29,C
L00806,30,C
L00806,31,C
L00806,32,C
L00806,33,C
L00806,34,N
L00806,35,N
L00807,0,C
L00807,1,C
L00807,2,C
L00807,3,C
L00807,4,O
L00807,5,N
L00807,6,C
L00807,7,C
L00807,8,C
L00807,9,C
L00807,10,C
L00807,11,C
L00807,12,C
L00807,13,C
L00807,14,N
L00807,15,C
L00807,16,O
L00807,17,C
L00807,18,O
L00807,19,N
L00807,20,C
L00807,21,C
L00807,22,C
L00807,23,C
L00807,24,C
L00807,25,C
L00807,26,C
L00807,27,C
L00807,28,C
L00807,29,C
L00807,30,C
L00807,31,C
L00807,32,C
L00807,33,C
L00807,34,N
L00807,35,N
L00003,0,C
L00003,1,C
L00003,2,C
L00003,3,C
L00003,4,C
L00003,5,C
L00003,6,C
L00003,7,O
L00003,8,N
L00003,9,C
L00003,10,O
L00003,11,C
L00003,12,C
L00003,13,C
L00003,14,C
L00003,15,O
L00003,16,N
L00003,17,C
L00003,18,O
L00013,0,C
L00013,1,C
L00013,2,C
L00013,3,C
L00013,4,C
L00013,5,C
L00013,6,C
L00013,7,C
L00013,8,C
L00013,9,N
L00013,10,C
L00013,11,C
L00013,12,N
L00013,13,C
L00024,0,C
L00024,1,C
L00024,2,O
L00024,3,C
L00024,4,C
L00024,5,O
L00024,6,C
L00024,7,C
L00024,8,O
L00024,9,O
L00040,0,C
L00040,1,C
L00040,2,C
L00040,3,C
L00040,4,C
L00040,5,N
L00040,6,C
L00040,7,N
L00040,8,N
L00040,9,C
L00040,10,C
L00040,11,C
L00040,12,O
L00040,13,O
L00040,14,C
L00040,15,C
L00040,16,C
L00040,17,C
L00046,0,C
L00046,1,C
L00046,2,C
L00046,3,C
L00046,4,C
L00046,5,C
L00046,6,O
L00046,7,O
L00046,8,O
L00046,9,C
L00046,10,C
L00046,11,C
L00046,12,O
L00046,13,C
L00046,14,C
L00046,15,C
L00046,16,C
L00046,17,C
L00046,18,C
L00046,19,O
L00046,20,O
L00046,21,O
L00046,22,O
L00086,0,C
L00086,1,C
L00086,2,C
L00086,3,N
L00086,4,N
L00086,5,N
L00086,6,C
L00086,7,S
L00086,8,N
L00086,9,C
L00086,10,N
L00096,0,C
L00096,1,C
L00096,2,C
L00096,3,C
L00096,4,O
L00096,5,N
L00096,6,C
L00096,7,C
L00096,8,C
L00096,9,C
L00096,10,C
L00096,11,C
L00096,12,C
L00096,13,C
L00096,14,N
L00096,15,C
L00096,16,O
L00096,17,C
L00096,18,O
L00096,19,N
L00096,20,C
L00096,21,C
L00096,22,C
L00096,23,C
L00096,24,C
L00096,25,C
L00096,26,C
L00096,27,C
L00096,28,C
L00096,29,N
L00096,30,N
L00096,31,N
L00096,32,C
L00096,33,C
L00096,34,C
L00096,35,C
L00096,36,C
L00096,37,C
L00096,38,C
L00096,39,C
L00096,40,C
L00096,41,C
L00096,42,C
L00096,43,C
L00096,44,C
L00096,45,C
L00096,46,N
L00096,47,C
L00096,48,C
L00096,49,N
L00096,50,N
L00096,51,C
L00096,52,C
L00096,53,C
L00096,54,C
L00096,55,C
L00096,56,C
L00096,57,C
L00096,58,N
L00096,59,C
L00096,60,O
L00096,61,C
L00096,62,C
L00096,63,C
L00096,64,C
L00096,65,N
L00096,66,C
L00096,67,O
L00096,68,C
L00096,69,C
L00096,70,C
L00096,71,C
L00096,72,C
L00096,73,O
L00096,74,N
L00096,75,C
L00096,76,O
L00096,77,C
L00096,78,C
L00096,79,C
L00096,80,N
L00096,81,C
L00096,82,C
L00096,83,O
L00096,84,N
L00096,85,C
L00119,0,Zn
L00126,0,O
L00126,1,S
L00126,2,O
L00126,3,O
L00126,4,O
L00192,0,C
L00192,1,C
L00192,2,C
L00192,3,C
L00192,4,C
L00192,5,C
L00192,6,C
L00192,7,O
L00192,8,C
L00192,9,C
L00192,10,O
L00192,11,C
L00192,12,O
L00192,13,O
L00203,0,C
L00203,1,C
L00203,2,C
L00203,3,C
L00203,4,C
L00203,5,C
L00203,6,C
L00203,7,C
L00203,8,C
L00203,9,C
L00203,10,C
L00203,11,C
L00203,12,C
L00203,13,C
L00203,14,O
L00203,15,O
L00208,0,O
L00208,1,S
L00208,2,O
L00208,3,O
L00208,4,O
L00211,0,C
L00211,1,O
L00211,2,O
L00216,0,C
L00216,1,C
L00216,2,C
L00216,3,C
L00216,4,C
L00216,5,C
L00216,6,C
L00216,7,C
L00216,8,C
L00216,9,O
L00216,10,O
L00216,11,O
L00216,12,O
L00218,0,C
L00218,1,O
L00218,2,C
L00218,3,C
L00218,4,C
L00218,5,C
L00218,6,C
L00218,7,C
L00218,8,S
L00218,9,O
L00218,10,O
L00218,11,N
L00218,12,C
L00218,13,C
L00218,14,C
L00218,15,C
L00218,16,C
L00218,17,C
L00218,18,C
L00218,19,C
L00218,20,C
L00218,21,C
L00218,22,N
L00218,23,C
L00218,24,C
L00218,25,O
L00218,26,O
L00218,27,S
L00218,28,O
L00218,29,O
L00218,30,C
L00218,31,C
L00218,32,C
L00218,33,C
L00218,34,C
L00218,35,C
L00218,36,O
L00218,37,C
L00233,0,C
L00233,1,O
L00233,2,C
L00233,3,O
L00233,4,C
L00233,5,C
L00233,6,C
L00233,7,C
L00233,8,N
L00233,9,C
L00233,10,C
L00233,11,O
L00237,0,C
L00237,1,C
L00237,2,C
L00237,3,C
L00237,4,C
L00237,5,C
L00237,6,Cl
L00237,7,C
L00237,8,O
L00237,9,C
L00237,10,C
L00237,11,S
L00248,0,C
L00248,1,C
L00248,2,C
L00248,3,C
L00248,4,C
L00248,5,C
L00248,6,C
L00248,7,N
L00248,8,N
L00248,9,N
L00248,10,C
L00248,11,C
L00248,12,C
L00248,13,C
L00248,14,C
L00248,15,C
L00248,16,C
L00248,17,C
L00248,18,O
L00248,19,O
L00248,20,C
L00248,21,O
L00248,22,N
L00248,23,C
L00248,24,C
L00248,25,C
L00248,26,C
L00248,27,C
L00248,28,N
L00248,29,C
L00248,30,O
L00248,31,O
L00250,0,C
L00250,1,C
L00250,2,C
L00250,3,N
L00250,4,C
L00250,5,C
L00250,6,C
L00250,7,C
L00250,8,C
L00250,9,C
L00250,10,N
L00250,11,C
L00250,12,N
L00250,13,C
L00250,14,O
L00250,15,C
L00250,16,C
L00256,0,C
L00256,1,C
L00256,2,C
L00256,3,C
L00256,4,C
L00256,5,C
L00256,6,C
L00256,7,C
L00256,8,C
L00256,9,O
L00256,10,O
L00256,11,O
L00264,0,C
L00264,1,C
L00264,2,C
L00264,3,C
L00264,4,C
L00264,5,C
L00264,6,C
L00264,7,C
L00264,8,C
L00264,9,C
L00264,10,C
L00264,11,C
L00264,12,C
L00264,13,C
L00264,14,C
L00264,15,C
L00264,16,C
L00264,17,C
L00264,18,C
L00264,19,C
L00264,20,C
L00264,21,C
L00264,22,O
L00264,23,O
L00285,0,C
L00285,1,C
L00285,2,C
L00285,3,C
L00285,4,C
L00285,5,C
L00285,6,N
L00285,7,C
L00285,8,N
L00285,9,C
L00285,10,C
L00285,11,C
L00285,12,C
L00285,13,C
L00285,14,C
L00285,15,C
L00285,16,O
L00294,0,C
L00294,1,C
L00294,2,C
L00294,3,C
L00294,4,C
L00294,5,C
L00294,6,N
L00294,7,C
L00294,8,O
L00294,9,N
L00294,10,C
L00294,11,C
L00294,12,C
L00294,13,O
L00294,14,N
L00294,15,C
L00294,16,O
L00294,17,C
L00294,18,O
L00294,19,O
L00297,0,C
L00297,1,C
L00297,2,C
L00297,3,C
L00297,4,C
L00297,5,C
L00297,6,N
L00297,7,O
L00297,8,O
L00297,9,C
L00297,10,O
L00297,11,O
L00297,12,C
L00297,13,O
L00297,14,N
L00297,15,C
L00297,16,C
L00297,17,C
L00297,18,O
L00297,19,N
L00297,20,C
L00297,21,O
L00298,0,C
L00298,1,C
L00298,2,C
L00298,3,C
L00298,4,C
L00298,5,C
L00298,6,N
L00298,7,O
L00298,8,O
L00298,9,C
L00298,10,O
L00298,11,O
L00298,12,C
L00298,13,O
L00298,14,N
L00298,15,C
L00298,16,C
L00298,17,C
L00298,18,O
L00298,19,N
L00298,20,C
L00298,21,O
L00299,0,C
L00299,1,C
L00299,2,C
L00299,3,C
L00299,4,C
L00299,5,C
L00299,6,C
L00299,7,O
L00299,8,N
L00299,9,C
L00299,10,O
L00299,11,C
L00299,12,C
L00299,13,C
L00299,14,C
L00299,15,O
L00299,16,N
L00299,17,C
L00299,18,O
L00300,0,C
L00300,1,C
L00300,2,C
L00300,3,C
L00300,4,C
L00300,5,C
L00300,6,C
L00300,7,O
L00300,8,N
L00300,9,C
L00300,10,O
L00300,11,C
L00300,12,C
L00300,13,C
L00300,14,C
L00300,15,O
L00300,16,N
L00300,17,C
L00300,18,O
L00301,0,C
L00301,1,C
L00301,2,C
L00301,3,C
L00301,4,C
L00301,5,C
L00301,6,C
L00301,7,N
L00301,8,C
L00301,9,O
L00301,10,C
L00301,11,O
L00301,12,N
L00301,13,C
L00301,14,C
L00301,15,C
L00301,16,O
L00301,17,N
L00301,18,C
L00301,19,O
L00302,0,C
L00302,1,C
L00302,2,C
L00302,3,C
L00302,4,C
L00302,5,C
L00302,6,C
L00302,7,O
L00302,8,N
L00302,9,C
L00302,10,O
L00302,11,C
L00302,12,C
L00302,13,C
L00302,14,C
L00302,15,O
L00302,16,N
L00302,17,C
L00302,18,O
L00303,0,C
L00303,1,C
L00303,2,C
L00303,3,C
L00303,4,C
L00303,5,C
L00303,6,C
L00303,7,N
L00303,8,C
L00303,9,O
L00303,10,C
L00303,11,C
L00303,12,C
L00303,13,O
L00303,14,O
L00303,15,C
L00303,16,O
L00303,17,C
L00303,18,O
L00303,19,N
L00303,20,C
L00303,21,C
L00303,22,C
L00303,23,O
L00303,24,N
L00303,25,C
L00303,26,O
L00305,0,C
L00305,1,C
L00305,2,C
L00305,3,C
L00305,4,C
L00305,5,C
L00305,6,C
L00305,7,O
L00305,8,N
L00305,9,C
L00305,10,O
L00305,11,C
L00305,12,C
L00305,13,C
L00305,14,C
L00305,15,O
L00305,16,N
L00305,17,C
L00305,18,O
L00308,0,C
L00308,1,C
L00308,2,C
L00308,3,C
L00308,4,C
L00308,5,C
L00308,6,C
L00308,7,O
L00308,8,C
L00308,9,O
L00308,10,N
L00308,11,C
L00308,12,C
L00308,13,C
L00308,14,C
L00308,15,O
L00308,16,N
L00308,17,C
L00308,18,O
L00308,19,N
L00309,0,C
L00309,1,C
L00309,2,C
L00309,3,C
L00309,4,C
L00309,5,C
L00309,6,N
L00309,7,C
L00309,8,O
L00309,9,N
L00309,10,C
L00309,11,C
L00309,12,C
L00309,13,C
L00309,14,N
L00309,15,C
L00320,0,C
L00320,1,C
L00320,2,O
L00320,3,N
L00320,4,C
L00320,5,C
L00320,6,C
L00320,7,C
L00320,8,C
L00320,9,N
L00320,10,N
L00320,11,C
L00320,12,C
L00321,0,C
L00321,1,C
L00321,2,C
L00321,3,C
L00321,4,C
L00321,5,C
L00321,6,C
L00321,7,O
L00321,8,N
L00321,9,C
L00321,10,O
L00321,11,C
L00321,12,C
L00321,13,C
L00321,14,C
L00321,15,C
L00321,16,C
L00321,17,F
L00328,0,C
L00328,1,C
L00328,2,C
L00328,3,C
L00328,4,C
L00328,5,C
L00328,6,C
L00328,7,O
L00328,8,N
L00328,9,C
L00328,10,C
L00328,11,C
L00328,12,C
L00328,13,C
L00328,14,C
L00328,15,C
L00328,16,C
L00328,17,C
L00328,18,N
L00332,0,C
L00332,1,N
L00332,2,C
L00332,3,C
L00332,4,O
L00332,5,N
L00332,6,C
L00332,7,C
L00332,8,C
L00332,9,C
L00332,10,C
L00332,11,C
L00332,12,C
L00332,13,C
L00332,14,N
L00332,15,C
L00332,16,O
L00332,17,C
L00332,18,N
L00332,19,C
L00333,0,C
L00333,1,N
L00333,2,C
L00333,3,C
L00333,4,O
L00333,5,N
L00333,6,C
L00333,7,C
L00333,8,C
L00333,9,C
L00333,10,C
L00333,11,C
L00333,12,C
L00333,13,C
L00333,14,N
L00333,15,C
L00333,16,O
L00333,17,C
L00333,18,N
L00333,19,C
L00341,0,C
L00341,1,C
L00341,2,C
L00341,3,N
L00341,4,C
L00341,5,C
L00341,6,C
L00341,7,O
L00341,8,N
L00341,9,C
L00341,10,C
L00341,11,C
L00341,12,C
L00341,13,C
L00341,14,C
L00341,15,C
L00341,16,C
L00341,17,O
L00343,0,C
L00343,1,O
L00343,2,C
L00343,3,C
L00343,4,C
L00343,5,C
L00343,6,C
L00343,7,C
L00343,8,N
L00343,9,C
L00343,10,S
L00343,11,N
L00350,0,C
L00350,1,C
L00350,2,C
L00350,3,S
L00350,4,C
L00350,5,N
L00350,6,C
L00350,7,C
L00350,8,C
L00350,9,C
L00350,10,C
L00350,11,C
L00350,12,C
L00350,13,N
L00350,14,C
L00350,15,O
L00350,16,C
L00350,17,C
L00350,18,C
L00350,19,C
L00350,20,N
L00350,21,C
L00350,22,O
L00350,23,C
L00350,24,C
L00350,25,C
L00350,26,C
L00350,27,C
L00350,28,N
L00350,29,C
L00350,30,O
L00350,31,C
L00350,32,C
L00350,33,O
L00350,34,C
L00350,35,C
L00350,36,O
L00350,37,C
L00350,38,C
L00350,39,O
L00350,40,C
L00350,41,C
L00350,42,O
L00350,43,C
L00350,44,C
L00350,45,N
L00350,46,C
L00350,47,O
L00350,48,C
L00350,49,C
L00350,50,C
L00350,51,C
L00350,52,C
L00350,53,C
L00350,54,C
L00350,55,C
L00350,56,C
L00350,57,C
L00350,58,C
L00350,59,C
L00350,60,N
L00350,61,C
L00350,62,O
L00350,63,C
L00350,64,C
L00350,65,N
L00350,66,C
L00350,67,C
L00350,68,C
L00350,69,C
L00350,70,F
L00350,71,F
L00350,72,F
L00350,73,O
L00350,74,N
L00350,75,C
L00350,76,C
L00350,77,N
L00350,78,C
L00350,79,C
L00350,80,C
L00350,81,O
L00381,0,C
L00381,1,O
L00381,2,C
L00381,3,C
L00381,4,C
L00381,5,C
L00381,6,C
L00381,7,C
L00381,8,O
L00381,9,C
L00381,10,C
L00381,11,C
L00381,12,C
L00381,13,C
L00381,14,C
L00381,15,C
L00381,16,C
L00381,17,O
L00381,18,N
L00381,19,C
L00417,0,C
L00417,1,C
L00417,2,C
L00417,3,C
L00417,4,C
L00417,5,C
L00417,6,C
L00417,7,C
L00417,8,C
L00417,9,N
L00417,10,C
L00417,11,O
L00417,12,C
L00423,0,C
L00423,1,C
L00423,2,C
L00423,3,C
L00423,4,N
L00423,5,O
L00423,6,C
L00423,7,O
L00423,8,N
L00423,9,C
L00423,10,C
L00423,11,N
L00423,12,N
L00423,13,C
L00423,14,C
L00436,0,C
L00436,1,C
L00436,2,C
L00436,3,C
L00436,4,C
L00436,5,C
L00436,6,C
L00436,7,C
L00436,8,C
L00436,9,C
L00436,10,N
L00436,11,F
L00436,12,O
L00462,0,C
L00462,1,C
L00462,2,C
L00462,3,C
L00462,4,C
L00462,5,C
L00462,6,N
L00462,7,F
L00462,8,C
L00462,9,O
L00462,10,N
L00462,11,C
L00462,12,C
L00462,13,C
L00462,14,C
L00462,15,O
L00462,16,N
L00462,17,C
L00462,18,O
L00474,0,C
L00474,1,C
L00474,2,O
L00474,3,N
L00474,4,C
L00474,5,C
L00474,6,C
L00474,7,C
L00474,8,C
L00474,9,C
L00474,10,C
L00474,11,C
L00474,12,N
L00487,0,C
L00487,1,C
L00487,2,N
L00487,3,C
L00487,4,C
L00487,5,N
L00487,6,C
L00487,7,C
L00487,8,O
L00487,9,C
L00487,10,C
L00487,11,S
L00487,12,O
L00487,13,O
L00487,14,O
L00491,0,C
L00491,1,O
L00491,2,C
L00491,3,C
L00491,4,S
L00491,5,C
L00491,6,C
L00491,7,C
L00491,8,C
L00491,9,N
L00491,10,N
L00491,11,N
L00491,12,C
L00491,13,C
L00491,14,C
L00491,15,C
L00491,16,O
L00491,17,N
L00491,18,C
L00491,19,O
L00492,0,C
L00492,1,O
L00492,2,C
L00492,3,C
L00492,4,S
L00492,5,C
L00492,6,C
L00492,7,C
L00492,8,C
L00492,9,N
L00492,10,N
L00492,11,N
L00492,12,C
L00492,13,C
L00492,14,C
L00492,15,C
L00492,16,O
L00492,17,N
L00492,18,C
L00492,19,O
L00493,0,C
L00493,1,C
L00493,2,C
L00493,3,C
L00493,4,C
L00493,5,C
L00493,6,C
L00493,7,S
L00493,8,O
L00493,9,O
L00493,10,N
L00493,11,C
L00493,12,C
L00493,13,C
L00493,14,C
L00493,15,C
L00493,16,C
L00493,17,C
L00493,18,C
L00493,19,C
L00493,20,C
L00493,21,O
L00493,22,N
L00493,23,C
L00493,24,C
L00493,25,C
L00493,26,C
L00493,27,N
L00493,28,C
L00493,29,C
L00493,30,N
L00493,31,C
L00493,32,C
L00493,33,N
L00493,34,C
L00493,35,C
L00493,36,C
L00493,37,O
L00493,38,N
L00493,39,C
L00493,40,O
L00494,0,C
L00494,1,N
L00494,2,C
L00494,3,C
L00494,4,C
L00494,5,N
L00494,6,C
L00494,7,O
L00494,8,C
L00494,9,C
L00494,10,C
L00494,11,C
L00494,12,C
L00494,13,C
L00494,14,C
L00494,15,C
L00494,16,C
L00494,17,C
L00494,18,C
L00494,19,C
L00494,20,Cl
L00494,21,C
L00494,22,C
L00494,23,C
L00494,24,C
L00494,25,O
L00494,26,N
L00494,27,C
L00494,28,O
L00495,0,C
L00495,1,O
L00495,2,C
L00495,3,C
L00495,4,S
L00495,5,C
L00495,6,C
L00495,7,C
L00495,8,C
L00495,9,N
L00495,10,N
L00495,11,N
L00495,12,C
L00495,13,C
L00495,14,C
L00495,15,C
L00495,16,O
L00495,17,N
L00495,18,C
L00495,19,O
L00496,0,C
L00496,1,C
L00496,2,C
L00496,3,N
L00496,4,C
L00496,5,C
L00496,6,N
L00496,7,C
L00496,8,C
L00496,9,C
L00496,10,C
L00496,11,C
L00496,12,C
L00496,13,C
L00496,14,C
L00496,15,N
L00496,16,C
L00496,17,O
L00496,18,C
L00496,19,C
L00496,20,N
L00496,21,C
L00496,22,O
L00496,23,C
L00496,24,C
L00496,25,C
L00496,26,F
L00496,27,F
L00496,28,F
L00496,29,C
L00496,30,C
L00496,31,C
L00496,32,C
L00496,33,C
L00496,34,C
L00496,35,F
L00496,36,C
L00496,37,O
L00496,38,N
L00496,39,C
L00496,40,C
L00496,41,O
L00496,42,C
L00496,43,C
L00496,44,O
L00496,45,C
L00496,46,C
L00496,47,O
L00496,48,C
L00496,49,C
L00496,50,O
L00496,51,C
L00496,52,C
L00496,53,O
L00496,54,C
L00496,55,C
L00496,56,O
L00496,57,C
L00496,58,C
L00496,59,O
L00496,60,C
L00496,61,C
L00496,62,O
L00496,63,C
L00496,64,C
L00496,65,O
L00496,66,C
L00496,67,C
L00496,68,N
L00496,69,C
L00496,70,O
L00496,71,C
L00496,72,C
L00496,73,C
L00496,74,C
L00496,75,C
L00496,76,C
L00496,77,N
L00496,78,C
L00496,79,O
L00496,80,N
L00496,81,C
L00496,82,C
L00496,83,C
L00496,84,O
L00496,85,N
L00496,86,C
L00496,87,C
L00496,88,C
L00496,89,C
L00496,90,C
L00496,91,C
L00496,92,Cl
L00496,93,F
L00496,94,C
L00496,95,C
L00496,96,C
L00496,97,C
L00496,98,C
L00496,99,C
L00496,100,F
L00496,101,Cl
L00497,0,C
L00497,1,C
L00497,2,C
L00497,3,O
L00497,4,N
L00497,5,C
L00497,6,C
L00497,7,O
L00497,8,C
L00497,9,C
L00497,10,C
L00497,11,C
L00497,12,C
L00497,13,C
L00497,14,C
L00497,15,C
L00497,16,Cl
L00497,17,C
L00497,18,N
L00497,19,C
L00497,20,N
L00497,21,C
L00497,22,N
L00497,23,N
L00498,0,C
L00498,1,C
L00498,2,N
L00498,3,C
L00498,4,C
L00498,5,N
L00498,6,C
L00498,7,C
L00498,8,O
L00498,9,C
L00498,10,C
L00498,11,S
L00498,12,O
L00498,13,O
L00498,14,O
L00499,0,C
L00499,1,C
L00499,2,N
L00499,3,C
L00499,4,C
L00499,5,N
L00499,6,C
L00499,7,C
L00499,8,O
L00499,9,C
L00499,10,C
L00499,11,S
L00499,12,O
L00499,13,O
L00499,14,O
L00500,0,C
L00500,1,C
L00500,2,C
L00500,3,C
L00500,4,C
L00500,5,N
L00500,6,C
L00500,7,C
L00500,8,C
L00500,9,C
L00500,10,C
L00500,11,C
L00500,12,N
L00500,13,F
L00500,14,O
L00501,0,C
L00501,1,C
L00501,2,C
L00501,3,C
L00501,4,C
L00501,5,N
L00501,6,C
L00501,7,C
L00501,8,C
L00501,9,C
L00501,10,C
L00501,11,N
L00501,12,F
L00501,13,O
L00502,0,C
L00502,1,C
L00502,2,O
L00502,3,N
L00502,4,C
L00502,5,C
L00502,6,C
L00502,7,C
L00502,8,C
L00502,9,C
L00502,10,C
L00502,11,C
L00502,12,C
L00502,13,C
L00502,14,C
L00503,0,C
L00503,1,C
L00503,2,O
L00503,3,N
L00503,4,C
L00503,5,C
L00503,6,N
L00503,7,C
L00503,8,C
L00503,9,C
L00503,10,O
L00503,11,N
L00504,0,C
L00504,1,C
L00504,2,C
L00504,3,C
L00504,4,C
L00504,5,C
L00504,6,O
L00504,7,O
L00504,8,C
L00504,9,C
L00504,10,C
L00504,11,C
L00504,12,C
L00504,13,C
L00504,14,O
L00504,15,C
L00504,16,O
L00504,17,C
L00505,0,C
L00505,1,C
L00505,2,C
L00505,3,C
L00505,4,C
L00505,5,C
L00505,6,O
L00505,7,O
L00505,8,C
L00505,9,C
L00505,10,C
L00505,11,C
L00505,12,C
L00505,13,C
L00505,14,O
L00505,15,C
L00505,16,O
L00505,17,C
L00507,0,C
L00507,1,C
L00507,2,S
L00507,3,C
L00507,4,N
L00507,5,N
L00507,6,C
L00507,7,O
L00507,8,C
L00507,9,N
L00507,10,C
L00507,11,C
L00507,12,C
L00507,13,C
L00507,14,O
L00508,0,C
L00508,1,C
L00508,2,S
L00508,3,C
L00508,4,N
L00508,5,N
L00508,6,C
L00508,7,O
L00508,8,C
L00508,9,N
L00508,10,C
L00508,11,C
L00508,12,C
L00508,13,C
L00508,14,O
L00509,0,C
L00509,1,C
L00509,2,O
L00509,3,N
L00509,4,C
L00509,5,C
L00509,6,C
L00509,7,C
L00509,8,C
L00509,9,C
L00509,10,N
L00509,11,S
L00509,12,O
L00509,13,O
L00509,14,C
L00510,0,C
L00510,1,C
L00510,2,O
L00510,3,N
L00510,4,C
L00510,5,C
L00510,6,C
L00510,7,C
L00510,8,N
L00510,9,C
L00510,10,C
L00510,11,N
L00510,12,C
L00510,13,C
L00511,0,C
L00511,1,C
L00511,2,C
L00511,3,N
L00511,4,C
L00511,5,C
L00511,6,F
L00511,7,N
L00511,8,C
L00511,9,C
L00511,10,C
L00511,11,O
L00511,12,C
L00511,13,C
L00512,0,C
L00512,1,C
L00512,2,N
L00512,3,C
L00512,4,C
L00512,5,N
L00512,6,C
L00512,7,C
L00512,8,O
L00512,9,C
L00512,10,C
L00512,11,S
L00512,12,O
L00512,13,O
L00512,14,O
L00513,0,C
L00513,1,N
L00513,2,C
L00513,3,C
L00513,4,O
L00513,5,C
L00513,6,C
L00513,7,C
L00513,8,C
L00513,9,C
L00513,10,C
L00513,11,C
L00513,12,C
L00513,13,C
L00513,14,N
L00515,0,C
L00515,1,N
L00515,2,C
L00515,3,C
L00515,4,N
L00515,5,C
L00515,6,O
L00515,7,N
L00515,8,C
L00515,9,C
L00515,10,C
L00515,11,N
L00515,12,C
L00515,13,C
L00516,0,C
L00516,1,C
L00516,2,N
L00516,3,C
L00516,4,C
L00516,5,N
L00516,6,C
L00516,7,C
L00516,8,O
L00516,9,C
L00516,10,C
L00516,11,S
L00516,12,O
L00516,13,O
L00516,14,O
L00517,0,C
L00517,1,C
L00517,2,C
L00517,3,C
L00517,4,N
L00517,5,N
L00517,6,C
L00517,7,C
L00517,8,C
L00517,9,C
L00517,10,C
L00517,11,C
L00517,12,O
L00518,0,C
L00518,1,C
L00518,2,C
L00518,3,C
L00518,4,C
L00518,5,C
L00518,6,C
L00518,7,C
L00518,8,O
L00518,9,N
L00518,10,C
L00518,11,C
L00518,12,C
L00518,13,C
L00518,14,C
L00518,15,C
L00518,16,O
L00518,17,O
L00518,18,F
L00519,0,C
L00519,1,C
L00519,2,N
L00519,3,C
L00519,4,C
L00519,5,C
L00519,6,N
L00519,7,C
L00519,8,C
L00519,9,C
L00519,10,C
L00519,11,C
L00519,12,N
L00519,13,C
L00519,14,C
L00520,0,C
L00520,1,C
L00520,2,N
L00520,3,C
L00520,4,C
L00520,5,N
L00520,6,C
L00520,7,C
L00520,8,O
L00520,9,C
L00520,10,C
L00520,11,S
L00520,12,O
L00520,13,O
L00520,14,O
L00521,0,C
L00521,1,C
L00521,2,N
L00521,3,C
L00521,4,C
L00521,5,N
L00521,6,C
L00521,7,C
L00521,8,O
L00521,9,C
L00521,10,C
L00521,11,S
L00521,12,O
L00521,13,O
L00521,14,O
L00522,0,C
L00522,1,C
L00522,2,N
L00522,3,C
L00522,4,C
L00522,5,N
L00522,6,C
L00522,7,C
L00522,8,O
L00522,9,C
L00522,10,C
L00522,11,S
L00522,12,O
L00522,13,O
L00522,14,O
L00523,0,C
L00523,1,C
L00523,2,C
L00523,3,C
L00523,4,N
L00523,5,C
L00523,6,C
L00523,7,C
L00523,8,C
L00523,9,S
L00523,10,O
L00523,11,O
L00523,12,C
L00523,13,C
L00524,0,C
L00524,1,C
L00524,2,C
L00524,3,C
L00524,4,N
L00524,5,C
L00524,6,C
L00524,7,C
L00524,8,C
L00524,9,S
L00524,10,O
L00524,11,O
L00524,12,C
L00524,13,C
L00525,0,C
L00525,1,C
L00525,2,C
L00525,3,C
L00525,4,N
L00525,5,C
L00525,6,C
L00525,7,O
L00525,8,C
L00525,9,C
L00525,10,C
L00525,11,C
L00525,12,N
L00525,13,C
L00525,14,S
L00526,0,C
L00526,1,O
L00526,2,C
L00526,3,C
L00526,4,N
L00526,5,C
L00526,6,S
L00526,7,O
L00526,8,O
L00526,9,N
L00526,10,C
L00526,11,C
L00526,12,C
L00526,13,C
L00527,0,C
L00527,1,C
L00527,2,N
L00527,3,C
L00527,4,C
L00527,5,N
L00527,6,C
L00527,7,C
L00527,8,O
L00527,9,C
L00527,10,C
L00527,11,S
L00527,12,O
L00527,13,O
L00527,14,O
L00528,0,C
L00528,1,C
L00528,2,N
L00528,3,C
L00528,4,C
L00528,5,N
L00528,6,C
L00528,7,C
L00528,8,O
L00528,9,C
L00528,10,C
L00528,11,S
L00528,12,O
L00528,13,O
L00528,14,O
L00529,0,C
L00529,1,C
L00529,2,C
L00529,3,N
L00529,4,C
L00529,5,C
L00529,6,O
L00529,7,C
L00529,8,C
L00529,9,O
L00529,10,C
L00529,11,C
L00529,12,N
L00529,13,S
L00529,14,N
L00530,0,C
L00530,1,S
L00530,2,O
L00530,3,O
L00530,4,N
L00530,5,C
L00530,6,C
L00530,7,C
L00530,8,O
L00530,9,C
L00530,10,C
L00530,11,C
L00530,12,C
L00530,13,C
L00530,14,C
L00531,0,C
L00531,1,C
L00531,2,C
L00531,3,C
L00531,4,N
L00531,5,N
L00531,6,C
L00531,7,C
L00531,8,C
L00531,9,N
L00531,10,S
L00531,11,O
L00531,12,O
L00531,13,C
L00532,0,C
L00532,1,C
L00532,2,C
L00532,3,O
L00532,4,N
L00532,5,C
L00532,6,C
L00532,7,C
L00532,8,C
L00532,9,C
L00532,10,N
L00532,11,S
L00532,12,O
L00532,13,O
L00532,14,C
L00533,0,C
L00533,1,C
L00533,2,C
L00533,3,C
L00533,4,C
L00533,5,C
L00533,6,C
L00533,7,N
L00533,8,C
L00533,9,C
L00533,10,O
L00533,11,N
L00533,12,C
L00533,13,O
L00533,14,C
L00534,0,C
L00534,1,C
L00534,2,O
L00534,3,C
L00534,4,C
L00534,5,C
L00534,6,C
L00534,7,C
L00534,8,C
L00534,9,N
L00534,10,C
L00534,11,N
L00534,12,C
L00534,13,C
L00534,14,C
L00534,15,C
L00534,16,C
L00534,17,C
L00534,18,C
L00534,19,O
L00534,20,F
L00534,21,C
L00534,22,N
L00534,23,C
L00534,24,C
L00534,25,N
L00534,26,C
L00534,27,C
L00534,28,Cl
L00535,0,C
L00535,1,C
L00535,2,C
L00535,3,S
L00535,4,C
L00535,5,N
L00535,6,C
L00535,7,C
L00535,8,C
L00535,9,C
L00535,10,C
L00535,11,C
L00535,12,C
L00535,13,C
L00535,14,N
L00535,15,C
L00535,16,O
L00535,17,C
L00535,18,C
L00535,19,C
L00535,20,C
L00535,21,N
L00535,22,C
L00535,23,O
L00535,24,C
L00535,25,C
L00535,26,C
L00535,27,C
L00535,28,N
L00535,29,O
L00535,30,O
L00535,31,C
L00535,32,C
L00535,33,C
L00535,34,N
L00535,35,C
L00535,36,C
L00535,37,C
L00535,38,C
L00535,39,N
L00535,40,C
L00535,41,C
L00535,42,N
L00535,43,C
L00535,44,C
L00535,45,C
L00535,46,N
L00535,47,N
L00535,48,C
L00535,49,N
L00535,50,C
L00535,51,C
L00535,52,C
L00535,53,C
L00535,54,C
L00535,55,C
L00535,56,C
L00535,57,C
L00535,58,C
L00535,59,O
L00535,60,C
L00535,61,C
L00535,62,C
L00535,63,O
L00536,0,C
L00536,1,C
L00536,2,C
L00536,3,S
L00536,4,C
L00536,5,N
L00536,6,C
L00536,7,C
L00536,8,C
L00536,9,C
L00536,10,C
L00536,11,C
L00536,12,C
L00536,13,C
L00536,14,N
L00536,15,C
L00536,16,O
L00536,17,C
L00536,18,C
L00536,19,C
L00536,20,C
L00536,21,N
L00536,22,C
L00536,23,O
L00536,24,C
L00536,25,C
L00536,26,C
L00536,27,C
L00536,28,N
L00536,29,O
L00536,30,O
L00536,31,C
L00536,32,C
L00536,33,C
L00536,34,N
L00536,35,C
L00536,36,C
L00536,37,C
L00536,38,C
L00536,39,N
L00536,40,C
L00536,41,C
L00536,42,N
L00536,43,C
L00536,44,C
L00536,45,C
L00536,46,N
L00536,47,N
L00536,48,C
L00536,49,N
L00536,50,C
L00536,51,C
L00536,52,C
L00536,53,C
L00536,54,C
L00536,55,C
L00536,56,C
L00536,57,C
L00536,58,C
L00536,59,O
L00536,60,C
L00536,61,C
L00536,62,C
L00536,63,O
L00537,0,C
L00537,1,C
L00537,2,C
L00537,3,S
L00537,4,C
L00537,5,N
L00537,6,C
L00537,7,C
L00537,8,C
L00537,9,C
L00537,10,C
L00537,11,C
L00537,12,C
L00537,13,C
L00537,14,N
L00537,15,C
L00537,16,O
L00537,17,C
L00537,18,C
L00537,19,C
L00537,20,C
L00537,21,N
L00537,22,C
L00537,23,O
L00537,24,C
L00537,25,C
L00537,26,C
L00537,27,C
L00537,28,C
L00537,29,N
L00537,30,C
L00537,31,O
L00537,32,C
L00537,33,N
L00537,34,C
L00537,35,C
L00537,36,N
L00537,37,C
L00537,38,C
L00537,39,C
L00537,40,C
L00537,41,C
L00537,42,N
L00537,43,N
L00537,44,C
L00537,45,N
L00537,46,C
L00537,47,C
L00537,48,C
L00537,49,C
L00537,50,C
L00537,51,C
L00537,52,O
L00537,53,O
L00538,0,C
L00538,1,N
L00538,2,C
L00538,3,N
L00538,4,N
L00538,5,C
L00538,6,O
L00538,7,C
L00538,8,C
L00538,9,N
L00538,10,C
L00538,11,C
L00538,12,C
L00538,13,C
L00538,14,C
L00538,15,C
L00538,16,F
L00538,17,F
L00538,18,F
L00538,19,F
L00538,20,C
L00538,21,C
L00538,22,C
L00538,23,N
L00538,24,C
L00538,25,C
L00538,26,C
L00538,27,C
L00538,28,C
L00538,29,C
L00538,30,C
L00538,31,C
L00538,32,C
L00538,33,N
L00539,0,C
L00539,1,C
L00539,2,C
L00539,3,C
L00539,4,N
L00539,5,C
L00539,6,C
L00539,7,C
L00539,8,C
L00539,9,F
L00539,10,F
L00539,11,F
L00539,12,F
L00539,13,C
L00539,14,O
L00539,15,N
L00539,16,N
L00539,17,C
L00539,18,O
L00539,19,C
L00539,20,N
L00539,21,C
L00539,22,O
L00539,23,C
L00539,24,C
L00539,25,C
L00539,26,C
L00539,27,C
L00539,28,C
L00540,0,C
L00540,1,N
L00540,2,C
L00540,3,S
L00540,4,O
L00540,5,O
L00540,6,C
L00540,7,C
L00540,8,C
L00540,9,C
L00540,10,C
L00540,11,N
L00540,12,C
L00540,13,C
L00540,14,O
L00540,15,C
L00540,16,C
L00540,17,N
L00540,18,C
L00540,19,C
L00540,20,C
L00540,21,C
L00540,22,C
L00540,23,C
L00540,24,F
L00540,25,F
L00540,26,F
L00540,27,F
L00541,0,C
L00541,1,N
L00541,2,C
L00541,3,O
L00541,4,C
L00541,5,O
L00541,6,C
L00541,7,C
L00541,8,C
L00541,9,C
L00541,10,C
L00541,11,C
L00541,12,C
L00541,13,C
L00541,14,C
L00541,15,C
L00541,16,O
L00541,17,N
L00541,18,C
L00541,19,O
L00542,0,C
L00542,1,C
L00542,2,C
L00542,3,C
L00542,4,C
L00542,5,C
L00542,6,C
L00542,7,C
L00542,8,N
L00542,9,N
L00542,10,C
L00542,11,C
L00542,12,C
L00542,13,O
L00542,14,N
L00542,15,C
L00542,16,O
L00543,0,C
L00543,1,C
L00543,2,C
L00543,3,C
L00543,4,C
L00543,5,C
L00543,6,C
L00543,7,O
L00543,8,N
L00543,9,C
L00543,10,C
L00543,11,N
L00543,12,C
L00543,13,C
L00543,14,C
L00543,15,C
L00543,16,C
L00543,17,N
L00543,18,S
L00543,19,O
L00543,20,O
L00543,21,N
L00543,22,C
L00543,23,C
L00543,24,C
L00543,25,C
L00543,26,C
L00543,27,C
L00543,28,O
L00543,29,N
L00543,30,C
L00543,31,O
L00543,32,C
L00543,33,C
L00543,34,N
L00543,35,C
L00543,36,C
L00543,37,C
L00543,38,C
L00543,39,C
L00543,40,N
L00543,41,C
L00543,42,O
L00543,43,N
L00543,44,C
L00543,45,C
L00543,46,C
L00543,47,C
L00544,0,C
L00544,1,C
L00544,2,N
L00544,3,C
L00544,4,C
L00544,5,C
L00544,6,C
L00544,7,C
L00544,8,C
L00544,9,C
L00544,10,N
L00544,11,C
L00544,12,C
L00544,13,C
L00544,14,C
L00544,15,C
L00544,16,C
L00544,17,C
L00544,18,O
L00544,19,N
L00544,20,C
L00544,21,O
L00544,22,C
L00544,23,C
L00544,24,C
L00544,25,C
L00544,26,O
L00544,27,N
L00544,28,C
L00544,29,O
L00545,0,C
L00545,1,C
L00545,2,C
L00545,3,C
L00545,4,C
L00545,5,C
L00545,6,O
L00545,7,C
L00545,8,C
L00545,9,O
L00545,10,N
L00545,11,C
L00545,12,C
L00545,13,C
L00545,14,C
L00545,15,C
L00545,16,C
L00545,17,N
L00545,18,C
L00545,19,C
L00545,20,C
L00545,21,C
L00545,22,C
L00545,23,C
L00545,24,O
L00545,25,O
L00546,0,C
L00546,1,C
L00546,2,C
L00546,3,C
L00546,4,C
L00546,5,C
L00546,6,C
L00546,7,C
L00546,8,C
L00546,9,C
L00546,10,O
L00546,11,C
L00546,12,C
L00546,13,O
L00546,14,N
L00546,15,C
L00546,16,C
L00546,17,C
L00546,18,C
L00546,19,C
L00546,20,C
L00546,21,C
L00546,22,C
L00546,23,C
L00546,24,C
L00546,25,O
L00546,26,O
L00547,0,C
L00547,1,C
L00547,2,C
L00547,3,C
L00547,4,C
L00547,5,C
L00547,6,C
L00547,7,C
L00547,8,C
L00547,9,C
L00547,10,O
L00547,11,O
L00547,12,C
L00547,13,C
L00547,14,C
L00547,15,C
L00547,16,C
L00547,17,C
L00547,18,C
L00547,19,C
L00547,20,C
L00547,21,C
L00547,22,O
L00547,23,C
L00547,24,C
L00547,25,O
L00547,26,N
L00547,27,C
L00547,28,C
L00547,29,C
L00547,30,C
L00547,31,C
L00547,32,C
L00547,33,C
L00547,34,O
L00547,35,C
L00547,36,O
L00548,0,C
L00548,1,C
L00548,2,C
L00548,3,C
L00548,4,C
L00548,5,C
L00548,6,C
L00548,7,C
L00548,8,C
L00548,9,C
L00548,10,O
L00548,11,C
L00548,12,C
L00548,13,O
L00548,14,N
L00548,15,C
L00548,16,C
L00548,17,C
L00548,18,C
L00548,19,C
L00548,20,C
L00548,21,C
L00548,22,C
L00548,23,C
L00548,24,O
L00548,25,O
L00548,26,C
L00548,27,C
L00548,28,C
L00548,29,C
L00548,30,C
L00548,31,C
L00548,32,O
L00548,33,C
L00548,34,O
L00549,0,C
L00549,1,C
L00549,2,C
L00549,3,C
L00549,4,C
L00549,5,C
L00549,6,C
L00549,7,C
L00549,8,C
L00549,9,C
L00549,10,O
L00549,11,C
L00549,12,C
L00549,13,O
L00549,14,N
L00549,15,C
L00549,16,C
L00549,17,C
L00549,18,C
L00549,19,C
L00549,20,C
L00549,21,C
L00549,22,C
L00549,23,C
L00549,24,O
L00549,25,O
L00549,26,C
L00549,27,C
L00549,28,C
L00549,29,C
L00549,30,C
L00549,31,C
L00549,32,O
L00549,33,C
L00549,34,O
L00550,0,C
L00550,1,C
L00550,2,C
L00550,3,C
L00550,4,C
L00550,5,C
L00550,6,C
L00550,7,C
L00550,8,C
L00550,9,C
L00550,10,O
L00550,11,C
L00550,12,C
L00550,13,O
L00550,14,N
L00550,15,C
L00550,16,C
L00550,17,C
L00550,18,C
L00550,19,C
L00550,20,C
L00550,21,C
L00550,22,C
L00550,23,C
L00550,24,O
L00550,25,O
L00550,26,C
L00550,27,C
L00550,28,C
L00550,29,C
L00550,30,C
L00550,31,C
L00550,32,O
L00550,33,C
L00550,34,C
L00550,35,O
L00551,0,C
L00551,1,C
L00551,2,C
L00551,3,C
L00551,4,C
L00551,5,C
L00551,6,C
L00551,7,C
L00551,8,C
L00551,9,C
L00551,10,O
L00551,11,C
L00551,12,C
L00551,13,O
L00551,14,N
L00551,15,C
L00551,16,C
L00551,17,C
L00551,18,C
L00551,19,C
L00551,20,C
L00551,21,C
L00551,22,C
L00551,23,C
L00551,24,C
L00551,25,O
L00551,26,O
L00551,27,C
L00551,28,C
L00551,29,C
L00551,30,C
L00551,31,C
L00551,32,C
L00551,33,O
L00551,34,C
L00551,35,C
L00551,36,O
L00553,0,C
L00553,1,C
L00553,2,C
L00553,3,C
L00553,4,N
L00553,5,N
L00553,6,C
L00553,7,C
L00553,8,C
L00553,9,C
L00553,10,C
L00553,11,C
L00553,12,C
L00553,13,O
L00553,14,C
L00553,15,C
L00553,16,C
L00553,17,C
L00553,18,C
L00553,19,C
L00553,20,C
L00553,21,N
L00553,22,C
L00553,23,C
L00553,24,N
L00553,25,C
L00553,26,C
L00553,27,N
L00553,28,C
L00553,29,C
L00553,30,C
L00553,31,C
L00553,32,C
L00553,33,C
L00553,34,C
L00553,35,C
L00553,36,O
L00553,37,N
L00553,38,C
L00554,0,C
L00554,1,N
L00554,2,C
L00554,3,O
L00554,4,C
L00554,5,C
L00554,6,C
L00554,7,C
L00554,8,C
L00554,9,N
L00554,10,C
L00554,11,C
L00554,12,N
L00554,13,C
L00554,14,O
L00554,15,C
L00554,16,C
L00554,17,C
L00554,18,C
L00554,19,N
L00554,20,C
L00554,21,O
L00554,22,C
L00554,23,C
L00554,24,C
L00554,25,C
L00554,26,C
L00554,27,C
L00554,28,C
L00554,29,C
L00554,30,O
L00554,31,C
L00554,32,N
L00554,33,C
L00554,34,C
L00554,35,C
L00554,36,C
L00554,37,C
L00554,38,C
L00555,0,C
L00555,1,N
L00555,2,C
L00555,3,O
L00555,4,C
L00555,5,C
L00555,6,C
L00555,7,C
L00555,8,C
L00555,9,N
L00555,10,C
L00555,11,C
L00555,12,N
L00555,13,C
L00555,14,O
L00555,15,C
L00555,16,C
L00555,17,C
L00555,18,C
L00555,19,N
L00555,20,C
L00555,21,O
L00555,22,C
L00555,23,C
L00555,24,C
L00555,25,C
L00555,26,C
L00555,27,C
L00555,28,O
L00555,29,N
L00555,30,C
L00555,31,C
L00555,32,C
L00555,33,C
L00555,34,C
L00555,35,C
L00556,0,C
L00556,1,N
L00556,2,C
L00556,3,O
L00556,4,C
L00556,5,C
L00556,6,C
L00556,7,C
L00556,8,C
L00556,9,N
L00556,10,C
L00556,11,C
L00556,12,N
L00556,13,C
L00556,14,O
L00556,15,C
L00556,16,C
L00556,17,C
L00556,18,C
L00556,19,N
L00556,20,C
L00556,21,O
L00556,22,C
L00556,23,C
L00556,24,C
L00556,25,C
L00556,26,C
L00556,27,C
L00556,28,C
L00556,29,C
L00556,30,O
L00556,31,C
L00556,32,C
L00556,33,O
L00556,34,C
L00556,35,C
L00556,36,O
L00556,37,N
L00556,38,C
L00556,39,C
L00556,40,C
L00556,41,C
L00556,42,C
L00556,43,C
L00557,0,C
L00557,1,S
L00557,2,C
L00557,3,C
L00557,4,C
L00557,5,C
L00557,6,C
L00557,7,C
L00557,8,C
L00557,9,C
L00557,10,C
L00557,11,C
L00557,12,C
L00557,13,C
L00557,14,S
L00557,15,O
L00557,16,O
L00557,17,C
L00557,18,C
L00557,19,O
L00557,20,N
L00557,21,C
L00557,22,C
L00557,23,C
L00557,24,C
L00557,25,C
L00557,26,C
L00557,27,C
L00557,28,F
L00558,0,C
L00558,1,C
L00558,2,C
L00558,3,S
L00558,4,C
L00558,5,N
L00558,6,C
L00558,7,C
L00558,8,C
L00558,9,C
L00558,10,C
L00558,11,C
L00558,12,C
L00558,13,N
L00558,14,C
L00558,15,O
L00558,16,C
L00558,17,C
L00558,18,C
L00558,19,C
L00558,20,N
L00558,21,C
L00558,22,O
L00558,23,C
L00558,24,C
L00558,25,C
L00558,26,C
L00558,27,C
L00558,28,N
L00558,29,C
L00558,30,O
L00558,31,C
L00558,32,O
L00559,0,C
L00559,1,C
L00559,2,C
L00559,3,S
L00559,4,C
L00559,5,N
L00559,6,C
L00559,7,C
L00559,8,C
L00559,9,C
L00559,10,C
L00559,11,C
L00559,12,O
L00559,13,C
L00559,14,C
L00559,15,O
L00559,16,C
L00559,17,C
L00559,18,N
L00559,19,C
L00559,20,C
L00559,21,N
L00559,22,C
L00559,23,C
L00559,24,C
L00559,25,C
L00559,26,C
L00559,27,N
L00559,28,C
L00559,29,C
L00559,30,C
L00559,31,C
L00559,32,C
L00559,33,C
L00559,34,C
L00559,35,O
L00559,36,N
L00559,37,C
L00559,38,N
L00559,39,C
L00559,40,Br
L00559,41,C
L00559,42,N
L00559,43,C
L00559,44,O
L00559,45,C
L00559,46,C
L00559,47,C
L00559,48,C
L00559,49,N
L00559,50,C
L00559,51,O
L00559,52,C
L00559,53,C
L00559,54,C
L00559,55,C
L00559,56,C
L00559,57,N
L00559,58,C
L00559,59,O
L00559,60,C
L00559,61,C
L00559,62,C
L00559,63,F
L00559,64,O
L00560,0,C
L00560,1,C
L00560,2,C
L00560,3,S
L00560,4,C
L00560,5,N
L00560,6,C
L00560,7,C
L00560,8,C
L00560,9,C
L00560,10,C
L00560,11,C
L00560,12,O
L00560,13,C
L00560,14,C
L00560,15,O
L00560,16,C
L00560,17,C
L00560,18,O
L00560,19,C
L00560,20,C
L00560,21,N
L00560,22,C
L00560,23,C
L00560,24,N
L00560,25,C
L00560,26,C
L00560,27,C
L00560,28,N
L00560,29,C
L00560,30,C
L00560,31,C
L00560,32,N
L00560,33,N
L00560,34,C
L00560,35,C
L00560,36,C
L00560,37,C
L00560,38,C
L00560,39,C
L00560,40,N
L00560,41,C
L00560,42,C
L00560,43,C
L00560,44,N
L00560,45,C
L00560,46,O
L00560,47,C
L00560,48,C
L00560,49,C
L00560,50,C
L00560,51,C
L00560,52,C
L00560,53,Br
L00560,54,O
L00560,55,C
L00560,56,N
L00560,57,C
L00560,58,O
L00560,59,C
L00560,60,C
L00560,61,C
L00560,62,C
L00560,63,N
L00560,64,C
L00560,65,O
L00560,66,C
L00560,67,C
L00560,68,C
L00560,69,C
L00560,70,C
L00560,71,N
L00560,72,C
L00560,73,O
L00560,74,C
L00560,75,C
L00560,76,C
L00560,77,F
L00560,78,O
L00561,0,C
L00561,1,C
L00561,2,C
L00561,3,S
L00561,4,C
L00561,5,N
L00561,6,C
L00561,7,C
L00561,8,C
L00561,9,C
L00561,10,C
L00561,11,C
L00561,12,O
L00561,13,C
L00561,14,C
L00561,15,C
L00561,16,C
L00561,17,N
L00561,18,C
L00561,19,C
L00561,20,C
L00561,21,C
L00561,22,C
L00561,23,C
L00561,24,C
L00561,25,C
L00561,26,C
L00561,27,C
L00561,28,C
L00561,29,N
L00561,30,C
L00561,31,N
L00561,32,C
L00561,33,O
L00561,34,C
L00561,35,C
L00561,36,C
L00561,37,C
L00561,38,C
L00561,39,C
L00561,40,Br
L00561,41,N
L00561,42,C
L00561,43,C
L00561,44,C
L00561,45,C
L00561,46,C
L00561,47,C
L00561,48,N
L00561,49,C
L00561,50,O
L00561,51,C
L00561,52,C
L00561,53,C
L00561,54,C
L00561,55,N
L00561,56,C
L00561,57,O
L00561,58,C
L00561,59,C
L00561,60,C
L00561,61,C
L00561,62,C
L00561,63,N
L00561,64,C
L00561,65,O
L00561,66,C
L00561,67,C
L00561,68,C
L00561,69,F
L00561,70,O
L00562,0,C
L00562,1,C
L00562,2,C
L00562,3,S
L00562,4,C
L00562,5,N
L00562,6,C
L00562,7,C
L00562,8,C
L00562,9,C
L00562,10,C
L00562,11,C
L00562,12,C
L00562,13,C
L00562,14,N
L00562,15,C
L00562,16,O
L00562,17,C
L00562,18,C
L00562,19,C
L00562,20,C
L00562,21,N
L00562,22,C
L00562,23,O
L00562,24,C
L00562,25,C
L00562,26,C
L00562,27,C
L00562,28,C
L00562,29,N
L00562,30,C
L00562,31,O
L00562,32,C
L00562,33,C
L00562,34,C
L00562,35,F
L00562,36,O
L00563,0,C
L00563,1,C
L00563,2,C
L00563,3,S
L00563,4,C
L00563,5,N
L00563,6,C
L00563,7,C
L00563,8,C
L00563,9,C
L00563,10,C
L00563,11,C
L00563,12,C
L00563,13,C
L00563,14,N
L00563,15,C
L00563,16,O
L00563,17,C
L00563,18,C
L00563,19,C
L00563,20,C
L00563,21,N
L00563,22,C
L00563,23,O
L00563,24,C
L00563,25,C
L00563,26,C
L00563,27,C
L00563,28,C
L00563,29,N
L00563,30,C
L00563,31,O
L00563,32,C
L00563,33,C
L00563,34,C
L00563,35,F
L00563,36,O
L00564,0,C
L00564,1,C
L00564,2,C
L00564,3,C
L00564,4,C
L00564,5,C
L00564,6,C
L00564,7,O
L00564,8,N
L00564,9,C
L00564,10,O
L00564,11,C
L00564,12,C
L00564,13,C
L00564,14,C
L00564,15,O
L00564,16,N
L00564,17,C
L00564,18,O
L00565,0,C
L00565,1,C
L00565,2,C
L00565,3,C
L00565,4,C
L00565,5,C
L00565,6,C
L00565,7,O
L00565,8,N
L00565,9,C
L00565,10,O
L00565,11,C
L00565,12,C
L00565,13,C
L00565,14,C
L00565,15,O
L00565,16,N
L00565,17,C
L00565,18,O
L00566,0,C
L00566,1,C
L00566,2,C
L00566,3,C
L00566,4,C
L00566,5,C
L00566,6,C
L00566,7,O
L00566,8,N
L00566,9,C
L00566,10,O
L00566,11,C
L00566,12,C
L00566,13,C
L00566,14,C
L00566,15,O
L00566,16,N
L00566,17,C
L00566,18,O
L00567,0,C
L00567,1,C
L00567,2,C
L00567,3,C
L00567,4,C
L00567,5,C
L00567,6,C
L00567,7,O
L00567,8,N
L00567,9,C
L00567,10,O
L00567,11,C
L00567,12,C
L00567,13,C
L00567,14,C
L00567,15,O
L00567,16,N
L00567,17,C
L00567,18,O
L00568,0,C
L00568,1,C
L00568,2,C
L00568,3,C
L00568,4,C
L00568,5,C
L00568,6,C
L00568,7,O
L00568,8,N
L00568,9,C
L00568,10,O
L00568,11,C
L00568,12,C
L00568,13,C
L00568,14,C
L00568,15,O
L00568,16,N
L00568,17,C
L00568,18,O
L00569,0,C
L00569,1,C
L00569,2,C
L00569,3,C
L00569,4,C
L00569,5,C
L00569,6,C
L00569,7,O
L00569,8,N
L00569,9,C
L00569,10,O
L00569,11,C
L00569,12,C
L00569,13,C
L00569,14,C
L00569,15,O
L00569,16,N
L00569,17,C
L00569,18,O
L00570,0,C
L00570,1,C
L00570,2,C
L00570,3,C
L00570,4,C
L00570,5,C
L00570,6,C
L00570,7,O
L00570,8,N
L00570,9,C
L00570,10,O
L00570,11,C
L00570,12,C
L00570,13,C
L00570,14,C
L00570,15,O
L00570,16,N
L00570,17,C
L00570,18,O
L00571,0,C
L00571,1,C
L00571,2,C
L00571,3,C
L00571,4,C
L00571,5,C
L00571,6,C
L00571,7,O
L00571,8,N
L00571,9,C
L00571,10,O
L00571,11,C
L00571,12,C
L00571,13,C
L00571,14,C
L00571,15,O
L00571,16,N
L00571,17,C
L00571,18,O
L00572,0,C
L00572,1,C
L00572,2,C
L00572,3,C
L00572,4,C
L00572,5,C
L00572,6,C
L00572,7,O
L00572,8,N
L00572,9,C
L00572,10,O
L00572,11,C
L00572,12,C
L00572,13,C
L00572,14,C
L00572,15,O
L00572,16,N
L00572,17,C
L00572,18,O
L00573,0,C
L00573,1,C
L00573,2,C
L00573,3,C
L00573,4,C
L00573,5,C
L00573,6,C
L00573,7,O
L00573,8,N
L00573,9,C
L00573,10,O
L00573,11,C
L00573,12,C
L00573,13,C
L00573,14,C
L00573,15,O
L00573,16,N
L00573,17,C
L00573,18,O
L00574,0,C
L00574,1,C
L00574,2,C
L00574,3,C
L00574,4,C
L00574,5,C
L00574,6,N
L00574,7,O
L00574,8,O
L00574,9,C
L00574,10,O
L00574,11,O
L00574,12,C
L00574,13,O
L00574,14,N
L00574,15,C
L00574,16,C
L00574,17,C
L00574,18,O
L00574,19,N
L00574,20,C
L00574,21,O
L00575,0,C
L00575,1,C
L00575,2,C
L00575,3,C
L00575,4,C
L00575,5,C
L00575,6,N
L00575,7,C
L00575,8,O
L00575,9,N
L00575,10,C
L00575,11,C
L00575,12,C
L00575,13,O
L00575,14,N
L00575,15,C
L00575,16,O
L00575,17,C
L00575,18,O
L00575,19,O
L00576,0,C
L00576,1,C
L00576,2,C
L00576,3,C
L00576,4,C
L00576,5,C
L00576,6,C
L00576,7,O
L00576,8,N
L00576,9,C
L00576,10,O
L00576,11,C
L00576,12,C
L00576,13,C
L00576,14,C
L00576,15,O
L00576,16,N
L00576,17,C
L00576,18,O
L00577,0,C
L00577,1,C
L00577,2,C
L00577,3,C
L00577,4,C
L00577,5,C
L00577,6,C
L00577,7,O
L00577,8,N
L00577,9,C
L00577,10,O
L00577,11,C
L00577,12,C
L00577,13,C
L00577,14,C
L00577,15,O
L00577,16,N
L00577,17,C
L00577,18,O
L00578,0,C
L00578,1,C
L00578,2,C
L00578,3,C
L00578,4,C
L00578,5,C
L00578,6,C
L00578,7,N
L00578,8,C
L00578,9,O
L00578,10,C
L00578,11,O
L00578,12,N
L00578,13,C
L00578,14,C
L00578,15,C
L00578,16,O
L00578,17,N
L00578,18,C
L00578,19,O
L00579,0,C
L00579,1,C
L00579,2,C
L00579,3,C
L00579,4,C
L00579,5,C
L00579,6,C
L00579,7,O
L00579,8,N
L00579,9,C
L00579,10,O
L00579,11,C
L00579,12,C
L00579,13,C
L00579,14,C
L00579,15,O
L00579,16,N
L00579,17,C
L00579,18,O
L00580,0,C
L00580,1,C
L00580,2,C
L00580,3,C
L00580,4,C
L00580,5,C
L00580,6,C
L00580,7,O
L00580,8,N
L00580,9,C
L00580,10,O
L00580,11,C
L00580,12,C
L00580,13,C
L00580,14,C
L00580,15,O
L00580,16,N
L00580,17,C
L00580,18,O
L00581,0,C
L00581,1,C
L00581,2,C
L00581,3,C
L00581,4,C
L00581,5,C
L00581,6,C
L00581,7,N
L00581,8,C
L00581,9,O
L00581,10,C
L00581,11,C
L00581,12,C
L00581,13,O
L00581,14,O
L00581,15,C
L00581,16,O
L00581,17,C
L00581,18,O
L00581,19,N
L00581,20,C
L00581,21,C
L00581,22,C
L00581,23,O
L00581,24,N
L00581,25,C
L00581,26,O
L00582,0,C
L00582,1,C
L00582,2,C
L00582,3,C
L00582,4,C
L00582,5,C
L00582,6,C
L00582,7,O
L00582,8,C
L00582,9,O
L00582,10,N
L00582,11,C
L00582,12,C
L00582,13,C
L00582,14,C
L00582,15,O
L00582,16,N
L00582,17,C
L00582,18,O
L00582,19,N
L00583,0,C
L00583,1,C
L00583,2,C
L00583,3,C
L00583,4,C
L00583,5,C
L00583,6,C
L00583,7,O
L00583,8,N
L00583,9,C
L00583,10,O
L00583,11,C
L00583,12,C
L00583,13,C
L00583,14,C
L00583,15,O
L00583,16,N
L00583,17,C
L00583,18,O
L00584,0,C
L00584,1,C
L00584,2,N
L00584,3,C
L00584,4,C
L00584,5,C
L00584,6,C
L00584,7,C
L00584,8,C
L00584,9,C
L00584,10,O
L00584,11,N
L00584,12,C
L00584,13,C
L00584,14,C
L00584,15,C
L00584,16,O
L00584,17,N
L00584,18,C
L00584,19,O
L00584,20,N
L00585,0,C
L00585,1,C
L00585,2,C
L00585,3,C
L00585,4,C
L00585,5,C
L00585,6,C
L00585,7,O
L00585,8,N
L00585,9,C
L00585,10,O
L00585,11,C
L00585,12,C
L00585,13,C
L00585,14,C
L00585,15,O
L00585,16,N
L00585,17,C
L00585,18,O
L00586,0,C
L00586,1,C
L00586,2,C
L00586,3,C
L00586,4,C
L00586,5,C
L00586,6,N
L00586,7,F
L00586,8,C
L00586,9,O
L00586,10,N
L00586,11,C
L00586,12,C
L00586,13,C
L00586,14,C
L00586,15,O
L00586,16,N
L00586,17,C
L00586,18,O
L00601,0,C
L00601,1,C
L00601,2,C
L00601,3,C
L00601,4,C
L00601,5,C
L00601,6,C
L00601,7,O
L00601,8,N
L00601,9,C
L00601,10,C
L00601,11,C
L00601,12,C
L00601,13,C
L00601,14,O
L00601,15,N
L00601,16,C
L00601,17,O
L00601,18,O
L00601,19,C
L00601,20,C
L00601,21,C
L00601,22,C
L00601,23,N
L00601,24,C
L00601,25,C
L00602,0,C
L00602,1,C
L00602,2,N
L00602,3,C
L00602,4,C
L00602,5,N
L00602,6,C
L00602,7,C
L00602,8,C
L00602,9,C
L00602,10,C
L00602,11,C
L00602,12,N
L00602,13,C
L00602,14,C
L00602,15,C
L00602,16,O
L00602,17,N
L00602,18,C
L00602,19,C
L00602,20,C
L00602,21,O
L00602,22,N
L00602,23,C
L00602,24,O
L00603,0,C
L00603,1,N
L00603,2,C
L00603,3,C
L00603,4,C
L00603,5,C
L00603,6,N
L00603,7,C
L00603,8,C
L00603,9,C
L00603,10,C
L00603,11,N
L00603,12,C
L00603,13,C
L00603,14,C
L00603,15,C
L00603,16,C
L00603,17,C
L00603,18,C
L00603,19,C
L00603,20,C
L00603,21,C
L00603,22,C
L00603,23,N
L00603,24,C
L00603,25,O
L00603,26,C
L00603,27,C
L00603,28,C
L00603,29,C
L00603,30,O
L00603,31,N
L00603,32,C
L00603,33,O
L00604,0,C
L00604,1,C
L00604,2,C
L00604,3,C
L00604,4,C
L00604,5,C
L00604,6,C
L00604,7,C
L00604,8,C
L00604,9,C
L00604,10,C
L00604,11,C
L00604,12,N
L00604,13,C
L00604,14,N
L00604,15,C
L00604,16,C
L00604,17,O
L00604,18,C
L00604,19,C
L00604,20,N
L00604,21,C
L00604,22,C
L00604,23,C
L00604,24,C
L00604,25,C
L00604,26,N
L00604,27,C
L00604,28,O
L00604,29,C
L00604,30,C
L00604,31,C
L00604,32,C
L00604,33,O
L00604,34,N
L00604,35,C
L00604,36,O
L00605,0,C
L00605,1,C
L00605,2,C
L00605,3,C
L00605,4,C
L00605,5,N
L00605,6,C
L00605,7,C
L00605,8,C
L00605,9,C
L00605,10,C
L00605,11,C
L00605,12,N
L00605,13,C
L00605,14,O
L00605,15,C
L00605,16,N
L00605,17,C
L00605,18,C
L00605,19,C
L00605,20,N
L00605,21,C
L00605,22,N
L00605,23,N
L00605,24,C
L00605,25,C
L00605,26,C
L00605,27,C
L00605,28,N
L00605,29,C
L00605,30,C
L00605,31,C
L00605,32,C
L00605,33,C
L00605,34,C
L00605,35,C
L00605,36,C
L00605,37,N
L00605,38,N
L00605,39,C
L00605,40,C
L00605,41,C
L00605,42,C
L00605,43,C
L00605,44,O
L00605,45,N
L00605,46,C
L00605,47,O
L00605,48,C
L00605,49,Cl
L00605,50,O
L00606,0,C
L00606,1,C
L00606,2,C
L00606,3,C
L00606,4,C
L00606,5,C
L00606,6,C
L00606,7,N
L00606,8,C
L00606,9,C
L00606,10,C
L00606,11,C
L00606,12,C
L00606,13,C
L00606,14,C
L00606,15,C
L00606,16,C
L00606,17,C
L00606,18,C
L00606,19,C
L00606,20,N
L00606,21,C
L00606,22,O
L00606,23,C
L00606,24,C
L00606,25,C
L00606,26,C
L00606,27,O
L00606,28,N
L00606,29,C
L00606,30,O
L00606,31,O
L00607,0,C
L00607,1,O
L00607,2,C
L00607,3,C
L00607,4,C
L00607,5,N
L00607,6,C
L00607,7,O
L00607,8,C
L00607,9,C
L00607,10,C
L00607,11,C
L00607,12,C
L00607,13,C
L00607,14,N
L00607,15,C
L00607,16,O
L00607,17,N
L00607,18,C
L00607,19,C
L00607,20,C
L00607,21,O
L00607,22,N
L00607,23,C
L00607,24,C
L00607,25,C
L00607,26,C
L00607,27,C
L00607,28,C
L00607,29,Cl
L00607,30,F
L00607,31,C
L00607,32,C
L00607,33,C
L00607,34,C
L00607,35,C
L00607,36,C
L00607,37,F
L00607,38,Cl
L00608,0,C
L00608,1,C
L00608,2,C
L00608,3,C
L00608,4,C
L00608,5,C
L00608,6,C
L00608,7,C
L00608,8,C
L00608,9,O
L00608,10,N
L00608,11,N
L00608,12,C
L00608,13,O
L00608,14,C
L00608,15,C
L00608,16,N
L00608,17,C
L00608,18,C
L00608,19,C
L00608,20,C
L00608,21,C
L00608,22,C
L00608,23,C
L00608,24,C
L00608,25,F
L00608,26,Cl
L00608,27,C
L00608,28,C
L00608,29,N
L00608,30,N
L00608,31,C
L00608,32,C
L00608,33,C
L00608,34,N
L00608,35,C
L00608,36,C
L00608,37,O
L00608,38,C
L00608,39,C
L00608,40,Cl
L00608,41,F
L00611,0,C
L00611,1,C
L00611,2,C
L00611,3,N
L00611,4,C
L00611,5,C
L00611,6,N
L00611,7,C
L00611,8,C
L00611,9,C
L00611,10,C
L00611,11,C
L00611,12,C
L00611,13,C
L00611,14,C
L00611,15,C
L00611,16,F
L00623,0,C
L00623,1,C
L00623,2,C
L00623,3,C
L00623,4,C
L00623,5,C
L00623,6,C
L00623,7,O
L00623,8,C
L00623,9,C
L00623,10,C
L00623,11,C
L00623,12,C
L00623,13,N
L00623,14,C
L00623,15,C
L00623,16,C
L00623,17,C
L00623,18,O
L00623,19,O
L00623,20,N
L00623,21,C
L00623,22,O
L00623,23,C
L00623,24,C
L00623,25,C
L00623,26,C
L00623,27,C
L00623,28,C
L00623,29,C
L00623,30,Cl
L00623,31,F
L00624,0,C
L00624,1,C
L00624,2,O
L00624,3,C
L00624,4,C
L00624,5,C
L00624,6,C
L00624,7,N
L00624,8,C
L00624,9,C
L00624,10,C
L00624,11,C
L00624,12,C
L00624,13,C
L00624,14,C
L00624,15,C
L00624,16,C
L00624,17,C
L00624,18,O
L00624,19,N
L00624,20,C
L00624,21,C
L00624,22,C
L00624,23,C
L00624,24,C
L00624,25,C
L00624,26,C
L00624,27,C
L00624,28,C
L00624,29,C
L00624,30,C
L00624,31,O
L00624,32,O
L00624,33,F
L00625,0,C
L00625,1,C
L00625,2,O
L00625,3,C
L00625,4,C
L00625,5,C
L00625,6,C
L00625,7,C
L00625,8,C
L00625,9,S
L00625,10,O
L00625,11,O
L00625,12,N
L00625,13,C
L00625,14,C
L00625,15,C
L00625,16,C
L00625,17,C
L00625,18,C
L00625,19,C
L00625,20,C
L00625,21,C
L00625,22,C
L00625,23,N
L00625,24,S
L00625,25,O
L00625,26,O
L00625,27,C
L00625,28,C
L00625,29,C
L00625,30,C
L00625,31,C
L00625,32,C
L00625,33,O
L00625,34,C
L00625,35,C
L00625,36,C
L00625,37,C
L00625,38,O
L00625,39,N
L00625,40,C
L00625,41,C
L00625,42,C
L00625,43,C
L00626,0,C
L00626,1,O
L00626,2,C
L00626,3,C
L00626,4,C
L00626,5,C
L00626,6,C
L00626,7,N
L00626,8,C
L00626,9,C
L00626,10,C
L00626,11,C
L00626,12,C
L00626,13,C
L00626,14,C
L00626,15,Cl
L00626,16,C
L00626,17,O
L00626,18,N
L00626,19,C
L00626,20,C
L00626,21,C
L00626,22,C
L00626,23,C
L00626,24,C
L00626,25,C
L00626,26,O
L00626,27,C
L00626,28,C
L00626,29,C
L00626,30,C
L00626,31,C
L00626,32,C
L00626,33,C
L00626,34,F
L00626,35,C
L00626,36,O
L00626,37,O
L00626,38,N
L00626,39,C
L00626,40,C
L00626,41,C
L00626,42,C
L00626,43,C
L00626,44,O
L00626,45,C
L00626,46,Cl
L00627,0,C
L00627,1,C
L00627,2,C
L00627,3,S
L00627,4,C
L00627,5,C
L00627,6,C
L00627,7,N
L00627,8,C
L00627,9,C
L00627,10,C
L00627,11,O
L00627,12,N
L00627,13,C
L00627,14,C
L00627,15,C
L00627,16,C
L00627,17,C
L00627,18,C
L00627,19,C
L00627,20,N
L00627,21,C
L00627,22,O
L00627,23,C
L00627,24,C
L00627,25,C
L00627,26,C
L00627,27,N
L00627,28,C
L00627,29,O
L00627,30,C
L00627,31,N
L00627,32,C
L00627,33,O
L00627,34,C
L00627,35,C
L00627,36,C
L00627,37,C
L00627,38,C
L00627,39,O
L00627,40,C
L00627,41,C
L00627,42,C
L00627,43,C
L00627,44,C
L00627,45,C
L00627,46,C
L00627,47,C
L00627,48,C
L00627,49,C
L00627,50,O
L00627,51,C
L00627,52,C
L00627,53,C
L00627,54,C
L00627,55,C
L00627,56,C
L00627,57,C
L00627,58,C
L00627,59,N
L00627,60,C
L00627,61,S
L00627,62,C
L00627,63,C
L00627,64,N
L00627,65,C
L00627,66,N
L00627,67,N
L00627,68,C
L00627,69,C
L00631,0,C
L00631,1,C
L00631,2,C
L00631,3,C
L00631,4,C
L00631,5,C
L00631,6,C
L00631,7,C
L00631,8,C
L00631,9,C
L00631,10,C
L00631,11,C
L00631,12,C
L00631,13,O
L00631,14,C
L00631,15,C
L00631,16,C
L00631,17,C
L00631,18,C
L00631,19,C
L00631,20,C
L00631,21,C
L00631,22,C
L00631,23,N
L00631,24,N
L00631,25,N
L00631,26,C
L00631,27,C
L00631,28,C
L00631,29,C
L00631,30,C
L00631,31,O
L00631,32,N
L00631,33,C
L00631,34,C
L00631,35,C
L00631,36,C
L00631,37,C
L00631,38,O
L00631,39,N
L00631,40,C
L00631,41,C
L00631,42,O
L00631,43,C
L00631,44,C
L00631,45,C
L00631,46,C
L00631,47,C
L00631,48,C
L00631,49,C
L00631,50,C
L00631,51,N
L00631,52,C
L00631,53,S
L00631,54,C
L00631,55,O
L00631,56,N
L00631,57,C
L00631,58,N
L00631,59,C
L00631,60,N
L00631,61,C
L00631,62,C
L00631,63,C
L00631,64,C
L00631,65,C
L00631,66,N
L00631,67,O
L00631,68,C
L00631,69,C
L00631,70,C
L00631,71,O
L00631,72,C
L00631,73,C
L00631,74,C
L00631,75,C
L00631,76,C
L00631,77,C
L00631,78,N
L00631,79,N
L00631,80,F
L00663,0,C
L00663,1,C
L00663,2,C
L00663,3,C
L00663,4,C
L00663,5,C
L00663,6,C
L00663,7,C
L00663,8,C
L00663,9,N
L00663,10,C
L00663,11,C
L00663,12,N
L00663,13,C
L00664,0,C
L00664,1,C
L00664,2,C
L00664,3,C
L00664,4,C
L00664,5,C
L00664,6,C
L00664,7,C
L00664,8,C
L00664,9,N
L00664,10,C
L00664,11,C
L00664,12,N
L00664,13,C
L00665,0,C
L00665,1,C
L00665,2,C
L00665,3,C
L00665,4,C
L00665,5,C
L00665,6,C
L00665,7,C
L00665,8,C
L00665,9,N
L00665,10,C
L00665,11,C
L00665,12,N
L00665,13,C
L00666,0,C
L00666,1,C
L00666,2,C
L00666,3,C
L00666,4,C
L00666,5,C
L00666,6,C
L00666,7,C
L00666,8,C
L00666,9,N
L00666,10,C
L00666,11,C
L00666,12,N
L00666,13,C
L00694,0,C
L00694,1,C
L00694,2,C
L00694,3,C
L00694,4,C
L00694,5,C
L00694,6,C
L00694,7,C
L00694,8,N
L00694,9,C
L00694,10,C
L00694,11,N
L00694,12,C
L00694,13,O
L00694,14,N
L00694,15,C
L00694,16,O
L00694,17,N
L00694,18,C
L00694,19,C
L00694,20,C
L00694,21,C
L00694,22,C
L00694,23,O
L00694,24,P
L00694,25,O
L00694,26,O
L00694,27,O
L00694,28,O
L00694,29,O
L00694,30,O
L00695,0,C
L00695,1,C
L00695,2,C
L00695,3,C
L00695,4,C
L00695,5,C
L00695,6,C
L00695,7,C
L00695,8,N
L00695,9,C
L00695,10,C
L00695,11,N
L00695,12,C
L00695,13,O
L00695,14,N
L00695,15,C
L00695,16,O
L00695,17,N
L00695,18,C
L00695,19,C
L00695,20,C
L00695,21,C
L00695,22,C
L00695,23,O
L00695,24,P
L00695,25,O
L00695,26,O
L00695,27,O
L00695,28,O
L00695,29,O
L00695,30,O
L00696,0,C
L00696,1,C
L00696,2,O
L00696,3,C
L00696,4,C
L00696,5,O
L00696,6,C
L00696,7,C
L00696,8,O
L00696,9,O
L00698,0,C
L00698,1,C
L00698,2,C
L00698,3,C
L00698,4,C
L00698,5,C
L00698,6,O
L00698,7,O
L00718,0,C
L00718,1,C
L00718,2,C
L00718,3,C
L00718,4,C
L00718,5,N
L00718,6,C
L00718,7,N
L00718,8,N
L00718,9,C
L00718,10,C
L00718,11,C
L00718,12,O
L00718,13,O
L00718,14,C
L00718,15,C
L00718,16,C
L00718,17,C
L00727,0,C
L00727,1,C
L00727,2,O
L00727,3,C
L00727,4,C
L00727,5,N
L00727,6,C
L00727,7,C
L00727,8,C
L00727,9,S
L00727,10,O
L00727,11,O
L00727,12,O
L00737,0,O
L00737,1,S
L00737,2,O
L00737,3,O
L00737,4,O
L00738,0,O
L00738,1,S
L00738,2,O
L00738,3,O
L00738,4,O
L00753,0,C
L00753,1,C
L00753,2,C
L00753,3,C
L00753,4,O
L00753,5,N
L00753,6,C
L00753,7,C
L00753,8,C
L00753,9,C
L00753,10,C
L00753,11,C
L00753,12,C
L00753,13,C
L00753,14,N
L00753,15,C
L00753,16,O
L00753,17,C
L00753,18,O
L00753,19,N
L00753,20,C
L00753,21,C
L00753,22,C
L00753,23,C
L00753,24,C
L00753,25,C
L00753,26,C
L00753,27,C
L00753,28,C
L00753,29,N
L00753,30,N
L00753,31,N
L00753,32,C
L00753,33,C
L00753,34,C
L00753,35,C
L00753,36,C
L00753,37,C
L00753,38,C
L00753,39,C
L00753,40,C
L00753,41,C
L00753,42,C
L00753,43,C
L00753,44,C
L00753,45,C
L00753,46,N
L00753,47,C
L00753,48,C
L00753,49,N
L00753,50,N
L00753,51,C
L00753,52,C
L00753,53,C
L00753,54,C
L00753,55,C
L00753,56,C
L00753,57,C
L00753,58,N
L00753,59,C
L00753,60,O
L00753,61,C
L00753,62,C
L00753,63,C
L00753,64,C
L00753,65,N
L00753,66,C
L00753,67,O
L00753,68,C
L00753,69,C
L00753,70,C
L00753,71,C
L00753,72,C
L00753,73,O
L00753,74,N
L00753,75,C
L00753,76,O
L00753,77,C
L00753,78,C
L00753,79,C
L00753,80,N
L00753,81,C
L00753,82,C
L00753,83,O
L00753,84,N
L00753,85,C
L00754,0,C
L00754,1,C
L00754,2,C
L00754,3,C
L00754,4,O
L00754,5,N
L00754,6,C
L00754,7,C
L00754,8,C
L00754,9,C
L00754,10,C
L00754,11,C
L00754,12,C
L00754,13,C
L00754,14,N
L00754,15,C
L00754,16,O
L00754,17,C
L00754,18,O
L00754,19,N
L00754,20,C
L00754,21,C
L00754,22,C
L00754,23,C
L00754,24,C
L00754,25,C
L00754,26,C
L00754,27,C
L00754,28,C
L00754,29,N
L00754,30,N
L00754,31,N
L00754,32,C
L00754,33,C
L00754,34,C
L00754,35,C
L00754,36,C
L00754,37,C
L00754,38,C
L00754,39,C
L00754,40,C
L00754,41,C
L00754,42,C
L00754,43,C
L00754,44,C
L00754,45,C
L00754,46,N
L00754,47,C
L00754,48,C
L00754,49,N
L00754,50,N
L00754,51,C
L00754,52,C
L00754,53,C
L00754,54,C
L00754,55,C
L00754,56,C
L00754,57,C
L00754,58,N
L00754,59,C
L00754,60,O
L00754,61,C
L00754,62,C
L00754,63,C
L00754,64,C
L00754,65,N
L00754,66,C
L00754,67,O
L00754,68,C
L00754,69,C
L00754,70,C
L00754,71,C
L00754,72,C
L00754,73,O
L00754,74,N
L00754,75,C
L00754,76,O
L00754,77,C
L00754,78,C
L00754,79,C
L00754,80,N
L00754,81,C
L00754,82,C
L00754,83,O
L00754,84,N
L00754,85,C
L00757,0,Zn
L00759,0,O
L00759,1,S
L00759,2,O
L00759,3,O
L00759,4,O
L00793,0,C
L00793,1,C
L00793,2,C
L00793,3,C
L00793,4,C
L00793,5,C
L00793,6,C
L00793,7,C
L00793,8,C
L00793,9,C
L00793,10,C
L00793,11,C
L00793,12,C
L00793,13,C
L00793,14,C
L00793,15,C
L00793,16,C
L00793,17,C
L00793,18,C
L00793,19,C
L00793,20,C
L00793,21,C
L00793,22,O
L00793,23,O
L00808,0,C
L00808,1,C
L00808,2,N
L00808,3,C
L00808,4,C
L00808,5,N
L00808,6,C
L00808,7,C
L00808,8,O
L00808,9,C
L00808,10,C
L00808,11,S
L00808,12,O
L00808,13,O
L00808,14,O
