Ligase,pdb_id,Ligand,Residue_ID,Variant,MW,Recruiter_Class,Chain,atom_id,exact_atom,atom_type,x,y,z,Exposure_A2
VHL,9OIM,A1C,201,1,216.281,Drug-like Recruiter,A,10311,C12,C,-7.411,11.252,-20.016,28.983
VHL,9OIM,A1C,201,1,216.281,Drug-like Recruiter,A,10312,C13,C,-7.646,9.98,-20.793,37.436
VHL,9OIM,A1C,201,1,216.281,Drug-like Recruiter,A,10313,C14,C,-4.007,10.398,-21.298,25.36
VHL,9OIM,A1C,201,1,216.281,Drug-like Recruiter,A,10314,C10,C,-6.193,12.763,-17.655,60.381
VHL,9OIM,A1C,201,1,216.281,Drug-like Recruiter,A,10315,C15,C,-3.695,9.586,-22.389,28.983
VHL,9OIM,A1C,201,1,216.281,Drug-like Recruiter,A,10316,C04,C,-4.688,8.81,-23.007,8.453
VHL,9OIM,A1C,201,1,216.281,Drug-like Recruiter,A,10317,C05,C,-5.999,8.874,-22.552,20.53
VHL,9OIM,A1C,201,1,216.281,Drug-like Recruiter,A,10318,C06,C,-6.317,9.7,-21.47,4.831
VHL,9OIM,A1C,201,1,216.281,Drug-like Recruiter,A,10319,C07,C,-5.333,10.452,-20.822,6.038
VHL,9OIM,A1C,201,1,216.281,Drug-like Recruiter,A,10320,C09,C,-5.339,11.96,-18.631,9.661
VHL,9OIM,A1C,201,1,216.281,Drug-like Recruiter,A,10321,N02,N,-4.395,7.94,-24.129,3.281
VHL,9OIM,A1C,201,1,216.281,Drug-like Recruiter,A,10322,N08,N,-5.98,11.253,-19.735,2.187
VHL,9OIM,A1C,201,1,216.281,Drug-like Recruiter,A,10323,O01,O,-3.351,7.966,-24.667,43.93
VHL,9OIM,A1C,201,1,216.281,Drug-like Recruiter,A,10324,O03,O,-5.386,7.067,-24.575,48.216
VHL,9OIM,A1C,201,1,216.281,Drug-like Recruiter,A,10325,O11,O,-4.162,11.936,-18.467,30.001
VHL,9D4B,A1A,301,1,2260.256,Peptide-like Recruiter,A,7281,C1,C,-36.023,-4.744,-37.689,38.644
VHL,9D4B,A1A,301,1,2260.256,Peptide-like Recruiter,A,7287,C5,C,-34.31,-4.243,-40.553,2.415
VHL,9D4B,A1A,301,1,2260.256,Peptide-like Recruiter,A,7288,C6,C,-33.735,-4.792,-41.699,1.208
VHL,9D4B,A1A,301,1,2260.256,Peptide-like Recruiter,A,7289,C7,C,-34.169,-4.431,-42.963,6.038
VHL,9D4B,A1A,301,1,2260.256,Peptide-like Recruiter,A,7290,C8,C,-35.177,-3.495,-43.134,1.208
VHL,9D4B,A1A,301,1,2260.256,Peptide-like Recruiter,A,7291,C9,C,-35.674,-3.064,-44.503,1.208
VHL,9D4B,A1A,301,1,2260.256,Peptide-like Recruiter,A,7292,C10,C,-37.061,-3.672,-44.748,16.907
VHL,9D4B,A1A,301,1,2260.256,Peptide-like Recruiter,A,7293,N2,N,-37.993,-2.886,-45.563,3.281
VHL,9D4B,A1A,301,1,2260.256,Peptide-like Recruiter,A,7294,C11,C,-38.56,-3.612,-46.693,25.36
VHL,9D4B,A1A,301,1,2260.256,Peptide-like Recruiter,A,7295,C12,C,-39.81,-2.884,-47.104,37.436
VHL,9D4B,A1A,301,1,2260.256,Peptide-like Recruiter,A,7296,O1,O,-39.559,-1.52,-47.446,23.572
VHL,9D4B,A1A,301,1,2260.256,Peptide-like Recruiter,A,7297,C13,C,-38.835,-0.82,-46.434,37.436
VHL,9D4B,A1A,301,1,2260.256,Peptide-like Recruiter,A,7298,C14,C,-37.592,-1.56,-46.029,9.661
VHL,9D4B,A1A,301,1,2260.256,Peptide-like Recruiter,A,7301,O2,O,-33.636,-1.547,-45.565,3.214
VHL,9D4B,A1A,301,1,2260.256,Peptide-like Recruiter,A,7309,O4,O,-34.259,-2.883,-49.023,3.214
VHL,9D4B,A1A,301,1,2260.256,Peptide-like Recruiter,A,7312,C22,C,-34.081,-2.82,-51.882,1.208
VHL,9D4B,A1A,301,1,2260.256,Peptide-like Recruiter,A,7313,C23,C,-33.883,-3.204,-53.169,2.415
VHL,9D4B,A1A,301,1,2260.256,Peptide-like Recruiter,A,7316,C26,C,-35.164,-3.036,-56.318,6.038
VHL,9D4B,A1A,301,1,2260.256,Peptide-like Recruiter,A,7317,C27,C,-36.671,-3.065,-56.093,3.623
VHL,9D4B,A1A,301,1,2260.256,Peptide-like Recruiter,A,7318,C28,C,-37.392,-4.308,-56.615,14.492
VHL,9D4B,A1A,301,1,2260.256,Peptide-like Recruiter,A,7319,N6,N,-38.749,-4.015,-57.087,2.187
VHL,9D4B,A1A,301,1,2260.256,Peptide-like Recruiter,A,7320,C29,C,-39.426,-5.198,-57.636,30.191
VHL,9D4B,A1A,301,1,2260.256,Peptide-like Recruiter,A,7321,C30,C,-40.869,-4.89,-58.06,24.153
VHL,9D4B,A1A,301,1,2260.256,Peptide-like Recruiter,A,7322,C31,C,-40.958,-3.68,-59.001,7.246
VHL,9D4B,A1A,301,1,2260.256,Peptide-like Recruiter,A,7323,C32,C,-42.373,-3.252,-59.342,2.415
VHL,9D4B,A1A,301,1,2260.256,Peptide-like Recruiter,A,7324,C33,C,-43.316,-3.221,-58.326,18.114
VHL,9D4B,A1A,301,1,2260.256,Peptide-like Recruiter,A,7325,C34,C,-44.639,-2.838,-58.574,15.699
VHL,9D4B,A1A,301,1,2260.256,Peptide-like Recruiter,A,7326,C35,C,-45.012,-2.484,-59.859,2.415
VHL,9D4B,A1A,301,1,2260.256,Peptide-like Recruiter,A,7327,C36,C,-44.084,-2.483,-60.891,7.246
VHL,9D4B,A1A,301,1,2260.256,Peptide-like Recruiter,A,7328,C37,C,-42.761,-2.885,-60.629,16.907
VHL,9D4B,A1A,301,1,2260.256,Peptide-like Recruiter,A,7329,N7,N,-44.768,-2.11,-62.096,2.187
VHL,9D4B,A1A,301,1,2260.256,Peptide-like Recruiter,A,7330,C38,C,-46.092,-1.863,-61.834,3.623
VHL,9D4B,A1A,301,1,2260.256,Peptide-like Recruiter,A,7331,N8,N,-46.986,-1.543,-62.761,15.31
VHL,9D4B,A1A,301,1,2260.256,Peptide-like Recruiter,A,7332,C39,C,-46.593,-1.429,-64.079,9.661
VHL,9D4B,A1A,301,1,2260.256,Peptide-like Recruiter,A,7333,O5,O,-47.42,-1.134,-64.944,36.43
VHL,9D4B,A1A,301,1,2260.256,Peptide-like Recruiter,A,7334,C40,C,-45.194,-1.669,-64.454,7.246
VHL,9D4B,A1A,301,1,2260.256,Peptide-like Recruiter,A,7335,C41,C,-44.701,-1.558,-65.77,7.246
VHL,9D4B,A1A,301,1,2260.256,Peptide-like Recruiter,A,7336,CL1,CL,-45.641,-1.139,-67.159,57.357
VHL,9D4B,A1A,301,1,2260.256,Peptide-like Recruiter,A,7337,C42,C,-43.394,-1.783,-66.065,26.568
VHL,9D4B,A1A,301,1,2260.256,Peptide-like Recruiter,A,7338,C43,C,-42.513,-2.147,-65.046,37.436
VHL,9D4B,A1A,301,1,2260.256,Peptide-like Recruiter,A,7339,C44,C,-42.958,-2.263,-63.749,18.114
VHL,9D4B,A1A,301,1,2260.256,Peptide-like Recruiter,A,7340,C45,C,-44.294,-2.025,-63.426,8.453
VHL,9D4B,A1A,301,1,2260.256,Peptide-like Recruiter,A,7342,C47,C,-47.44,-3.199,-60.31,20.53
VHL,9D4B,A1A,301,1,2260.256,Peptide-like Recruiter,A,7343,C48,C,-48.206,-3.3,-58.996,32.606
VHL,9D4B,A1A,301,1,2260.256,Peptide-like Recruiter,A,7344,C49,C,-48.7,-1.939,-58.553,36.229
VHL,9D4B,A1A,301,1,2260.256,Peptide-like Recruiter,A,7345,C50,C,-47.514,-1.026,-58.325,32.606
VHL,9D4B,A1A,301,1,2260.256,Peptide-like Recruiter,A,7346,C51,C,-46.788,-0.786,-59.642,24.153
VHL,9D4B,A1A,301,1,2260.256,Peptide-like Recruiter,A,7347,C52,C,-40.187,-2.512,-58.404,25.36
VHL,9D4B,A1A,301,1,2260.256,Peptide-like Recruiter,A,7348,C53,C,-38.764,-2.948,-58.095,9.661
VHL,9D4B,A1A,301,1,2260.256,Peptide-like Recruiter,A,7349,C54,C,-36.915,-2.747,-54.624,26.568
VHL,9D4B,A1A,301,1,2260.256,Peptide-like Recruiter,A,7350,C55,C,-36.28,-3.79,-53.72,10.869
VHL,9D4B,A1A,301,1,2260.256,Peptide-like Recruiter,A,7351,N9,N,-32.632,-2.854,-53.525,2.187
VHL,9D4B,A1A,301,1,2260.256,Peptide-like Recruiter,A,7354,C57,C,-32.914,0.378,-48.591,14.492
VHL,9D4B,A1A,301,1,2260.256,Peptide-like Recruiter,A,7355,C58,C,-32.435,0.798,-51.012,20.53
VHL,9D4B,A1A,301,1,2260.256,Peptide-like Recruiter,A,7356,C59,C,-34.687,0.043,-50.232,37.436
VHL,9D4B,A1A,301,1,2260.256,Peptide-like Recruiter,A,7357,C60,C,-35.769,-2.96,-42.002,20.53
VHL,9D4B,A1A,301,1,2260.256,Peptide-like Recruiter,A,7358,C61,C,-35.336,-3.313,-40.733,8.453
VHL,4B95,UCK,1206,1,1637.592,Peptide-like Recruiter,A,9938,N06,N,-6.263,35.104,3.847,1.094
VHL,4B95,UCK,1206,1,1637.592,Peptide-like Recruiter,A,9939,C07,C,-5.239,35.555,4.792,22.945
VHL,4B95,UCK,1206,1,1637.592,Peptide-like Recruiter,A,9940,C08,C,-4.944,34.594,5.934,1.208
VHL,4B95,UCK,1206,1,1637.592,Peptide-like Recruiter,A,9941,C09,C,-3.726,34.659,6.702,26.568
VHL,4B95,UCK,1206,1,1637.592,Peptide-like Recruiter,A,9942,C10,C,-3.471,33.723,7.691,12.076
VHL,4B95,UCK,1206,1,1637.592,Peptide-like Recruiter,A,9947,O15,O,-4.902,34.096,2.139,10.715
VHL,4B95,UCK,1206,1,1637.592,Peptide-like Recruiter,A,9950,C18,C,-6.684,34.025,-2.154,1.208
VHL,4B95,UCK,1206,1,1637.592,Peptide-like Recruiter,A,9951,C19,C,-5.505,33.282,-2.502,3.623
VHL,4B95,UCK,1206,1,1637.592,Peptide-like Recruiter,A,9952,CL2,CL,-4.282,32.967,-1.329,23.691
VHL,4B95,UCK,1206,1,1637.592,Peptide-like Recruiter,A,9953,C21,C,-5.345,32.859,-3.778,19.322
VHL,4B95,UCK,1206,1,1637.592,Peptide-like Recruiter,A,9954,C22,C,-6.334,33.147,-4.751,19.322
VHL,4B95,UCK,1206,1,1637.592,Peptide-like Recruiter,A,9955,C23,C,-7.479,33.867,-4.406,14.492
VHL,4B95,UCK,1206,1,1637.592,Peptide-like Recruiter,A,9956,C24,C,-7.653,34.303,-3.101,8.453
VHL,4B95,UCK,1206,1,1637.592,Peptide-like Recruiter,A,9957,O25,O,-6.787,35.685,-0.451,19.286
VHL,3ZTD,ZTD,1205,1,417.547,Drug-like Recruiter,A,10292,CAA,C,-56.756,10.635,5.482,33.814
VHL,3ZTD,ZTD,1205,1,417.547,Drug-like Recruiter,A,10294,CAK,C,-55.11,11.972,4.089,21.737
VHL,3ZTD,ZTD,1205,1,417.547,Drug-like Recruiter,A,10298,CAM,C,-53.974,13.639,2.424,15.699
VHL,3ZTD,ZTD,1205,1,417.547,Drug-like Recruiter,A,10300,OAB,O,-53.975,12.093,0.589,13.929
VHL,3ZTD,ZTD,1205,1,417.547,Drug-like Recruiter,A,10308,O,O,-52.356,13.6,-1.787,9.643
VHL,3ZTD,ZTD,1205,1,417.547,Drug-like Recruiter,A,10309,NAR,N,-53.601,11.966,-2.82,1.094
VHL,3ZTD,ZTD,1205,1,417.547,Drug-like Recruiter,A,10310,CAL,C,-52.489,11.166,-3.391,24.153
VHL,3ZTD,ZTD,1205,1,417.547,Drug-like Recruiter,A,10311,CAX,C,-51.952,11.735,-4.699,2.415
VHL,3ZTD,ZTD,1205,1,417.547,Drug-like Recruiter,A,10312,CAE,C,-52.77,12.508,-5.543,1.208
VHL,3ZTD,ZTD,1205,1,417.547,Drug-like Recruiter,A,10313,CAG,C,-52.228,13.017,-6.738,3.623
VHL,3ZTD,ZTD,1205,1,417.547,Drug-like Recruiter,A,10314,CAF,C,-50.617,11.485,-5.065,27.775
VHL,3ZTD,ZTD,1205,1,417.547,Drug-like Recruiter,A,10315,CAH,C,-50.081,12.0,-6.256,21.737
VHL,3ZTD,ZTD,1205,1,417.547,Drug-like Recruiter,A,10316,CAY,C,-50.895,12.757,-7.102,3.623
VHL,3ZTD,ZTD,1205,1,417.547,Drug-like Recruiter,A,10317,CBA,C,-50.334,13.333,-8.41,1.208
VHL,3ZTD,ZTD,1205,1,417.547,Drug-like Recruiter,A,10318,CAI,C,-48.64,12.777,-10.208,42.267
VHL,3ZTD,ZTD,1205,1,417.547,Drug-like Recruiter,A,10319,OAD,O,-50.967,14.233,-8.978,1.071
VHL,3ZTD,ZTD,1205,1,417.547,Drug-like Recruiter,A,10320,OAS,O,-49.073,12.908,-8.828,7.5
VHL,9GHX,VHL,204,1,421.515,Drug-like Recruiter,A,1006,C1,C,-35.687,-12.078,-24.267,2.415
VHL,9GHX,VHL,204,1,421.515,Drug-like Recruiter,A,1007,C2,C,-35.931,-9.462,-24.518,2.415
VHL,9GHX,VHL,204,1,421.515,Drug-like Recruiter,A,1009,C6,C,-35.189,-13.451,-21.419,16.907
VHL,9GHX,VHL,204,1,421.515,Drug-like Recruiter,A,1010,C5,C,-35.25,-13.943,-20.196,30.191
VHL,9GHX,VHL,204,1,421.515,Drug-like Recruiter,A,1011,C4,C,-35.982,-11.896,-20.155,8.453
VHL,9GHX,VHL,204,1,421.515,Drug-like Recruiter,A,1012,C7,C,-38.745,-10.395,-21.882,14.492
VHL,9GHX,VHL,204,1,421.515,Drug-like Recruiter,A,1013,C9,C,-38.859,-11.431,-23.742,22.945
VHL,9GHX,VHL,204,1,421.515,Drug-like Recruiter,A,1014,C8,C,-40.11,-11.325,-23.259,43.475
VHL,9GHX,VHL,204,1,421.515,Drug-like Recruiter,A,1016,N2,N,-35.753,-12.959,-19.394,20.778
VHL,9GHX,VHL,204,1,421.515,Drug-like Recruiter,A,1018,N4,N,-40.025,-10.686,-22.112,28.433
VHL,9GHX,VHL,204,1,421.515,Drug-like Recruiter,A,1019,O1,O,-35.568,-12.969,-25.013,46.073
VHL,9GHX,VHL,204,1,421.515,Drug-like Recruiter,A,1020,O2,O,-35.971,-8.734,-25.391,46.073
VHL,9GHX,VHL,204,1,421.515,Drug-like Recruiter,A,1021,O3,O,-32.843,-10.457,-23.13,12.858
VHL,4BKT,QD0,301,1,1101.396,Peptide-like Recruiter,A,10470,C01,C,-9.76,36.987,-4.976,30.191
VHL,4BKT,QD0,301,1,1101.396,Peptide-like Recruiter,A,10471,C02,C,-9.254,35.735,-4.345,2.415
VHL,4BKT,QD0,301,1,1101.396,Peptide-like Recruiter,A,10474,C05,C,-7.952,34.218,-3.243,2.415
VHL,4BKT,QD0,301,1,1101.396,Peptide-like Recruiter,A,10475,C06,C,-6.859,33.583,-2.422,19.322
VHL,4BKT,QD0,301,1,1101.396,Peptide-like Recruiter,A,10476,C07,C,-6.992,34.05,-0.966,2.415
VHL,4BKT,QD0,301,1,1101.396,Peptide-like Recruiter,A,10480,N11,N,-6.661,35.283,3.043,2.187
VHL,4BKT,QD0,301,1,1101.396,Peptide-like Recruiter,A,10481,C12,C,-5.59,35.993,3.688,53.136
VHL,4BKT,QD0,301,1,1101.396,Peptide-like Recruiter,A,10482,O13,O,-5.304,33.849,1.791,10.715
VHL,4BKT,QD0,301,1,1101.396,Peptide-like Recruiter,A,10483,C14,C,-8.001,32.337,2.288,2.415
VHL,4BKT,QD0,301,1,1101.396,Peptide-like Recruiter,A,10486,O18,O,-6.731,35.221,-0.68,19.286
VHL,4BKT,QD0,301,1,1101.396,Peptide-like Recruiter,A,10487,C19,C,-8.023,35.562,-3.642,19.322
VHL,4BKT,QD0,302,1,1101.396,Peptide-like Recruiter,A,10494,C01,C,35.824,32.094,-4.719,71.25
VHL,4BKT,QD0,302,1,1101.396,Peptide-like Recruiter,A,10495,C02,C,36.557,30.946,-4.104,7.246
VHL,4BKT,QD0,302,1,1101.396,Peptide-like Recruiter,A,10496,N03,N,36.06,29.693,-3.914,30.62
VHL,4BKT,QD0,302,1,1101.396,Peptide-like Recruiter,A,10497,O04,O,37.046,28.946,-3.318,17.143
VHL,4BKT,QD0,302,1,1101.396,Peptide-like Recruiter,A,10498,C05,C,38.16,29.626,-3.137,6.038
VHL,4BKT,QD0,302,1,1101.396,Peptide-like Recruiter,A,10499,C06,C,39.415,29.143,-2.442,30.191
VHL,4BKT,QD0,302,1,1101.396,Peptide-like Recruiter,A,10500,C07,C,39.325,29.564,-0.973,3.623
VHL,4BKT,QD0,302,1,1101.396,Peptide-like Recruiter,A,10502,C09,C,38.689,29.075,1.499,7.246
VHL,4BKT,QD0,302,1,1101.396,Peptide-like Recruiter,A,10503,C10,C,39.912,29.724,2.061,2.415
VHL,4BKT,QD0,302,1,1101.396,Peptide-like Recruiter,A,10504,N11,N,39.709,30.89,2.866,17.497
VHL,4BKT,QD0,302,1,1101.396,Peptide-like Recruiter,A,10505,C12,C,40.798,31.628,3.448,67.627
VHL,4BKT,QD0,302,1,1101.396,Peptide-like Recruiter,A,10506,O13,O,41.038,29.305,1.787,32.144
VHL,4BKT,QD0,302,1,1101.396,Peptide-like Recruiter,A,10507,C14,C,38.23,27.938,2.331,28.983
VHL,4BKT,QD0,302,1,1101.396,Peptide-like Recruiter,A,10508,C15,C,37.635,27.073,1.294,18.114
VHL,4BKT,QD0,302,1,1101.396,Peptide-like Recruiter,A,10509,C17,C,38.37,27.321,0.003,24.153
VHL,4BKT,QD0,302,1,1101.396,Peptide-like Recruiter,A,10510,O18,O,39.638,30.715,-0.681,25.715
VHL,4BKT,QD0,302,1,1101.396,Peptide-like Recruiter,A,10511,C19,C,37.891,30.932,-3.59,22.945
VHL,4BKT,QD0,302,1,1101.396,Peptide-like Recruiter,A,10512,O16,O,36.284,27.386,1.156,46.073
VHL,4W9J,3JH,301,1,2415.66,Peptide-like Recruiter,A,10537,CD1,C,7.616,55.739,96.189,36.229
VHL,4W9J,3JH,301,1,2415.66,Peptide-like Recruiter,A,10539,CD2,C,7.31,58.032,95.278,19.322
VHL,4W9J,3JH,301,1,2415.66,Peptide-like Recruiter,A,10543,CAA,C,11.351,55.047,97.358,2.415
VHL,4W9J,3JH,301,1,2415.66,Peptide-like Recruiter,A,10544,OAC,O,11.88,55.367,98.428,21.429
VHL,4W9J,3JH,301,1,2415.66,Peptide-like Recruiter,A,10545,CAD,C,11.137,53.568,97.027,32.606
VHL,4W9J,3JH,301,1,2415.66,Peptide-like Recruiter,A,10548,NAH,N,11.285,54.22,93.489,2.187
VHL,4W9J,3JH,301,1,2415.66,Peptide-like Recruiter,A,10551,CAL,C,13.167,52.145,94.276,20.53
VHL,4W9J,3JH,301,1,2415.66,Peptide-like Recruiter,A,10552,CAM,C,13.49,51.577,91.856,8.453
VHL,4W9J,3JH,301,1,2415.66,Peptide-like Recruiter,A,10553,CAK,C,11.212,51.403,92.91,39.852
VHL,4W9J,3JH,301,1,2415.66,Peptide-like Recruiter,A,10555,OAR,O,10.604,53.82,90.876,16.072
VHL,4W9J,3JH,301,1,2415.66,Peptide-like Recruiter,A,10563,OAY,O,12.368,52.352,88.363,5.357
VHL,4W9J,3JH,301,1,2415.66,Peptide-like Recruiter,A,10564,NBA,N,10.946,53.568,87.083,2.187
VHL,4W9J,3JH,301,1,2415.66,Peptide-like Recruiter,A,10565,CBB,C,10.485,52.409,86.318,26.568
VHL,4W9J,3JH,301,1,2415.66,Peptide-like Recruiter,A,10566,CBC,C,11.312,52.237,85.161,1.208
VHL,4W9J,3JH,301,1,2415.66,Peptide-like Recruiter,A,10569,CBD,C,11.229,51.034,84.46,25.36
VHL,4W9J,3JH,301,1,2415.66,Peptide-like Recruiter,A,10570,CBE,C,12.029,50.795,83.321,9.661
VHL,4W9J,3JH,301,1,2415.66,Peptide-like Recruiter,A,10577,CBN,C,11.988,50.302,80.297,32.606
VHL,4W9K,3JO,301,1,2575.92,Peptide-like Recruiter,A,10512,CAB,C,12.402,50.482,80.611,33.814
VHL,4W9K,3JO,301,1,2575.92,Peptide-like Recruiter,A,10521,CAR,C,12.5,50.877,83.66,8.453
VHL,4W9K,3JO,301,1,2575.92,Peptide-like Recruiter,A,10522,CAP,C,11.714,51.091,84.795,25.36
VHL,4W9K,3JO,301,1,2575.92,Peptide-like Recruiter,A,10523,CBH,C,11.807,52.288,85.515,1.208
VHL,4W9K,3JO,301,1,2575.92,Peptide-like Recruiter,A,10524,CAU,C,11.0,52.43,86.643,26.568
VHL,4W9K,3JO,301,1,2575.92,Peptide-like Recruiter,A,10525,NAZ,N,11.464,53.591,87.451,1.094
VHL,4W9K,3JO,301,1,2575.92,Peptide-like Recruiter,A,10526,CBE,C,12.315,53.478,88.477,1.208
VHL,4W9K,3JO,301,1,2575.92,Peptide-like Recruiter,A,10527,OAG,O,12.783,52.409,88.821,7.5
VHL,4W9K,3JO,301,1,2575.92,Peptide-like Recruiter,A,10535,OAI,O,10.917,54.176,91.115,11.786
VHL,4W9K,3JO,301,1,2575.92,Peptide-like Recruiter,A,10538,CAD,C,11.356,51.947,93.433,32.606
VHL,4W9K,3JO,301,1,2575.92,Peptide-like Recruiter,A,10539,CAE,C,13.217,52.811,94.875,20.53
VHL,4W9K,3JO,301,1,2575.92,Peptide-like Recruiter,A,10540,CAC,C,13.717,52.05,92.571,10.869
VHL,4W9K,3JO,301,1,2575.92,Peptide-like Recruiter,A,10545,N,N,9.824,55.107,96.084,3.281
VHL,4W9K,3JO,301,1,2575.92,Peptide-like Recruiter,A,10547,OAF,O,7.979,54.085,95.176,28.929
VHL,4W9K,3JO,301,1,2575.92,Peptide-like Recruiter,A,10548,CAA,C,8.946,53.123,97.146,55.551
VHL,4W9K,3JO,301,1,2575.92,Peptide-like Recruiter,A,10552,CE1,C,6.246,57.919,96.052,24.153
VHL,4W9K,3JO,301,1,2575.92,Peptide-like Recruiter,A,10553,CZ,C,6.051,57.835,97.424,30.191
VHL,4W9K,3JO,301,1,2575.92,Peptide-like Recruiter,A,10554,CE2,C,7.14,57.631,98.263,15.699
VHL,4W9K,3JO,301,1,2575.92,Peptide-like Recruiter,A,10555,CD2,C,8.426,57.521,97.735,3.623
VHL,4W9G,3JV,301,1,1718.684,Peptide-like Recruiter,A,10527,CAB,C,11.514,51.765,94.014,48.305
VHL,4W9G,3JV,301,1,1718.684,Peptide-like Recruiter,A,10529,CAC,C,13.765,51.717,92.915,12.076
VHL,4W9G,3JV,301,1,1718.684,Peptide-like Recruiter,A,10530,CAD,C,13.465,52.716,95.197,28.983
VHL,4W9G,3JV,301,1,1718.684,Peptide-like Recruiter,A,10531,CAN,C,12.537,53.923,93.272,7.246
VHL,4W9G,3JV,301,1,1718.684,Peptide-like Recruiter,A,10533,OAE,O,10.979,53.625,91.466,15.0
VHL,4W9G,3JV,301,1,1718.684,Peptide-like Recruiter,A,10541,O,O,12.807,51.932,89.187,8.572
VHL,4W9G,3JV,301,1,1718.684,Peptide-like Recruiter,A,10542,NAR,N,11.387,53.103,87.841,1.094
VHL,4W9G,3JV,301,1,1718.684,Peptide-like Recruiter,A,10543,CAM,C,10.891,51.931,87.127,28.983
VHL,4W9G,3JV,301,1,1718.684,Peptide-like Recruiter,A,10544,CAW,C,11.685,51.773,85.962,3.623
VHL,4W9G,3JV,301,1,1718.684,Peptide-like Recruiter,A,10545,CAL,C,11.705,50.526,85.341,19.322
VHL,4W9G,3JV,301,1,1718.684,Peptide-like Recruiter,A,10546,CAV,C,12.473,50.286,84.201,3.623
VHL,4W9G,3JV,301,1,1718.684,Peptide-like Recruiter,A,10547,CAA,C,12.419,48.993,83.662,36.229
VHL,4W9G,3JV,301,1,1718.684,Peptide-like Recruiter,A,10548,CAH,C,12.462,52.798,85.405,1.208
VHL,4W9G,3JV,301,1,1718.684,Peptide-like Recruiter,A,10549,CAI,C,13.23,52.573,84.264,1.208
VHL,4W9G,3JV,301,1,1718.684,Peptide-like Recruiter,A,10550,CAY,C,13.249,51.327,83.641,1.208
VHL,4W9G,3JV,301,1,1718.684,Peptide-like Recruiter,A,10555,CAK,C,13.648,50.634,81.377,12.076
VHL,9HYO,A1I,301,1,1207.493,Peptide-like Recruiter,A,3611,C6,C,19.916,2.234,-16.49,6.038
VHL,9HYO,A1I,301,1,1207.493,Peptide-like Recruiter,A,3612,C7,C,18.863,2.617,-15.632,4.831
VHL,9HYO,A1I,301,1,1207.493,Peptide-like Recruiter,A,3613,C8,C,17.598,2.81,-16.246,4.831
VHL,9HYO,A1I,301,1,1207.493,Peptide-like Recruiter,A,3614,C10,C,18.454,2.12,-18.383,33.814
VHL,9HYO,A1I,301,1,1207.493,Peptide-like Recruiter,A,3615,C15,C,28.275,-7.536,-8.567,24.153
VHL,9HYO,A1I,301,1,1207.493,Peptide-like Recruiter,A,3616,C17,C,30.484,-8.378,-8.116,22.945
VHL,9HYO,A1I,301,1,1207.493,Peptide-like Recruiter,A,3617,C20,C,31.065,-8.955,-4.897,3.623
VHL,9HYO,A1I,301,1,1207.493,Peptide-like Recruiter,A,3618,C21,C,29.981,-8.861,-4.038,1.208
VHL,9HYO,A1I,301,1,1207.493,Peptide-like Recruiter,A,3620,C24,C,32.475,-7.931,-3.246,1.208
VHL,9HYO,A1I,301,1,1207.493,Peptide-like Recruiter,A,3622,C1,C,21.334,1.987,-14.659,4.831
VHL,9HYO,A1I,301,1,1207.493,Peptide-like Recruiter,A,3623,N2,N,20.503,2.505,-13.802,12.029
VHL,9HYO,A1I,301,1,1207.493,Peptide-like Recruiter,A,3624,C3,C,19.195,2.768,-14.202,10.869
VHL,9HYO,A1I,301,1,1207.493,Peptide-like Recruiter,A,3625,O4,O,21.193,2.036,-16.015,10.715
VHL,9HYO,A1I,301,1,1207.493,Peptide-like Recruiter,A,3626,O5,O,18.335,3.051,-13.355,34.287
VHL,9HYO,A1I,301,1,1207.493,Peptide-like Recruiter,A,3627,C9,C,17.398,2.556,-17.6,28.983
VHL,9HYO,A1I,301,1,1207.493,Peptide-like Recruiter,A,3628,C11,C,19.719,1.972,-17.838,30.191
VHL,9HYO,A1I,301,1,1207.493,Peptide-like Recruiter,A,3629,BR12,BR,16.106,3.534,-15.312,70.348
VHL,9HYO,A1I,301,1,1207.493,Peptide-like Recruiter,A,3630,O13,O,26.982,-5.764,-7.488,5.357
VHL,9HYO,A1I,301,1,1207.493,Peptide-like Recruiter,A,3631,C14,C,27.357,-7.144,-7.431,9.661
VHL,9HYO,A1I,301,1,1207.493,Peptide-like Recruiter,A,3632,O16,O,29.644,-7.23,-8.258,5.357
VHL,9HYO,A1I,301,1,1207.493,Peptide-like Recruiter,A,3633,C18,C,29.96,-9.277,-7.032,19.322
VHL,9HYO,A1I,301,1,1207.493,Peptide-like Recruiter,A,3634,O19,O,31.014,-9.596,-6.113,15.0
VHL,9HYO,A1I,301,1,1207.493,Peptide-like Recruiter,A,3636,C25,C,32.337,-8.508,-4.509,1.208
VHL,9HYO,A1I,301,1,1207.493,Peptide-like Recruiter,A,3638,N28,N,27.501,-9.535,-0.337,4.374
VHL,9HYO,A1I,301,1,1207.493,Peptide-like Recruiter,A,3641,C31,C,33.528,-8.748,-5.41,20.53
VHL,9HYO,A1I,301,1,1207.493,Peptide-like Recruiter,A,3642,N32,N,34.577,-7.752,-5.255,4.374
VHL,9HYO,A1I,301,1,1207.493,Peptide-like Recruiter,A,3645,O35,O,33.588,-6.06,-6.407,4.286
VHL,9HYO,A1I,301,1,1207.493,Peptide-like Recruiter,A,3651,O41,O,36.939,-5.6,-7.198,12.858
VHL,9HYO,A1I,301,1,1207.493,Peptide-like Recruiter,A,3655,C45,C,34.595,-3.361,-8.609,19.322
VHL,9HYO,A1I,301,1,1207.493,Peptide-like Recruiter,A,3656,C46,C,36.068,-1.411,-9.05,20.53
VHL,9HYO,A1I,301,1,1207.493,Peptide-like Recruiter,A,3657,C47,C,36.575,-3.618,-10.087,38.644
VHL,9HYO,A1I,301,1,1207.493,Peptide-like Recruiter,A,3661,C51,C,41.263,-3.9,-9.054,22.945
VHL,9HYO,A1I,301,1,1207.493,Peptide-like Recruiter,A,3663,F53,F,40.525,-1.614,-9.519,12.421
VHL,9HYO,A1I,301,1,1207.493,Peptide-like Recruiter,A,3665,C55,C,28.212,-10.946,-2.23,18.114
VHL,9HYO,A1I,301,1,1207.493,Peptide-like Recruiter,A,3666,N56,N,27.885,-2.869,-8.291,1.094
VHL,9HYO,A1I,301,1,1207.493,Peptide-like Recruiter,A,3667,N57,N,25.707,-3.393,-10.217,6.562
VHL,9HYO,A1I,301,1,1207.493,Peptide-like Recruiter,A,3668,C58,C,25.581,-2.389,-9.146,13.284
VHL,9HYO,A1I,301,1,1207.493,Peptide-like Recruiter,A,3670,C60,C,28.102,-2.964,-9.781,15.699
VHL,9HYO,A1I,301,1,1207.493,Peptide-like Recruiter,A,3671,C61,C,27.071,-3.908,-10.408,12.076
VHL,9HYO,A1I,301,1,1207.493,Peptide-like Recruiter,A,3672,C62,C,29.027,-2.87,-14.716,47.098
VHL,9HYO,A1I,301,1,1207.493,Peptide-like Recruiter,A,3673,C63,C,28.726,-2.092,-13.473,26.568
VHL,9HYO,A1I,301,1,1207.493,Peptide-like Recruiter,A,3674,C64,C,27.854,-1.948,-14.676,15.699
VHL,9HYO,A1I,301,1,1207.493,Peptide-like Recruiter,A,3675,C65,C,25.949,-3.137,-15.982,51.928
VHL,9HYO,A1I,301,1,1207.493,Peptide-like Recruiter,A,3677,C67,C,22.994,1.362,-12.98,25.36
VHL,9HYO,A1I,301,1,1207.493,Peptide-like Recruiter,A,3678,C68,C,22.883,0.104,-12.125,28.983
VHL,9HYO,A1I,301,1,1207.493,Peptide-like Recruiter,A,3679,C69,C,23.886,-1.011,-12.41,6.038
VHL,9HYO,A1I,301,1,1207.493,Peptide-like Recruiter,A,3680,N70,N,24.167,-1.816,-11.35,9.842
VHL,9HYO,A1I,301,1,1207.493,Peptide-like Recruiter,A,3681,C71,C,25.138,-2.831,-11.441,8.453
VHL,9HYO,A1I,301,1,1207.493,Peptide-like Recruiter,A,3682,N72,N,25.738,-3.069,-12.642,8.749
VHL,9HYO,A1I,301,1,1207.493,Peptide-like Recruiter,A,3683,C73,C,25.509,-2.273,-13.699,2.415
VHL,9HYO,A1I,301,1,1207.493,Peptide-like Recruiter,A,3684,C74,C,24.53,-1.191,-13.638,3.623
VHL,9HYO,A1I,301,1,1207.493,Peptide-like Recruiter,A,3685,C75,C,24.272,-0.318,-14.846,15.699
VHL,9HYO,A1I,301,1,1207.493,Peptide-like Recruiter,A,3686,C76,C,22.827,0.095,-15.137,20.53
VHL,9HYO,A1I,301,1,1207.493,Peptide-like Recruiter,A,3687,N77,N,22.348,1.206,-14.293,1.094
VHL,9HYO,A1I,301,1,1207.493,Peptide-like Recruiter,A,3689,C79,C,28.601,-3.964,-7.538,2.415
VHL,9HYN,A1I,301,1,1007.211,Peptide-like Recruiter,A,7340,C4,C,-39.048,-18.809,30.684,26.568
VHL,9HYN,A1I,301,1,1007.211,Peptide-like Recruiter,A,7341,C5,C,-38.295,-17.781,31.242,4.831
VHL,9HYN,A1I,301,1,1007.211,Peptide-like Recruiter,A,7342,C6,C,-38.898,-16.773,32.034,4.831
VHL,9HYN,A1I,301,1,1007.211,Peptide-like Recruiter,A,7343,C8,C,-36.207,-16.649,31.598,10.869
VHL,9HYN,A1I,301,1,1007.211,Peptide-like Recruiter,A,7344,C10,C,-38.069,-15.686,32.601,8.453
VHL,9HYN,A1I,301,1,1007.211,Peptide-like Recruiter,A,7345,C17,C,-33.562,-18.575,29.846,25.36
VHL,9HYN,A1I,301,1,1007.211,Peptide-like Recruiter,A,7346,C20,C,-28.672,-15.82,32.636,22.945
VHL,9HYN,A1I,301,1,1007.211,Peptide-like Recruiter,A,7347,C21,C,-28.322,-15.635,30.189,3.623
VHL,9HYN,A1I,301,1,1007.211,Peptide-like Recruiter,A,7349,C24,C,-29.597,-10.728,35.719,4.831
VHL,9HYN,A1I,301,1,1007.211,Peptide-like Recruiter,A,7351,C1,C,-40.288,-16.863,32.242,2.415
VHL,9HYN,A1I,301,1,1007.211,Peptide-like Recruiter,A,7352,C2,C,-41.036,-17.889,31.686,25.36
VHL,9HYN,A1I,301,1,1007.211,Peptide-like Recruiter,A,7353,C3,C,-40.409,-18.872,30.935,35.021
VHL,9HYN,A1I,301,1,1007.211,Peptide-like Recruiter,A,7354,N7,N,-36.901,-17.677,31.033,1.094
VHL,9HYN,A1I,301,1,1007.211,Peptide-like Recruiter,A,7355,N9,N,-36.702,-15.703,32.344,15.31
VHL,9HYN,A1I,301,1,1007.211,Peptide-like Recruiter,A,7356,C11,C,-36.051,-18.489,30.311,25.36
VHL,9HYN,A1I,301,1,1007.211,Peptide-like Recruiter,A,7357,C12,C,-34.796,-17.974,30.454,3.623
VHL,9HYN,A1I,301,1,1007.211,Peptide-like Recruiter,A,7358,N13,N,-34.901,-16.821,31.224,1.094
VHL,9HYN,A1I,301,1,1007.211,Peptide-like Recruiter,A,7359,O14,O,-38.55,-14.801,33.295,33.215
VHL,9HYN,A1I,301,1,1007.211,Peptide-like Recruiter,A,7360,BR15,BR,-41.232,-15.598,33.296,66.366
VHL,9HYN,A1I,301,1,1007.211,Peptide-like Recruiter,A,7361,C16,C,-33.82,-15.933,31.648,35.021
VHL,9HYN,A1I,301,1,1007.211,Peptide-like Recruiter,A,7362,O18,O,-31.302,-11.882,23.031,10.715
VHL,9HYN,A1I,301,1,1007.211,Peptide-like Recruiter,A,7363,C19,C,-30.539,-15.115,31.164,3.623
VHL,9HYN,A1I,301,1,1007.211,Peptide-like Recruiter,A,7364,C23,C,-29.769,-12.109,36.29,16.907
VHL,9HYN,A1I,301,1,1007.211,Peptide-like Recruiter,A,7365,F25,F,-31.227,-11.909,34.357,26.912
VHL,9HYN,A1I,301,1,1007.211,Peptide-like Recruiter,A,7370,O31,O,-29.827,-12.097,30.142,11.786
VHL,9HYN,A1I,301,1,1007.211,Peptide-like Recruiter,A,7377,O38,O,-29.139,-13.09,27.225,1.071
VHL,9HYN,A1I,301,1,1007.211,Peptide-like Recruiter,A,7380,N41,N,-29.371,-10.92,26.643,3.281
VHL,9HYN,A1I,301,1,1007.211,Peptide-like Recruiter,A,7381,C42,C,-30.183,-11.156,25.458,16.907
VHL,9HYN,A1I,301,1,1007.211,Peptide-like Recruiter,A,7382,C43,C,-29.327,-11.291,21.744,3.623
VHL,9HYN,A1I,301,1,1007.211,Peptide-like Recruiter,A,7383,C44,C,-30.01,-11.416,22.947,4.831
VHL,9HYN,A1I,301,1,1007.211,Peptide-like Recruiter,A,7384,C45,C,-29.417,-11.039,24.158,2.415
VHL,9HYN,A1I,301,1,1007.211,Peptide-like Recruiter,A,7387,C48,C,-28.025,-10.798,21.726,1.208
VHL,9HYN,A1I,301,1,1007.211,Peptide-like Recruiter,A,7388,C49,C,-29.039,-9.636,18.868,28.983
VHL,9HYN,A1I,301,1,1007.211,Peptide-like Recruiter,A,7394,C55,C,-31.767,-12.844,22.062,19.322
VHL,9HYN,A1I,301,1,1007.211,Peptide-like Recruiter,A,7395,C56,C,-32.321,-13.993,22.803,33.814
VHL,9HYN,A1I,301,1,1007.211,Peptide-like Recruiter,A,7396,C57,C,-33.626,-17.737,27.598,22.945
VHL,9HYN,A1I,301,1,1007.211,Peptide-like Recruiter,A,7397,C58,C,-33.071,-16.713,26.64,21.737
VHL,9HYN,A1I,301,1,1007.211,Peptide-like Recruiter,A,7398,O59,O,-31.296,-14.526,23.636,4.286
VHL,9HYN,A1I,301,1,1007.211,Peptide-like Recruiter,A,7399,C60,C,-31.748,-14.887,24.929,8.453
VHL,9HYN,A1I,301,1,1007.211,Peptide-like Recruiter,A,7400,C61,C,-30.954,-16.076,25.408,15.699
VHL,9HYN,A1I,301,1,1007.211,Peptide-like Recruiter,A,7401,N62,N,-31.599,-16.953,26.455,5.468
VHL,9HYN,A1I,301,1,1007.211,Peptide-like Recruiter,A,7402,C63,C,-30.896,-16.894,27.777,7.246
VHL,9HYN,A1I,301,1,1007.211,Peptide-like Recruiter,A,7403,C64,C,-31.527,-17.926,28.702,21.737
VHL,5LLI,6Z3,301,1,543.819,Peptide-like Recruiter,A,10632,CAP,C,10.376,57.587,97.699,14.492
VHL,5LLI,6Z3,301,1,543.819,Peptide-like Recruiter,A,10633,CAQ,C,9.917,58.305,96.433,6.038
VHL,5LLI,6Z3,301,1,543.819,Peptide-like Recruiter,A,10635,CAJ,C,9.219,56.037,96.268,8.453
VHL,5LLI,6Z3,301,1,543.819,Peptide-like Recruiter,A,10636,NAE,N,8.482,55.474,96.184,40.463
VHL,5LLI,6Z3,301,1,543.819,Peptide-like Recruiter,A,10642,CAD,C,11.564,52.446,94.867,41.059
VHL,5LLI,6Z3,301,1,543.819,Peptide-like Recruiter,A,10643,CAB,C,13.427,53.356,96.211,25.36
VHL,5LLI,6Z3,301,1,543.819,Peptide-like Recruiter,A,10644,CAC,C,13.9,52.498,93.913,13.284
VHL,5LLI,6Z3,301,1,543.819,Peptide-like Recruiter,A,10646,OAH,O,11.132,54.527,92.445,12.858
VHL,5LLI,6Z3,301,1,543.819,Peptide-like Recruiter,A,10653,C,C,12.633,53.898,89.824,1.208
VHL,5LLI,6Z3,301,1,543.819,Peptide-like Recruiter,A,10654,O,O,13.111,52.826,90.201,8.572
VHL,5LLI,6Z3,301,1,543.819,Peptide-like Recruiter,A,10655,NAV,N,11.758,54.029,88.796,1.094
VHL,5LLI,6Z3,301,1,543.819,Peptide-like Recruiter,A,10656,CAR,C,11.275,52.89,87.971,27.775
VHL,5LLI,6Z3,301,1,543.819,Peptide-like Recruiter,A,10657,CBC,C,12.074,52.668,86.796,2.415
VHL,5LLI,6Z3,301,1,543.819,Peptide-like Recruiter,A,10660,CAL,C,12.04,51.432,86.141,25.36
VHL,5LLI,6Z3,301,1,543.819,Peptide-like Recruiter,A,10661,CAN,C,12.814,51.183,85.002,7.246
VHL,5LLI,6Z3,301,1,543.819,Peptide-like Recruiter,A,10662,CBD,C,13.638,52.17,84.447,1.208
VHL,5LLI,6Z3,301,1,543.819,Peptide-like Recruiter,A,10668,CAA,C,12.605,50.826,81.958,35.021
VHL,9GHX,VHL,204,1,843.03,Peptide-like Recruiter,A,1006,C1,C,-35.687,-12.078,-24.267,2.415
VHL,9GHX,VHL,204,1,843.03,Peptide-like Recruiter,A,1007,C2,C,-35.931,-9.462,-24.518,2.415
VHL,9GHX,VHL,204,1,843.03,Peptide-like Recruiter,A,1009,C6,C,-35.189,-13.451,-21.419,16.907
VHL,9GHX,VHL,204,1,843.03,Peptide-like Recruiter,A,1010,C5,C,-35.25,-13.943,-20.196,30.191
VHL,9GHX,VHL,204,1,843.03,Peptide-like Recruiter,A,1011,C4,C,-35.982,-11.896,-20.155,8.453
VHL,9GHX,VHL,204,1,843.03,Peptide-like Recruiter,A,1012,C7,C,-38.745,-10.395,-21.882,14.492
VHL,9GHX,VHL,204,1,843.03,Peptide-like Recruiter,A,1013,C9,C,-38.859,-11.431,-23.742,22.945
VHL,9GHX,VHL,204,1,843.03,Peptide-like Recruiter,A,1014,C8,C,-40.11,-11.325,-23.259,43.475
VHL,9GHX,VHL,204,1,843.03,Peptide-like Recruiter,A,1016,N2,N,-35.753,-12.959,-19.394,20.778
VHL,9GHX,VHL,204,1,843.03,Peptide-like Recruiter,A,1018,N4,N,-40.025,-10.686,-22.112,28.433
VHL,9GHX,VHL,204,1,843.03,Peptide-like Recruiter,A,1019,O1,O,-35.568,-12.969,-25.013,46.073
VHL,9GHX,VHL,204,1,843.03,Peptide-like Recruiter,A,1020,O2,O,-35.971,-8.734,-25.391,46.073
VHL,9GHX,VHL,204,1,843.03,Peptide-like Recruiter,A,1021,O3,O,-32.843,-10.457,-23.13,12.858
VHL,9GHX,VHL,205,1,843.03,Peptide-like Recruiter,A,1024,C2,C,-24.818,-1.349,8.4,1.208
VHL,9GHX,VHL,205,1,843.03,Peptide-like Recruiter,A,1026,C6,C,-25.109,2.954,5.974,3.623
VHL,9GHX,VHL,205,1,843.03,Peptide-like Recruiter,A,1027,C5,C,-25.386,3.754,4.99,8.453
VHL,9GHX,VHL,205,1,843.03,Peptide-like Recruiter,A,1028,C4,C,-25.886,1.715,4.469,9.661
VHL,9GHX,VHL,205,1,843.03,Peptide-like Recruiter,A,1029,C7,C,-28.213,0.005,7.172,13.284
VHL,9GHX,VHL,205,1,843.03,Peptide-like Recruiter,A,1030,C9,C,-27.484,1.087,8.826,14.492
VHL,9GHX,VHL,205,1,843.03,Peptide-like Recruiter,A,1031,C8,C,-28.796,1.133,8.902,44.682
VHL,9GHX,VHL,205,1,843.03,Peptide-like Recruiter,A,1033,N2,N,-25.885,2.965,4.031,18.591
VHL,9GHX,VHL,205,1,843.03,Peptide-like Recruiter,A,1035,N4,N,-29.22,0.447,7.891,24.059
VHL,9GHX,VHL,205,1,843.03,Peptide-like Recruiter,A,1036,O1,O,-24.0,1.991,9.261,32.144
VHL,9GHX,VHL,205,1,843.03,Peptide-like Recruiter,A,1037,O2,O,-24.681,-2.2,9.144,52.501
VHL,9GHX,VHL,205,1,843.03,Peptide-like Recruiter,A,1038,O3,O,-22.29,-0.574,6.089,11.786
VHL,6I7R,CSU,60,1,189.258,Fragment Recruiter,A,500,N,N,30.217,-41.984,-23.49,43.744
VHL,6I7R,CSU,60,1,189.258,Fragment Recruiter,A,501,CA,C,29.445,-41.303,-24.508,2.415
VHL,6I7R,CSU,60,1,189.258,Fragment Recruiter,A,502,CB,C,28.271,-42.184,-24.937,22.945
VHL,6I7R,CSU,60,1,189.258,Fragment Recruiter,A,503,SG,S,28.854,-43.482,-26.018,39.891
VHL,6I7R,CSU,60,1,189.258,Fragment Recruiter,A,504,S,S,29.978,-42.602,-27.772,2.574
VHL,6I7R,CSU,60,1,189.258,Fragment Recruiter,A,505,C,C,28.942,-39.913,-24.127,30.191
VHL,6I7R,CSU,60,1,189.258,Fragment Recruiter,A,506,O,O,28.365,-39.159,-24.906,45.001
VHL,6I7R,CSU,60,1,189.258,Fragment Recruiter,A,507,OD1,O,30.129,-43.589,-28.701,45.001
VHL,6I7R,CSU,60,1,189.258,Fragment Recruiter,A,508,OD2,O,31.488,-42.272,-27.245,40.715
VHL,6I7R,CSU,60,1,189.258,Fragment Recruiter,A,509,OD3,O,29.466,-41.356,-28.01,32.144
VHL,9IPW,A1L,201,1,216.277,Drug-like Recruiter,A,10219,C1,C,-48.61,-10.303,19.407,28.983
VHL,9IPW,A1L,201,1,216.277,Drug-like Recruiter,A,10220,C10,C,-46.095,-9.41,21.082,26.568
VHL,9IPW,A1L,201,1,216.277,Drug-like Recruiter,A,10221,C11,C,-44.815,-9.963,23.053,66.42
VHL,9IPW,A1L,201,1,216.277,Drug-like Recruiter,A,10222,C2,C,-49.785,-10.669,18.737,31.398
VHL,9IPW,A1L,201,1,216.277,Drug-like Recruiter,A,10223,C3,C,-51.042,-10.305,19.224,9.661
VHL,9IPW,A1L,201,1,216.277,Drug-like Recruiter,A,10224,C4,C,-51.126,-9.569,20.393,26.568
VHL,9IPW,A1L,201,1,216.277,Drug-like Recruiter,A,10225,C5,C,-49.961,-9.209,21.056,8.453
VHL,9IPW,A1L,201,1,216.277,Drug-like Recruiter,A,10226,C6,C,-48.678,-9.559,20.583,6.038
VHL,9IPW,A1L,201,1,216.277,Drug-like Recruiter,A,10227,C7,C,-49.088,-8.092,22.94,12.076
VHL,9IPW,A1L,201,1,216.277,Drug-like Recruiter,A,10228,C8,C,-47.808,-8.411,22.542,14.492
VHL,9IPW,A1L,201,1,216.277,Drug-like Recruiter,A,10229,C9,C,-47.575,-9.129,21.374,4.831
VHL,9IPW,A1L,201,1,216.277,Drug-like Recruiter,A,10230,O1,O,-50.128,-8.501,22.187,15.0
VHL,9IPW,A1L,201,1,216.277,Drug-like Recruiter,A,10231,O2,O,-49.249,-7.459,23.941,51.43
VHL,9IPW,A1L,201,1,216.277,Drug-like Recruiter,A,10232,O3,O,-52.226,-10.662,18.566,38.573
VHL,9IPW,A1L,201,1,216.277,Drug-like Recruiter,A,10233,O4,O,-45.301,-8.974,22.178,15.0
VHL,4W9C,3JG,301,1,399.576,Drug-like Recruiter,A,10549,CAA,C,13.652,52.696,95.711,31.398
VHL,4W9C,3JG,301,1,399.576,Drug-like Recruiter,A,10551,CAB,C,11.639,52.096,94.397,43.475
VHL,4W9C,3JG,301,1,399.576,Drug-like Recruiter,A,10552,CAC,C,13.943,51.756,93.38,13.284
VHL,4W9C,3JG,301,1,399.576,Drug-like Recruiter,A,10553,CAN,C,13.076,54.085,93.793,6.038
VHL,4W9C,3JG,301,1,399.576,Drug-like Recruiter,A,10555,OAD,O,11.37,53.951,92.085,11.786
VHL,4W9C,3JG,301,1,399.576,Drug-like Recruiter,A,10563,O,O,13.045,52.278,89.623,7.5
VHL,4W9C,3JG,301,1,399.576,Drug-like Recruiter,A,10564,NAR,N,11.595,53.475,88.331,2.187
VHL,4W9C,3JG,301,1,399.576,Drug-like Recruiter,A,10565,CAM,C,11.066,52.314,87.599,25.36
VHL,4W9C,3JG,301,1,399.576,Drug-like Recruiter,A,10566,CAV,C,11.841,52.094,86.417,2.415
VHL,4W9C,3JG,301,1,399.576,Drug-like Recruiter,A,10567,CAH,C,11.578,50.964,85.626,26.568
VHL,4W9C,3JG,301,1,399.576,Drug-like Recruiter,A,10568,CAJ,C,12.32,50.693,84.469,18.114
VHL,4W9C,3JG,301,1,399.576,Drug-like Recruiter,A,10576,CAL,C,13.651,50.871,81.815,14.492
VHL,6GMR,F4K,301,1,183.295,Fragment Recruiter,A,2893,C02,C,11.208,-22.271,4.4,18.114
VHL,6GMR,F4K,301,1,183.295,Fragment Recruiter,A,2894,C03,C,11.847,-21.828,5.669,3.623
VHL,6GMR,F4K,301,1,183.295,Fragment Recruiter,A,2895,C04,C,11.142,-20.957,6.488,13.284
VHL,6GMR,F4K,301,1,183.295,Fragment Recruiter,A,2899,C08,C,13.123,-22.255,6.013,4.831
VHL,6GMR,F4K,301,1,183.295,Fragment Recruiter,A,2901,C12,C,13.687,-20.0,11.317,1.208
VHL,6GMR,F4K,301,1,183.295,Fragment Recruiter,A,2903,O01,O,10.76,-21.228,3.613,7.5
VHL,8P0F,WBN,301,1,442.67,Drug-like Recruiter,A,5434,N3,N,-0.639,-27.219,34.112,1.094
VHL,8P0F,WBN,301,1,442.67,Drug-like Recruiter,A,5438,C8,C,-3.382,-27.925,37.621,8.453
VHL,8P0F,WBN,301,1,442.67,Drug-like Recruiter,A,5439,C10,C,-4.072,-26.86,39.675,1.208
VHL,8P0F,WBN,301,1,442.67,Drug-like Recruiter,A,5440,N12,N,-4.444,-26.26,42.068,1.094
VHL,8P0F,WBN,301,1,442.67,Drug-like Recruiter,A,5445,C26,C,-2.669,-28.252,49.929,26.568
VHL,8P0F,WBN,301,1,442.67,Drug-like Recruiter,A,5446,C28,C,-3.055,-28.279,47.565,13.284
VHL,8P0F,WBN,301,1,442.67,Drug-like Recruiter,A,5447,C1,C,-3.077,-27.469,34.352,28.983
VHL,8P0F,WBN,301,1,442.67,Drug-like Recruiter,A,5450,C9,C,-4.238,-27.839,38.705,26.568
VHL,8P0F,WBN,301,1,442.67,Drug-like Recruiter,A,5451,C11,C,-5.037,-26.756,40.833,21.737
VHL,8P0F,WBN,301,1,442.67,Drug-like Recruiter,A,5452,O14,O,-3.724,-28.267,42.737,20.358
VHL,8P0F,WBN,301,1,442.67,Drug-like Recruiter,A,5457,O22,O,-4.79,-26.823,45.472,21.429
VHL,8P0F,WBN,301,1,442.67,Drug-like Recruiter,A,5459,N24,N,-2.531,-26.215,48.681,2.187
VHL,8P0F,WBN,301,1,442.67,Drug-like Recruiter,A,5460,C25,C,-2.496,-26.892,49.839,9.661
VHL,8P0F,WBN,301,1,442.67,Drug-like Recruiter,A,5461,C27,C,-2.933,-28.95,48.769,32.606
VHL,8BDN,QFR,301,1,2111.104,Peptide-like Recruiter,A,10686,O1,O,-6.955,15.155,0.513,11.786
VHL,8BDN,QFR,301,1,2111.104,Peptide-like Recruiter,A,10688,N2,N,-6.657,15.111,-3.203,3.281
VHL,8BDN,QFR,301,1,2111.104,Peptide-like Recruiter,A,10691,C10,C,-3.902,15.53,-5.732,16.907
VHL,8BDN,QFR,301,1,2111.104,Peptide-like Recruiter,A,10692,C11,C,-3.679,16.247,-6.894,8.453
VHL,8BDN,QFR,301,1,2111.104,Peptide-like Recruiter,A,10693,C12,C,-4.642,17.119,-7.395,1.208
VHL,8BDN,QFR,301,1,2111.104,Peptide-like Recruiter,A,10699,O3,O,-4.511,15.501,-2.72,15.0
VHL,8BDN,QFR,301,1,2111.104,Peptide-like Recruiter,A,10700,C16,C,-4.958,13.413,-3.827,41.059
VHL,8BDN,QFR,301,1,2111.104,Peptide-like Recruiter,A,10701,C17,C,-8.316,16.079,2.922,1.208
VHL,8BDN,QFR,301,1,2111.104,Peptide-like Recruiter,A,10702,C18,C,-5.931,16.942,2.89,3.623
VHL,8BDN,QFR,301,1,2111.104,Peptide-like Recruiter,A,10703,C19,C,-5.423,15.597,3.388,48.305
VHL,8BDN,QFR,301,1,2111.104,Peptide-like Recruiter,A,10704,C20,C,-4.878,17.589,1.998,18.114
VHL,8BDN,QFR,301,1,2111.104,Peptide-like Recruiter,A,10705,C21,C,-8.529,14.769,3.132,7.246
VHL,8BDN,QFR,301,1,2111.104,Peptide-like Recruiter,A,10706,C22,C,-9.716,14.699,3.906,2.415
VHL,8BDN,QFR,301,1,2111.104,Peptide-like Recruiter,A,10709,C23,C,-10.398,13.481,4.44,28.983
VHL,8BDN,QFR,301,1,2111.104,Peptide-like Recruiter,A,10712,N5,N,-3.512,18.575,-10.651,2.187
VHL,8BDN,QFR,301,1,2111.104,Peptide-like Recruiter,A,10714,C26,C,-3.266,16.171,-10.161,37.436
VHL,5NW0,9BK,301,1,2295.38,Peptide-like Recruiter,A,10650,CAA,C,8.258,53.536,97.311,60.381
VHL,5NW0,9BK,301,1,2295.38,Peptide-like Recruiter,A,10651,CAZ,C,9.4,54.557,97.322,1.208
VHL,5NW0,9BK,301,1,2295.38,Peptide-like Recruiter,A,10652,OAF,O,10.413,54.344,97.979,22.501
VHL,5NW0,9BK,301,1,2295.38,Peptide-like Recruiter,A,10653,NAX,N,9.222,55.648,96.55,8.749
VHL,5NW0,9BK,301,1,2295.38,Peptide-like Recruiter,A,10656,CAQ,C,9.808,58.143,96.395,6.038
VHL,5NW0,9BK,301,1,2295.38,Peptide-like Recruiter,A,10662,CAE,C,13.973,52.343,93.984,13.284
VHL,5NW0,9BK,301,1,2295.38,Peptide-like Recruiter,A,10663,CAC,C,11.644,52.256,94.903,32.606
VHL,5NW0,9BK,301,1,2295.38,Peptide-like Recruiter,A,10664,CAD,C,13.524,53.185,96.269,20.53
VHL,5NW0,9BK,301,1,2295.38,Peptide-like Recruiter,A,10666,OAI,O,11.159,54.313,92.428,12.858
VHL,5NW0,9BK,301,1,2295.38,Peptide-like Recruiter,A,10673,C,C,12.579,53.79,89.809,1.208
VHL,5NW0,9BK,301,1,2295.38,Peptide-like Recruiter,A,10674,O,O,13.025,52.72,90.204,8.572
VHL,5NW0,9BK,301,1,2295.38,Peptide-like Recruiter,A,10675,NAV,N,11.748,53.907,88.742,1.094
VHL,5NW0,9BK,301,1,2295.38,Peptide-like Recruiter,A,10676,CAR,C,11.272,52.765,87.926,25.36
VHL,5NW0,9BK,301,1,2295.38,Peptide-like Recruiter,A,10677,CBD,C,12.07,52.565,86.752,2.415
VHL,5NW0,9BK,301,1,2295.38,Peptide-like Recruiter,A,10678,CAK,C,12.048,51.332,86.096,25.36
VHL,5NW0,9BK,301,1,2295.38,Peptide-like Recruiter,A,10679,CAM,C,12.815,51.108,84.947,8.453
VHL,5NW0,9BK,301,1,2295.38,Peptide-like Recruiter,A,10682,CBF,C,13.631,52.114,84.404,1.208
VHL,5NW0,9BK,301,1,2295.38,Peptide-like Recruiter,A,10688,CAB,C,12.645,50.663,81.87,38.644
VHL,9BOL,A1A,304,1,540.819,Peptide-like Recruiter,A,5543,C8,C,0.14,-35.365,-4.455,25.36
VHL,9BOL,A1A,304,1,540.819,Peptide-like Recruiter,A,5544,C10,C,1.069,-34.42,-6.589,25.36
VHL,9BOL,A1A,304,1,540.819,Peptide-like Recruiter,A,5546,C15,C,0.015,-34.483,-5.686,1.208
VHL,9BOL,A1A,304,1,540.819,Peptide-like Recruiter,A,5548,C24,C,1.521,-32.353,1.17,19.322
VHL,9BOL,A1A,304,1,540.819,Peptide-like Recruiter,A,5554,O7,O,0.351,-33.53,-2.402,8.572
VHL,9BOL,A1A,304,1,540.819,Peptide-like Recruiter,A,5555,N9,N,-0.92,-34.986,-3.519,3.281
VHL,9BOL,A1A,304,1,540.819,Peptide-like Recruiter,A,5556,C11,C,0.983,-33.623,-7.722,9.661
VHL,9BOL,A1A,304,1,540.819,Peptide-like Recruiter,A,5563,O20,O,-0.438,-35.167,0.104,9.643
VHL,9BOL,A1A,304,1,540.819,Peptide-like Recruiter,A,5565,C23,C,1.871,-34.649,2.05,38.644
VHL,9BOL,A1A,304,1,540.819,Peptide-like Recruiter,A,5566,C25,C,1.161,-32.82,3.574,30.191
VHL,9BOL,A1A,304,1,540.819,Peptide-like Recruiter,A,5569,C30,C,0.887,-33.475,-10.894,33.814
VHL,9BOL,A1A,304,1,540.819,Peptide-like Recruiter,A,5571,N32,N,-2.457,-35.199,4.393,1.094
VHL,9BOL,A1A,304,1,540.819,Peptide-like Recruiter,A,5572,C33,C,-1.817,-36.29,3.968,2.415
VHL,9BOL,A1A,304,1,540.819,Peptide-like Recruiter,A,5573,C34,C,-0.991,-35.886,2.973,7.246
VHL,9BOL,A1A,304,1,540.819,Peptide-like Recruiter,A,5574,C35,C,-1.992,-37.69,4.494,14.492
VHL,9BOL,A1A,304,1,540.819,Peptide-like Recruiter,A,5575,C36,C,-2.582,-37.851,5.9,18.114
VHL,9BOL,A1A,304,1,540.819,Peptide-like Recruiter,A,5576,C37,C,-3.426,-38.189,4.672,8.453
VHL,4W9J,3JH,301,1,603.915,Peptide-like Recruiter,A,10537,CD1,C,7.616,55.739,96.189,36.229
VHL,4W9J,3JH,301,1,603.915,Peptide-like Recruiter,A,10539,CD2,C,7.31,58.032,95.278,19.322
VHL,4W9J,3JH,301,1,603.915,Peptide-like Recruiter,A,10543,CAA,C,11.351,55.047,97.358,2.415
VHL,4W9J,3JH,301,1,603.915,Peptide-like Recruiter,A,10544,OAC,O,11.88,55.367,98.428,21.429
VHL,4W9J,3JH,301,1,603.915,Peptide-like Recruiter,A,10545,CAD,C,11.137,53.568,97.027,32.606
VHL,4W9J,3JH,301,1,603.915,Peptide-like Recruiter,A,10548,NAH,N,11.285,54.22,93.489,2.187
VHL,4W9J,3JH,301,1,603.915,Peptide-like Recruiter,A,10551,CAL,C,13.167,52.145,94.276,20.53
VHL,4W9J,3JH,301,1,603.915,Peptide-like Recruiter,A,10552,CAM,C,13.49,51.577,91.856,8.453
VHL,4W9J,3JH,301,1,603.915,Peptide-like Recruiter,A,10553,CAK,C,11.212,51.403,92.91,39.852
VHL,4W9J,3JH,301,1,603.915,Peptide-like Recruiter,A,10555,OAR,O,10.604,53.82,90.876,16.072
VHL,4W9J,3JH,301,1,603.915,Peptide-like Recruiter,A,10563,OAY,O,12.368,52.352,88.363,5.357
VHL,4W9J,3JH,301,1,603.915,Peptide-like Recruiter,A,10564,NBA,N,10.946,53.568,87.083,2.187
VHL,4W9J,3JH,301,1,603.915,Peptide-like Recruiter,A,10565,CBB,C,10.485,52.409,86.318,26.568
VHL,4W9J,3JH,301,1,603.915,Peptide-like Recruiter,A,10566,CBC,C,11.312,52.237,85.161,1.208
VHL,4W9J,3JH,301,1,603.915,Peptide-like Recruiter,A,10569,CBD,C,11.229,51.034,84.46,25.36
VHL,4W9J,3JH,301,1,603.915,Peptide-like Recruiter,A,10570,CBE,C,12.029,50.795,83.321,9.661
VHL,4W9J,3JH,301,1,603.915,Peptide-like Recruiter,A,10577,CBN,C,11.988,50.302,80.297,32.606
VHL,5LLI,6Z3,301,1,2175.276,Peptide-like Recruiter,A,10632,CAP,C,10.376,57.587,97.699,14.492
VHL,5LLI,6Z3,301,1,2175.276,Peptide-like Recruiter,A,10633,CAQ,C,9.917,58.305,96.433,6.038
VHL,5LLI,6Z3,301,1,2175.276,Peptide-like Recruiter,A,10635,CAJ,C,9.219,56.037,96.268,8.453
VHL,5LLI,6Z3,301,1,2175.276,Peptide-like Recruiter,A,10636,NAE,N,8.482,55.474,96.184,40.463
VHL,5LLI,6Z3,301,1,2175.276,Peptide-like Recruiter,A,10642,CAD,C,11.564,52.446,94.867,41.059
VHL,5LLI,6Z3,301,1,2175.276,Peptide-like Recruiter,A,10643,CAB,C,13.427,53.356,96.211,25.36
VHL,5LLI,6Z3,301,1,2175.276,Peptide-like Recruiter,A,10644,CAC,C,13.9,52.498,93.913,13.284
VHL,5LLI,6Z3,301,1,2175.276,Peptide-like Recruiter,A,10646,OAH,O,11.132,54.527,92.445,12.858
VHL,5LLI,6Z3,301,1,2175.276,Peptide-like Recruiter,A,10653,C,C,12.633,53.898,89.824,1.208
VHL,5LLI,6Z3,301,1,2175.276,Peptide-like Recruiter,A,10654,O,O,13.111,52.826,90.201,8.572
VHL,5LLI,6Z3,301,1,2175.276,Peptide-like Recruiter,A,10655,NAV,N,11.758,54.029,88.796,1.094
VHL,5LLI,6Z3,301,1,2175.276,Peptide-like Recruiter,A,10656,CAR,C,11.275,52.89,87.971,27.775
VHL,5LLI,6Z3,301,1,2175.276,Peptide-like Recruiter,A,10657,CBC,C,12.074,52.668,86.796,2.415
VHL,5LLI,6Z3,301,1,2175.276,Peptide-like Recruiter,A,10660,CAL,C,12.04,51.432,86.141,25.36
VHL,5LLI,6Z3,301,1,2175.276,Peptide-like Recruiter,A,10661,CAN,C,12.814,51.183,85.002,7.246
VHL,5LLI,6Z3,301,1,2175.276,Peptide-like Recruiter,A,10662,CBD,C,13.638,52.17,84.447,1.208
VHL,5LLI,6Z3,301,1,2175.276,Peptide-like Recruiter,A,10668,CAA,C,12.605,50.826,81.958,35.021
VHL,8CQK,VYQ,301,1,560.821,Peptide-like Recruiter,A,10332,C10,C,-11.54,16.46,-39.434,1.208
VHL,8CQK,VYQ,301,1,560.821,Peptide-like Recruiter,A,10334,C15,C,-11.587,19.238,-34.984,36.229
VHL,8CQK,VYQ,301,1,560.821,Peptide-like Recruiter,A,10336,C20,C,-12.018,18.89,-39.685,2.415
VHL,8CQK,VYQ,301,1,560.821,Peptide-like Recruiter,A,10337,C21,C,-12.681,20.086,-40.4,49.513
VHL,8CQK,VYQ,301,1,560.821,Peptide-like Recruiter,A,10340,C28,C,-10.121,17.91,-47.007,8.453
VHL,8CQK,VYQ,301,1,560.821,Peptide-like Recruiter,A,10345,C07,C,-13.063,17.378,-41.372,2.415
VHL,8CQK,VYQ,301,1,560.821,Peptide-like Recruiter,A,10346,C08,C,-14.483,17.075,-40.908,42.267
VHL,8CQK,VYQ,301,1,560.821,Peptide-like Recruiter,A,10348,C11,C,-10.79,16.668,-38.364,2.415
VHL,8CQK,VYQ,301,1,560.821,Peptide-like Recruiter,A,10351,C19,C,-11.144,19.128,-38.446,3.623
VHL,8CQK,VYQ,301,1,560.821,Peptide-like Recruiter,A,10353,C27,C,-12.504,18.071,-47.852,42.267
VHL,8CQK,VYQ,301,1,560.821,Peptide-like Recruiter,A,10354,C29,C,-10.65,17.382,-49.418,35.021
VHL,8CQK,VYQ,301,1,560.821,Peptide-like Recruiter,A,10355,C31,C,-12.438,14.071,-49.096,1.208
VHL,8CQK,VYQ,301,1,560.821,Peptide-like Recruiter,A,10357,C34,C,-13.395,12.933,-51.237,18.114
VHL,8CQK,VYQ,301,1,560.821,Peptide-like Recruiter,A,10358,C35,C,-13.747,12.034,-50.043,4.831
VHL,8CQK,VYQ,301,1,560.821,Peptide-like Recruiter,A,10360,F33,F,-14.879,14.178,-49.713,32.087
VHL,8CQK,VYQ,301,1,560.821,Peptide-like Recruiter,A,10361,N06,N,-12.525,16.178,-41.995,1.094
VHL,8CQK,VYQ,301,1,560.821,Peptide-like Recruiter,A,10362,N16,N,-8.964,18.832,-34.321,2.187
VHL,8CQK,VYQ,301,1,560.821,Peptide-like Recruiter,A,10366,O22,O,-11.149,17.347,-43.444,5.357
VHL,8CQK,VYQ,301,1,560.821,Peptide-like Recruiter,A,10368,O37,O,-12.864,15.867,-45.771,11.786
VHL,9OIQ,A1C,301,1,370.542,Drug-like Recruiter,A,10315,C11,C,38.514,-77.078,3.174,31.398
VHL,9OIQ,A1C,301,1,370.542,Drug-like Recruiter,A,10316,C12,C,38.14,-76.853,1.855,25.36
VHL,9OIQ,A1C,301,1,370.542,Drug-like Recruiter,A,10317,C02,C,37.769,-74.952,-1.484,33.814
VHL,9OIQ,A1C,301,1,370.542,Drug-like Recruiter,A,10318,C03,C,37.864,-76.459,-1.305,28.983
VHL,9OIQ,A1C,301,1,370.542,Drug-like Recruiter,A,10319,C05,C,40.246,-77.024,-1.07,36.229
VHL,9OIQ,A1C,301,1,370.542,Drug-like Recruiter,A,10320,C07,C,40.387,-77.282,1.112,6.038
VHL,9OIQ,A1C,301,1,370.542,Drug-like Recruiter,A,10321,C08,C,40.769,-77.514,2.467,31.398
VHL,9OIQ,A1C,301,1,370.542,Drug-like Recruiter,A,10322,C09,C,39.831,-77.408,3.484,6.038
VHL,9OIQ,A1C,301,1,370.542,Drug-like Recruiter,A,10323,C13,C,39.102,-76.961,0.81,6.038
VHL,9OIQ,A1C,301,1,370.542,Drug-like Recruiter,A,10324,N04,N,39.046,-76.807,-0.543,1.094
VHL,9OIQ,A1C,301,1,370.542,Drug-like Recruiter,A,10325,N06,N,41.076,-77.314,-0.068,25.153
VHL,9OIQ,A1C,301,1,370.542,Drug-like Recruiter,A,10326,N10,N,40.226,-77.637,4.861,53.586
VHL,9OIQ,A1C,301,1,370.542,Drug-like Recruiter,A,10327,O01,O,36.402,-74.663,-1.51,50.359
VHL,9HYN,A1I,301,1,2014.422,Peptide-like Recruiter,A,7340,C4,C,-39.048,-18.809,30.684,26.568
VHL,9HYN,A1I,301,1,2014.422,Peptide-like Recruiter,A,7341,C5,C,-38.295,-17.781,31.242,4.831
VHL,9HYN,A1I,301,1,2014.422,Peptide-like Recruiter,A,7342,C6,C,-38.898,-16.773,32.034,4.831
VHL,9HYN,A1I,301,1,2014.422,Peptide-like Recruiter,A,7343,C8,C,-36.207,-16.649,31.598,10.869
VHL,9HYN,A1I,301,1,2014.422,Peptide-like Recruiter,A,7344,C10,C,-38.069,-15.686,32.601,8.453
VHL,9HYN,A1I,301,1,2014.422,Peptide-like Recruiter,A,7345,C17,C,-33.562,-18.575,29.846,25.36
VHL,9HYN,A1I,301,1,2014.422,Peptide-like Recruiter,A,7346,C20,C,-28.672,-15.82,32.636,22.945
VHL,9HYN,A1I,301,1,2014.422,Peptide-like Recruiter,A,7347,C21,C,-28.322,-15.635,30.189,3.623
VHL,9HYN,A1I,301,1,2014.422,Peptide-like Recruiter,A,7349,C24,C,-29.597,-10.728,35.719,4.831
VHL,9HYN,A1I,301,1,2014.422,Peptide-like Recruiter,A,7351,C1,C,-40.288,-16.863,32.242,2.415
VHL,9HYN,A1I,301,1,2014.422,Peptide-like Recruiter,A,7352,C2,C,-41.036,-17.889,31.686,25.36
VHL,9HYN,A1I,301,1,2014.422,Peptide-like Recruiter,A,7353,C3,C,-40.409,-18.872,30.935,35.021
VHL,9HYN,A1I,301,1,2014.422,Peptide-like Recruiter,A,7354,N7,N,-36.901,-17.677,31.033,1.094
VHL,9HYN,A1I,301,1,2014.422,Peptide-like Recruiter,A,7355,N9,N,-36.702,-15.703,32.344,15.31
VHL,9HYN,A1I,301,1,2014.422,Peptide-like Recruiter,A,7356,C11,C,-36.051,-18.489,30.311,25.36
VHL,9HYN,A1I,301,1,2014.422,Peptide-like Recruiter,A,7357,C12,C,-34.796,-17.974,30.454,3.623
VHL,9HYN,A1I,301,1,2014.422,Peptide-like Recruiter,A,7358,N13,N,-34.901,-16.821,31.224,1.094
VHL,9HYN,A1I,301,1,2014.422,Peptide-like Recruiter,A,7359,O14,O,-38.55,-14.801,33.295,33.215
VHL,9HYN,A1I,301,1,2014.422,Peptide-like Recruiter,A,7360,BR15,BR,-41.232,-15.598,33.296,66.366
VHL,9HYN,A1I,301,1,2014.422,Peptide-like Recruiter,A,7361,C16,C,-33.82,-15.933,31.648,35.021
VHL,9HYN,A1I,301,1,2014.422,Peptide-like Recruiter,A,7362,O18,O,-31.302,-11.882,23.031,10.715
VHL,9HYN,A1I,301,1,2014.422,Peptide-like Recruiter,A,7363,C19,C,-30.539,-15.115,31.164,3.623
VHL,9HYN,A1I,301,1,2014.422,Peptide-like Recruiter,A,7364,C23,C,-29.769,-12.109,36.29,16.907
VHL,9HYN,A1I,301,1,2014.422,Peptide-like Recruiter,A,7365,F25,F,-31.227,-11.909,34.357,26.912
VHL,9HYN,A1I,301,1,2014.422,Peptide-like Recruiter,A,7370,O31,O,-29.827,-12.097,30.142,11.786
VHL,9HYN,A1I,301,1,2014.422,Peptide-like Recruiter,A,7377,O38,O,-29.139,-13.09,27.225,1.071
VHL,9HYN,A1I,301,1,2014.422,Peptide-like Recruiter,A,7380,N41,N,-29.371,-10.92,26.643,3.281
VHL,9HYN,A1I,301,1,2014.422,Peptide-like Recruiter,A,7381,C42,C,-30.183,-11.156,25.458,16.907
VHL,9HYN,A1I,301,1,2014.422,Peptide-like Recruiter,A,7382,C43,C,-29.327,-11.291,21.744,3.623
VHL,9HYN,A1I,301,1,2014.422,Peptide-like Recruiter,A,7383,C44,C,-30.01,-11.416,22.947,4.831
VHL,9HYN,A1I,301,1,2014.422,Peptide-like Recruiter,A,7384,C45,C,-29.417,-11.039,24.158,2.415
VHL,9HYN,A1I,301,1,2014.422,Peptide-like Recruiter,A,7387,C48,C,-28.025,-10.798,21.726,1.208
VHL,9HYN,A1I,301,1,2014.422,Peptide-like Recruiter,A,7388,C49,C,-29.039,-9.636,18.868,28.983
VHL,9HYN,A1I,301,1,2014.422,Peptide-like Recruiter,A,7394,C55,C,-31.767,-12.844,22.062,19.322
VHL,9HYN,A1I,301,1,2014.422,Peptide-like Recruiter,A,7395,C56,C,-32.321,-13.993,22.803,33.814
VHL,9HYN,A1I,301,1,2014.422,Peptide-like Recruiter,A,7396,C57,C,-33.626,-17.737,27.598,22.945
VHL,9HYN,A1I,301,1,2014.422,Peptide-like Recruiter,A,7397,C58,C,-33.071,-16.713,26.64,21.737
VHL,9HYN,A1I,301,1,2014.422,Peptide-like Recruiter,A,7398,O59,O,-31.296,-14.526,23.636,4.286
VHL,9HYN,A1I,301,1,2014.422,Peptide-like Recruiter,A,7399,C60,C,-31.748,-14.887,24.929,8.453
VHL,9HYN,A1I,301,1,2014.422,Peptide-like Recruiter,A,7400,C61,C,-30.954,-16.076,25.408,15.699
VHL,9HYN,A1I,301,1,2014.422,Peptide-like Recruiter,A,7401,N62,N,-31.599,-16.953,26.455,5.468
VHL,9HYN,A1I,301,1,2014.422,Peptide-like Recruiter,A,7402,C63,C,-30.896,-16.894,27.777,7.246
VHL,9HYN,A1I,301,1,2014.422,Peptide-like Recruiter,A,7403,C64,C,-31.527,-17.926,28.702,21.737
VHL,3ZRC,L8B,1205,1,1714.296,Peptide-like Recruiter,A,10223,CAA,C,-56.707,-10.935,-5.158,28.983
VHL,3ZRC,L8B,1205,1,1714.296,Peptide-like Recruiter,A,10224,CAW,C,-56.03,-11.902,-4.246,1.208
VHL,3ZRC,L8B,1205,1,1714.296,Peptide-like Recruiter,A,10225,CAK,C,-54.789,-11.83,-3.87,20.53
VHL,3ZRC,L8B,1205,1,1714.296,Peptide-like Recruiter,A,10229,CAM,C,-53.331,-13.262,-2.362,21.737
VHL,3ZRC,L8B,1205,1,1714.296,Peptide-like Recruiter,A,10230,CAU,C,-53.527,-12.832,-0.935,1.208
VHL,3ZRC,L8B,1205,1,1714.296,Peptide-like Recruiter,A,10231,OAB,O,-53.323,-11.666,-0.697,19.286
VHL,3ZRC,L8B,1205,1,1714.296,Peptide-like Recruiter,A,10239,O,O,-52.077,-12.651,1.454,13.929
VHL,3ZRC,L8B,1205,1,1714.296,Peptide-like Recruiter,A,10240,NAR,N,-53.45,-12.018,3.093,1.094
VHL,3ZRC,L8B,1205,1,1714.296,Peptide-like Recruiter,A,10241,CAL,C,-52.458,-11.221,3.765,25.36
VHL,3ZRC,L8B,1205,1,1714.296,Peptide-like Recruiter,A,10242,CAX,C,-52.131,-11.989,4.962,2.415
VHL,3ZRC,L8B,1205,1,1714.296,Peptide-like Recruiter,A,10245,CAE,C,-50.906,-11.904,5.527,25.36
VHL,3ZRC,L8B,1205,1,1714.296,Peptide-like Recruiter,A,10246,CAG,C,-50.616,-12.645,6.637,16.907
VHL,3ZRC,L8B,1205,1,1714.296,Peptide-like Recruiter,A,10247,CAY,C,-51.573,-13.453,7.164,2.415
VHL,3ZRC,L8B,1205,1,1714.296,Peptide-like Recruiter,A,10249,CAJ,C,-50.532,-13.999,9.266,14.492
VHL,3ZRC,L8B,1207,1,1714.296,Peptide-like Recruiter,A,10283,CAA,C,-10.39,32.115,-6.062,67.627
VHL,3ZRC,L8B,1207,1,1714.296,Peptide-like Recruiter,A,10284,CAW,C,-10.164,31.616,-4.635,7.246
VHL,3ZRC,L8B,1207,1,1714.296,Peptide-like Recruiter,A,10285,CAK,C,-9.029,31.096,-4.192,30.191
VHL,3ZRC,L8B,1207,1,1714.296,Peptide-like Recruiter,A,10286,NAQ,N,-11.068,31.602,-3.707,31.714
VHL,3ZRC,L8B,1207,1,1714.296,Peptide-like Recruiter,A,10287,OAT,O,-10.437,31.04,-2.636,18.215
VHL,3ZRC,L8B,1207,1,1714.296,Peptide-like Recruiter,A,10288,CAZ,C,-9.193,30.762,-2.949,2.415
VHL,3ZRC,L8B,1207,1,1714.296,Peptide-like Recruiter,A,10289,CAM,C,-8.183,30.109,-2.05,19.322
VHL,3ZRC,L8B,1207,1,1714.296,Peptide-like Recruiter,A,10290,CAU,C,-8.161,30.637,-0.652,2.415
VHL,3ZRC,L8B,1207,1,1714.296,Peptide-like Recruiter,A,10291,OAB,O,-8.01,31.819,-0.419,33.215
VHL,3ZRC,L8B,1207,1,1714.296,Peptide-like Recruiter,A,10293,CD2,C,-8.406,28.381,-0.02,20.53
VHL,3ZRC,L8B,1207,1,1714.296,Peptide-like Recruiter,A,10294,CG,C,-9.095,27.859,1.198,20.53
VHL,3ZRC,L8B,1207,1,1714.296,Peptide-like Recruiter,A,10295,OD1,O,-10.41,28.243,1.228,41.787
VHL,3ZRC,L8B,1207,1,1714.296,Peptide-like Recruiter,A,10296,CB,C,-8.434,28.596,2.271,20.53
VHL,3ZRC,L8B,1207,1,1714.296,Peptide-like Recruiter,A,10297,CA,C,-8.188,29.966,1.728,8.453
VHL,3ZRC,L8B,1207,1,1714.296,Peptide-like Recruiter,A,10299,O,O,-5.776,29.816,1.978,33.215
VHL,3ZRC,L8B,1207,1,1714.296,Peptide-like Recruiter,A,10300,NAR,N,-6.978,31.178,3.315,9.842
VHL,3ZRC,L8B,1207,1,1714.296,Peptide-like Recruiter,A,10301,CAL,C,-5.928,31.745,4.122,30.191
VHL,3ZRC,L8B,1207,1,1714.296,Peptide-like Recruiter,A,10302,CAX,C,-5.663,30.877,5.32,2.415
VHL,3ZRC,L8B,1207,1,1714.296,Peptide-like Recruiter,A,10303,CAF,C,-4.428,30.941,5.849,27.775
VHL,3ZRC,L8B,1207,1,1714.296,Peptide-like Recruiter,A,10304,CAH,C,-4.144,30.166,6.929,24.153
VHL,3ZRC,L8B,1207,1,1714.296,Peptide-like Recruiter,A,10305,CAE,C,-6.592,30.036,5.88,19.322
VHL,3ZRC,L8B,1207,1,1714.296,Peptide-like Recruiter,A,10306,CAG,C,-6.301,29.254,6.972,27.775
VHL,3ZRC,L8B,1207,1,1714.296,Peptide-like Recruiter,A,10307,CAY,C,-5.05,29.327,7.493,3.623
VHL,3ZRC,L8B,1207,1,1714.296,Peptide-like Recruiter,A,10308,CBA,C,-4.633,28.637,8.594,7.246
VHL,3ZRC,L8B,1207,1,1714.296,Peptide-like Recruiter,A,10309,CAJ,C,-3.892,29.095,9.554,32.606
VHL,3ZRC,L8B,1207,1,1714.296,Peptide-like Recruiter,A,10310,NAP,N,-3.719,28.139,10.418,28.433
VHL,3ZRC,L8B,1207,1,1714.296,Peptide-like Recruiter,A,10311,CAI,C,-4.346,27.082,10.001,47.098
VHL,3ZRC,L8B,1207,1,1714.296,Peptide-like Recruiter,A,10312,OAS,O,-4.918,27.392,8.852,17.143
VHL,6GMN,F4E,201,1,173.212,Fragment Recruiter,A,10575,C10,C,-5.426,-10.685,19.773,38.644
VHL,6GMN,F4E,201,1,173.212,Fragment Recruiter,A,10576,N12,N,-4.224,-9.785,21.902,25.153
VHL,6GMN,F4E,201,1,173.212,Fragment Recruiter,A,10577,C01,C,-2.365,-9.147,25.867,68.835
VHL,6GMN,F4E,201,1,173.212,Fragment Recruiter,A,10578,C03,C,-4.06,-8.779,24.209,8.453
VHL,6GMN,F4E,201,1,173.212,Fragment Recruiter,A,10579,C05,C,-4.795,-9.28,23.01,2.415
VHL,6GMN,F4E,201,1,173.212,Fragment Recruiter,A,10580,C06,C,-6.173,-9.308,22.849,33.814
VHL,6GMN,F4E,201,1,173.212,Fragment Recruiter,A,10581,C07,C,-6.417,-9.849,21.595,9.661
VHL,6GMN,F4E,201,1,173.212,Fragment Recruiter,A,10582,C09,C,-6.802,-10.72,19.601,43.475
VHL,6GMN,F4E,201,1,173.212,Fragment Recruiter,A,10583,C11,C,-5.184,-10.14,21.028,9.661
VHL,6GMN,F4E,201,1,173.212,Fragment Recruiter,A,10584,O02,O,-3.122,-9.596,24.805,19.286
VHL,6GMN,F4E,201,1,173.212,Fragment Recruiter,A,10585,O04,O,-4.273,-7.648,24.631,38.573
VHL,6GMN,F4E,201,1,173.212,Fragment Recruiter,A,10586,O08,O,-7.375,-10.209,20.714,25.715
VHL,6FMI,DV2,301,1,462.726,Drug-like Recruiter,A,5324,CAA,C,0.847,52.706,405.745,37.436
VHL,6FMI,DV2,301,1,462.726,Drug-like Recruiter,A,5326,OAD,O,1.276,54.546,404.268,1.071
VHL,6FMI,DV2,301,1,462.726,Drug-like Recruiter,A,5327,N,N,2.81,52.845,404.321,9.842
VHL,6FMI,DV2,301,1,462.726,Drug-like Recruiter,A,5329,CB,C,5.128,52.856,403.52,32.606
VHL,6FMI,DV2,301,1,462.726,Drug-like Recruiter,A,5331,O,O,2.582,52.056,401.706,16.072
VHL,6FMI,DV2,301,1,462.726,Drug-like Recruiter,A,5339,SAG,S,5.211,51.817,399.528,24.449
VHL,6FMI,DV2,301,1,462.726,Drug-like Recruiter,A,5340,NAQ,N,3.262,52.068,397.676,4.374
VHL,6FMI,DV2,301,1,462.726,Drug-like Recruiter,A,5341,CAM,C,3.784,50.935,396.914,22.945
VHL,6FMI,DV2,301,1,462.726,Drug-like Recruiter,A,5342,CAX,C,4.513,51.417,395.792,2.415
VHL,6FMI,DV2,301,1,462.726,Drug-like Recruiter,A,5343,CAI,C,5.49,50.581,395.235,26.568
VHL,6FMI,DV2,301,1,462.726,Drug-like Recruiter,A,5344,CAK,C,6.254,50.984,394.137,7.246
VHL,6FMI,DV2,301,1,462.726,Drug-like Recruiter,A,5347,CAY,C,6.062,52.235,393.546,1.208
VHL,6FMI,DV2,301,1,462.726,Drug-like Recruiter,A,5353,CAB,C,6.527,50.572,390.996,28.983
VHL,9F1M,A1H,503,1,2103.295,Peptide-like Recruiter,A,4055,C1,C,35.501,9.098,27.688,56.759
VHL,9F1M,A1H,503,1,2103.295,Peptide-like Recruiter,A,4056,C3,C,33.825,7.503,28.558,7.246
VHL,9F1M,A1H,503,1,2103.295,Peptide-like Recruiter,A,4057,C4,C,34.54,7.186,29.856,20.53
VHL,9F1M,A1H,503,1,2103.295,Peptide-like Recruiter,A,4058,C5,C,33.946,6.012,30.607,31.398
VHL,9F1M,A1H,503,1,2103.295,Peptide-like Recruiter,A,4061,C9,C,29.208,6.509,30.083,7.246
VHL,9F1M,A1H,503,1,2103.295,Peptide-like Recruiter,A,4062,C11,C,27.933,5.257,28.309,7.246
VHL,9F1M,A1H,503,1,2103.295,Peptide-like Recruiter,A,4065,C18,C,29.976,7.183,24.998,3.623
VHL,9F1M,A1H,503,1,2103.295,Peptide-like Recruiter,A,4066,C21,C,31.14,8.974,21.815,19.322
VHL,9F1M,A1H,503,1,2103.295,Peptide-like Recruiter,A,4067,C22,C,30.984,8.739,20.323,2.415
VHL,9F1M,A1H,503,1,2103.295,Peptide-like Recruiter,A,4068,N23,N,31.579,7.416,19.998,6.562
VHL,9F1M,A1H,503,1,2103.295,Peptide-like Recruiter,A,4069,C25,C,30.937,6.531,22.184,15.699
VHL,9F1M,A1H,503,1,2103.295,Peptide-like Recruiter,A,4070,C26,C,31.757,7.189,18.527,26.568
VHL,9F1M,A1H,503,1,2103.295,Peptide-like Recruiter,A,4071,C10,C,29.192,5.545,29.087,2.415
VHL,9F1M,A1H,503,1,2103.295,Peptide-like Recruiter,A,4074,C19,C,30.699,8.136,24.061,4.831
VHL,9F1M,A1H,503,1,2103.295,Peptide-like Recruiter,A,4075,C24,C,30.79,6.348,20.679,18.114
VHL,9F1M,A1H,503,1,2103.295,Peptide-like Recruiter,A,4076,C27,C,30.524,7.179,17.631,4.831
VHL,9F1M,A1H,503,1,2103.295,Peptide-like Recruiter,A,4077,C68,C,28.859,10.246,25.031,3.623
VHL,9F1M,A1H,503,1,2103.295,Peptide-like Recruiter,A,4078,C69,C,28.158,11.429,25.185,6.038
VHL,9F1M,A1H,503,1,2103.295,Peptide-like Recruiter,A,4080,C71,C,26.655,10.394,26.77,1.208
VHL,9F1M,A1H,503,1,2103.295,Peptide-like Recruiter,A,4084,C77,C,28.061,14.604,26.455,12.076
VHL,9F1M,A1H,503,1,2103.295,Peptide-like Recruiter,A,4085,C78,C,23.778,11.882,25.636,6.038
VHL,9F1M,A1H,503,1,2103.295,Peptide-like Recruiter,A,4086,C79,C,30.37,4.872,28.801,3.623
VHL,9F1M,A1H,503,1,2103.295,Peptide-like Recruiter,A,4088,C80,C,31.537,5.151,29.489,18.114
VHL,9F1M,A1H,503,1,2103.295,Peptide-like Recruiter,A,4089,C81,C,33.202,9.159,26.85,24.153
VHL,9F1M,A1H,503,1,2103.295,Peptide-like Recruiter,A,4090,N14,N,27.105,7.933,27.165,3.281
VHL,9F1M,A1H,503,1,2103.295,Peptide-like Recruiter,A,4092,N2,N,34.068,8.879,28.028,2.187
VHL,9F1M,A1H,503,1,2103.295,Peptide-like Recruiter,A,4094,N74,N,24.496,14.172,25.945,2.187
VHL,9F1M,A1H,503,1,2103.295,Peptide-like Recruiter,A,4095,O28,O,29.645,6.324,17.741,13.929
VHL,9F1M,A1H,503,1,2103.295,Peptide-like Recruiter,A,4097,CC,C,28.494,9.656,13.803,24.153
VHL,9F1M,A1H,503,1,2103.295,Peptide-like Recruiter,A,4098,CB,C,29.57,9.521,14.876,10.869
VHL,9F1M,A1H,503,1,2103.295,Peptide-like Recruiter,A,4099,CA,C,29.426,8.273,15.733,7.246
VHL,9F1M,A1H,503,1,2103.295,Peptide-like Recruiter,A,4100,N29,N,30.503,8.136,16.704,5.468
VHL,9F1M,A1H,302,1,2103.295,Peptide-like Recruiter,A,4105,C1,C,3.028,25.809,-0.177,55.551
VHL,9F1M,A1H,302,1,2103.295,Peptide-like Recruiter,A,4106,C3,C,2.264,25.475,2.155,26.568
VHL,9F1M,A1H,302,1,2103.295,Peptide-like Recruiter,A,4107,C4,C,0.936,26.048,1.703,16.907
VHL,9F1M,A1H,302,1,2103.295,Peptide-like Recruiter,A,4108,C5,C,-0.211,25.506,2.518,22.945
VHL,9F1M,A1H,302,1,2103.295,Peptide-like Recruiter,A,4109,O6,O,-1.382,26.292,2.255,18.215
VHL,9F1M,A1H,302,1,2103.295,Peptide-like Recruiter,A,4110,C7,C,-1.897,27.019,3.296,7.246
VHL,9F1M,A1H,302,1,2103.295,Peptide-like Recruiter,A,4111,C9,C,-1.873,27.522,5.638,31.398
VHL,9F1M,A1H,302,1,2103.295,Peptide-like Recruiter,A,4112,C11,C,-3.114,29.493,6.593,25.36
VHL,9F1M,A1H,302,1,2103.295,Peptide-like Recruiter,A,4113,C15,C,-2.961,33.671,6.646,4.831
VHL,9F1M,A1H,302,1,2103.295,Peptide-like Recruiter,A,4114,C16,C,-4.228,33.928,7.155,7.246
VHL,9F1M,A1H,302,1,2103.295,Peptide-like Recruiter,A,4115,C18,C,-6.304,32.484,7.484,27.775
VHL,9F1M,A1H,302,1,2103.295,Peptide-like Recruiter,A,4116,C10,C,-2.709,28.612,5.436,6.038
VHL,9F1M,A1H,302,1,2103.295,Peptide-like Recruiter,A,4117,C12,C,-4.345,30.368,6.339,15.699
VHL,9F1M,A1H,302,1,2103.295,Peptide-like Recruiter,A,4118,C13,C,-4.028,31.807,6.543,7.246
VHL,9F1M,A1H,302,1,2103.295,Peptide-like Recruiter,A,4119,C19,C,-7.248,33.103,6.47,56.759
VHL,9F1M,A1H,302,1,2103.295,Peptide-like Recruiter,A,4120,C68,C,-4.595,35.19,7.608,22.945
VHL,9F1M,A1H,302,1,2103.295,Peptide-like Recruiter,A,4121,C69,C,-3.65,36.205,7.533,19.322
VHL,9F1M,A1H,302,1,2103.295,Peptide-like Recruiter,A,4122,C70,C,-2.368,35.965,7.024,1.208
VHL,9F1M,A1H,302,1,2103.295,Peptide-like Recruiter,A,4123,C71,C,-2.026,34.692,6.574,16.907
VHL,9F1M,A1H,302,1,2103.295,Peptide-like Recruiter,A,4124,C72,C,-1.319,37.013,7.064,4.831
VHL,9F1M,A1H,302,1,2103.295,Peptide-like Recruiter,A,4125,C73,C,-0.004,36.896,7.579,6.038
VHL,9F1M,A1H,302,1,2103.295,Peptide-like Recruiter,A,4126,C76,C,-1.403,38.285,6.592,4.831
VHL,9F1M,A1H,302,1,2103.295,Peptide-like Recruiter,A,4127,C77,C,-2.465,39.076,5.926,61.589
VHL,9F1M,A1H,302,1,2103.295,Peptide-like Recruiter,A,4128,C78,C,0.639,35.698,8.19,55.551
VHL,9F1M,A1H,302,1,2103.295,Peptide-like Recruiter,A,4129,C79,C,-3.133,28.888,4.144,20.53
VHL,9F1M,A1H,302,1,2103.295,Peptide-like Recruiter,A,4130,C8,C,-1.467,26.727,4.581,21.737
VHL,9F1M,A1H,302,1,2103.295,Peptide-like Recruiter,A,4131,C80,C,-2.735,28.1,3.076,35.021
VHL,9F1M,A1H,302,1,2103.295,Peptide-like Recruiter,A,4132,C81,C,4.548,24.845,1.484,59.174
VHL,9F1M,A1H,302,1,2103.295,Peptide-like Recruiter,A,4133,N14,N,-2.856,32.333,6.268,15.31
VHL,9F1M,A1H,302,1,2103.295,Peptide-like Recruiter,A,4134,N17,N,-4.91,32.712,7.08,2.187
VHL,9F1M,A1H,302,1,2103.295,Peptide-like Recruiter,A,4135,N2,N,3.13,24.965,1.046,7.655
VHL,9F1M,A1H,302,1,2103.295,Peptide-like Recruiter,A,4136,N74,N,0.66,38.006,7.435,28.433
VHL,9F1M,A1H,302,1,2103.295,Peptide-like Recruiter,A,4137,O75,O,-0.231,38.912,6.798,27.858
VHL,9F1M,A1H,303,1,2103.295,Peptide-like Recruiter,A,4146,C5,C,-17.163,20.404,42.955,73.665
VHL,9F1M,A1H,303,1,2103.295,Peptide-like Recruiter,A,4147,O6,O,-17.781,21.342,42.075,17.143
VHL,9F1M,A1H,303,1,2103.295,Peptide-like Recruiter,A,4148,C7,C,-17.615,21.186,40.722,24.153
VHL,9F1M,A1H,303,1,2103.295,Peptide-like Recruiter,A,4149,C9,C,-18.71,22.284,38.894,16.907
VHL,9F1M,A1H,303,1,2103.295,Peptide-like Recruiter,A,4150,C11,C,-18.265,21.708,36.498,31.398
VHL,9F1M,A1H,303,1,2103.295,Peptide-like Recruiter,A,4151,C15,C,-19.986,17.861,35.715,3.623
VHL,9F1M,A1H,303,1,2103.295,Peptide-like Recruiter,A,4152,C16,C,-21.034,18.046,36.609,7.246
VHL,9F1M,A1H,303,1,2103.295,Peptide-like Recruiter,A,4153,C18,C,-22.042,20.101,37.714,48.305
VHL,9F1M,A1H,303,1,2103.295,Peptide-like Recruiter,A,4154,C10,C,-18.018,21.514,37.974,16.907
VHL,9F1M,A1H,303,1,2103.295,Peptide-like Recruiter,A,4155,C12,C,-19.726,21.423,36.158,25.36
VHL,9F1M,A1H,303,1,2103.295,Peptide-like Recruiter,A,4156,C13,C,-20.031,19.965,36.147,2.415
VHL,9F1M,A1H,303,1,2103.295,Peptide-like Recruiter,A,4157,C68,C,-21.847,17.0,37.021,26.568
VHL,9F1M,A1H,303,1,2103.295,Peptide-like Recruiter,A,4158,C69,C,-21.587,15.739,36.506,22.945
VHL,9F1M,A1H,303,1,2103.295,Peptide-like Recruiter,A,4159,C70,C,-20.543,15.527,35.598,2.415
VHL,9F1M,A1H,303,1,2103.295,Peptide-like Recruiter,A,4160,C71,C,-19.733,16.59,35.202,20.53
VHL,9F1M,A1H,303,1,2103.295,Peptide-like Recruiter,A,4161,C72,C,-20.359,14.194,34.969,2.415
VHL,9F1M,A1H,303,1,2103.295,Peptide-like Recruiter,A,4162,C73,C,-20.333,13.867,33.585,8.453
VHL,9F1M,A1H,303,1,2103.295,Peptide-like Recruiter,A,4163,C76,C,-20.224,13.005,35.614,7.246
VHL,9F1M,A1H,303,1,2103.295,Peptide-like Recruiter,A,4164,C77,C,-20.172,12.606,37.041,60.381
VHL,9F1M,A1H,303,1,2103.295,Peptide-like Recruiter,A,4165,C78,C,-20.424,14.785,32.41,59.174
VHL,9F1M,A1H,303,1,2103.295,Peptide-like Recruiter,A,4166,C8,C,-18.516,22.128,40.254,25.36
VHL,9F1M,A1H,303,1,2103.295,Peptide-like Recruiter,A,4167,N14,N,-19.368,19.078,35.439,19.685
VHL,9F1M,A1H,303,1,2103.295,Peptide-like Recruiter,A,4168,N17,N,-21.052,19.411,36.878,2.187
VHL,9F1M,A1H,303,1,2103.295,Peptide-like Recruiter,A,4169,N74,N,-20.195,12.576,33.409,31.714
VHL,9F1M,A1H,303,1,2103.295,Peptide-like Recruiter,A,4170,O75,O,-20.123,12.012,34.706,26.786
VHL,9F1M,A1H,201,1,2103.295,Peptide-like Recruiter,A,4172,C5,C,6.303,17.855,76.453,67.627
VHL,9F1M,A1H,201,1,2103.295,Peptide-like Recruiter,A,4173,O6,O,7.069,17.495,75.288,20.358
VHL,9F1M,A1H,201,1,2103.295,Peptide-like Recruiter,A,4174,C7,C,6.538,17.781,74.054,7.246
VHL,9F1M,A1H,201,1,2103.295,Peptide-like Recruiter,A,4175,C9,C,5.011,19.009,72.674,25.36
VHL,9F1M,A1H,201,1,2103.295,Peptide-like Recruiter,A,4176,C11,C,4.711,18.492,70.226,27.775
VHL,9F1M,A1H,201,1,2103.295,Peptide-like Recruiter,A,4177,C15,C,3.462,14.584,69.107,7.246
VHL,9F1M,A1H,201,1,2103.295,Peptide-like Recruiter,A,4178,C16,C,2.302,14.501,69.87,6.038
VHL,9F1M,A1H,201,1,2103.295,Peptide-like Recruiter,A,4179,C18,C,0.948,16.196,71.19,21.737
VHL,9F1M,A1H,201,1,2103.295,Peptide-like Recruiter,A,4180,C21,C,-1.996,15.095,70.796,15.699
VHL,9F1M,A1H,201,1,2103.295,Peptide-like Recruiter,A,4181,C22,C,-3.393,15.005,71.398,31.398
VHL,9F1M,A1H,201,1,2103.295,Peptide-like Recruiter,A,4183,C25,C,-2.496,17.364,70.009,28.983
VHL,9F1M,A1H,201,1,2103.295,Peptide-like Recruiter,A,4184,C26,C,-5.737,15.73,71.102,25.36
VHL,9F1M,A1H,201,1,2103.295,Peptide-like Recruiter,A,4185,C10,C,5.372,18.258,71.564,3.623
VHL,9F1M,A1H,201,1,2103.295,Peptide-like Recruiter,A,4186,C12,C,3.262,17.999,70.233,19.322
VHL,9F1M,A1H,201,1,2103.295,Peptide-like Recruiter,A,4187,C13,C,3.145,16.545,69.928,3.623
VHL,9F1M,A1H,201,1,2103.295,Peptide-like Recruiter,A,4188,C19,C,-0.15,16.678,70.253,15.699
VHL,9F1M,A1H,201,1,2103.295,Peptide-like Recruiter,A,4189,C24,C,-3.878,17.278,70.63,25.36
VHL,9F1M,A1H,201,1,2103.295,Peptide-like Recruiter,A,4190,C27,C,-6.842,15.929,70.073,4.831
VHL,9F1M,A1H,201,1,2103.295,Peptide-like Recruiter,A,4191,C68,C,1.546,13.34,69.944,16.907
VHL,9F1M,A1H,201,1,2103.295,Peptide-like Recruiter,A,4192,C69,C,1.981,12.241,69.222,19.322
VHL,9F1M,A1H,201,1,2103.295,Peptide-like Recruiter,A,4193,C70,C,3.139,12.299,68.44,2.415
VHL,9F1M,A1H,201,1,2103.295,Peptide-like Recruiter,A,4194,C71,C,3.891,13.473,68.388,19.322
VHL,9F1M,A1H,201,1,2103.295,Peptide-like Recruiter,A,4195,C72,C,3.48,11.178,67.532,1.208
VHL,9F1M,A1H,201,1,2103.295,Peptide-like Recruiter,A,4196,C73,C,3.696,11.23,66.132,8.453
VHL,9F1M,A1H,201,1,2103.295,Peptide-like Recruiter,A,4197,C76,C,3.679,9.876,67.877,6.038
VHL,9F1M,A1H,201,1,2103.295,Peptide-like Recruiter,A,4198,C77,C,3.578,9.117,69.147,59.174
VHL,9F1M,A1H,201,1,2103.295,Peptide-like Recruiter,A,4199,C78,C,3.626,12.419,65.229,56.759
VHL,9F1M,A1H,201,1,2103.295,Peptide-like Recruiter,A,4200,C79,C,6.328,17.265,71.722,20.53
VHL,9F1M,A1H,201,1,2103.295,Peptide-like Recruiter,A,4201,C8,C,5.585,18.777,73.913,22.945
VHL,9F1M,A1H,201,1,2103.295,Peptide-like Recruiter,A,4202,C80,C,6.911,17.023,72.955,31.398
VHL,9F1M,A1H,201,1,2103.295,Peptide-like Recruiter,A,4203,N14,N,3.978,15.878,69.159,13.123
VHL,9F1M,A1H,201,1,2103.295,Peptide-like Recruiter,A,4204,N17,N,2.11,15.773,70.392,1.094
VHL,9F1M,A1H,201,1,2103.295,Peptide-like Recruiter,A,4205,N20,N,-1.544,16.523,70.803,6.562
VHL,9F1M,A1H,201,1,2103.295,Peptide-like Recruiter,A,4206,N74,N,4.005,10.05,65.656,29.527
VHL,9F1M,A1H,201,1,2103.295,Peptide-like Recruiter,A,4207,O28,O,-7.989,16.136,70.459,41.787
VHL,9F1M,A1H,201,1,2103.295,Peptide-like Recruiter,A,4208,O75,O,4.0,9.164,66.769,27.858
VHL,9F1M,A1H,201,1,2103.295,Peptide-like Recruiter,A,4209,CC,C,-9.169,14.362,66.533,26.568
VHL,9F1M,A1H,201,1,2103.295,Peptide-like Recruiter,A,4210,CB,C,-7.762,14.649,67.031,27.775
VHL,9F1M,A1H,201,1,2103.295,Peptide-like Recruiter,A,4211,CA,C,-7.536,15.976,67.736,24.153
VHL,9F1M,A1H,201,1,2103.295,Peptide-like Recruiter,A,4212,N29,N,-6.522,15.87,68.78,12.029
VHL,9F1M,A1H,201,1,2103.295,Peptide-like Recruiter,A,4213,CD,C,-9.531,14.896,65.152,19.322
VHL,9F1M,A1H,201,1,2103.295,Peptide-like Recruiter,A,4214,CE,C,-10.804,14.262,64.595,30.191
VHL,9F1M,A1H,201,1,2103.295,Peptide-like Recruiter,A,4215,CF,C,-11.375,14.928,63.346,38.644
VHL,9F1M,A1H,201,1,2103.295,Peptide-like Recruiter,A,4216,CG,C,-10.361,15.102,62.242,61.589
VHL,4W9L,3JJ,301,1,603.915,Peptide-like Recruiter,A,10543,CAD,C,11.214,53.673,97.541,38.644
VHL,4W9L,3JJ,301,1,603.915,Peptide-like Recruiter,A,10545,OAC,O,12.108,55.582,98.682,8.572
VHL,4W9L,3JJ,301,1,603.915,Peptide-like Recruiter,A,10549,CG1,C,9.552,57.905,94.842,1.208
VHL,4W9L,3JJ,301,1,603.915,Peptide-like Recruiter,A,10550,CBO,C,8.228,56.582,96.484,24.153
VHL,4W9L,3JJ,301,1,603.915,Peptide-like Recruiter,A,10551,CG2,C,8.254,55.868,94.11,25.36
VHL,4W9L,3JJ,301,1,603.915,Peptide-like Recruiter,A,10557,CAL,C,13.641,51.693,92.289,10.869
VHL,4W9L,3JJ,301,1,603.915,Peptide-like Recruiter,A,10558,CAM,C,11.318,51.5,93.253,39.852
VHL,4W9L,3JJ,301,1,603.915,Peptide-like Recruiter,A,10559,CAK,C,13.227,52.31,94.681,18.114
VHL,4W9L,3JJ,301,1,603.915,Peptide-like Recruiter,A,10561,OAP,O,10.788,53.841,91.087,11.786
VHL,4W9L,3JJ,301,1,603.915,Peptide-like Recruiter,A,10569,OAW,O,12.585,52.421,88.789,5.357
VHL,4W9L,3JJ,301,1,603.915,Peptide-like Recruiter,A,10570,NAY,N,11.202,53.62,87.454,1.094
VHL,4W9L,3JJ,301,1,603.915,Peptide-like Recruiter,A,10571,CAZ,C,10.755,52.442,86.69,26.568
VHL,4W9L,3JJ,301,1,603.915,Peptide-like Recruiter,A,10572,CBA,C,11.573,52.289,85.526,1.208
VHL,4W9L,3JJ,301,1,603.915,Peptide-like Recruiter,A,10575,CBB,C,11.471,51.101,84.791,25.36
VHL,4W9L,3JJ,301,1,603.915,Peptide-like Recruiter,A,10576,CBC,C,12.253,50.871,83.644,9.661
VHL,4W9L,3JJ,301,1,603.915,Peptide-like Recruiter,A,10583,CBL,C,12.253,50.381,80.617,32.606
VHL,4W9K,3JO,301,1,643.98,Peptide-like Recruiter,A,10512,CAB,C,12.402,50.482,80.611,33.814
VHL,4W9K,3JO,301,1,643.98,Peptide-like Recruiter,A,10521,CAR,C,12.5,50.877,83.66,8.453
VHL,4W9K,3JO,301,1,643.98,Peptide-like Recruiter,A,10522,CAP,C,11.714,51.091,84.795,25.36
VHL,4W9K,3JO,301,1,643.98,Peptide-like Recruiter,A,10523,CBH,C,11.807,52.288,85.515,1.208
VHL,4W9K,3JO,301,1,643.98,Peptide-like Recruiter,A,10524,CAU,C,11.0,52.43,86.643,26.568
VHL,4W9K,3JO,301,1,643.98,Peptide-like Recruiter,A,10525,NAZ,N,11.464,53.591,87.451,1.094
VHL,4W9K,3JO,301,1,643.98,Peptide-like Recruiter,A,10526,CBE,C,12.315,53.478,88.477,1.208
VHL,4W9K,3JO,301,1,643.98,Peptide-like Recruiter,A,10527,OAG,O,12.783,52.409,88.821,7.5
VHL,4W9K,3JO,301,1,643.98,Peptide-like Recruiter,A,10535,OAI,O,10.917,54.176,91.115,11.786
VHL,4W9K,3JO,301,1,643.98,Peptide-like Recruiter,A,10538,CAD,C,11.356,51.947,93.433,32.606
VHL,4W9K,3JO,301,1,643.98,Peptide-like Recruiter,A,10539,CAE,C,13.217,52.811,94.875,20.53
VHL,4W9K,3JO,301,1,643.98,Peptide-like Recruiter,A,10540,CAC,C,13.717,52.05,92.571,10.869
VHL,4W9K,3JO,301,1,643.98,Peptide-like Recruiter,A,10545,N,N,9.824,55.107,96.084,3.281
VHL,4W9K,3JO,301,1,643.98,Peptide-like Recruiter,A,10547,OAF,O,7.979,54.085,95.176,28.929
VHL,4W9K,3JO,301,1,643.98,Peptide-like Recruiter,A,10548,CAA,C,8.946,53.123,97.146,55.551
VHL,4W9K,3JO,301,1,643.98,Peptide-like Recruiter,A,10552,CE1,C,6.246,57.919,96.052,24.153
VHL,4W9K,3JO,301,1,643.98,Peptide-like Recruiter,A,10553,CZ,C,6.051,57.835,97.424,30.191
VHL,4W9K,3JO,301,1,643.98,Peptide-like Recruiter,A,10554,CE2,C,7.14,57.631,98.263,15.699
VHL,4W9K,3JO,301,1,643.98,Peptide-like Recruiter,A,10555,CD2,C,8.426,57.521,97.735,3.623
VHL,9DTY,A1B,201,1,921.352,Peptide-like Recruiter,A,36207,C6,C,-61.853,32.917,-101.209,10.869
VHL,9DTY,A1B,201,1,921.352,Peptide-like Recruiter,A,36208,C7,C,-62.267,34.051,-101.862,24.153
VHL,9DTY,A1B,201,1,921.352,Peptide-like Recruiter,A,36209,C8,C,-63.286,34.809,-101.335,1.208
VHL,9DTY,A1B,201,1,921.352,Peptide-like Recruiter,A,36210,C10,C,-62.554,36.934,-102.322,48.305
VHL,9DTY,A1B,201,1,921.352,Peptide-like Recruiter,A,36214,C20,C,-69.593,42.18,-101.744,2.415
VHL,9DTY,A1B,201,1,921.352,Peptide-like Recruiter,A,36216,C22,C,-69.748,45.247,-100.323,6.038
VHL,9DTY,A1B,201,1,921.352,Peptide-like Recruiter,A,36217,C24,C,-71.313,47.005,-103.986,28.983
VHL,9DTY,A1B,201,1,921.352,Peptide-like Recruiter,A,36219,C28,C,-75.161,49.318,-103.878,22.945
VHL,9DTY,A1B,201,1,921.352,Peptide-like Recruiter,A,36220,C1,C,-59.693,31.121,-100.135,32.606
VHL,9DTY,A1B,201,1,921.352,Peptide-like Recruiter,A,36224,C9,C,-63.764,36.057,-102.028,8.453
VHL,9DTY,A1B,201,1,921.352,Peptide-like Recruiter,A,36225,N2,N,-64.661,36.749,-101.106,2.187
VHL,9DTY,A1B,201,1,921.352,Peptide-like Recruiter,A,36227,O1,O,-66.412,35.558,-101.727,4.286
VHL,9DTY,A1B,201,1,921.352,Peptide-like Recruiter,A,36232,O3,O,-67.204,38.501,-102.37,12.858
VHL,9DTY,A1B,201,1,921.352,Peptide-like Recruiter,A,36233,C18,C,-69.784,40.042,-101.975,1.208
VHL,9DTY,A1B,201,1,921.352,Peptide-like Recruiter,A,36234,C19,C,-68.896,41.032,-102.165,8.453
VHL,9DTY,A1B,201,1,921.352,Peptide-like Recruiter,A,36235,O4,O,-69.118,43.437,-101.748,1.071
VHL,9DTY,A1B,201,1,921.352,Peptide-like Recruiter,A,36236,C23,C,-70.01,45.4,-102.771,21.737
VHL,9DTY,A1B,201,1,921.352,Peptide-like Recruiter,A,36237,N4,N,-71.367,45.877,-103.035,4.374
VHL,9DTY,A1B,201,1,921.352,Peptide-like Recruiter,A,36238,C25,C,-71.183,48.229,-103.052,24.153
VHL,9DTY,A1B,201,1,921.352,Peptide-like Recruiter,A,36240,C27,C,-73.84,49.305,-103.12,8.453
VHL,9DTY,A1B,201,1,921.352,Peptide-like Recruiter,A,36241,N6,N,-76.224,48.832,-102.994,5.468
VHL,9DTY,A1B,201,1,921.352,Peptide-like Recruiter,A,36242,C29,C,-77.434,48.835,-103.651,2.415
VHL,9DTY,A1B,201,1,921.352,Peptide-like Recruiter,A,36243,C30,C,-78.213,49.979,-103.653,18.114
VHL,9DTY,A1B,201,1,921.352,Peptide-like Recruiter,A,36244,C31,C,-79.432,49.928,-104.331,7.246
VHL,9DTY,A1B,201,1,921.352,Peptide-like Recruiter,A,36245,C32,C,-80.297,51.128,-104.363,6.038
VHL,9DTY,A1B,201,1,921.352,Peptide-like Recruiter,A,36246,C33,C,-80.175,52.112,-103.381,24.153
VHL,9DTY,A1B,201,1,921.352,Peptide-like Recruiter,A,36247,C34,C,-80.976,53.233,-103.422,37.436
VHL,9DTY,A1B,201,1,921.352,Peptide-like Recruiter,A,36248,C35,C,-81.908,53.381,-104.433,37.436
VHL,9DTY,A1B,201,1,921.352,Peptide-like Recruiter,A,36249,C36,C,-82.037,52.411,-105.41,32.606
VHL,9DTY,A1B,201,1,921.352,Peptide-like Recruiter,A,36250,C37,C,-81.234,51.284,-105.386,9.661
VHL,9DTY,A1B,201,1,921.352,Peptide-like Recruiter,A,36251,O5,O,-81.353,50.333,-106.344,36.43
VHL,9DTY,A1B,201,1,921.352,Peptide-like Recruiter,A,36252,N7,N,-79.8,48.808,-104.946,10.936
VHL,9DTY,A1B,201,1,921.352,Peptide-like Recruiter,A,36253,N8,N,-79.074,47.748,-104.941,25.153
VHL,9DTY,A1B,201,1,921.352,Peptide-like Recruiter,A,36254,C38,C,-77.908,47.704,-104.326,6.038
VHL,9DTY,A1B,201,1,921.352,Peptide-like Recruiter,A,36255,N9,N,-77.145,46.537,-104.344,20.778
VHL,9DTY,A1B,201,1,921.352,Peptide-like Recruiter,A,36256,C39,C,-75.796,46.592,-103.762,12.076
VHL,9DTY,A1B,201,1,921.352,Peptide-like Recruiter,A,36257,C40,C,-75.922,47.484,-102.522,7.246
VHL,9DTY,A1B,201,1,921.352,Peptide-like Recruiter,A,36258,C41,C,-74.624,47.515,-101.73,7.246
VHL,9DTY,A1B,201,1,921.352,Peptide-like Recruiter,A,36260,N10,N,-70.772,41.792,-101.354,3.281
VHL,9DTY,A1B,201,1,921.352,Peptide-like Recruiter,A,36262,C43,C,-69.597,38.323,-103.756,8.453
VHL,9DTY,A1B,201,1,921.352,Peptide-like Recruiter,A,36263,C44,C,-68.92,36.979,-103.998,27.775
VHL,9DTY,A1B,201,1,921.352,Peptide-like Recruiter,A,36264,C45,C,-71.042,38.206,-104.23,38.644
VHL,4W9F,3JU,301,1,1718.684,Peptide-like Recruiter,A,10231,CAB,C,-5.721,33.697,-4.12,30.191
VHL,4W9F,3JU,301,1,1718.684,Peptide-like Recruiter,A,10233,CAC,C,-5.144,35.73,-2.83,43.475
VHL,4W9F,3JU,301,1,1718.684,Peptide-like Recruiter,A,10234,CAD,C,-4.752,33.424,-1.828,16.907
VHL,4W9F,3JU,301,1,1718.684,Peptide-like Recruiter,A,10235,CAN,C,-7.078,34.262,-2.179,6.038
VHL,4W9F,3JU,301,1,1718.684,Peptide-like Recruiter,A,10237,OAE,O,-6.853,35.911,-0.407,12.858
VHL,4W9F,3JU,301,1,1718.684,Peptide-like Recruiter,A,10245,O,O,-5.22,34.243,1.999,8.572
VHL,4W9F,3JU,301,1,1718.684,Peptide-like Recruiter,A,10246,NAR,N,-6.506,35.524,3.343,3.281
VHL,4W9F,3JU,301,1,1718.684,Peptide-like Recruiter,A,10247,CAM,C,-5.428,36.082,4.153,25.36
VHL,4W9F,3JU,301,1,1718.684,Peptide-like Recruiter,A,10248,CAV,C,-5.262,35.277,5.309,2.415
VHL,4W9F,3JU,301,1,1718.684,Peptide-like Recruiter,A,10249,CAI,C,-4.05,35.325,5.994,25.36
VHL,4W9F,3JU,301,1,1718.684,Peptide-like Recruiter,A,10250,CAK,C,-3.831,34.536,7.132,8.453
VHL,4W9F,3JU,301,1,1718.684,Peptide-like Recruiter,A,10257,NAQ,N,-3.935,32.262,10.804,1.094
VHL,4W9F,3JU,301,1,1718.684,Peptide-like Recruiter,A,10259,CAA,C,-3.483,34.645,10.237,36.229
VHL,4BKT,QD0,301,1,275.349,Drug-like Recruiter,A,10470,C01,C,-9.76,36.987,-4.976,30.191
VHL,4BKT,QD0,301,1,275.349,Drug-like Recruiter,A,10471,C02,C,-9.254,35.735,-4.345,2.415
VHL,4BKT,QD0,301,1,275.349,Drug-like Recruiter,A,10474,C05,C,-7.952,34.218,-3.243,2.415
VHL,4BKT,QD0,301,1,275.349,Drug-like Recruiter,A,10475,C06,C,-6.859,33.583,-2.422,19.322
VHL,4BKT,QD0,301,1,275.349,Drug-like Recruiter,A,10476,C07,C,-6.992,34.05,-0.966,2.415
VHL,4BKT,QD0,301,1,275.349,Drug-like Recruiter,A,10480,N11,N,-6.661,35.283,3.043,2.187
VHL,4BKT,QD0,301,1,275.349,Drug-like Recruiter,A,10481,C12,C,-5.59,35.993,3.688,53.136
VHL,4BKT,QD0,301,1,275.349,Drug-like Recruiter,A,10482,O13,O,-5.304,33.849,1.791,10.715
VHL,4BKT,QD0,301,1,275.349,Drug-like Recruiter,A,10483,C14,C,-8.001,32.337,2.288,2.415
VHL,4BKT,QD0,301,1,275.349,Drug-like Recruiter,A,10486,O18,O,-6.731,35.221,-0.68,19.286
VHL,4BKT,QD0,301,1,275.349,Drug-like Recruiter,A,10487,C19,C,-8.023,35.562,-3.642,19.322
VHL,9QE4,A1I,301,1,546.794,Peptide-like Recruiter,A,10530,N1,N,12.607,54.443,94.831,3.281
VHL,9QE4,A1I,301,1,546.794,Peptide-like Recruiter,A,10531,N3,N,12.174,53.537,88.307,3.281
VHL,9QE4,A1I,301,1,546.794,Peptide-like Recruiter,A,10532,C4,C,11.294,57.702,96.778,3.623
VHL,9QE4,A1I,301,1,546.794,Peptide-like Recruiter,A,10533,C5,C,11.344,56.457,97.62,26.568
VHL,9QE4,A1I,301,1,546.794,Peptide-like Recruiter,A,10538,C13,C,12.608,51.969,86.246,1.208
VHL,9QE4,A1I,301,1,546.794,Peptide-like Recruiter,A,10540,C17,C,14.19,51.491,83.785,1.208
VHL,9QE4,A1I,301,1,546.794,Peptide-like Recruiter,A,10545,C26,C,15.005,51.791,93.197,8.453
VHL,9QE4,A1I,301,1,546.794,Peptide-like Recruiter,A,10548,C12,C,11.754,52.266,87.592,8.453
VHL,9QE4,A1I,301,1,546.794,Peptide-like Recruiter,A,10549,C14,C,10.229,52.298,87.25,47.098
VHL,9QE4,A1I,301,1,546.794,Peptide-like Recruiter,A,10550,C16,C,14.137,52.752,84.444,1.208
VHL,9QE4,A1I,301,1,546.794,Peptide-like Recruiter,A,10551,C18,C,13.411,50.473,84.418,9.661
VHL,9QE4,A1I,301,1,546.794,Peptide-like Recruiter,A,10552,C19,C,12.644,50.695,85.608,22.945
VHL,9QE4,A1I,301,1,546.794,Peptide-like Recruiter,A,10554,C23,C,13.754,49.591,80.955,38.644
VHL,9QE4,A1I,301,1,546.794,Peptide-like Recruiter,A,10555,C25,C,14.47,52.119,95.674,32.606
VHL,9QE4,A1I,301,1,546.794,Peptide-like Recruiter,A,10556,C27,C,12.616,51.533,94.032,43.475
VHL,9QE4,A1I,301,1,546.794,Peptide-like Recruiter,A,10559,F1,F,9.972,56.0,95.65,25.877
VHL,9QE4,A1I,301,1,546.794,Peptide-like Recruiter,A,10561,N4,N,16.168,50.728,80.412,1.094
VHL,9QE4,A1I,301,1,546.794,Peptide-like Recruiter,A,10563,O2,O,12.154,54.016,92.107,11.786
VHL,9QE4,A1I,301,1,546.794,Peptide-like Recruiter,A,10565,O4,O,14.04,52.689,89.353,4.286
VHL,8P0F,WBN,301,1,885.34,Peptide-like Recruiter,A,5434,N3,N,-0.639,-27.219,34.112,1.094
VHL,8P0F,WBN,301,1,885.34,Peptide-like Recruiter,A,5438,C8,C,-3.382,-27.925,37.621,8.453
VHL,8P0F,WBN,301,1,885.34,Peptide-like Recruiter,A,5439,C10,C,-4.072,-26.86,39.675,1.208
VHL,8P0F,WBN,301,1,885.34,Peptide-like Recruiter,A,5440,N12,N,-4.444,-26.26,42.068,1.094
VHL,8P0F,WBN,301,1,885.34,Peptide-like Recruiter,A,5445,C26,C,-2.669,-28.252,49.929,26.568
VHL,8P0F,WBN,301,1,885.34,Peptide-like Recruiter,A,5446,C28,C,-3.055,-28.279,47.565,13.284
VHL,8P0F,WBN,301,1,885.34,Peptide-like Recruiter,A,5447,C1,C,-3.077,-27.469,34.352,28.983
VHL,8P0F,WBN,301,1,885.34,Peptide-like Recruiter,A,5450,C9,C,-4.238,-27.839,38.705,26.568
VHL,8P0F,WBN,301,1,885.34,Peptide-like Recruiter,A,5451,C11,C,-5.037,-26.756,40.833,21.737
VHL,8P0F,WBN,301,1,885.34,Peptide-like Recruiter,A,5452,O14,O,-3.724,-28.267,42.737,20.358
VHL,8P0F,WBN,301,1,885.34,Peptide-like Recruiter,A,5457,O22,O,-4.79,-26.823,45.472,21.429
VHL,8P0F,WBN,301,1,885.34,Peptide-like Recruiter,A,5459,N24,N,-2.531,-26.215,48.681,2.187
VHL,8P0F,WBN,301,1,885.34,Peptide-like Recruiter,A,5460,C25,C,-2.496,-26.892,49.839,9.661
VHL,8P0F,WBN,301,1,885.34,Peptide-like Recruiter,A,5461,C27,C,-2.933,-28.95,48.769,32.606
VHL,9GHX,REI,206,1,367.419,Drug-like Recruiter,A,1041,C1,C,-9.163,-7.951,-14.813,4.831
VHL,9GHX,REI,206,1,367.419,Drug-like Recruiter,A,1043,O1,O,-8.386,-7.954,-15.675,50.359
VHL,9GHX,REI,206,1,367.419,Drug-like Recruiter,A,1044,C2,C,-11.585,-8.502,-14.866,2.415
VHL,9GHX,REI,206,1,367.419,Drug-like Recruiter,A,1045,N2,N,-10.444,-12.021,-12.203,9.842
VHL,9GHX,REI,206,1,367.419,Drug-like Recruiter,A,1046,O2,O,-12.219,-8.864,-15.723,13.929
VHL,9GHX,REI,206,1,367.419,Drug-like Recruiter,A,1047,C3,C,-10.867,-6.194,-14.02,1.208
VHL,9GHX,REI,206,1,367.419,Drug-like Recruiter,A,1048,O3,O,-11.145,-5.173,-14.4,9.643
VHL,9GHX,REI,206,1,367.419,Drug-like Recruiter,A,1049,C5,C,-11.023,-10.863,-12.501,2.415
VHL,9GHX,REI,206,1,367.419,Drug-like Recruiter,A,1050,C6,C,-8.926,-10.643,-12.792,20.53
VHL,9GHX,REI,206,1,367.419,Drug-like Recruiter,A,1051,C7,C,-9.148,-11.899,-12.377,30.191
VHL,9GHX,REI,206,1,367.419,Drug-like Recruiter,A,1052,OW,O,-9.018,-7.47,-11.912,15.0
VHL,5NVY,9B5,301,1,446.658,Drug-like Recruiter,A,10801,CAA,C,10.491,54.202,95.553,50.72
VHL,5NVY,9B5,301,1,446.658,Drug-like Recruiter,A,10803,OAD,O,11.861,55.377,93.979,2.143
VHL,5NVY,9B5,301,1,446.658,Drug-like Recruiter,A,10804,N,N,11.945,53.092,93.963,6.562
VHL,5NVY,9B5,301,1,446.658,Drug-like Recruiter,A,10806,CB,C,13.524,51.579,92.84,27.775
VHL,5NVY,9B5,301,1,446.658,Drug-like Recruiter,A,10808,O,O,11.072,52.802,91.353,20.358
VHL,5NVY,9B5,301,1,446.658,Drug-like Recruiter,A,10816,OAE,O,12.529,51.733,88.722,11.786
VHL,5NVY,9B5,301,1,446.658,Drug-like Recruiter,A,10817,NAQ,N,11.162,52.96,87.379,3.281
VHL,5NVY,9B5,301,1,446.658,Drug-like Recruiter,A,10818,CAM,C,10.712,51.797,86.603,26.568
VHL,5NVY,9B5,301,1,446.658,Drug-like Recruiter,A,10819,CAW,C,11.497,51.653,85.432,1.208
VHL,5NVY,9B5,301,1,446.658,Drug-like Recruiter,A,10822,CAH,C,11.469,50.423,84.761,25.36
VHL,5NVY,9B5,301,1,446.658,Drug-like Recruiter,A,10823,CAJ,C,12.222,50.205,83.603,8.453
VHL,5NVY,9B5,301,1,446.658,Drug-like Recruiter,A,10824,CAY,C,13.023,51.224,83.07,1.208
VHL,5NVY,9B5,301,1,446.658,Drug-like Recruiter,A,10830,CAB,C,12.013,49.927,80.444,35.021
VHL,5NVY,9B5,301,1,1786.632,Peptide-like Recruiter,A,10801,CAA,C,10.491,54.202,95.553,50.72
VHL,5NVY,9B5,301,1,1786.632,Peptide-like Recruiter,A,10803,OAD,O,11.861,55.377,93.979,2.143
VHL,5NVY,9B5,301,1,1786.632,Peptide-like Recruiter,A,10804,N,N,11.945,53.092,93.963,6.562
VHL,5NVY,9B5,301,1,1786.632,Peptide-like Recruiter,A,10806,CB,C,13.524,51.579,92.84,27.775
VHL,5NVY,9B5,301,1,1786.632,Peptide-like Recruiter,A,10808,O,O,11.072,52.802,91.353,20.358
VHL,5NVY,9B5,301,1,1786.632,Peptide-like Recruiter,A,10816,OAE,O,12.529,51.733,88.722,11.786
VHL,5NVY,9B5,301,1,1786.632,Peptide-like Recruiter,A,10817,NAQ,N,11.162,52.96,87.379,3.281
VHL,5NVY,9B5,301,1,1786.632,Peptide-like Recruiter,A,10818,CAM,C,10.712,51.797,86.603,26.568
VHL,5NVY,9B5,301,1,1786.632,Peptide-like Recruiter,A,10819,CAW,C,11.497,51.653,85.432,1.208
VHL,5NVY,9B5,301,1,1786.632,Peptide-like Recruiter,A,10822,CAH,C,11.469,50.423,84.761,25.36
VHL,5NVY,9B5,301,1,1786.632,Peptide-like Recruiter,A,10823,CAJ,C,12.222,50.205,83.603,8.453
VHL,5NVY,9B5,301,1,1786.632,Peptide-like Recruiter,A,10824,CAY,C,13.023,51.224,83.07,1.208
VHL,5NVY,9B5,301,1,1786.632,Peptide-like Recruiter,A,10830,CAB,C,12.013,49.927,80.444,35.021
VHL,9OIM,A1C,201,1,865.124,Peptide-like Recruiter,A,10311,C12,C,-7.411,11.252,-20.016,28.983
VHL,9OIM,A1C,201,1,865.124,Peptide-like Recruiter,A,10312,C13,C,-7.646,9.98,-20.793,37.436
VHL,9OIM,A1C,201,1,865.124,Peptide-like Recruiter,A,10313,C14,C,-4.007,10.398,-21.298,25.36
VHL,9OIM,A1C,201,1,865.124,Peptide-like Recruiter,A,10314,C10,C,-6.193,12.763,-17.655,60.381
VHL,9OIM,A1C,201,1,865.124,Peptide-like Recruiter,A,10315,C15,C,-3.695,9.586,-22.389,28.983
VHL,9OIM,A1C,201,1,865.124,Peptide-like Recruiter,A,10316,C04,C,-4.688,8.81,-23.007,8.453
VHL,9OIM,A1C,201,1,865.124,Peptide-like Recruiter,A,10317,C05,C,-5.999,8.874,-22.552,20.53
VHL,9OIM,A1C,201,1,865.124,Peptide-like Recruiter,A,10318,C06,C,-6.317,9.7,-21.47,4.831
VHL,9OIM,A1C,201,1,865.124,Peptide-like Recruiter,A,10319,C07,C,-5.333,10.452,-20.822,6.038
VHL,9OIM,A1C,201,1,865.124,Peptide-like Recruiter,A,10320,C09,C,-5.339,11.96,-18.631,9.661
VHL,9OIM,A1C,201,1,865.124,Peptide-like Recruiter,A,10321,N02,N,-4.395,7.94,-24.129,3.281
VHL,9OIM,A1C,201,1,865.124,Peptide-like Recruiter,A,10322,N08,N,-5.98,11.253,-19.735,2.187
VHL,9OIM,A1C,201,1,865.124,Peptide-like Recruiter,A,10323,O01,O,-3.351,7.966,-24.667,43.93
VHL,9OIM,A1C,201,1,865.124,Peptide-like Recruiter,A,10324,O03,O,-5.386,7.067,-24.575,48.216
VHL,9OIM,A1C,201,1,865.124,Peptide-like Recruiter,A,10325,O11,O,-4.162,11.936,-18.467,30.001
VHL,4AWJ,V6F,1201,1,190.243,Fragment Recruiter,A,10437,N06,N,-6.441,35.179,2.916,4.374
VHL,4AWJ,V6F,1201,1,190.243,Fragment Recruiter,A,10438,C07,C,-5.215,35.678,3.506,54.343
VHL,4AWJ,V6F,1201,1,190.243,Fragment Recruiter,A,10439,O08,O,-5.252,33.7,1.638,9.643
VHL,4AWJ,V6F,1201,1,190.243,Fragment Recruiter,A,10441,C10,C,-7.003,33.868,-1.041,1.208
VHL,4AWJ,V6F,1201,1,190.243,Fragment Recruiter,A,10442,C11,C,-6.815,33.178,-2.375,30.191
VHL,4AWJ,V6F,1201,1,190.243,Fragment Recruiter,A,10443,O12,O,-6.782,35.057,-0.878,21.429
VHL,8BDJ,QE0,301,1,2088.508,Peptide-like Recruiter,A,10821,C13,C,4.481,-33.185,-1.839,28.983
VHL,8BDJ,QE0,301,1,2088.508,Peptide-like Recruiter,A,10822,C14,C,5.342,-33.392,-4.221,42.267
VHL,8BDJ,QE0,301,1,2088.508,Peptide-like Recruiter,A,10823,C15,C,7.925,-35.515,-3.465,13.284
VHL,8BDJ,QE0,301,1,2088.508,Peptide-like Recruiter,A,10824,C16,C,9.131,-35.762,-4.16,2.415
VHL,8BDJ,QE0,301,1,2088.508,Peptide-like Recruiter,A,10825,C19,C,9.564,-37.023,-4.833,26.568
VHL,8BDJ,QE0,301,1,2088.508,Peptide-like Recruiter,A,10826,C22,C,5.322,-35.741,3.446,2.415
VHL,8BDJ,QE0,301,1,2088.508,Peptide-like Recruiter,A,10827,C24,C,4.896,-34.958,4.67,1.208
VHL,8BDJ,QE0,301,1,2088.508,Peptide-like Recruiter,A,10828,C27,C,4.148,-33.441,6.859,2.415
VHL,8BDJ,QE0,301,1,2088.508,Peptide-like Recruiter,A,10829,C32,C,1.783,-36.614,5.279,28.983
VHL,8BDJ,QE0,301,1,2088.508,Peptide-like Recruiter,A,10830,C33,C,1.619,-37.961,4.623,31.398
VHL,8BDJ,QE0,301,1,2088.508,Peptide-like Recruiter,A,10831,C35,C,1.295,-37.246,2.345,56.759
VHL,8BDJ,QE0,301,1,2088.508,Peptide-like Recruiter,A,10836,O9,O,6.837,-34.982,-0.534,10.715
VHL,8BDJ,QE0,301,1,2088.508,Peptide-like Recruiter,A,10839,N20,N,6.476,-35.091,2.806,1.094
VHL,8BDJ,QE0,301,1,2088.508,Peptide-like Recruiter,A,10840,O21,O,5.302,-33.416,1.806,5.357
VHL,8BDJ,QE0,301,1,2088.508,Peptide-like Recruiter,A,10841,C23,C,5.655,-37.193,3.796,27.775
VHL,8BDJ,QE0,301,1,2088.508,Peptide-like Recruiter,A,10843,C26,C,3.21,-34.265,6.268,13.284
VHL,8BDJ,QE0,301,1,2088.508,Peptide-like Recruiter,A,10844,C28,C,5.439,-33.355,6.387,1.208
VHL,8BDJ,QE0,301,1,2088.508,Peptide-like Recruiter,A,10845,C29,C,5.808,-34.115,5.296,2.415
VHL,8BDJ,QE0,301,1,2088.508,Peptide-like Recruiter,A,10846,CL30,CL,3.687,-32.499,8.251,8.728
VHL,8BDJ,QE0,301,1,2088.508,Peptide-like Recruiter,A,10847,O31,O,2.733,-35.843,4.519,3.214
VHL,8BDJ,QE0,301,1,2088.508,Peptide-like Recruiter,A,10848,O34,O,0.743,-37.883,3.514,24.644
VHL,3ZTC,TR0,1205,1,439.641,Drug-like Recruiter,A,10343,CAA,C,-9.699,36.589,-5.142,31.398
VHL,3ZTC,TR0,1205,1,439.641,Drug-like Recruiter,A,10344,CAW,C,-9.173,35.43,-4.307,1.208
VHL,3ZTC,TR0,1205,1,439.641,Drug-like Recruiter,A,10345,CAK,C,-7.899,35.219,-3.937,24.153
VHL,3ZTC,TR0,1205,1,439.641,Drug-like Recruiter,A,10349,CAM,C,-6.705,33.355,-2.519,20.53
VHL,3ZTC,TR0,1205,1,439.641,Drug-like Recruiter,A,10350,CAU,C,-6.826,33.785,-1.042,2.415
VHL,3ZTC,TR0,1205,1,439.641,Drug-like Recruiter,A,10351,OAB,O,-6.586,34.961,-0.768,18.215
VHL,3ZTC,TR0,1205,1,439.641,Drug-like Recruiter,A,10359,O,O,-5.133,33.421,1.699,9.643
VHL,3ZTC,TR0,1205,1,439.641,Drug-like Recruiter,A,10360,NAR,N,-6.306,34.972,2.843,3.281
VHL,3ZTC,TR0,1205,1,439.641,Drug-like Recruiter,A,10361,CAL,C,-5.097,35.489,3.516,28.983
VHL,3ZTC,TR0,1205,1,439.641,Drug-like Recruiter,A,10363,CAX,C,-4.842,34.662,4.771,1.208
VHL,3ZTC,TR0,1205,1,439.641,Drug-like Recruiter,A,10364,CAF,C,-3.573,34.679,5.359,26.568
VHL,3ZTC,TR0,1205,1,439.641,Drug-like Recruiter,A,10365,CA1,C,-2.891,32.124,10.397,10.869
VHL,3ZTC,TR0,1205,1,439.641,Drug-like Recruiter,A,10366,CAH,C,-3.327,33.948,6.521,12.076
VHL,3ZTC,TR0,1205,1,439.641,Drug-like Recruiter,A,10367,CAE,C,-5.877,33.906,5.348,1.208
VHL,3ZTC,TR0,1205,1,439.641,Drug-like Recruiter,A,10368,CA2,C,-3.159,32.869,9.231,14.492
VHL,8VLB,3JF,301,1,488.739,Drug-like Recruiter,A,4309,CAA,C,76.1,53.745,23.081,24.153
VHL,8VLB,3JF,301,1,488.739,Drug-like Recruiter,A,4310,CAV,C,75.742,52.655,22.085,1.208
VHL,8VLB,3JF,301,1,488.739,Drug-like Recruiter,A,4312,NAT,N,76.607,51.562,22.08,1.094
VHL,8VLB,3JF,301,1,488.739,Drug-like Recruiter,A,4315,CAD,C,77.767,48.839,19.651,12.076
VHL,8VLB,3JF,301,1,488.739,Drug-like Recruiter,A,4316,CAE,C,78.084,51.315,19.585,30.191
VHL,8VLB,3JF,301,1,488.739,Drug-like Recruiter,A,4317,CAC,C,78.945,49.946,21.496,41.059
VHL,8VLB,3JF,301,1,488.739,Drug-like Recruiter,A,4319,OAH,O,76.448,49.01,23.188,7.5
VHL,8VLB,3JF,301,1,488.739,Drug-like Recruiter,A,4327,O,O,76.646,46.168,21.881,8.572
VHL,8VLB,3JF,301,1,488.739,Drug-like Recruiter,A,4329,CAO,C,76.556,44.391,24.172,24.153
VHL,8VLB,3JF,301,1,488.739,Drug-like Recruiter,A,4333,CAJ,C,76.759,41.901,23.876,28.983
VHL,8VLB,3JF,301,1,488.739,Drug-like Recruiter,A,4334,CAL,C,76.212,40.646,23.588,7.246
VHL,8VLB,3JF,301,1,488.739,Drug-like Recruiter,A,4341,CAB,C,75.444,37.677,24.773,36.229
VHL,3ZUN,ZUN,1205,1,1618.032,Peptide-like Recruiter,A,10287,CAA,C,56.24,10.004,-5.294,30.191
VHL,3ZUN,ZUN,1205,1,1618.032,Peptide-like Recruiter,A,10288,CAW,C,55.694,11.144,-4.439,2.415
VHL,3ZUN,ZUN,1205,1,1618.032,Peptide-like Recruiter,A,10289,CAK,C,54.459,11.238,-3.91,21.737
VHL,3ZUN,ZUN,1205,1,1618.032,Peptide-like Recruiter,A,10292,CAZ,C,54.401,12.396,-3.231,2.415
VHL,3ZUN,ZUN,1205,1,1618.032,Peptide-like Recruiter,A,10293,CAM,C,53.273,13.04,-2.415,19.322
VHL,3ZUN,ZUN,1205,1,1618.032,Peptide-like Recruiter,A,10294,CAU,C,53.514,12.665,-0.922,1.208
VHL,3ZUN,ZUN,1205,1,1618.032,Peptide-like Recruiter,A,10295,OAB,O,53.205,11.523,-0.587,18.215
VHL,3ZUN,ZUN,1205,1,1618.032,Peptide-like Recruiter,A,10303,O,O,51.944,13.178,1.749,8.572
VHL,3ZUN,ZUN,1205,1,1618.032,Peptide-like Recruiter,A,10304,NAR,N,53.127,11.501,2.752,2.187
VHL,3ZUN,ZUN,1205,1,1618.032,Peptide-like Recruiter,A,10305,CAL,C,51.971,10.866,3.418,25.36
VHL,3ZUN,ZUN,1205,1,1618.032,Peptide-like Recruiter,A,10306,CAX,C,51.587,11.659,4.68,2.415
VHL,3ZUN,ZUN,1205,1,1618.032,Peptide-like Recruiter,A,10307,CAE,C,52.468,12.599,5.248,1.208
VHL,3ZUN,ZUN,1205,1,1618.032,Peptide-like Recruiter,A,10308,CAG,C,52.114,13.324,6.389,1.208
VHL,3ZUN,ZUN,1205,1,1618.032,Peptide-like Recruiter,A,10309,CAF,C,50.343,11.43,5.264,28.983
VHL,3ZUN,ZUN,1205,1,1618.032,Peptide-like Recruiter,A,10310,CAH,C,49.984,12.148,6.403,16.907
VHL,3ZUN,ZUN,1205,1,1618.032,Peptide-like Recruiter,A,10311,CAY,C,50.867,13.085,6.967,3.623
VHL,3ZUN,ZUN,1205,1,1618.032,Peptide-like Recruiter,A,10312,NBB,N,50.46,13.742,8.05,1.094
VHL,3ZUN,ZUN,1205,1,1618.032,Peptide-like Recruiter,A,10313,OAS,O,49.141,13.52,8.474,12.858
VHL,3ZUN,ZUN,1206,1,1618.032,Peptide-like Recruiter,A,10315,CAA,C,10.358,14.585,-5.183,67.627
VHL,3ZUN,ZUN,1206,1,1618.032,Peptide-like Recruiter,A,10316,CAW,C,9.77,15.744,-4.359,6.038
VHL,3ZUN,ZUN,1206,1,1618.032,Peptide-like Recruiter,A,10317,CAK,C,8.498,15.828,-3.92,28.983
VHL,3ZUN,ZUN,1206,1,1618.032,Peptide-like Recruiter,A,10318,NAQ,N,10.478,16.809,-3.984,31.714
VHL,3ZUN,ZUN,1206,1,1618.032,Peptide-like Recruiter,A,10319,OAT,O,9.567,17.609,-3.235,18.215
VHL,3ZUN,ZUN,1206,1,1618.032,Peptide-like Recruiter,A,10320,CAZ,C,8.367,16.972,-3.232,6.038
VHL,3ZUN,ZUN,1206,1,1618.032,Peptide-like Recruiter,A,10321,CAM,C,7.157,17.557,-2.507,27.775
VHL,3ZUN,ZUN,1206,1,1618.032,Peptide-like Recruiter,A,10322,CAU,C,7.248,17.115,-1.027,2.415
VHL,3ZUN,ZUN,1206,1,1618.032,Peptide-like Recruiter,A,10323,OAB,O,6.811,15.993,-0.748,27.858
VHL,3ZUN,ZUN,1206,1,1618.032,Peptide-like Recruiter,A,10324,N,N,7.75,17.882,-0.016,1.094
VHL,3ZUN,ZUN,1206,1,1618.032,Peptide-like Recruiter,A,10325,CD2,C,8.371,19.2,-0.172,19.322
VHL,3ZUN,ZUN,1206,1,1618.032,Peptide-like Recruiter,A,10326,CG,C,9.007,19.542,1.18,16.907
VHL,3ZUN,ZUN,1206,1,1618.032,Peptide-like Recruiter,A,10327,OD1,O,10.418,19.334,1.134,49.287
VHL,3ZUN,ZUN,1206,1,1618.032,Peptide-like Recruiter,A,10328,CB,C,8.352,18.617,2.197,21.737
VHL,3ZUN,ZUN,1206,1,1618.032,Peptide-like Recruiter,A,10329,CA,C,7.871,17.427,1.387,8.453
VHL,3ZUN,ZUN,1206,1,1618.032,Peptide-like Recruiter,A,10331,O,O,5.459,17.392,1.622,30.001
VHL,3ZUN,ZUN,1206,1,1618.032,Peptide-like Recruiter,A,10332,NAR,N,6.673,15.899,2.813,14.217
VHL,3ZUN,ZUN,1206,1,1618.032,Peptide-like Recruiter,A,10333,CAL,C,5.512,15.256,3.453,30.191
VHL,3ZUN,ZUN,1206,1,1618.032,Peptide-like Recruiter,A,10334,CAX,C,5.067,16.003,4.708,3.623
VHL,3ZUN,ZUN,1206,1,1618.032,Peptide-like Recruiter,A,10335,CAE,C,5.92,16.902,5.378,14.492
VHL,3ZUN,ZUN,1206,1,1618.032,Peptide-like Recruiter,A,10336,CAG,C,5.495,17.582,6.532,25.36
VHL,3ZUN,ZUN,1206,1,1618.032,Peptide-like Recruiter,A,10337,CAF,C,3.782,15.773,5.192,31.398
VHL,3ZUN,ZUN,1206,1,1618.032,Peptide-like Recruiter,A,10338,CAH,C,3.364,16.461,6.341,22.945
VHL,3ZUN,ZUN,1206,1,1618.032,Peptide-like Recruiter,A,10339,CAY,C,4.206,17.357,7.004,7.246
VHL,3ZUN,ZUN,1206,1,1618.032,Peptide-like Recruiter,A,10340,NBB,N,3.753,17.96,8.105,4.374
VHL,3ZUN,ZUN,1206,1,1618.032,Peptide-like Recruiter,A,10341,OAS,O,2.655,17.377,8.812,46.073
VHL,3ZUN,ZUN,1206,1,1618.032,Peptide-like Recruiter,A,10342,OAD,O,4.347,19.168,8.686,51.43
VHL,3ZUN,ZUN,1204,1,1618.032,Peptide-like Recruiter,A,10371,CAA,C,57.455,-37.656,-4.124,70.042
VHL,3ZUN,ZUN,1204,1,1618.032,Peptide-like Recruiter,A,10372,CAW,C,56.734,-36.435,-3.53,7.246
VHL,3ZUN,ZUN,1204,1,1618.032,Peptide-like Recruiter,A,10373,CAK,C,55.482,-36.42,-3.032,26.568
VHL,3ZUN,ZUN,1204,1,1618.032,Peptide-like Recruiter,A,10374,NAQ,N,57.287,-35.228,-3.46,30.62
VHL,3ZUN,ZUN,1204,1,1618.032,Peptide-like Recruiter,A,10375,OAT,O,56.305,-34.404,-2.864,16.072
VHL,3ZUN,ZUN,1204,1,1618.032,Peptide-like Recruiter,A,10376,CAZ,C,55.214,-35.174,-2.64,4.831
VHL,3ZUN,ZUN,1204,1,1618.032,Peptide-like Recruiter,A,10377,CAM,C,53.975,-34.595,-1.982,32.606
VHL,3ZUN,ZUN,1204,1,1618.032,Peptide-like Recruiter,A,10378,CAU,C,54.11,-34.933,-0.481,2.415
VHL,3ZUN,ZUN,1204,1,1618.032,Peptide-like Recruiter,A,10379,OAB,O,53.611,-35.975,-0.077,25.715
VHL,3ZUN,ZUN,1204,1,1618.032,Peptide-like Recruiter,A,10380,N,N,54.783,-34.144,0.392,1.094
VHL,3ZUN,ZUN,1204,1,1618.032,Peptide-like Recruiter,A,10381,CD2,C,55.398,-32.846,0.028,18.114
VHL,3ZUN,ZUN,1204,1,1618.032,Peptide-like Recruiter,A,10382,CG,C,55.827,-32.189,1.323,19.322
VHL,3ZUN,ZUN,1204,1,1618.032,Peptide-like Recruiter,A,10383,OD1,O,57.215,-32.327,1.359,46.073
VHL,3ZUN,ZUN,1204,1,1618.032,Peptide-like Recruiter,A,10384,CB,C,55.228,-33.009,2.446,21.737
VHL,3ZUN,ZUN,1204,1,1618.032,Peptide-like Recruiter,A,10385,CA,C,54.939,-34.388,1.832,12.076
VHL,3ZUN,ZUN,1204,1,1618.032,Peptide-like Recruiter,A,10387,O,O,52.531,-34.48,1.985,25.715
VHL,3ZUN,ZUN,1204,1,1618.032,Peptide-like Recruiter,A,10388,NAR,N,53.739,-35.723,3.425,14.217
VHL,3ZUN,ZUN,1204,1,1618.032,Peptide-like Recruiter,A,10389,CAL,C,52.573,-36.284,4.124,28.983
VHL,3ZUN,ZUN,1204,1,1618.032,Peptide-like Recruiter,A,10390,CAX,C,52.24,-35.421,5.335,2.415
VHL,3ZUN,ZUN,1204,1,1618.032,Peptide-like Recruiter,A,10391,CAE,C,53.082,-34.391,5.79,12.076
VHL,3ZUN,ZUN,1204,1,1618.032,Peptide-like Recruiter,A,10392,CAG,C,52.72,-33.629,6.904,26.568
VHL,3ZUN,ZUN,1204,1,1618.032,Peptide-like Recruiter,A,10393,CAF,C,51.045,-35.688,5.977,30.191
VHL,3ZUN,ZUN,1204,1,1618.032,Peptide-like Recruiter,A,10394,CAH,C,50.692,-34.929,7.078,22.945
VHL,3ZUN,ZUN,1204,1,1618.032,Peptide-like Recruiter,A,10395,CAY,C,51.518,-33.908,7.554,7.246
VHL,3ZUN,ZUN,1204,1,1618.032,Peptide-like Recruiter,A,10396,NBB,N,51.082,-33.236,8.63,4.374
VHL,3ZUN,ZUN,1204,1,1618.032,Peptide-like Recruiter,A,10397,OAS,O,51.512,-31.884,8.972,50.359
VHL,3ZUN,ZUN,1204,1,1618.032,Peptide-like Recruiter,A,10398,OAD,O,50.103,-33.904,9.472,49.287
VHL,8ZVJ,A1L,201,1,246.303,Drug-like Recruiter,A,10412,C4,C,-6.157,-9.201,21.543,28.983
VHL,8ZVJ,A1L,201,1,246.303,Drug-like Recruiter,A,10413,C5,C,-5.192,-8.913,22.498,7.246
VHL,8ZVJ,A1L,201,1,246.303,Drug-like Recruiter,A,10414,C6,C,-3.929,-9.512,22.413,4.831
VHL,8ZVJ,A1L,201,1,246.303,Drug-like Recruiter,A,10415,C7,C,-4.624,-7.733,24.435,9.661
VHL,8ZVJ,A1L,201,1,246.303,Drug-like Recruiter,A,10416,C8,C,-3.366,-8.277,24.424,20.53
VHL,8ZVJ,A1L,201,1,246.303,Drug-like Recruiter,A,10417,C10,C,-1.575,-9.745,23.465,7.246
VHL,8ZVJ,A1L,201,1,246.303,Drug-like Recruiter,A,10418,C1,C,-3.66,-10.386,21.375,18.114
VHL,8ZVJ,A1L,201,1,246.303,Drug-like Recruiter,A,10419,C11,C,0.63,-9.707,24.287,33.814
VHL,8ZVJ,A1L,201,1,246.303,Drug-like Recruiter,A,10420,C12,C,1.607,-9.5,23.131,45.89
VHL,8ZVJ,A1L,201,1,246.303,Drug-like Recruiter,A,10421,C2,C,-4.624,-10.674,20.423,28.983
VHL,8ZVJ,A1L,201,1,246.303,Drug-like Recruiter,A,10422,C3,C,-5.876,-10.082,20.504,8.453
VHL,8ZVJ,A1L,201,1,246.303,Drug-like Recruiter,A,10423,C9,C,-2.995,-9.172,23.423,4.831
VHL,8ZVJ,A1L,201,1,246.303,Drug-like Recruiter,A,10424,O1,O,-5.488,-8.062,23.487,17.143
VHL,8ZVJ,A1L,201,1,246.303,Drug-like Recruiter,A,10425,O2,O,-4.937,-6.975,25.292,50.359
VHL,8ZVJ,A1L,201,1,246.303,Drug-like Recruiter,A,10426,O3,O,-0.548,-8.99,24.045,12.858
VHL,8ZVJ,A1L,201,1,246.303,Drug-like Recruiter,A,10427,O4,O,-1.329,-10.823,23.034,25.715
VHL,8ZVJ,A1L,201,1,246.303,Drug-like Recruiter,A,10428,O5,O,-6.849,-10.375,19.54,53.573
VHL,9GIO,3JF,301,1,488.739,Drug-like Recruiter,A,2649,CAA,C,26.603,10.005,47.97,26.568
VHL,9GIO,3JF,301,1,488.739,Drug-like Recruiter,A,2650,CAV,C,25.842,11.174,47.414,1.208
VHL,9GIO,3JF,301,1,488.739,Drug-like Recruiter,A,2652,NAT,N,26.511,11.945,46.527,4.374
VHL,9GIO,3JF,301,1,488.739,Drug-like Recruiter,A,2655,CAD,C,26.502,14.747,47.564,26.568
VHL,9GIO,3JF,301,1,488.739,Drug-like Recruiter,A,2656,CAE,C,28.158,14.228,45.768,44.682
VHL,9GIO,3JF,301,1,488.739,Drug-like Recruiter,A,2657,CAC,C,26.127,15.55,45.25,16.907
VHL,9GIO,3JF,301,1,488.739,Drug-like Recruiter,A,2659,OAH,O,26.822,12.118,43.811,10.715
VHL,9GIO,3JF,301,1,488.739,Drug-like Recruiter,A,2667,O,O,26.197,14.158,41.56,10.715
VHL,9GIO,3JF,301,1,488.739,Drug-like Recruiter,A,2668,NAS,N,26.172,12.256,40.349,2.187
VHL,9GIO,3JF,301,1,488.739,Drug-like Recruiter,A,2669,CAO,C,27.074,12.734,39.308,27.775
VHL,9GIO,3JF,301,1,488.739,Drug-like Recruiter,A,2670,CAY,C,26.344,13.199,38.07,2.415
VHL,9GIO,3JF,301,1,488.739,Drug-like Recruiter,A,2673,CAJ,C,27.01,13.909,37.077,27.775
VHL,9GIO,3JF,301,1,488.739,Drug-like Recruiter,A,2674,CAL,C,26.344,14.339,35.94,8.453
VHL,9GIO,3JF,301,1,488.739,Drug-like Recruiter,A,2679,NAR,N,23.741,15.05,32.343,1.094
VHL,9GIO,3JF,301,1,488.739,Drug-like Recruiter,A,2681,CAB,C,26.046,14.243,32.707,38.644
VHL,6GMX,F7B,201,1,206.738,Drug-like Recruiter,A,10471,C02,C,-4.295,-8.357,24.598,6.038
VHL,6GMX,F7B,201,1,206.738,Drug-like Recruiter,A,10472,C03,C,-3.045,-8.415,25.467,31.398
VHL,6GMX,F7B,201,1,206.738,Drug-like Recruiter,A,10473,C04,C,-2.151,-9.617,25.319,37.436
VHL,6GMX,F7B,201,1,206.738,Drug-like Recruiter,A,10474,C06,C,-3.595,-10.085,22.883,4.831
VHL,6GMX,F7B,201,1,206.738,Drug-like Recruiter,A,10475,C07,C,-4.561,-9.256,23.42,4.831
VHL,6GMX,F7B,201,1,206.738,Drug-like Recruiter,A,10476,C08,C,-5.81,-9.235,22.823,18.114
VHL,6GMX,F7B,201,1,206.738,Drug-like Recruiter,A,10477,C09,C,-6.071,-10.033,21.723,4.831
VHL,6GMX,F7B,201,1,206.738,Drug-like Recruiter,A,10478,C11,C,-5.099,-10.868,21.186,31.398
VHL,6GMX,F7B,201,1,206.738,Drug-like Recruiter,A,10479,C12,C,-3.842,-10.896,21.776,31.398
VHL,6GMX,F7B,201,1,206.738,Drug-like Recruiter,A,10480,O01,O,-5.143,-7.516,24.854,39.644
VHL,6GMX,F7B,201,1,206.738,Drug-like Recruiter,A,10481,S05,S,-2.032,-10.102,23.631,43.751
VHL,6GMX,F7B,201,1,206.738,Drug-like Recruiter,A,10482,CL1,CL,-7.641,-9.996,21.006,73.567
VHL,6FMI,DV2,301,1,925.452,Peptide-like Recruiter,A,5324,CAA,C,0.847,52.706,405.745,37.436
VHL,6FMI,DV2,301,1,925.452,Peptide-like Recruiter,A,5326,OAD,O,1.276,54.546,404.268,1.071
VHL,6FMI,DV2,301,1,925.452,Peptide-like Recruiter,A,5327,N,N,2.81,52.845,404.321,9.842
VHL,6FMI,DV2,301,1,925.452,Peptide-like Recruiter,A,5329,CB,C,5.128,52.856,403.52,32.606
VHL,6FMI,DV2,301,1,925.452,Peptide-like Recruiter,A,5331,O,O,2.582,52.056,401.706,16.072
VHL,6FMI,DV2,301,1,925.452,Peptide-like Recruiter,A,5339,SAG,S,5.211,51.817,399.528,24.449
VHL,6FMI,DV2,301,1,925.452,Peptide-like Recruiter,A,5340,NAQ,N,3.262,52.068,397.676,4.374
VHL,6FMI,DV2,301,1,925.452,Peptide-like Recruiter,A,5341,CAM,C,3.784,50.935,396.914,22.945
VHL,6FMI,DV2,301,1,925.452,Peptide-like Recruiter,A,5342,CAX,C,4.513,51.417,395.792,2.415
VHL,6FMI,DV2,301,1,925.452,Peptide-like Recruiter,A,5343,CAI,C,5.49,50.581,395.235,26.568
VHL,6FMI,DV2,301,1,925.452,Peptide-like Recruiter,A,5344,CAK,C,6.254,50.984,394.137,7.246
VHL,6FMI,DV2,301,1,925.452,Peptide-like Recruiter,A,5347,CAY,C,6.062,52.235,393.546,1.208
VHL,6FMI,DV2,301,1,925.452,Peptide-like Recruiter,A,5353,CAB,C,6.527,50.572,390.996,28.983
VHL,5NW1,9BH,301,1,2115.216,Peptide-like Recruiter,A,10653,CAO,C,10.032,56.329,97.566,31.398
VHL,5NW1,9BH,301,1,2115.216,Peptide-like Recruiter,A,10654,CAN,C,10.13,57.779,97.996,3.623
VHL,5NW1,9BH,301,1,2115.216,Peptide-like Recruiter,A,10655,CAP,C,10.009,58.205,96.545,4.831
VHL,5NW1,9BH,301,1,2115.216,Peptide-like Recruiter,A,10656,CBF,C,10.162,56.758,96.119,7.246
VHL,5NW1,9BH,301,1,2115.216,Peptide-like Recruiter,A,10662,CAD,C,13.362,53.183,96.233,25.36
VHL,5NW1,9BH,301,1,2115.216,Peptide-like Recruiter,A,10663,CAB,C,13.905,52.322,93.956,13.284
VHL,5NW1,9BH,301,1,2115.216,Peptide-like Recruiter,A,10664,CAC,C,11.514,52.355,94.786,43.475
VHL,5NW1,9BH,301,1,2115.216,Peptide-like Recruiter,A,10666,OAG,O,11.244,54.483,92.349,13.929
VHL,5NW1,9BH,301,1,2115.216,Peptide-like Recruiter,A,10674,O,O,12.964,52.823,90.147,7.5
VHL,5NW1,9BH,301,1,2115.216,Peptide-like Recruiter,A,10675,NAU,N,11.748,54.063,88.738,1.094
VHL,5NW1,9BH,301,1,2115.216,Peptide-like Recruiter,A,10676,CAQ,C,11.272,52.905,87.932,24.153
VHL,5NW1,9BH,301,1,2115.216,Peptide-like Recruiter,A,10677,CBA,C,12.081,52.678,86.761,1.208
VHL,5NW1,9BH,301,1,2115.216,Peptide-like Recruiter,A,10680,CAJ,C,12.006,51.466,86.077,25.36
VHL,5NW1,9BH,301,1,2115.216,Peptide-like Recruiter,A,10681,CAL,C,12.774,51.221,84.929,8.453
VHL,5NW1,9BH,301,1,2115.216,Peptide-like Recruiter,A,10688,CAA,C,12.636,50.794,81.821,36.229
VHL,6GMQ,F4K,302,1,366.59,Drug-like Recruiter,A,10413,C10,C,36.495,56.963,6.423,30.191
VHL,6GMQ,F4K,302,1,366.59,Drug-like Recruiter,A,10414,C13,C,37.273,58.409,7.868,28.983
VHL,6GMQ,F4K,302,1,366.59,Drug-like Recruiter,A,10415,C02,C,37.307,53.1,11.475,35.021
VHL,6GMQ,F4K,302,1,366.59,Drug-like Recruiter,A,10416,C03,C,37.136,54.194,10.505,7.246
VHL,6GMQ,F4K,302,1,366.59,Drug-like Recruiter,A,10417,C04,C,36.279,55.269,10.75,30.191
VHL,6GMQ,F4K,302,1,366.59,Drug-like Recruiter,A,10418,C05,C,36.186,56.279,9.787,27.775
VHL,6GMQ,F4K,302,1,366.59,Drug-like Recruiter,A,10419,C06,C,36.953,56.186,8.618,2.415
VHL,6GMQ,F4K,302,1,366.59,Drug-like Recruiter,A,10420,C07,C,37.816,55.115,8.391,24.153
VHL,6GMQ,F4K,302,1,366.59,Drug-like Recruiter,A,10421,C08,C,37.905,54.117,9.343,21.737
VHL,6GMQ,F4K,302,1,366.59,Drug-like Recruiter,A,10422,C11,C,36.606,58.19,5.79,38.644
VHL,6GMQ,F4K,302,1,366.59,Drug-like Recruiter,A,10423,C12,C,37.097,59.111,6.699,38.644
VHL,6GMQ,F4K,302,1,366.59,Drug-like Recruiter,A,10425,O01,O,38.632,52.722,11.503,47.144
VHL,6GMQ,F4K,301,1,366.59,Drug-like Recruiter,A,10430,C10,C,-9.756,62.787,7.646,28.983
VHL,6GMQ,F4K,301,1,366.59,Drug-like Recruiter,A,10431,C13,C,-10.074,61.27,6.094,30.191
VHL,6GMQ,F4K,301,1,366.59,Drug-like Recruiter,A,10432,C02,C,-10.007,57.545,11.387,37.436
VHL,6GMQ,F4K,301,1,366.59,Drug-like Recruiter,A,10433,C03,C,-9.976,58.58,10.313,4.831
VHL,6GMQ,F4K,301,1,366.59,Drug-like Recruiter,A,10434,C04,C,-9.506,58.265,9.032,27.775
VHL,6GMQ,F4K,301,1,366.59,Drug-like Recruiter,A,10435,C05,C,-9.479,59.246,8.047,25.36
VHL,6GMQ,F4K,301,1,366.59,Drug-like Recruiter,A,10436,C06,C,-9.938,60.523,8.345,3.623
VHL,6GMQ,F4K,301,1,366.59,Drug-like Recruiter,A,10437,C07,C,-10.389,60.836,9.617,24.153
VHL,6GMQ,F4K,301,1,366.59,Drug-like Recruiter,A,10438,C08,C,-10.405,59.869,10.606,28.983
VHL,6GMQ,F4K,301,1,366.59,Drug-like Recruiter,A,10439,C11,C,-9.789,63.443,6.427,41.059
VHL,6GMQ,F4K,301,1,366.59,Drug-like Recruiter,A,10440,C12,C,-9.985,62.487,5.443,38.644
VHL,6GMQ,F4K,301,1,366.59,Drug-like Recruiter,A,10442,O01,O,-8.848,56.82,11.53,49.287
VHL,8BDO,QFF,301,1,1005.444,Peptide-like Recruiter,A,5329,C1,C,-0.41,-16.361,47.953,22.945
VHL,8BDO,QFF,301,1,1005.444,Peptide-like Recruiter,A,5337,O1,O,3.261,-17.615,43.964,17.143
VHL,8BDO,QFF,301,1,1005.444,Peptide-like Recruiter,A,5338,C8,C,5.03,-17.296,46.327,7.246
VHL,8BDO,QFF,301,1,1005.444,Peptide-like Recruiter,A,5341,C10,C,5.138,-17.073,47.829,37.436
VHL,8BDO,QFF,301,1,1005.444,Peptide-like Recruiter,A,5342,C11,C,6.417,-17.311,45.698,25.36
VHL,8BDO,QFF,301,1,1005.444,Peptide-like Recruiter,A,5344,C13,C,1.815,-16.789,46.641,12.076
VHL,8BDO,QFF,301,1,1005.444,Peptide-like Recruiter,A,5345,C14,C,0.937,-15.995,47.418,3.623
VHL,8BDO,QFF,301,1,1005.444,Peptide-like Recruiter,A,5348,O4,O,5.553,-17.345,41.725,7.5
VHL,8BDO,QFF,301,1,1005.444,Peptide-like Recruiter,A,5349,N3,N,3.748,-17.863,40.437,7.655
VHL,8BDO,QFF,301,1,1005.444,Peptide-like Recruiter,A,5350,O5,O,4.361,-18.829,39.544,20.358
VHL,8BDO,QFF,301,1,1005.444,Peptide-like Recruiter,A,5351,C15,C,5.048,-18.414,38.388,2.415
VHL,8BDO,QFF,301,1,1005.444,Peptide-like Recruiter,A,5352,C16,C,5.974,-19.225,37.746,30.191
VHL,8BDO,QFF,301,1,1005.444,Peptide-like Recruiter,A,5353,C17,C,6.638,-18.758,36.621,8.453
VHL,8BDO,QFF,301,1,1005.444,Peptide-like Recruiter,A,5354,C18,C,6.404,-17.477,36.119,1.208
VHL,8BDO,QFF,301,1,1005.444,Peptide-like Recruiter,A,5356,C20,C,4.801,-17.139,37.901,1.208
VHL,8BDO,QFF,301,1,1005.444,Peptide-like Recruiter,A,5362,C24,C,6.756,-18.87,33.237,32.606
VHL,6GFZ,EXE,301,1,2026.916,Peptide-like Recruiter,A,10633,CAA,C,10.518,56.501,95.137,22.945
VHL,6GFZ,EXE,301,1,2026.916,Peptide-like Recruiter,A,10634,CAV,C,11.837,55.972,94.537,1.208
VHL,6GFZ,EXE,301,1,2026.916,Peptide-like Recruiter,A,10636,N,N,11.735,54.776,93.942,2.187
VHL,6GFZ,EXE,301,1,2026.916,Peptide-like Recruiter,A,10639,CG1,C,14.056,51.866,93.018,14.492
VHL,6GFZ,EXE,301,1,2026.916,Peptide-like Recruiter,A,10640,CAE,C,11.648,51.807,93.733,44.682
VHL,6GFZ,EXE,301,1,2026.916,Peptide-like Recruiter,A,10641,CG2,C,13.339,52.741,95.302,28.983
VHL,6GFZ,EXE,301,1,2026.916,Peptide-like Recruiter,A,10643,O,O,11.314,53.921,91.437,11.786
VHL,6GFZ,EXE,301,1,2026.916,Peptide-like Recruiter,A,10651,CAW,C,12.737,53.352,88.841,1.208
VHL,6GFZ,EXE,301,1,2026.916,Peptide-like Recruiter,A,10652,OAG,O,13.205,52.315,89.314,5.357
VHL,6GFZ,EXE,301,1,2026.916,Peptide-like Recruiter,A,10653,NAS,N,11.985,53.416,87.702,2.187
VHL,6GFZ,EXE,301,1,2026.916,Peptide-like Recruiter,A,10654,CAP,C,11.638,52.176,86.978,26.568
VHL,6GFZ,EXE,301,1,2026.916,Peptide-like Recruiter,A,10655,CAZ,C,12.44,52.006,85.783,1.208
VHL,6GFZ,EXE,301,1,2026.916,Peptide-like Recruiter,A,10656,CAL,C,12.298,50.828,85.027,25.36
VHL,6GFZ,EXE,301,1,2026.916,Peptide-like Recruiter,A,10657,CAN,C,13.051,50.594,83.866,9.661
VHL,6GFZ,EXE,301,1,2026.916,Peptide-like Recruiter,A,10666,CAB,C,13.097,50.049,80.765,35.021
VHL,9F1M,A1H,503,1,650.01,Peptide-like Recruiter,A,4055,C1,C,35.501,9.098,27.688,56.759
VHL,9F1M,A1H,503,1,650.01,Peptide-like Recruiter,A,4056,C3,C,33.825,7.503,28.558,7.246
VHL,9F1M,A1H,503,1,650.01,Peptide-like Recruiter,A,4057,C4,C,34.54,7.186,29.856,20.53
VHL,9F1M,A1H,503,1,650.01,Peptide-like Recruiter,A,4058,C5,C,33.946,6.012,30.607,31.398
VHL,9F1M,A1H,503,1,650.01,Peptide-like Recruiter,A,4061,C9,C,29.208,6.509,30.083,7.246
VHL,9F1M,A1H,503,1,650.01,Peptide-like Recruiter,A,4062,C11,C,27.933,5.257,28.309,7.246
VHL,9F1M,A1H,503,1,650.01,Peptide-like Recruiter,A,4065,C18,C,29.976,7.183,24.998,3.623
VHL,9F1M,A1H,503,1,650.01,Peptide-like Recruiter,A,4066,C21,C,31.14,8.974,21.815,19.322
VHL,9F1M,A1H,503,1,650.01,Peptide-like Recruiter,A,4067,C22,C,30.984,8.739,20.323,2.415
VHL,9F1M,A1H,503,1,650.01,Peptide-like Recruiter,A,4068,N23,N,31.579,7.416,19.998,6.562
VHL,9F1M,A1H,503,1,650.01,Peptide-like Recruiter,A,4069,C25,C,30.937,6.531,22.184,15.699
VHL,9F1M,A1H,503,1,650.01,Peptide-like Recruiter,A,4070,C26,C,31.757,7.189,18.527,26.568
VHL,9F1M,A1H,503,1,650.01,Peptide-like Recruiter,A,4071,C10,C,29.192,5.545,29.087,2.415
VHL,9F1M,A1H,503,1,650.01,Peptide-like Recruiter,A,4074,C19,C,30.699,8.136,24.061,4.831
VHL,9F1M,A1H,503,1,650.01,Peptide-like Recruiter,A,4075,C24,C,30.79,6.348,20.679,18.114
VHL,9F1M,A1H,503,1,650.01,Peptide-like Recruiter,A,4076,C27,C,30.524,7.179,17.631,4.831
VHL,9F1M,A1H,503,1,650.01,Peptide-like Recruiter,A,4077,C68,C,28.859,10.246,25.031,3.623
VHL,9F1M,A1H,503,1,650.01,Peptide-like Recruiter,A,4078,C69,C,28.158,11.429,25.185,6.038
VHL,9F1M,A1H,503,1,650.01,Peptide-like Recruiter,A,4080,C71,C,26.655,10.394,26.77,1.208
VHL,9F1M,A1H,503,1,650.01,Peptide-like Recruiter,A,4084,C77,C,28.061,14.604,26.455,12.076
VHL,9F1M,A1H,503,1,650.01,Peptide-like Recruiter,A,4085,C78,C,23.778,11.882,25.636,6.038
VHL,9F1M,A1H,503,1,650.01,Peptide-like Recruiter,A,4086,C79,C,30.37,4.872,28.801,3.623
VHL,9F1M,A1H,503,1,650.01,Peptide-like Recruiter,A,4088,C80,C,31.537,5.151,29.489,18.114
VHL,9F1M,A1H,503,1,650.01,Peptide-like Recruiter,A,4089,C81,C,33.202,9.159,26.85,24.153
VHL,9F1M,A1H,503,1,650.01,Peptide-like Recruiter,A,4090,N14,N,27.105,7.933,27.165,3.281
VHL,9F1M,A1H,503,1,650.01,Peptide-like Recruiter,A,4092,N2,N,34.068,8.879,28.028,2.187
VHL,9F1M,A1H,503,1,650.01,Peptide-like Recruiter,A,4094,N74,N,24.496,14.172,25.945,2.187
VHL,9F1M,A1H,503,1,650.01,Peptide-like Recruiter,A,4095,O28,O,29.645,6.324,17.741,13.929
VHL,9F1M,A1H,503,1,650.01,Peptide-like Recruiter,A,4097,CC,C,28.494,9.656,13.803,24.153
VHL,9F1M,A1H,503,1,650.01,Peptide-like Recruiter,A,4098,CB,C,29.57,9.521,14.876,10.869
VHL,9F1M,A1H,503,1,650.01,Peptide-like Recruiter,A,4099,CA,C,29.426,8.273,15.733,7.246
VHL,9F1M,A1H,503,1,650.01,Peptide-like Recruiter,A,4100,N29,N,30.503,8.136,16.704,5.468
VHL,6FMJ,DV5,301,1,1850.904,Peptide-like Recruiter,A,10635,CAA,C,10.663,54.482,95.883,53.136
VHL,6FMJ,DV5,301,1,1850.904,Peptide-like Recruiter,A,10637,OAD,O,11.978,55.639,94.237,2.143
VHL,6FMJ,DV5,301,1,1850.904,Peptide-like Recruiter,A,10638,NAR,N,12.027,53.363,94.226,5.468
VHL,6FMJ,DV5,301,1,1850.904,Peptide-like Recruiter,A,10640,CAC,C,13.495,51.822,93.031,26.568
VHL,6FMJ,DV5,301,1,1850.904,Peptide-like Recruiter,A,10642,SAG,S,10.69,53.131,91.571,32.17
VHL,6FMJ,DV5,301,1,1850.904,Peptide-like Recruiter,A,10650,O,O,12.568,52.105,88.948,5.357
VHL,6FMJ,DV5,301,1,1850.904,Peptide-like Recruiter,A,10651,NAQ,N,11.175,53.32,87.639,2.187
VHL,6FMJ,DV5,301,1,1850.904,Peptide-like Recruiter,A,10652,CAM,C,10.725,52.155,86.866,26.568
VHL,6FMJ,DV5,301,1,1850.904,Peptide-like Recruiter,A,10653,CAX,C,11.528,51.986,85.719,2.415
VHL,6FMJ,DV5,301,1,1850.904,Peptide-like Recruiter,A,10654,CAI,C,11.508,50.747,85.075,25.36
VHL,6FMJ,DV5,301,1,1850.904,Peptide-like Recruiter,A,10655,CAK,C,12.279,50.499,83.939,9.661
VHL,6FMJ,DV5,301,1,1850.904,Peptide-like Recruiter,A,10658,CAY,C,13.092,51.495,83.389,1.208
VHL,6FMJ,DV5,301,1,1850.904,Peptide-like Recruiter,A,10664,CAB,C,12.155,50.028,80.818,38.644
VHL,8BDL,QF3,301,1,588.856,Peptide-like Recruiter,A,10758,O1,O,11.464,5.644,88.661,6.429
VHL,8BDL,QF3,301,1,588.856,Peptide-like Recruiter,A,10761,O2,O,9.906,7.429,90.805,10.715
VHL,8BDL,QF3,301,1,588.856,Peptide-like Recruiter,A,10764,C9,C,11.303,6.137,93.16,8.453
VHL,8BDL,QF3,301,1,588.856,Peptide-like Recruiter,A,10765,C10,C,12.087,5.117,92.341,22.945
VHL,8BDL,QF3,301,1,588.856,Peptide-like Recruiter,A,10766,C11,C,11.739,6.09,94.62,35.021
VHL,8BDL,QF3,301,1,588.856,Peptide-like Recruiter,A,10767,C12,C,9.37,8.643,93.672,14.492
VHL,8BDL,QF3,301,1,588.856,Peptide-like Recruiter,A,10768,C13,C,9.228,9.898,94.312,3.623
VHL,8BDL,QF3,301,1,588.856,Peptide-like Recruiter,A,10772,C14,C,7.992,10.496,94.904,30.191
VHL,8BDL,QF3,301,1,588.856,Peptide-like Recruiter,A,10773,C15,C,9.616,5.755,86.549,2.415
VHL,8BDL,QF3,301,1,588.856,Peptide-like Recruiter,A,10775,C17,C,11.283,6.492,84.794,1.208
VHL,8BDL,QF3,301,1,588.856,Peptide-like Recruiter,A,10777,C19,C,12.06,4.986,83.071,1.208
VHL,8BDL,QF3,301,1,588.856,Peptide-like Recruiter,A,10778,C20,C,11.31,3.962,83.648,2.415
VHL,8BDL,QF3,301,1,588.856,Peptide-like Recruiter,A,10779,C21,C,10.522,4.218,84.753,2.415
VHL,8BDL,QF3,301,1,588.856,Peptide-like Recruiter,A,10785,C25,C,11.309,3.416,80.371,32.606
VHL,8BDL,QF3,301,1,588.856,Peptide-like Recruiter,A,10787,C26,C,9.584,1.981,84.742,21.737
VHL,8BDL,QF3,301,1,588.856,Peptide-like Recruiter,A,10788,C27,C,8.38,1.381,85.373,32.606
VHL,8BDL,QF3,301,1,588.856,Peptide-like Recruiter,A,10789,O6,O,8.585,1.313,86.776,15.0
VHL,8BDL,QF3,301,1,588.856,Peptide-like Recruiter,A,10790,C28,C,7.39,1.059,87.498,67.627
VHL,8BDL,QF3,301,1,588.856,Peptide-like Recruiter,A,10791,C29,C,8.19,6.052,86.096,35.021
VHL,5NW2,9B8,301,1,2123.104,Peptide-like Recruiter,A,10662,CAO,C,10.623,57.006,97.934,19.322
VHL,5NW2,9B8,301,1,2123.104,Peptide-like Recruiter,A,10664,CAP,C,9.981,57.964,96.212,7.246
VHL,5NW2,9B8,301,1,2123.104,Peptide-like Recruiter,A,10665,CBF,C,10.336,56.546,96.497,13.284
VHL,5NW2,9B8,301,1,2123.104,Peptide-like Recruiter,A,10668,NAU,N,11.622,55.011,95.079,1.094
VHL,5NW2,9B8,301,1,2123.104,Peptide-like Recruiter,A,10671,CAD,C,13.608,51.977,93.827,13.284
VHL,5NW2,9B8,301,1,2123.104,Peptide-like Recruiter,A,10672,CAB,C,11.273,52.07,94.717,43.475
VHL,5NW2,9B8,301,1,2123.104,Peptide-like Recruiter,A,10673,CAC,C,13.205,52.781,96.158,28.983
VHL,5NW2,9B8,301,1,2123.104,Peptide-like Recruiter,A,10675,OAG,O,11.01,54.311,92.423,13.929
VHL,5NW2,9B8,301,1,2123.104,Peptide-like Recruiter,A,10683,O,O,12.818,52.783,90.125,7.5
VHL,5NW2,9B8,301,1,2123.104,Peptide-like Recruiter,A,10684,NAT,N,11.536,54.014,88.755,1.094
VHL,5NW2,9B8,301,1,2123.104,Peptide-like Recruiter,A,10685,CAN,C,11.06,52.887,87.919,25.36
VHL,5NW2,9B8,301,1,2123.104,Peptide-like Recruiter,A,10686,CBA,C,11.905,52.669,86.757,1.208
VHL,5NW2,9B8,301,1,2123.104,Peptide-like Recruiter,A,10687,CAI,C,11.826,51.478,86.047,25.36
VHL,5NW2,9B8,301,1,2123.104,Peptide-like Recruiter,A,10688,CAK,C,12.621,51.226,84.914,9.661
VHL,5NW2,9B8,301,1,2123.104,Peptide-like Recruiter,A,10697,CAA,C,12.571,50.76,81.864,37.436
VHL,8QJS,VL6,301,1,618.882,Peptide-like Recruiter,A,10861,C5,C,9.145,-35.983,-4.142,3.623
VHL,8QJS,VL6,301,1,618.882,Peptide-like Recruiter,A,10863,C11,C,5.509,-33.193,-3.926,30.191
VHL,8QJS,VL6,301,1,618.882,Peptide-like Recruiter,A,10864,C7,C,8.05,-35.915,-3.272,13.284
VHL,8QJS,VL6,301,1,618.882,Peptide-like Recruiter,A,10866,C9,C,5.548,-33.962,-2.623,8.453
VHL,8QJS,VL6,301,1,618.882,Peptide-like Recruiter,A,10867,C10,C,4.583,-33.349,-1.619,19.322
VHL,8QJS,VL6,301,1,618.882,Peptide-like Recruiter,A,10871,N2,N,6.584,-35.457,3.18,2.187
VHL,8QJS,VL6,301,1,618.882,Peptide-like Recruiter,A,10872,C3,C,10.324,-38.023,-6.725,19.322
VHL,8QJS,VL6,301,1,618.882,Peptide-like Recruiter,A,10874,O6,O,5.325,-34.132,1.855,8.572
VHL,8QJS,VL6,301,1,618.882,Peptide-like Recruiter,A,10876,C18,C,5.468,-36.031,3.93,6.038
VHL,8QJS,VL6,301,1,618.882,Peptide-like Recruiter,A,10877,C20,C,5.168,-35.16,5.133,1.208
VHL,8QJS,VL6,301,1,618.882,Peptide-like Recruiter,A,10878,C25,C,6.164,-34.379,5.707,2.415
VHL,8QJS,VL6,301,1,618.882,Peptide-like Recruiter,A,10879,C24,C,5.891,-33.553,6.78,1.208
VHL,8QJS,VL6,301,1,618.882,Peptide-like Recruiter,A,10885,C28,C,3.02,-34.207,10.092,35.021
VHL,8QJS,VL6,301,1,618.882,Peptide-like Recruiter,A,10886,C22,C,3.612,-34.284,6.755,8.453
VHL,8QJS,VL6,301,1,618.882,Peptide-like Recruiter,A,10887,C21,C,3.889,-35.094,5.668,22.945
VHL,8QJS,VL6,301,1,618.882,Peptide-like Recruiter,A,10888,C19,C,5.829,-37.459,4.328,38.644
VHL,8QJS,VL6,301,1,618.882,Peptide-like Recruiter,A,10892,O4,O,6.96,-35.599,-0.453,12.858
VHL,8QJS,VL6,301,1,618.882,Peptide-like Recruiter,A,10894,N,N,9.663,-34.801,-4.374,1.094
VHL,8QJS,VL6,301,1,618.882,Peptide-like Recruiter,A,10895,O2,O,9.611,-37.138,-4.653,1.071
VHL,8QJS,VL6,301,1,618.882,Peptide-like Recruiter,A,10896,O1,O,10.152,-39.338,-6.198,18.215
VHL,8QJS,VL6,301,1,618.882,Peptide-like Recruiter,A,10897,C2,C,11.383,-39.993,-5.897,15.699
VHL,8QJS,VL6,301,1,618.882,Peptide-like Recruiter,A,10898,C1,C,11.46,-40.299,-4.437,12.076
VHL,8QJS,VL6,301,1,618.882,Peptide-like Recruiter,A,10899,O,O,12.748,-40.779,-4.129,6.429
VHL,8QJS,VL6,301,1,618.882,Peptide-like Recruiter,A,10900,C,C,12.772,-41.461,-2.888,35.021
VHL,9BJU,A1A,4,1,957.612,Peptide-like Recruiter,A,10851,N,N,-6.428,83.118,2.66,37.182
VHL,9BJU,A1A,4,1,957.612,Peptide-like Recruiter,A,10852,CA,C,-5.159,83.749,2.992,9.661
VHL,9BJU,A1A,4,1,957.612,Peptide-like Recruiter,A,10853,C,C,-4.849,84.884,2.027,33.814
VHL,9BJU,A1A,4,1,957.612,Peptide-like Recruiter,A,10854,CB,C,-5.281,84.295,4.399,22.945
VHL,9BJU,A1A,4,1,957.612,Peptide-like Recruiter,A,10855,CG,C,-5.199,83.184,5.395,4.831
VHL,9BJU,A1A,4,1,957.612,Peptide-like Recruiter,A,10856,CD2,C,-6.348,82.443,5.697,19.322
VHL,9BJU,A1A,4,1,957.612,Peptide-like Recruiter,A,10857,CE2,C,-6.298,81.434,6.639,22.945
VHL,9BJU,A1A,4,1,957.612,Peptide-like Recruiter,A,10858,CZ,C,-5.085,81.159,7.274,2.415
VHL,9BJU,A1A,4,1,957.612,Peptide-like Recruiter,A,10859,CE1,C,-3.939,81.907,6.964,26.568
VHL,9BJU,A1A,4,1,957.612,Peptide-like Recruiter,A,10860,CD1,C,-3.998,82.914,6.018,27.775
VHL,9BJU,A1A,4,1,957.612,Peptide-like Recruiter,A,10861,C8,C,-4.274,79.275,10.442,35.021
VHL,9BJU,A1A,4,1,957.612,Peptide-like Recruiter,A,10862,C9,C,-4.949,78.082,10.257,37.436
VHL,9BJU,A1A,4,1,957.612,Peptide-like Recruiter,A,10863,C10,C,-5.67,77.901,9.08,37.436
VHL,9BJU,A1A,4,1,957.612,Peptide-like Recruiter,A,10864,C11,C,-5.718,78.872,8.095,26.568
VHL,9BJU,A1A,4,1,957.612,Peptide-like Recruiter,A,10865,C12,C,-5.037,80.068,8.296,3.623
VHL,9BJU,A1A,4,1,957.612,Peptide-like Recruiter,A,10866,C13,C,-4.32,80.266,9.472,24.153
VHL,9BJU,A1A,4,1,957.612,Peptide-like Recruiter,A,10867,O,O,-5.584,85.119,1.087,47.144
VHL,9EQJ,A1H,301,1,1492.226,Peptide-like Recruiter,A,5309,C13,C,-13.793,-27.214,-3.009,7.246
VHL,9EQJ,A1H,301,1,1492.226,Peptide-like Recruiter,A,5310,C15,C,-15.399,-27.672,-4.626,26.568
VHL,9EQJ,A1H,301,1,1492.226,Peptide-like Recruiter,A,5311,C17,C,-16.655,-26.343,0.683,8.453
VHL,9EQJ,A1H,301,1,1492.226,Peptide-like Recruiter,A,5314,C26,C,-17.422,-22.202,-3.848,2.415
VHL,9EQJ,A1H,301,1,1492.226,Peptide-like Recruiter,A,5315,C28,C,-16.492,-23.331,-5.772,4.831
VHL,9EQJ,A1H,301,1,1492.226,Peptide-like Recruiter,A,5316,C01,C,-15.337,-23.702,3.189,6.038
VHL,9EQJ,A1H,301,1,1492.226,Peptide-like Recruiter,A,5318,C03,C,-15.888,-23.375,5.631,25.36
VHL,9EQJ,A1H,301,1,1492.226,Peptide-like Recruiter,A,5319,C05,C,-18.486,-24.33,2.251,7.246
VHL,9EQJ,A1H,301,1,1492.226,Peptide-like Recruiter,A,5320,C06,C,-18.813,-25.815,1.968,10.869
VHL,9EQJ,A1H,301,1,1492.226,Peptide-like Recruiter,A,5321,C07,C,-19.6,-25.88,0.654,36.229
VHL,9EQJ,A1H,301,1,1492.226,Peptide-like Recruiter,A,5322,C08,C,-18.732,-25.583,-0.572,14.492
VHL,9EQJ,A1H,301,1,1492.226,Peptide-like Recruiter,A,5323,C09,C,-17.464,-26.431,-0.614,8.453
VHL,9EQJ,A1H,301,1,1492.226,Peptide-like Recruiter,A,5324,C12,C,-14.923,-27.378,-1.99,20.53
VHL,9EQJ,A1H,301,1,1492.226,Peptide-like Recruiter,A,5325,C16,C,-16.202,-26.659,-3.799,10.869
VHL,9EQJ,A1H,301,1,1492.226,Peptide-like Recruiter,A,5326,C18,C,-17.513,-26.621,1.923,25.36
VHL,9EQJ,A1H,301,1,1492.226,Peptide-like Recruiter,A,5329,C25,C,-18.388,-22.173,-2.633,18.114
VHL,9EQJ,A1H,301,1,1492.226,Peptide-like Recruiter,A,5330,C27,C,-17.364,-23.317,-4.68,13.284
VHL,9EQJ,A1H,301,1,1492.226,Peptide-like Recruiter,A,5331,C29,C,-15.679,-22.225,-6.023,1.208
VHL,9EQJ,A1H,301,1,1492.226,Peptide-like Recruiter,A,5334,C32,C,-16.386,-22.993,-9.049,28.983
VHL,9EQJ,A1H,301,1,1492.226,Peptide-like Recruiter,A,5337,C37,C,-16.589,-21.105,-4.116,1.208
VHL,9EQJ,A1H,301,1,1492.226,Peptide-like Recruiter,A,5342,C46,C,-19.339,-19.916,6.222,1.208
VHL,9EQJ,A1H,301,1,1492.226,Peptide-like Recruiter,A,5343,C48,C,-19.746,-18.466,6.474,4.831
VHL,9EQJ,A1H,301,1,1492.226,Peptide-like Recruiter,A,5344,C49,C,-19.305,-19.347,7.639,7.246
VHL,9EQJ,A1H,301,1,1492.226,Peptide-like Recruiter,A,5345,F47,F,-20.352,-20.773,5.94,30.017
VHL,9EQJ,A1H,301,1,1492.226,Peptide-like Recruiter,A,5346,N11,N,-16.152,-26.917,-2.446,2.187
VHL,9EQJ,A1H,301,1,1492.226,Peptide-like Recruiter,A,5348,N24,N,-17.847,-21.123,-1.786,2.187
VHL,9EQJ,A1H,301,1,1492.226,Peptide-like Recruiter,A,5351,O14,O,-14.09,-27.845,-4.201,16.072
VHL,9EQJ,A1H,301,1,1492.226,Peptide-like Recruiter,A,5354,O43,O,-18.121,-21.449,2.131,5.357
VHL,9EQJ,A1H,301,1,1492.226,Peptide-like Recruiter,A,5356,S04,S,-17.981,-24.137,4.007,16.728
VHL,9OIO,A1C,301,1,1375.989,Peptide-like Recruiter,A,10411,C4,C,-7.048,-33.141,-3.236,3.623
VHL,9OIO,A1C,301,1,1375.989,Peptide-like Recruiter,A,10412,C5,C,-6.153,-33.709,-2.354,21.737
VHL,9OIO,A1C,301,1,1375.989,Peptide-like Recruiter,A,10413,C6,C,-6.283,-33.485,-0.994,8.453
VHL,9OIO,A1C,301,1,1375.989,Peptide-like Recruiter,A,10416,C10,C,-6.043,-32.747,3.07,10.869
VHL,9OIO,A1C,301,1,1375.989,Peptide-like Recruiter,A,10417,C11,C,-5.96,-33.823,4.138,25.36
VHL,9OIO,A1C,301,1,1375.989,Peptide-like Recruiter,A,10418,C13,C,-7.35,-35.5,5.444,10.869
VHL,9OIO,A1C,301,1,1375.989,Peptide-like Recruiter,A,10419,C14,C,-7.714,-34.938,6.807,30.191
VHL,9OIO,A1C,301,1,1375.989,Peptide-like Recruiter,A,10420,C15,C,-8.258,-36.658,5.066,28.983
VHL,9OIO,A1C,301,1,1375.989,Peptide-like Recruiter,A,10421,C16,C,-8.04,-34.657,3.14,2.415
VHL,9OIO,A1C,301,1,1375.989,Peptide-like Recruiter,A,10422,C17,C,-7.058,-34.72,1.979,13.284
VHL,9OIO,A1C,301,1,1375.989,Peptide-like Recruiter,A,10425,N9,N,-6.454,-33.363,1.764,1.094
VHL,9OIO,A1C,201,1,1375.989,Peptide-like Recruiter,A,10430,C2,C,41.698,12.045,-24.431,7.246
VHL,9OIO,A1C,201,1,1375.989,Peptide-like Recruiter,A,10431,C3,C,42.428,11.274,-25.474,60.381
VHL,9OIO,A1C,201,1,1375.989,Peptide-like Recruiter,A,10432,C5,C,41.923,13.821,-22.745,4.831
VHL,9OIO,A1C,201,1,1375.989,Peptide-like Recruiter,A,10433,C7,C,40.517,14.586,-20.981,6.038
VHL,9OIO,A1C,201,1,1375.989,Peptide-like Recruiter,A,10434,N8,N,39.17,14.952,-20.543,3.281
VHL,9OIO,A1C,201,1,1375.989,Peptide-like Recruiter,A,10435,C11,C,41.593,15.15,-20.324,24.153
VHL,9OIO,A1C,201,1,1375.989,Peptide-like Recruiter,A,10436,C12,C,42.845,15.059,-20.905,32.606
VHL,9OIO,A1C,201,1,1375.989,Peptide-like Recruiter,A,10437,C13,C,43.011,14.415,-22.124,3.623
VHL,9OIO,A1C,201,1,1375.989,Peptide-like Recruiter,A,10438,C14,C,44.155,14.472,-23.106,39.852
VHL,9OIO,A1C,201,1,1375.989,Peptide-like Recruiter,A,10439,C15,C,43.672,13.6,-24.276,30.191
VHL,9OIO,A1C,201,1,1375.989,Peptide-like Recruiter,A,10440,C6,C,40.652,13.909,-22.178,7.246
VHL,9OIO,A1C,201,1,1375.989,Peptide-like Recruiter,A,10441,N4,N,42.345,13.099,-23.858,1.094
VHL,9OIO,A1C,201,1,1375.989,Peptide-like Recruiter,A,10442,O1,O,40.565,11.748,-24.092,35.358
VHL,9OIO,A1C,201,1,1375.989,Peptide-like Recruiter,A,10443,O10,O,39.048,15.525,-19.47,45.001
VHL,9OIO,A1C,201,1,1375.989,Peptide-like Recruiter,A,10444,O9,O,38.234,14.72,-21.296,46.073
VHL,8BDO,QFF,301,1,502.722,Peptide-like Recruiter,A,5329,C1,C,-0.41,-16.361,47.953,22.945
VHL,8BDO,QFF,301,1,502.722,Peptide-like Recruiter,A,5337,O1,O,3.261,-17.615,43.964,17.143
VHL,8BDO,QFF,301,1,502.722,Peptide-like Recruiter,A,5338,C8,C,5.03,-17.296,46.327,7.246
VHL,8BDO,QFF,301,1,502.722,Peptide-like Recruiter,A,5341,C10,C,5.138,-17.073,47.829,37.436
VHL,8BDO,QFF,301,1,502.722,Peptide-like Recruiter,A,5342,C11,C,6.417,-17.311,45.698,25.36
VHL,8BDO,QFF,301,1,502.722,Peptide-like Recruiter,A,5344,C13,C,1.815,-16.789,46.641,12.076
VHL,8BDO,QFF,301,1,502.722,Peptide-like Recruiter,A,5345,C14,C,0.937,-15.995,47.418,3.623
VHL,8BDO,QFF,301,1,502.722,Peptide-like Recruiter,A,5348,O4,O,5.553,-17.345,41.725,7.5
VHL,8BDO,QFF,301,1,502.722,Peptide-like Recruiter,A,5349,N3,N,3.748,-17.863,40.437,7.655
VHL,8BDO,QFF,301,1,502.722,Peptide-like Recruiter,A,5350,O5,O,4.361,-18.829,39.544,20.358
VHL,8BDO,QFF,301,1,502.722,Peptide-like Recruiter,A,5351,C15,C,5.048,-18.414,38.388,2.415
VHL,8BDO,QFF,301,1,502.722,Peptide-like Recruiter,A,5352,C16,C,5.974,-19.225,37.746,30.191
VHL,8BDO,QFF,301,1,502.722,Peptide-like Recruiter,A,5353,C17,C,6.638,-18.758,36.621,8.453
VHL,8BDO,QFF,301,1,502.722,Peptide-like Recruiter,A,5354,C18,C,6.404,-17.477,36.119,1.208
VHL,8BDO,QFF,301,1,502.722,Peptide-like Recruiter,A,5356,C20,C,4.801,-17.139,37.901,1.208
VHL,8BDO,QFF,301,1,502.722,Peptide-like Recruiter,A,5362,C24,C,6.756,-18.87,33.237,32.606
VHL,9HYP,A1I,301,1,1085.389,Peptide-like Recruiter,A,3555,C4,C,-25.295,6.406,6.128,3.623
VHL,9HYP,A1I,301,1,1085.389,Peptide-like Recruiter,A,3556,C5,C,-26.071,6.263,4.983,4.831
VHL,9HYP,A1I,301,1,1085.389,Peptide-like Recruiter,A,3557,C6,C,-26.013,5.091,4.22,2.415
VHL,9HYP,A1I,301,1,1085.389,Peptide-like Recruiter,A,3559,C10,C,-26.904,4.929,3.008,16.907
VHL,9HYP,A1I,301,1,1085.389,Peptide-like Recruiter,A,3561,C17,C,-26.306,10.729,-1.748,19.322
VHL,9HYP,A1I,301,1,1085.389,Peptide-like Recruiter,A,3562,C20,C,-27.006,8.428,-0.455,6.038
VHL,9HYP,A1I,301,1,1085.389,Peptide-like Recruiter,A,3568,O8,O,-26.792,7.268,4.398,10.715
VHL,9HYP,A1I,301,1,1085.389,Peptide-like Recruiter,A,3569,C9,C,-26.491,8.649,4.643,31.398
VHL,9HYP,A1I,301,1,1085.389,Peptide-like Recruiter,A,3570,N11,N,-26.423,3.969,2.028,3.281
VHL,9HYP,A1I,301,1,1085.389,Peptide-like Recruiter,A,3573,N15,N,-26.657,9.584,0.439,3.281
VHL,9HYP,A1I,301,1,1085.389,Peptide-like Recruiter,A,3574,C16,C,-26.732,10.895,-0.294,31.398
VHL,9HYP,A1I,301,1,1085.389,Peptide-like Recruiter,A,3575,C18,C,-27.263,9.807,-2.513,1.208
VHL,9HYP,A1I,301,1,1085.389,Peptide-like Recruiter,A,3576,C19,C,-27.98,8.878,-1.532,13.284
VHL,9HYP,A1I,301,1,1085.389,Peptide-like Recruiter,A,3577,N22,N,-23.104,5.762,10.029,1.094
VHL,9HYP,A1I,301,1,1085.389,Peptide-like Recruiter,A,3584,O30,O,-26.913,3.773,-1.615,12.858
VHL,9HYP,A1I,301,1,1085.389,Peptide-like Recruiter,A,3588,C34,C,-24.201,6.099,-2.961,10.869
VHL,9HYP,A1I,301,1,1085.389,Peptide-like Recruiter,A,3589,C35,C,-24.835,5.559,-5.306,31.398
VHL,9HYP,A1I,301,1,1085.389,Peptide-like Recruiter,A,3590,C36,C,-26.577,6.229,-3.669,14.492
VHL,9HYP,A1I,301,1,1085.389,Peptide-like Recruiter,A,3591,C37,C,-26.34,2.282,-5.094,1.208
VHL,9HYP,A1I,301,1,1085.389,Peptide-like Recruiter,A,3595,C41,C,-28.148,10.538,-3.507,1.208
VHL,9HYP,A1I,301,1,1085.389,Peptide-like Recruiter,A,3596,C42,C,-27.541,11.231,-4.548,4.831
VHL,9HYP,A1I,301,1,1085.389,Peptide-like Recruiter,A,3597,C43,C,-28.328,11.94,-5.44,6.038
VHL,9HYP,A1I,301,1,1085.389,Peptide-like Recruiter,A,3598,C44,C,-29.717,11.959,-5.327,7.246
VHL,9HYP,A1I,301,1,1085.389,Peptide-like Recruiter,A,3599,C45,C,-30.336,11.255,-4.3,22.945
VHL,9HYP,A1I,301,1,1085.389,Peptide-like Recruiter,A,3600,C46,C,-29.543,10.551,-3.402,21.737
VHL,9HYP,A1I,301,1,1085.389,Peptide-like Recruiter,A,3601,C47,C,-25.47,6.22,9.514,31.398
VHL,9HYP,A1I,301,1,1085.389,Peptide-like Recruiter,A,3602,F48,F,-28.808,2.324,-5.391,26.912
VHL,9HYP,A1I,301,1,1085.389,Peptide-like Recruiter,A,3603,C49,C,-27.692,0.342,-6.247,1.208
VHL,9HYP,A1I,301,1,1085.389,Peptide-like Recruiter,A,3604,C50,C,-27.57,1.426,-7.284,28.983
VHL,9HYP,A1I,301,1,1085.389,Peptide-like Recruiter,A,3606,C52,C,-29.102,13.39,-6.969,7.246
VHL,9HYP,A1I,301,1,1085.389,Peptide-like Recruiter,A,3607,N53,N,-30.199,12.858,-6.299,1.094
VHL,9HYP,A1I,301,1,1085.389,Peptide-like Recruiter,A,3608,C54,C,-26.575,13.158,-6.868,3.623
VHL,9HYP,A1I,301,1,1085.389,Peptide-like Recruiter,A,3609,C55,C,-25.697,11.942,-7.213,30.191
VHL,9HYP,A1I,301,1,1085.389,Peptide-like Recruiter,A,3610,C56,C,-24.386,12.149,-6.45,35.021
VHL,9HYP,A1I,301,1,1085.389,Peptide-like Recruiter,A,3611,C57,C,-24.347,13.579,-6.085,41.059
VHL,9HYP,A1I,301,1,1085.389,Peptide-like Recruiter,A,3612,C58,C,-25.786,13.945,-5.821,25.36
VHL,9HYP,A1I,301,1,1085.389,Peptide-like Recruiter,A,3613,N59,N,-29.144,14.33,-7.874,14.217
VHL,9HYP,A1I,301,1,1085.389,Peptide-like Recruiter,A,3614,C60,C,-30.357,14.839,-8.306,10.869
VHL,9HYP,A1I,301,1,1085.389,Peptide-like Recruiter,A,3615,C61,C,-31.589,14.238,-7.762,4.831
VHL,9HYP,A1I,301,1,1085.389,Peptide-like Recruiter,A,3616,C62,C,-31.506,13.265,-6.733,6.038
VHL,9HYP,A1I,301,1,1085.389,Peptide-like Recruiter,A,3617,C63,C,-32.871,14.577,-8.247,6.038
VHL,9HYP,A1I,301,1,1085.389,Peptide-like Recruiter,A,3618,C64,C,-34.018,14.039,-7.682,28.983
VHL,9HYP,A1I,301,1,1085.389,Peptide-like Recruiter,A,3619,C65,C,-33.909,13.118,-6.657,32.606
VHL,9HYP,A1I,301,1,1085.389,Peptide-like Recruiter,A,3620,C66,C,-32.667,12.712,-6.2,20.53
VHL,9HYP,A1I,301,1,1085.389,Peptide-like Recruiter,A,3621,BR67,BR,-33.123,15.656,-9.797,69.021
VHL,9HYP,A1I,301,1,1085.389,Peptide-like Recruiter,A,3622,O68,O,-30.382,15.846,-9.013,34.287
VHL,9HYP,A1I,301,1,1085.389,Peptide-like Recruiter,A,3623,C69,C,-25.34,9.382,1.137,15.699
VHL,9HYP,A1I,301,1,1085.389,Peptide-like Recruiter,A,3624,C70,C,-25.382,9.062,3.686,14.492
VHL,9MR9,A1B,301,1,784.17,Peptide-like Recruiter,A,30475,C10,C,19.35,40.253,77.121,1.208
VHL,9MR9,A1B,301,1,784.17,Peptide-like Recruiter,A,30476,C13,C,19.119,41.281,81.448,10.869
VHL,9MR9,A1B,301,1,784.17,Peptide-like Recruiter,A,30477,C15,C,19.505,43.094,79.322,10.869
VHL,9MR9,A1B,301,1,784.17,Peptide-like Recruiter,A,30478,C17,C,20.345,42.367,83.86,14.492
VHL,9MR9,A1B,301,1,784.17,Peptide-like Recruiter,A,30479,C20,C,21.324,42.161,86.177,4.831
VHL,9MR9,A1B,301,1,784.17,Peptide-like Recruiter,A,30480,C21,C,21.718,40.837,85.964,24.153
VHL,9MR9,A1B,301,1,784.17,Peptide-like Recruiter,A,30481,C22,C,22.342,40.124,86.966,35.021
VHL,9MR9,A1B,301,1,784.17,Peptide-like Recruiter,A,30482,C24,C,22.176,42.007,88.442,30.191
VHL,9MR9,A1B,301,1,784.17,Peptide-like Recruiter,A,30484,C28,C,22.506,38.901,76.786,22.945
VHL,9MR9,A1B,301,1,784.17,Peptide-like Recruiter,A,30485,C1,C,17.879,33.276,82.24,35.021
VHL,9MR9,A1B,301,1,784.17,Peptide-like Recruiter,A,30486,C2,C,18.742,32.833,81.071,3.623
VHL,9MR9,A1B,301,1,784.17,Peptide-like Recruiter,A,30488,O1,O,20.231,34.141,79.142,9.643
VHL,9MR9,A1B,301,1,784.17,Peptide-like Recruiter,A,30491,O3,O,19.18,36.978,79.189,7.5
VHL,9MR9,A1B,301,1,784.17,Peptide-like Recruiter,A,30494,C11,C,18.711,41.462,77.747,2.415
VHL,9MR9,A1B,301,1,784.17,Peptide-like Recruiter,A,30496,C12,C,18.397,41.164,80.118,2.415
VHL,9MR9,A1B,301,1,784.17,Peptide-like Recruiter,A,30497,N5,N,19.306,42.706,81.662,1.094
VHL,9MR9,A1B,301,1,784.17,Peptide-like Recruiter,A,30498,C14,C,20.219,43.223,80.668,21.737
VHL,9MR9,A1B,301,1,784.17,Peptide-like Recruiter,A,30499,C16,C,19.613,43.124,82.95,2.415
VHL,9MR9,A1B,301,1,784.17,Peptide-like Recruiter,A,30500,C18,C,20.597,42.921,85.127,6.038
VHL,9MR9,A1B,301,1,784.17,Peptide-like Recruiter,A,30501,N6,N,20.093,44.124,85.412,7.655
VHL,9MR9,A1B,301,1,784.17,Peptide-like Recruiter,A,30502,N7,N,19.419,44.826,84.573,26.246
VHL,9MR9,A1B,301,1,784.17,Peptide-like Recruiter,A,30503,C19,C,19.161,44.379,83.356,8.453
VHL,9MR9,A1B,301,1,784.17,Peptide-like Recruiter,A,30504,N8,N,18.436,45.131,82.446,36.088
VHL,9MR9,A1B,301,1,784.17,Peptide-like Recruiter,A,30505,C23,C,22.569,40.703,88.204,31.398
VHL,9MR9,A1B,301,1,784.17,Peptide-like Recruiter,A,30506,C25,C,21.546,42.732,87.444,7.246
VHL,9MR9,A1B,301,1,784.17,Peptide-like Recruiter,A,30507,O5,O,21.178,44.003,87.722,38.573
VHL,9MR9,A1B,301,1,784.17,Peptide-like Recruiter,A,30508,C27,C,22.377,36.605,77.807,20.53
VHL,9MR9,A1B,301,1,784.17,Peptide-like Recruiter,A,30509,C29,C,22.026,38.65,79.194,31.398
VHL,9MR9,A1B,301,1,784.17,Peptide-like Recruiter,A,30514,C34,C,18.997,29.088,81.63,8.453
VHL,9MR9,A1B,301,1,784.17,Peptide-like Recruiter,A,30515,C35,C,19.168,30.456,81.748,20.53
VHL,9MR9,A1B,301,1,784.17,Peptide-like Recruiter,A,30521,C39,C,17.802,26.454,82.783,30.191
VHL,9L6F,A1L,301,1,1159.658,Peptide-like Recruiter,A,16086,O1,O,50.838,6.808,-3.466,20.358
VHL,9L6F,A1L,301,1,1159.658,Peptide-like Recruiter,A,16087,C1,C,50.03,5.806,-4.043,30.191
VHL,9L6F,A1L,301,1,1159.658,Peptide-like Recruiter,A,16088,C2,C,50.408,5.48,-5.485,3.623
VHL,9L6F,A1L,301,1,1159.658,Peptide-like Recruiter,A,16097,N5,N,59.629,6.066,-6.416,2.187
VHL,9L6F,A1L,301,1,1159.658,Peptide-like Recruiter,A,16098,C7,C,59.256,5.754,-5.131,4.831
VHL,9L6F,A1L,301,1,1159.658,Peptide-like Recruiter,A,16099,C8,C,59.924,6.123,-3.914,2.415
VHL,9L6F,A1L,301,1,1159.658,Peptide-like Recruiter,A,16100,C9,C,60.789,7.195,-3.883,3.623
VHL,9L6F,A1L,301,1,1159.658,Peptide-like Recruiter,A,16101,C10,C,61.382,7.566,-2.694,7.246
VHL,9L6F,A1L,301,1,1159.658,Peptide-like Recruiter,A,16102,C11,C,61.094,6.883,-1.536,1.208
VHL,9L6F,A1L,301,1,1159.658,Peptide-like Recruiter,A,16103,C12,C,61.737,7.298,-0.27,8.453
VHL,9L6F,A1L,301,1,1159.658,Peptide-like Recruiter,A,16104,O2,O,60.785,7.211,0.783,9.643
VHL,9L6F,A1L,301,1,1159.658,Peptide-like Recruiter,A,16105,C13,C,61.548,7.142,1.937,1.208
VHL,9L6F,A1L,301,1,1159.658,Peptide-like Recruiter,A,16108,C16,C,59.658,4.379,2.852,1.208
VHL,9L6F,A1L,301,1,1159.658,Peptide-like Recruiter,A,16109,C17,C,59.086,5.1,4.023,36.229
VHL,9L6F,A1L,301,1,1159.658,Peptide-like Recruiter,A,16110,C18,C,58.97,3.265,2.431,6.038
VHL,9L6F,A1L,301,1,1159.658,Peptide-like Recruiter,A,16111,F1,F,57.864,2.893,3.086,39.333
VHL,9L6F,A1L,301,1,1159.658,Peptide-like Recruiter,A,16112,C19,C,59.371,2.503,1.365,28.983
VHL,9L6F,A1L,301,1,1159.658,Peptide-like Recruiter,A,16113,C20,C,60.509,2.924,0.736,2.415
VHL,9L6F,A1L,301,1,1159.658,Peptide-like Recruiter,A,16115,C22,C,62.308,4.074,0.209,16.907
VHL,9L6F,A1L,301,1,1159.658,Peptide-like Recruiter,A,16116,N6,N,62.258,3.079,-0.682,26.246
VHL,9L6F,A1L,301,1,1159.658,Peptide-like Recruiter,A,16117,N7,N,61.158,2.398,-0.336,22.965
VHL,9L6F,A1L,301,1,1159.658,Peptide-like Recruiter,A,16118,C23,C,62.34,5.877,3.781,1.208
VHL,9L6F,A1L,301,1,1159.658,Peptide-like Recruiter,A,16119,C24,C,62.445,4.626,4.571,9.661
VHL,9L6F,A1L,301,1,1159.658,Peptide-like Recruiter,A,16120,C25,C,61.772,4.532,5.908,35.021
VHL,9L6F,A1L,301,1,1159.658,Peptide-like Recruiter,A,16121,C26,C,63.262,4.538,5.823,38.644
VHL,9L6F,A1L,301,1,1159.658,Peptide-like Recruiter,A,16122,C27,C,63.021,6.995,4.208,7.246
VHL,9L6F,A1L,301,1,1159.658,Peptide-like Recruiter,A,16123,C28,C,62.968,8.185,3.519,4.831
VHL,9L6F,A1L,301,1,1159.658,Peptide-like Recruiter,A,16124,C29,C,62.227,8.273,2.357,4.831
VHL,9L6F,A1L,301,1,1159.658,Peptide-like Recruiter,A,16126,C30,C,62.82,10.464,2.148,4.831
VHL,9L6F,A1L,301,1,1159.658,Peptide-like Recruiter,A,16127,N9,N,63.566,10.485,3.247,6.562
VHL,9L6F,A1L,301,1,1159.658,Peptide-like Recruiter,A,16128,C31,C,63.626,9.333,3.917,6.038
VHL,9L6F,A1L,301,1,1159.658,Peptide-like Recruiter,A,16130,C32,C,64.7,8.341,6.002,12.076
VHL,9L6F,A1L,301,1,1159.658,Peptide-like Recruiter,A,16131,C33,C,65.796,9.04,6.769,19.322
VHL,9L6F,A1L,301,1,1159.658,Peptide-like Recruiter,A,16132,N11,N,66.912,9.322,5.834,26.246
VHL,9L6F,A1L,301,1,1159.658,Peptide-like Recruiter,A,16133,C34,C,66.534,10.516,5.042,35.021
VHL,9L6F,A1L,301,1,1159.658,Peptide-like Recruiter,A,16134,C35,C,65.094,10.648,5.442,10.869
VHL,9L6F,A1L,301,1,1159.658,Peptide-like Recruiter,A,16135,C36,C,65.212,10.42,6.925,37.436
VHL,9L6F,A1L,301,1,1159.658,Peptide-like Recruiter,A,16136,O3,O,62.788,11.673,1.492,15.0
VHL,9L6F,A1L,301,1,1159.658,Peptide-like Recruiter,A,16137,C37,C,61.928,11.589,0.366,1.208
VHL,9L6F,A1L,301,1,1159.658,Peptide-like Recruiter,A,16138,C38,C,60.549,11.946,0.871,20.53
VHL,9L6F,A1L,301,1,1159.658,Peptide-like Recruiter,A,16139,C39,C,59.765,12.773,-0.11,25.36
VHL,9L6F,A1L,301,1,1159.658,Peptide-like Recruiter,A,16140,O4,O,60.513,13.917,-0.478,17.143
VHL,9L6F,A1L,301,1,1159.658,Peptide-like Recruiter,A,16141,C40,C,61.607,13.554,-1.301,13.284
VHL,9L6F,A1L,301,1,1159.658,Peptide-like Recruiter,A,16142,C41,C,62.532,12.567,-0.628,18.114
VHL,9L6F,A1L,301,1,1159.658,Peptide-like Recruiter,A,16143,C42,C,60.225,5.817,-1.563,4.831
VHL,9L6F,A1L,301,1,1159.658,Peptide-like Recruiter,A,16144,C43,C,59.647,5.435,-2.751,8.453
VHL,9L6F,A1L,301,1,1159.658,Peptide-like Recruiter,A,16145,C44,C,58.067,5.056,-5.154,4.831
VHL,9L6F,A1L,301,1,1159.658,Peptide-like Recruiter,A,16146,C45,C,56.375,2.888,-6.582,4.831
VHL,9L6F,A1L,301,1,1159.658,Peptide-like Recruiter,A,16147,C46,C,57.623,2.045,-6.688,39.852
VHL,9L6F,A1L,301,1,1159.658,Peptide-like Recruiter,A,16148,C47,C,55.276,2.203,-7.369,24.153
VHL,9L6F,A1L,301,1,1159.658,Peptide-like Recruiter,A,16149,O5,O,55.154,5.43,-5.512,10.715
VHL,9L6F,A1L,301,1,1159.658,Peptide-like Recruiter,A,16154,O7,O,52.35,4.147,-7.075,8.572
VHL,9L6F,A1L,301,1,1159.658,Peptide-like Recruiter,A,16155,C51,C,49.235,5.694,-6.389,1.208
VHL,9L6F,A1L,301,1,1159.658,Peptide-like Recruiter,A,16156,C52,C,48.016,5.177,-6.019,18.114
VHL,9L6F,A1L,301,1,1159.658,Peptide-like Recruiter,A,16157,C53,C,46.913,5.341,-6.824,9.661
VHL,9L6F,A1L,301,1,1159.658,Peptide-like Recruiter,A,16161,C57,C,43.815,5.851,-7.284,25.36
VHL,9EQJ,A1H,301,1,746.113,Peptide-like Recruiter,A,5309,C13,C,-13.793,-27.214,-3.009,7.246
VHL,9EQJ,A1H,301,1,746.113,Peptide-like Recruiter,A,5310,C15,C,-15.399,-27.672,-4.626,26.568
VHL,9EQJ,A1H,301,1,746.113,Peptide-like Recruiter,A,5311,C17,C,-16.655,-26.343,0.683,8.453
VHL,9EQJ,A1H,301,1,746.113,Peptide-like Recruiter,A,5314,C26,C,-17.422,-22.202,-3.848,2.415
VHL,9EQJ,A1H,301,1,746.113,Peptide-like Recruiter,A,5315,C28,C,-16.492,-23.331,-5.772,4.831
VHL,9EQJ,A1H,301,1,746.113,Peptide-like Recruiter,A,5316,C01,C,-15.337,-23.702,3.189,6.038
VHL,9EQJ,A1H,301,1,746.113,Peptide-like Recruiter,A,5318,C03,C,-15.888,-23.375,5.631,25.36
VHL,9EQJ,A1H,301,1,746.113,Peptide-like Recruiter,A,5319,C05,C,-18.486,-24.33,2.251,7.246
VHL,9EQJ,A1H,301,1,746.113,Peptide-like Recruiter,A,5320,C06,C,-18.813,-25.815,1.968,10.869
VHL,9EQJ,A1H,301,1,746.113,Peptide-like Recruiter,A,5321,C07,C,-19.6,-25.88,0.654,36.229
VHL,9EQJ,A1H,301,1,746.113,Peptide-like Recruiter,A,5322,C08,C,-18.732,-25.583,-0.572,14.492
VHL,9EQJ,A1H,301,1,746.113,Peptide-like Recruiter,A,5323,C09,C,-17.464,-26.431,-0.614,8.453
VHL,9EQJ,A1H,301,1,746.113,Peptide-like Recruiter,A,5324,C12,C,-14.923,-27.378,-1.99,20.53
VHL,9EQJ,A1H,301,1,746.113,Peptide-like Recruiter,A,5325,C16,C,-16.202,-26.659,-3.799,10.869
VHL,9EQJ,A1H,301,1,746.113,Peptide-like Recruiter,A,5326,C18,C,-17.513,-26.621,1.923,25.36
VHL,9EQJ,A1H,301,1,746.113,Peptide-like Recruiter,A,5329,C25,C,-18.388,-22.173,-2.633,18.114
VHL,9EQJ,A1H,301,1,746.113,Peptide-like Recruiter,A,5330,C27,C,-17.364,-23.317,-4.68,13.284
VHL,9EQJ,A1H,301,1,746.113,Peptide-like Recruiter,A,5331,C29,C,-15.679,-22.225,-6.023,1.208
VHL,9EQJ,A1H,301,1,746.113,Peptide-like Recruiter,A,5334,C32,C,-16.386,-22.993,-9.049,28.983
VHL,9EQJ,A1H,301,1,746.113,Peptide-like Recruiter,A,5337,C37,C,-16.589,-21.105,-4.116,1.208
VHL,9EQJ,A1H,301,1,746.113,Peptide-like Recruiter,A,5342,C46,C,-19.339,-19.916,6.222,1.208
VHL,9EQJ,A1H,301,1,746.113,Peptide-like Recruiter,A,5343,C48,C,-19.746,-18.466,6.474,4.831
VHL,9EQJ,A1H,301,1,746.113,Peptide-like Recruiter,A,5344,C49,C,-19.305,-19.347,7.639,7.246
VHL,9EQJ,A1H,301,1,746.113,Peptide-like Recruiter,A,5345,F47,F,-20.352,-20.773,5.94,30.017
VHL,9EQJ,A1H,301,1,746.113,Peptide-like Recruiter,A,5346,N11,N,-16.152,-26.917,-2.446,2.187
VHL,9EQJ,A1H,301,1,746.113,Peptide-like Recruiter,A,5348,N24,N,-17.847,-21.123,-1.786,2.187
VHL,9EQJ,A1H,301,1,746.113,Peptide-like Recruiter,A,5351,O14,O,-14.09,-27.845,-4.201,16.072
VHL,9EQJ,A1H,301,1,746.113,Peptide-like Recruiter,A,5354,O43,O,-18.121,-21.449,2.131,5.357
VHL,9EQJ,A1H,301,1,746.113,Peptide-like Recruiter,A,5356,S04,S,-17.981,-24.137,4.007,16.728
VHL,4B95,UCK,1206,1,409.398,Drug-like Recruiter,A,9938,N06,N,-6.263,35.104,3.847,1.094
VHL,4B95,UCK,1206,1,409.398,Drug-like Recruiter,A,9939,C07,C,-5.239,35.555,4.792,22.945
VHL,4B95,UCK,1206,1,409.398,Drug-like Recruiter,A,9940,C08,C,-4.944,34.594,5.934,1.208
VHL,4B95,UCK,1206,1,409.398,Drug-like Recruiter,A,9941,C09,C,-3.726,34.659,6.702,26.568
VHL,4B95,UCK,1206,1,409.398,Drug-like Recruiter,A,9942,C10,C,-3.471,33.723,7.691,12.076
VHL,4B95,UCK,1206,1,409.398,Drug-like Recruiter,A,9947,O15,O,-4.902,34.096,2.139,10.715
VHL,4B95,UCK,1206,1,409.398,Drug-like Recruiter,A,9950,C18,C,-6.684,34.025,-2.154,1.208
VHL,4B95,UCK,1206,1,409.398,Drug-like Recruiter,A,9951,C19,C,-5.505,33.282,-2.502,3.623
VHL,4B95,UCK,1206,1,409.398,Drug-like Recruiter,A,9952,CL2,CL,-4.282,32.967,-1.329,23.691
VHL,4B95,UCK,1206,1,409.398,Drug-like Recruiter,A,9953,C21,C,-5.345,32.859,-3.778,19.322
VHL,4B95,UCK,1206,1,409.398,Drug-like Recruiter,A,9954,C22,C,-6.334,33.147,-4.751,19.322
VHL,4B95,UCK,1206,1,409.398,Drug-like Recruiter,A,9955,C23,C,-7.479,33.867,-4.406,14.492
VHL,4B95,UCK,1206,1,409.398,Drug-like Recruiter,A,9956,C24,C,-7.653,34.303,-3.101,8.453
VHL,4B95,UCK,1206,1,409.398,Drug-like Recruiter,A,9957,O25,O,-6.787,35.685,-0.451,19.286
VHL,4W9G,3JV,301,1,429.671,Drug-like Recruiter,A,10527,CAB,C,11.514,51.765,94.014,48.305
VHL,4W9G,3JV,301,1,429.671,Drug-like Recruiter,A,10529,CAC,C,13.765,51.717,92.915,12.076
VHL,4W9G,3JV,301,1,429.671,Drug-like Recruiter,A,10530,CAD,C,13.465,52.716,95.197,28.983
VHL,4W9G,3JV,301,1,429.671,Drug-like Recruiter,A,10531,CAN,C,12.537,53.923,93.272,7.246
VHL,4W9G,3JV,301,1,429.671,Drug-like Recruiter,A,10533,OAE,O,10.979,53.625,91.466,15.0
VHL,4W9G,3JV,301,1,429.671,Drug-like Recruiter,A,10541,O,O,12.807,51.932,89.187,8.572
VHL,4W9G,3JV,301,1,429.671,Drug-like Recruiter,A,10542,NAR,N,11.387,53.103,87.841,1.094
VHL,4W9G,3JV,301,1,429.671,Drug-like Recruiter,A,10543,CAM,C,10.891,51.931,87.127,28.983
VHL,4W9G,3JV,301,1,429.671,Drug-like Recruiter,A,10544,CAW,C,11.685,51.773,85.962,3.623
VHL,4W9G,3JV,301,1,429.671,Drug-like Recruiter,A,10545,CAL,C,11.705,50.526,85.341,19.322
VHL,4W9G,3JV,301,1,429.671,Drug-like Recruiter,A,10546,CAV,C,12.473,50.286,84.201,3.623
VHL,4W9G,3JV,301,1,429.671,Drug-like Recruiter,A,10547,CAA,C,12.419,48.993,83.662,36.229
VHL,4W9G,3JV,301,1,429.671,Drug-like Recruiter,A,10548,CAH,C,12.462,52.798,85.405,1.208
VHL,4W9G,3JV,301,1,429.671,Drug-like Recruiter,A,10549,CAI,C,13.23,52.573,84.264,1.208
VHL,4W9G,3JV,301,1,429.671,Drug-like Recruiter,A,10550,CAY,C,13.249,51.327,83.641,1.208
VHL,4W9G,3JV,301,1,429.671,Drug-like Recruiter,A,10555,CAK,C,13.648,50.634,81.377,12.076
VHL,8CQE,VFO,301,1,590.822,Peptide-like Recruiter,A,10349,C21,C,26.691,53.608,34.543,32.606
VHL,8CQE,VFO,301,1,590.822,Peptide-like Recruiter,A,10351,C23,C,27.44,53.78,37.697,6.038
VHL,8CQE,VFO,301,1,590.822,Peptide-like Recruiter,A,10352,C24,C,27.688,54.455,38.895,3.623
VHL,8CQE,VFO,301,1,590.822,Peptide-like Recruiter,A,10353,C25,C,27.038,55.796,39.143,30.191
VHL,8CQE,VFO,301,1,590.822,Peptide-like Recruiter,A,10354,C26,C,27.343,56.485,40.459,35.021
VHL,8CQE,VFO,301,1,590.822,Peptide-like Recruiter,A,10355,C27,C,28.722,56.121,40.945,18.114
VHL,8CQE,VFO,301,1,590.822,Peptide-like Recruiter,A,10356,C28,C,33.643,55.824,50.739,27.775
VHL,8CQE,VFO,301,1,590.822,Peptide-like Recruiter,A,10364,C29,C,34.822,55.651,49.86,1.208
VHL,8CQE,VFO,301,1,590.822,Peptide-like Recruiter,A,10367,C5,C,28.658,52.604,47.095,19.322
VHL,8CQE,VFO,301,1,590.822,Peptide-like Recruiter,A,10368,C6,C,28.864,54.902,48.036,41.059
VHL,8CQE,VFO,301,1,590.822,Peptide-like Recruiter,A,10369,C7,C,29.638,52.935,49.362,25.36
VHL,8CQE,VFO,301,1,590.822,Peptide-like Recruiter,A,10372,F1,F,33.159,56.891,48.597,19.667
VHL,8CQE,VFO,301,1,590.822,Peptide-like Recruiter,A,10379,O2,O,28.934,53.401,43.542,8.572
VHL,8CQE,VFO,301,1,590.822,Peptide-like Recruiter,A,10380,O3,O,30.75,55.045,45.411,10.715
VHL,9OIN,A1C,301,1,225.38,Drug-like Recruiter,A,10370,C01,C,-5.48,-78.515,5.652,53.136
VHL,9OIN,A1C,301,1,225.38,Drug-like Recruiter,A,10371,C02,C,-4.761,-79.777,5.077,12.076
VHL,9OIN,A1C,301,1,225.38,Drug-like Recruiter,A,10372,C03,C,-3.359,-79.434,4.476,56.759
VHL,9OIN,A1C,301,1,225.38,Drug-like Recruiter,A,10373,C05,C,-5.32,-80.222,2.925,22.945
VHL,9OIN,A1C,301,1,225.38,Drug-like Recruiter,A,10374,C06,C,-6.219,-81.021,1.947,24.153
VHL,9OIN,A1C,301,1,225.38,Drug-like Recruiter,A,10375,C07,C,-6.831,-80.658,4.651,24.153
VHL,9OIN,A1C,301,1,225.38,Drug-like Recruiter,A,10376,C08,C,-7.735,-81.383,3.609,31.398
VHL,9OIN,A1C,301,1,225.38,Drug-like Recruiter,A,10377,C10,C,-8.315,-81.657,1.486,22.945
VHL,9OIN,A1C,301,1,225.38,Drug-like Recruiter,A,10378,C11,C,-8.51,-80.959,0.09,3.623
VHL,9OIN,A1C,301,1,225.38,Drug-like Recruiter,A,10379,C13,C,-8.15,-80.951,-2.213,37.436
VHL,9OIN,A1C,301,1,225.38,Drug-like Recruiter,A,10380,C14,C,-8.842,-79.747,-2.368,32.606
VHL,9OIN,A1C,301,1,225.38,Drug-like Recruiter,A,10381,C15,C,-9.4,-79.127,-1.254,37.436
VHL,9OIN,A1C,301,1,225.38,Drug-like Recruiter,A,10382,C16,C,-9.213,-79.75,-0.018,26.568
VHL,9OIN,A1C,301,1,225.38,Drug-like Recruiter,A,10383,N04,N,-5.511,-80.51,4.271,5.468
VHL,9OIN,A1C,301,1,225.38,Drug-like Recruiter,A,10384,N09,N,-7.55,-80.974,2.303,2.187
VHL,9OIN,A1C,301,1,225.38,Drug-like Recruiter,A,10385,N12,N,-8.01,-81.513,-1.0,17.497
VHL,6GMX,F7B,201,1,413.476,Drug-like Recruiter,A,10471,C02,C,-4.295,-8.357,24.598,6.038
VHL,6GMX,F7B,201,1,413.476,Drug-like Recruiter,A,10472,C03,C,-3.045,-8.415,25.467,31.398
VHL,6GMX,F7B,201,1,413.476,Drug-like Recruiter,A,10473,C04,C,-2.151,-9.617,25.319,37.436
VHL,6GMX,F7B,201,1,413.476,Drug-like Recruiter,A,10474,C06,C,-3.595,-10.085,22.883,4.831
VHL,6GMX,F7B,201,1,413.476,Drug-like Recruiter,A,10475,C07,C,-4.561,-9.256,23.42,4.831
VHL,6GMX,F7B,201,1,413.476,Drug-like Recruiter,A,10476,C08,C,-5.81,-9.235,22.823,18.114
VHL,6GMX,F7B,201,1,413.476,Drug-like Recruiter,A,10477,C09,C,-6.071,-10.033,21.723,4.831
VHL,6GMX,F7B,201,1,413.476,Drug-like Recruiter,A,10478,C11,C,-5.099,-10.868,21.186,31.398
VHL,6GMX,F7B,201,1,413.476,Drug-like Recruiter,A,10479,C12,C,-3.842,-10.896,21.776,31.398
VHL,6GMX,F7B,201,1,413.476,Drug-like Recruiter,A,10480,O01,O,-5.143,-7.516,24.854,39.644
VHL,6GMX,F7B,201,1,413.476,Drug-like Recruiter,A,10481,S05,S,-2.032,-10.102,23.631,43.751
VHL,6GMX,F7B,201,1,413.476,Drug-like Recruiter,A,10482,CL1,CL,-7.641,-9.996,21.006,73.567
VHL,8BDM,QE9,301,1,2299.316,Peptide-like Recruiter,A,10715,O1,O,41.204,29.663,1.856,10.715
VHL,8BDM,QE9,301,1,2299.316,Peptide-like Recruiter,A,10716,N2,N,39.962,30.961,3.219,3.281
VHL,8BDM,QE9,301,1,2299.316,Peptide-like Recruiter,A,10718,O2,O,39.414,31.131,-0.322,15.0
VHL,8BDM,QE9,301,1,2299.316,Peptide-like Recruiter,A,10721,C9,C,40.585,29.673,-2.704,6.038
VHL,8BDM,QE9,301,1,2299.316,Peptide-like Recruiter,A,10722,C10,C,41.62,28.905,-1.891,21.737
VHL,8BDM,QE9,301,1,2299.316,Peptide-like Recruiter,A,10723,C11,C,40.615,29.227,-4.162,35.021
VHL,8BDM,QE9,301,1,2299.316,Peptide-like Recruiter,A,10724,C12,C,38.068,31.597,-3.258,13.284
VHL,8BDM,QE9,301,1,2299.316,Peptide-like Recruiter,A,10725,C13,C,36.787,31.716,-3.868,2.415
VHL,8BDM,QE9,301,1,2299.316,Peptide-like Recruiter,A,10729,C14,C,36.179,32.912,-4.532,20.53
VHL,8BDM,QE9,301,1,2299.316,Peptide-like Recruiter,A,10730,C15,C,41.088,31.389,4.04,8.453
VHL,8BDM,QE9,301,1,2299.316,Peptide-like Recruiter,A,10731,C16,C,41.358,30.5,5.231,2.415
VHL,8BDM,QE9,301,1,2299.316,Peptide-like Recruiter,A,10734,C19,C,41.89,28.971,7.538,1.208
VHL,8BDM,QE9,301,1,2299.316,Peptide-like Recruiter,A,10735,C20,C,42.864,29.819,7.008,2.415
VHL,8BDM,QE9,301,1,2299.316,Peptide-like Recruiter,A,10736,C21,C,42.579,30.61,5.906,2.415
VHL,8BDM,QE9,301,1,2299.316,Peptide-like Recruiter,A,10742,C25,C,43.25,29.916,10.297,30.191
VHL,8BDM,QE9,301,1,2299.316,Peptide-like Recruiter,A,10743,O5,O,43.475,31.469,5.327,3.214
VHL,8BDM,QE9,301,1,2299.316,Peptide-like Recruiter,A,10744,C26,C,44.615,31.935,6.058,22.945
VHL,8BDM,QE9,301,1,2299.316,Peptide-like Recruiter,A,10745,C27,C,45.282,32.99,5.219,39.852
VHL,8BDM,QE9,301,1,2299.316,Peptide-like Recruiter,A,10746,O6,O,44.793,34.308,5.509,24.644
VHL,8BDM,QE9,301,1,2299.316,Peptide-like Recruiter,A,10747,C28,C,43.442,34.649,5.192,51.928
VHL,4W9E,3JT,301,1,1662.576,Peptide-like Recruiter,A,10539,CAA,C,13.175,52.496,95.211,31.398
VHL,4W9E,3JT,301,1,1662.576,Peptide-like Recruiter,A,10541,CAB,C,11.272,51.544,93.932,47.098
VHL,4W9E,3JT,301,1,1662.576,Peptide-like Recruiter,A,10542,CAC,C,13.564,51.529,92.932,14.492
VHL,4W9E,3JT,301,1,1662.576,Peptide-like Recruiter,A,10543,CAN,C,12.319,53.718,93.288,7.246
VHL,4W9E,3JT,301,1,1662.576,Peptide-like Recruiter,A,10545,OAD,O,10.779,53.426,91.465,15.0
VHL,4W9E,3JT,301,1,1662.576,Peptide-like Recruiter,A,10553,O,O,12.646,51.82,89.128,7.5
VHL,4W9E,3JT,301,1,1662.576,Peptide-like Recruiter,A,10554,NAR,N,11.161,53.003,87.851,1.094
VHL,4W9E,3JT,301,1,1662.576,Peptide-like Recruiter,A,10555,CAM,C,10.685,51.838,87.111,27.775
VHL,4W9E,3JT,301,1,1662.576,Peptide-like Recruiter,A,10556,CAV,C,11.491,51.67,85.951,1.208
VHL,4W9E,3JT,301,1,1662.576,Peptide-like Recruiter,A,10557,CAH,C,11.394,50.474,85.237,25.36
VHL,4W9E,3JT,301,1,1662.576,Peptide-like Recruiter,A,10558,CAJ,C,12.179,50.248,84.107,14.492
VHL,4W9E,3JT,301,1,1662.576,Peptide-like Recruiter,A,10565,NAQ,N,14.362,50.257,80.51,1.094
VHL,4W9E,3JT,301,1,1662.576,Peptide-like Recruiter,A,10566,CAL,C,13.41,50.346,81.464,14.492
VHL,4W9F,3JU,301,1,429.671,Drug-like Recruiter,A,10231,CAB,C,-5.721,33.697,-4.12,30.191
VHL,4W9F,3JU,301,1,429.671,Drug-like Recruiter,A,10233,CAC,C,-5.144,35.73,-2.83,43.475
VHL,4W9F,3JU,301,1,429.671,Drug-like Recruiter,A,10234,CAD,C,-4.752,33.424,-1.828,16.907
VHL,4W9F,3JU,301,1,429.671,Drug-like Recruiter,A,10235,CAN,C,-7.078,34.262,-2.179,6.038
VHL,4W9F,3JU,301,1,429.671,Drug-like Recruiter,A,10237,OAE,O,-6.853,35.911,-0.407,12.858
VHL,4W9F,3JU,301,1,429.671,Drug-like Recruiter,A,10245,O,O,-5.22,34.243,1.999,8.572
VHL,4W9F,3JU,301,1,429.671,Drug-like Recruiter,A,10246,NAR,N,-6.506,35.524,3.343,3.281
VHL,4W9F,3JU,301,1,429.671,Drug-like Recruiter,A,10247,CAM,C,-5.428,36.082,4.153,25.36
VHL,4W9F,3JU,301,1,429.671,Drug-like Recruiter,A,10248,CAV,C,-5.262,35.277,5.309,2.415
VHL,4W9F,3JU,301,1,429.671,Drug-like Recruiter,A,10249,CAI,C,-4.05,35.325,5.994,25.36
VHL,4W9F,3JU,301,1,429.671,Drug-like Recruiter,A,10250,CAK,C,-3.831,34.536,7.132,8.453
VHL,4W9F,3JU,301,1,429.671,Drug-like Recruiter,A,10257,NAQ,N,-3.935,32.262,10.804,1.094
VHL,4W9F,3JU,301,1,429.671,Drug-like Recruiter,A,10259,CAA,C,-3.483,34.645,10.237,36.229
VHL,9F1N,A1H,206,1,2890.396,Peptide-like Recruiter,A,4110,C4,C,17.396,-6.683,44.232,18.114
VHL,9F1N,A1H,206,1,2890.396,Peptide-like Recruiter,A,4111,C8,C,17.373,-4.785,40.576,19.322
VHL,9F1N,A1H,206,1,2890.396,Peptide-like Recruiter,A,4112,C7,C,18.366,-5.662,40.982,2.415
VHL,9F1N,A1H,206,1,2890.396,Peptide-like Recruiter,A,4113,C9,C,17.228,-4.485,39.232,6.038
VHL,9F1N,A1H,206,1,2890.396,Peptide-like Recruiter,A,4114,C10,C,18.062,-5.049,38.277,3.623
VHL,9F1N,A1H,206,1,2890.396,Peptide-like Recruiter,A,4115,C5,C,17.639,-5.538,43.278,27.775
VHL,9F1N,A1H,206,1,2890.396,Peptide-like Recruiter,A,4118,C11,C,17.925,-4.685,36.817,12.076
VHL,9F1N,A1H,206,1,2890.396,Peptide-like Recruiter,A,4121,C24,C,9.327,-5.425,37.615,15.699
VHL,9F1N,A1H,206,1,2890.396,Peptide-like Recruiter,A,4122,C22,C,10.074,-7.312,38.938,28.983
VHL,9F1N,A1H,206,1,2890.396,Peptide-like Recruiter,A,4123,C25,C,10.679,-5.348,36.919,8.453
VHL,9F1N,A1H,206,1,2890.396,Peptide-like Recruiter,A,4124,C27,C,6.649,-6.002,38.073,3.623
VHL,9F1N,A1H,206,1,2890.396,Peptide-like Recruiter,A,4125,O28,O,6.569,-5.029,38.818,42.858
VHL,9F1N,A1H,206,1,2890.396,Peptide-like Recruiter,A,4127,C18,C,14.255,-6.316,37.905,7.246
VHL,9F1N,A1H,206,1,2890.396,Peptide-like Recruiter,A,4128,C21,C,11.443,-7.278,38.271,10.869
VHL,9F1N,A1H,206,1,2890.396,Peptide-like Recruiter,A,4129,C26,C,7.648,-7.102,38.406,6.038
VHL,9F1N,A1H,206,1,2890.396,Peptide-like Recruiter,A,4130,C3,C,18.555,-7.074,45.126,20.53
VHL,9F1N,A1H,206,1,2890.396,Peptide-like Recruiter,A,4131,C30,C,5.661,-7.406,36.29,1.208
VHL,9F1N,A1H,206,1,2890.396,Peptide-like Recruiter,A,4132,C31,C,4.266,-7.483,35.679,15.699
VHL,9F1N,A1H,206,1,2890.396,Peptide-like Recruiter,A,4133,C32,C,3.914,-8.76,34.921,9.661
VHL,9F1N,A1H,206,1,2890.396,Peptide-like Recruiter,A,4134,C33,C,3.697,-9.975,35.813,14.492
VHL,9F1N,A1H,206,1,2890.396,Peptide-like Recruiter,A,4135,C70,C,14.41,-9.406,37.172,6.038
VHL,9F1N,A1H,206,1,2890.396,Peptide-like Recruiter,A,4136,C71,C,14.647,-10.665,36.643,6.038
VHL,9F1N,A1H,206,1,2890.396,Peptide-like Recruiter,A,4142,C79,C,15.805,-11.565,32.495,6.038
VHL,9F1N,A1H,206,1,2890.396,Peptide-like Recruiter,A,4143,C80,C,15.789,-13.869,37.079,9.661
VHL,9F1N,A1H,206,1,2890.396,Peptide-like Recruiter,A,4144,C81,C,19.05,-5.926,38.7,7.246
VHL,9F1N,A1H,206,1,2890.396,Peptide-like Recruiter,A,4145,C82,C,19.206,-6.234,40.041,1.208
VHL,9F1N,A1H,206,1,2890.396,Peptide-like Recruiter,A,4146,N14,N,16.846,-7.331,35.527,3.281
VHL,9F1N,A1H,206,1,2890.396,Peptide-like Recruiter,A,4148,N20,N,11.758,-5.876,37.825,4.374
VHL,9F1N,A1H,206,1,2890.396,Peptide-like Recruiter,A,4150,N29,N,5.837,-6.161,37.025,14.217
VHL,9F1N,A1H,206,1,2890.396,Peptide-like Recruiter,A,4152,O6,O,18.585,-5.99,42.296,4.286
VHL,9F1N,A1H,206,1,2890.396,Peptide-like Recruiter,A,4153,O77,O,15.811,-13.767,33.469,1.071
VHL,9F1N,A1H,206,1,2890.396,Peptide-like Recruiter,A,4155,C14,C,19.762,-8.859,46.345,33.814
VHL,9F1N,A1H,206,1,2890.396,Peptide-like Recruiter,A,4156,C23,C,17.385,-9.153,45.843,48.305
VHL,9F1N,A1H,201,1,2890.396,Peptide-like Recruiter,A,4157,C8,C,4.842,18.197,-3.294,22.945
VHL,9F1N,A1H,201,1,2890.396,Peptide-like Recruiter,A,4158,C7,C,4.462,17.026,-3.93,6.038
VHL,9F1N,A1H,201,1,2890.396,Peptide-like Recruiter,A,4159,C9,C,5.798,18.157,-2.294,31.398
VHL,9F1N,A1H,201,1,2890.396,Peptide-like Recruiter,A,4160,C10,C,6.389,16.961,-1.912,4.831
VHL,9F1N,A1H,201,1,2890.396,Peptide-like Recruiter,A,4161,C5,C,2.891,18.356,-5.186,66.42
VHL,9F1N,A1H,201,1,2890.396,Peptide-like Recruiter,A,4162,C13,C,8.998,14.986,-0.952,2.415
VHL,9F1N,A1H,201,1,2890.396,Peptide-like Recruiter,A,4163,C12,C,8.786,16.429,-1.253,19.322
VHL,9F1N,A1H,201,1,2890.396,Peptide-like Recruiter,A,4164,C11,C,7.414,16.933,-0.803,24.153
VHL,9F1N,A1H,201,1,2890.396,Peptide-like Recruiter,A,4165,C16,C,9.968,13.002,-0.927,4.831
VHL,9F1N,A1H,201,1,2890.396,Peptide-like Recruiter,A,4166,C15,C,8.799,12.997,-0.175,7.246
VHL,9F1N,A1H,201,1,2890.396,Peptide-like Recruiter,A,4167,C24,C,16.051,15.631,-1.698,24.153
VHL,9F1N,A1H,201,1,2890.396,Peptide-like Recruiter,A,4168,C22,C,15.374,13.344,-2.265,30.191
VHL,9F1N,A1H,201,1,2890.396,Peptide-like Recruiter,A,4169,C25,C,14.71,15.855,-1.017,30.191
VHL,9F1N,A1H,201,1,2890.396,Peptide-like Recruiter,A,4170,C27,C,18.925,14.325,-1.279,6.038
VHL,9F1N,A1H,201,1,2890.396,Peptide-like Recruiter,A,4171,O28,O,20.062,14.383,-1.736,38.573
VHL,9F1N,A1H,201,1,2890.396,Peptide-like Recruiter,A,4172,C19,C,12.291,15.297,-1.199,20.53
VHL,9F1N,A1H,201,1,2890.396,Peptide-like Recruiter,A,4173,C18,C,11.232,14.812,-2.163,24.153
VHL,9F1N,A1H,201,1,2890.396,Peptide-like Recruiter,A,4174,C21,C,14.037,13.574,-1.583,15.699
VHL,9F1N,A1H,201,1,2890.396,Peptide-like Recruiter,A,4175,C26,C,17.767,13.913,-2.179,26.568
VHL,9F1N,A1H,201,1,2890.396,Peptide-like Recruiter,A,4176,C30,C,19.645,15.05,0.944,32.606
VHL,9F1N,A1H,201,1,2890.396,Peptide-like Recruiter,A,4177,C31,C,20.689,14.001,1.296,15.699
VHL,9F1N,A1H,201,1,2890.396,Peptide-like Recruiter,A,4178,C32,C,20.212,12.981,2.297,27.775
VHL,9F1N,A1H,201,1,2890.396,Peptide-like Recruiter,A,4179,C33,C,21.331,12.27,3.042,25.36
VHL,9F1N,A1H,201,1,2890.396,Peptide-like Recruiter,A,4180,C34,C,22.245,13.19,3.833,18.114
VHL,9F1N,A1H,201,1,2890.396,Peptide-like Recruiter,A,4181,C35,C,22.623,12.646,5.198,12.076
VHL,9F1N,A1H,201,1,2890.396,Peptide-like Recruiter,A,4182,C36,C,23.758,13.385,5.884,26.568
VHL,9F1N,A1H,201,1,2890.396,Peptide-like Recruiter,A,4183,C37,C,24.263,12.629,7.107,33.814
VHL,9F1N,A1H,201,1,2890.396,Peptide-like Recruiter,A,4184,C38,C,24.566,11.186,6.782,1.208
VHL,9F1N,A1H,201,1,2890.396,Peptide-like Recruiter,A,4185,C41,C,26.152,9.617,5.818,1.208
VHL,9F1N,A1H,201,1,2890.396,Peptide-like Recruiter,A,4187,C45,C,25.196,7.163,7.388,2.415
VHL,9F1N,A1H,201,1,2890.396,Peptide-like Recruiter,A,4188,C46,C,25.413,5.774,6.777,24.153
VHL,9F1N,A1H,201,1,2890.396,Peptide-like Recruiter,A,4189,C47,C,26.88,5.42,7.046,16.907
VHL,9F1N,A1H,201,1,2890.396,Peptide-like Recruiter,A,4190,C48,C,27.498,6.668,7.683,21.737
VHL,9F1N,A1H,201,1,2890.396,Peptide-like Recruiter,A,4191,C50,C,24.678,7.038,8.82,1.208
VHL,9F1N,A1H,201,1,2890.396,Peptide-like Recruiter,A,4193,C67,C,28.321,10.355,4.732,45.89
VHL,9F1N,A1H,201,1,2890.396,Peptide-like Recruiter,A,4194,C68,C,26.204,10.397,3.422,38.644
VHL,9F1N,A1H,201,1,2890.396,Peptide-like Recruiter,A,4195,C69,C,27.251,8.218,4.016,31.398
VHL,9F1N,A1H,201,1,2890.396,Peptide-like Recruiter,A,4196,C70,C,10.802,11.896,-1.008,16.907
VHL,9F1N,A1H,201,1,2890.396,Peptide-like Recruiter,A,4197,C71,C,10.436,10.763,-0.3,18.114
VHL,9F1N,A1H,201,1,2890.396,Peptide-like Recruiter,A,4198,C72,C,9.268,10.734,0.471,2.415
VHL,9F1N,A1H,201,1,2890.396,Peptide-like Recruiter,A,4199,C73,C,8.44,11.854,0.531,18.114
VHL,9F1N,A1H,201,1,2890.396,Peptide-like Recruiter,A,4200,C74,C,8.967,9.561,1.329,4.831
VHL,9F1N,A1H,201,1,2890.396,Peptide-like Recruiter,A,4201,C75,C,8.668,9.537,2.716,6.038
VHL,9F1N,A1H,201,1,2890.396,Peptide-like Recruiter,A,4202,C78,C,8.899,8.263,0.933,7.246
VHL,9F1N,A1H,201,1,2890.396,Peptide-like Recruiter,A,4203,C79,C,9.111,7.566,-0.361,56.759
VHL,9F1N,A1H,201,1,2890.396,Peptide-like Recruiter,A,4204,C80,C,8.613,10.678,3.678,55.551
VHL,9F1N,A1H,201,1,2890.396,Peptide-like Recruiter,A,4205,C81,C,5.997,15.796,-2.559,16.907
VHL,9F1N,A1H,201,1,2890.396,Peptide-like Recruiter,A,4206,C82,C,5.042,15.821,-3.561,35.021
VHL,9F1N,A1H,201,1,2890.396,Peptide-like Recruiter,A,4207,N14,N,8.204,14.253,-0.206,15.31
VHL,9F1N,A1H,201,1,2890.396,Peptide-like Recruiter,A,4208,N17,N,10.085,14.291,-1.418,1.094
VHL,9F1N,A1H,201,1,2890.396,Peptide-like Recruiter,A,4209,N20,N,13.679,15.02,-1.7,2.187
VHL,9F1N,A1H,201,1,2890.396,Peptide-like Recruiter,A,4210,N23,N,16.416,14.182,-1.594,1.094
VHL,9F1N,A1H,201,1,2890.396,Peptide-like Recruiter,A,4211,N29,N,18.641,14.59,-0.005,6.562
VHL,9F1N,A1H,201,1,2890.396,Peptide-like Recruiter,A,4212,N40,N,25.759,10.953,6.229,2.187
VHL,9F1N,A1H,201,1,2890.396,Peptide-like Recruiter,A,4214,N52,N,25.386,7.674,9.756,34.995
VHL,9F1N,A1H,201,1,2890.396,Peptide-like Recruiter,A,4215,N76,N,8.436,8.329,3.126,29.527
VHL,9F1N,A1H,201,1,2890.396,Peptide-like Recruiter,A,4216,O39,O,23.76,10.288,7.016,20.358
VHL,9F1N,A1H,201,1,2890.396,Peptide-like Recruiter,A,4217,O43,O,27.739,9.584,7.599,26.786
VHL,9F1N,A1H,201,1,2890.396,Peptide-like Recruiter,A,4218,O49,O,27.55,5.12,5.816,36.43
VHL,9F1N,A1H,201,1,2890.396,Peptide-like Recruiter,A,4219,O51,O,23.671,6.383,9.075,46.073
VHL,9F1N,A1H,201,1,2890.396,Peptide-like Recruiter,A,4220,O6,O,3.499,17.083,-4.908,21.429
VHL,9F1N,A1H,201,1,2890.396,Peptide-like Recruiter,A,4221,O77,O,8.58,7.494,1.988,24.644
VHL,9F1N,A1H,201,1,2890.396,Peptide-like Recruiter,A,4226,C4,C,-21.93,2.883,37.232,74.873
VHL,9F1N,A1H,201,1,2890.396,Peptide-like Recruiter,A,4246,C3,C,-21.64,3.254,35.792,76.081
VHL,9F1N,A1H,201,1,2890.396,Peptide-like Recruiter,A,4263,C53,C,-12.832,14.391,63.505,64.004
VHL,9F1N,A1H,201,1,2890.396,Peptide-like Recruiter,A,4264,C54,C,-13.539,15.513,62.786,3.623
VHL,9F1N,A1H,201,1,2890.396,Peptide-like Recruiter,A,4265,C55,C,-13.183,16.834,63.017,28.983
VHL,9F1N,A1H,201,1,2890.396,Peptide-like Recruiter,A,4266,C56,C,-13.794,17.867,62.329,32.606
VHL,9F1N,A1H,201,1,2890.396,Peptide-like Recruiter,A,4267,C57,C,-14.784,17.604,61.386,36.229
VHL,9F1N,A1H,201,1,2890.396,Peptide-like Recruiter,A,4268,C58,C,-15.143,16.279,61.155,35.021
VHL,9F1N,A1H,201,1,2890.396,Peptide-like Recruiter,A,4269,C59,C,-14.527,15.251,61.847,30.191
VHL,9F1N,A1H,202,1,2890.396,Peptide-like Recruiter,A,4305,C13,C,-39.226,4.435,6.333,8.453
VHL,9F1N,A1H,202,1,2890.396,Peptide-like Recruiter,A,4306,C12,C,-39.295,2.981,6.015,61.589
VHL,9F1N,A1H,202,1,2890.396,Peptide-like Recruiter,A,4307,C16,C,-39.816,6.431,7.088,7.246
VHL,9F1N,A1H,202,1,2890.396,Peptide-like Recruiter,A,4308,C15,C,-38.549,6.465,6.521,6.038
VHL,9F1N,A1H,202,1,2890.396,Peptide-like Recruiter,A,4309,C18,C,-41.57,4.614,7.323,59.174
VHL,9F1N,A1H,202,1,2890.396,Peptide-like Recruiter,A,4310,C70,C,-40.422,7.566,7.611,28.983
VHL,9F1N,A1H,202,1,2890.396,Peptide-like Recruiter,A,4311,C71,C,-39.718,8.76,7.549,21.737
VHL,9F1N,A1H,202,1,2890.396,Peptide-like Recruiter,A,4312,C72,C,-38.439,8.819,6.98,2.415
VHL,9F1N,A1H,202,1,2890.396,Peptide-like Recruiter,A,4313,C73,C,-37.854,7.667,6.465,20.53
VHL,9F1N,A1H,202,1,2890.396,Peptide-like Recruiter,A,4314,C74,C,-37.693,10.101,6.908,3.623
VHL,9F1N,A1H,202,1,2890.396,Peptide-like Recruiter,A,4315,C75,C,-36.341,10.354,7.278,8.453
VHL,9F1N,A1H,202,1,2890.396,Peptide-like Recruiter,A,4316,C78,C,-38.144,11.278,6.397,6.038
VHL,9F1N,A1H,202,1,2890.396,Peptide-like Recruiter,A,4317,C79,C,-39.445,11.739,5.853,57.966
VHL,9F1N,A1H,202,1,2890.396,Peptide-like Recruiter,A,4318,C80,C,-35.333,9.407,7.844,59.174
VHL,9F1N,A1H,202,1,2890.396,Peptide-like Recruiter,A,4319,N14,N,-38.196,5.201,6.053,25.153
VHL,9F1N,A1H,202,1,2890.396,Peptide-like Recruiter,A,4320,N17,N,-40.242,5.114,6.956,1.094
VHL,9F1N,A1H,202,1,2890.396,Peptide-like Recruiter,A,4321,N76,N,-36.007,11.585,7.012,31.714
VHL,9F1N,A1H,202,1,2890.396,Peptide-like Recruiter,A,4322,O77,O,-37.159,12.191,6.443,26.786
VHL,9BOL,A1A,304,1,1081.638,Peptide-like Recruiter,A,5543,C8,C,0.14,-35.365,-4.455,25.36
VHL,9BOL,A1A,304,1,1081.638,Peptide-like Recruiter,A,5544,C10,C,1.069,-34.42,-6.589,25.36
VHL,9BOL,A1A,304,1,1081.638,Peptide-like Recruiter,A,5546,C15,C,0.015,-34.483,-5.686,1.208
VHL,9BOL,A1A,304,1,1081.638,Peptide-like Recruiter,A,5548,C24,C,1.521,-32.353,1.17,19.322
VHL,9BOL,A1A,304,1,1081.638,Peptide-like Recruiter,A,5554,O7,O,0.351,-33.53,-2.402,8.572
VHL,9BOL,A1A,304,1,1081.638,Peptide-like Recruiter,A,5555,N9,N,-0.92,-34.986,-3.519,3.281
VHL,9BOL,A1A,304,1,1081.638,Peptide-like Recruiter,A,5556,C11,C,0.983,-33.623,-7.722,9.661
VHL,9BOL,A1A,304,1,1081.638,Peptide-like Recruiter,A,5563,O20,O,-0.438,-35.167,0.104,9.643
VHL,9BOL,A1A,304,1,1081.638,Peptide-like Recruiter,A,5565,C23,C,1.871,-34.649,2.05,38.644
VHL,9BOL,A1A,304,1,1081.638,Peptide-like Recruiter,A,5566,C25,C,1.161,-32.82,3.574,30.191
VHL,9BOL,A1A,304,1,1081.638,Peptide-like Recruiter,A,5569,C30,C,0.887,-33.475,-10.894,33.814
VHL,9BOL,A1A,304,1,1081.638,Peptide-like Recruiter,A,5571,N32,N,-2.457,-35.199,4.393,1.094
VHL,9BOL,A1A,304,1,1081.638,Peptide-like Recruiter,A,5572,C33,C,-1.817,-36.29,3.968,2.415
VHL,9BOL,A1A,304,1,1081.638,Peptide-like Recruiter,A,5573,C34,C,-0.991,-35.886,2.973,7.246
VHL,9BOL,A1A,304,1,1081.638,Peptide-like Recruiter,A,5574,C35,C,-1.992,-37.69,4.494,14.492
VHL,9BOL,A1A,304,1,1081.638,Peptide-like Recruiter,A,5575,C36,C,-2.582,-37.851,5.9,18.114
VHL,9BOL,A1A,304,1,1081.638,Peptide-like Recruiter,A,5576,C37,C,-3.426,-38.189,4.672,8.453
VHL,9BOL,A1A,303,1,1081.638,Peptide-like Recruiter,A,5590,C4,C,-34.924,-14.088,-85.673,20.53
VHL,9BOL,A1A,303,1,1081.638,Peptide-like Recruiter,A,5591,C5,C,-34.102,-14.87,-86.723,19.322
VHL,9BOL,A1A,303,1,1081.638,Peptide-like Recruiter,A,5592,C6,C,-34.455,-14.109,-88.027,20.53
VHL,9BOL,A1A,303,1,1081.638,Peptide-like Recruiter,A,5593,C8,C,-38.024,-11.257,-84.174,30.191
VHL,9BOL,A1A,303,1,1081.638,Peptide-like Recruiter,A,5594,C10,C,-37.194,-9.732,-82.364,30.191
VHL,9BOL,A1A,303,1,1081.638,Peptide-like Recruiter,A,5595,C13,C,-35.488,-11.669,-81.347,21.737
VHL,9BOL,A1A,303,1,1081.638,Peptide-like Recruiter,A,5596,C15,C,-37.141,-10.977,-82.968,3.623
VHL,9BOL,A1A,303,1,1081.638,Peptide-like Recruiter,A,5598,C24,C,-35.385,-11.133,-90.193,37.436
VHL,9BOL,A1A,303,1,1081.638,Peptide-like Recruiter,A,5599,C26,C,-34.98,-9.485,-78.413,4.831
VHL,9BOL,A1A,303,1,1081.638,Peptide-like Recruiter,A,5600,C28,C,-32.9,-10.025,-77.843,41.059
VHL,9BOL,A1A,303,1,1081.638,Peptide-like Recruiter,A,5603,C3,C,-36.209,-13.731,-86.438,8.453
VHL,9BOL,A1A,303,1,1081.638,Peptide-like Recruiter,A,5604,O7,O,-36.347,-11.358,-86.402,24.644
VHL,9BOL,A1A,303,1,1081.638,Peptide-like Recruiter,A,5605,N9,N,-37.514,-12.458,-84.831,12.029
VHL,9BOL,A1A,303,1,1081.638,Peptide-like Recruiter,A,5606,C11,C,-36.403,-9.446,-81.26,19.322
VHL,9BOL,A1A,303,1,1081.638,Peptide-like Recruiter,A,5607,C12,C,-35.543,-10.417,-80.732,3.623
VHL,9BOL,A1A,303,1,1081.638,Peptide-like Recruiter,A,5608,C14,C,-36.281,-11.944,-82.45,14.492
VHL,9BOL,A1A,303,1,1081.638,Peptide-like Recruiter,A,5609,C16,C,-34.678,-10.162,-79.551,3.623
VHL,9BOL,A1A,303,1,1081.638,Peptide-like Recruiter,A,5610,O17,O,-34.545,-16.226,-86.766,45.001
VHL,9BOL,A1A,303,1,1081.638,Peptide-like Recruiter,A,5611,C18,C,-36.766,-13.42,-88.832,2.415
VHL,9BOL,A1A,303,1,1081.638,Peptide-like Recruiter,A,5612,C19,C,-36.374,-13.445,-90.295,1.208
VHL,9BOL,A1A,303,1,1081.638,Peptide-like Recruiter,A,5613,O20,O,-37.895,-13.134,-88.489,18.215
VHL,9BOL,A1A,303,1,1081.638,Peptide-like Recruiter,A,5614,N21,N,-37.227,-14.436,-90.979,1.094
VHL,9BOL,A1A,303,1,1081.638,Peptide-like Recruiter,A,5615,C23,C,-37.736,-11.336,-90.965,39.852
VHL,9BOL,A1A,303,1,1081.638,Peptide-like Recruiter,A,5616,C25,C,-35.868,-12.161,-92.379,45.89
VHL,9BOL,A1A,303,1,1081.638,Peptide-like Recruiter,A,5617,N27,N,-34.001,-9.435,-77.532,20.778
VHL,9BOL,A1A,303,1,1081.638,Peptide-like Recruiter,A,5618,S29,S,-33.025,-10.746,-79.386,46.325
VHL,9BOL,A1A,303,1,1081.638,Peptide-like Recruiter,A,5619,C30,C,-36.308,-8.829,-78.138,56.759
VHL,9BOL,A1A,303,1,1081.638,Peptide-like Recruiter,A,5620,N31,N,-36.776,-15.461,-91.619,22.965
VHL,9BOL,A1A,303,1,1081.638,Peptide-like Recruiter,A,5621,N32,N,-37.736,-16.161,-92.102,22.965
VHL,9BOL,A1A,303,1,1081.638,Peptide-like Recruiter,A,5622,C33,C,-38.892,-15.583,-91.767,4.831
VHL,9BOL,A1A,303,1,1081.638,Peptide-like Recruiter,A,5623,C34,C,-38.578,-14.483,-91.044,10.869
VHL,9BOL,A1A,303,1,1081.638,Peptide-like Recruiter,A,5624,C35,C,-40.278,-16.058,-92.127,18.114
VHL,9BOL,A1A,303,1,1081.638,Peptide-like Recruiter,A,5625,C36,C,-40.639,-16.031,-93.614,49.513
VHL,9BOL,A1A,303,1,1081.638,Peptide-like Recruiter,A,5626,C37,C,-40.42,-17.367,-92.904,47.098
VHL,9BJU,A1A,4,1,239.403,Drug-like Recruiter,A,10851,N,N,-6.428,83.118,2.66,37.182
VHL,9BJU,A1A,4,1,239.403,Drug-like Recruiter,A,10852,CA,C,-5.159,83.749,2.992,9.661
VHL,9BJU,A1A,4,1,239.403,Drug-like Recruiter,A,10853,C,C,-4.849,84.884,2.027,33.814
VHL,9BJU,A1A,4,1,239.403,Drug-like Recruiter,A,10854,CB,C,-5.281,84.295,4.399,22.945
VHL,9BJU,A1A,4,1,239.403,Drug-like Recruiter,A,10855,CG,C,-5.199,83.184,5.395,4.831
VHL,9BJU,A1A,4,1,239.403,Drug-like Recruiter,A,10856,CD2,C,-6.348,82.443,5.697,19.322
VHL,9BJU,A1A,4,1,239.403,Drug-like Recruiter,A,10857,CE2,C,-6.298,81.434,6.639,22.945
VHL,9BJU,A1A,4,1,239.403,Drug-like Recruiter,A,10858,CZ,C,-5.085,81.159,7.274,2.415
VHL,9BJU,A1A,4,1,239.403,Drug-like Recruiter,A,10859,CE1,C,-3.939,81.907,6.964,26.568
VHL,9BJU,A1A,4,1,239.403,Drug-like Recruiter,A,10860,CD1,C,-3.998,82.914,6.018,27.775
VHL,9BJU,A1A,4,1,239.403,Drug-like Recruiter,A,10861,C8,C,-4.274,79.275,10.442,35.021
VHL,9BJU,A1A,4,1,239.403,Drug-like Recruiter,A,10862,C9,C,-4.949,78.082,10.257,37.436
VHL,9BJU,A1A,4,1,239.403,Drug-like Recruiter,A,10863,C10,C,-5.67,77.901,9.08,37.436
VHL,9BJU,A1A,4,1,239.403,Drug-like Recruiter,A,10864,C11,C,-5.718,78.872,8.095,26.568
VHL,9BJU,A1A,4,1,239.403,Drug-like Recruiter,A,10865,C12,C,-5.037,80.068,8.296,3.623
VHL,9BJU,A1A,4,1,239.403,Drug-like Recruiter,A,10866,C13,C,-4.32,80.266,9.472,24.153
VHL,9BJU,A1A,4,1,239.403,Drug-like Recruiter,A,10867,O,O,-5.584,85.119,1.087,47.144
VHL,8BDM,QE9,301,1,574.829,Peptide-like Recruiter,A,10715,O1,O,41.204,29.663,1.856,10.715
VHL,8BDM,QE9,301,1,574.829,Peptide-like Recruiter,A,10716,N2,N,39.962,30.961,3.219,3.281
VHL,8BDM,QE9,301,1,574.829,Peptide-like Recruiter,A,10718,O2,O,39.414,31.131,-0.322,15.0
VHL,8BDM,QE9,301,1,574.829,Peptide-like Recruiter,A,10721,C9,C,40.585,29.673,-2.704,6.038
VHL,8BDM,QE9,301,1,574.829,Peptide-like Recruiter,A,10722,C10,C,41.62,28.905,-1.891,21.737
VHL,8BDM,QE9,301,1,574.829,Peptide-like Recruiter,A,10723,C11,C,40.615,29.227,-4.162,35.021
VHL,8BDM,QE9,301,1,574.829,Peptide-like Recruiter,A,10724,C12,C,38.068,31.597,-3.258,13.284
VHL,8BDM,QE9,301,1,574.829,Peptide-like Recruiter,A,10725,C13,C,36.787,31.716,-3.868,2.415
VHL,8BDM,QE9,301,1,574.829,Peptide-like Recruiter,A,10729,C14,C,36.179,32.912,-4.532,20.53
VHL,8BDM,QE9,301,1,574.829,Peptide-like Recruiter,A,10730,C15,C,41.088,31.389,4.04,8.453
VHL,8BDM,QE9,301,1,574.829,Peptide-like Recruiter,A,10731,C16,C,41.358,30.5,5.231,2.415
VHL,8BDM,QE9,301,1,574.829,Peptide-like Recruiter,A,10734,C19,C,41.89,28.971,7.538,1.208
VHL,8BDM,QE9,301,1,574.829,Peptide-like Recruiter,A,10735,C20,C,42.864,29.819,7.008,2.415
VHL,8BDM,QE9,301,1,574.829,Peptide-like Recruiter,A,10736,C21,C,42.579,30.61,5.906,2.415
VHL,8BDM,QE9,301,1,574.829,Peptide-like Recruiter,A,10742,C25,C,43.25,29.916,10.297,30.191
VHL,8BDM,QE9,301,1,574.829,Peptide-like Recruiter,A,10743,O5,O,43.475,31.469,5.327,3.214
VHL,8BDM,QE9,301,1,574.829,Peptide-like Recruiter,A,10744,C26,C,44.615,31.935,6.058,22.945
VHL,8BDM,QE9,301,1,574.829,Peptide-like Recruiter,A,10745,C27,C,45.282,32.99,5.219,39.852
VHL,8BDM,QE9,301,1,574.829,Peptide-like Recruiter,A,10746,O6,O,44.793,34.308,5.509,24.644
VHL,8BDM,QE9,301,1,574.829,Peptide-like Recruiter,A,10747,C28,C,43.442,34.649,5.192,51.928
VHL,9QE5,A1I,301,1,544.778,Peptide-like Recruiter,A,10647,O,O,7.153,-34.216,-0.576,7.5
VHL,9QE5,A1I,301,1,544.778,Peptide-like Recruiter,A,10648,CB,C,5.741,-31.905,-2.401,2.415
VHL,9QE5,A1I,301,1,544.778,Peptide-like Recruiter,A,10649,CAA,C,4.535,-32.848,-2.365,24.153
VHL,9QE5,A1I,301,1,544.778,Peptide-like Recruiter,A,10650,CAB,C,4.667,-33.881,-3.476,33.814
VHL,9QE5,A1I,301,1,544.778,Peptide-like Recruiter,A,10651,CAC,C,6.037,-34.601,-3.454,15.699
VHL,9QE5,A1I,301,1,544.778,Peptide-like Recruiter,A,10654,CAJ,C,9.341,-35.086,-6.134,7.246
VHL,9QE5,A1I,301,1,544.778,Peptide-like Recruiter,A,10655,CAK,C,7.928,-35.527,-6.024,36.229
VHL,9QE5,A1I,301,1,544.778,Peptide-like Recruiter,A,10661,CAX,C,5.267,-35.027,3.753,8.453
VHL,9QE5,A1I,301,1,544.778,Peptide-like Recruiter,A,10662,CAY,C,4.98,-34.181,5.026,1.208
VHL,9QE5,A1I,301,1,544.778,Peptide-like Recruiter,A,10663,CAZ,C,5.456,-36.52,4.156,45.89
VHL,9QE5,A1I,301,1,544.778,Peptide-like Recruiter,A,10664,CBA,C,5.993,-33.36,5.599,2.415
VHL,9QE5,A1I,301,1,544.778,Peptide-like Recruiter,A,10666,CBC,C,4.501,-32.542,7.424,1.208
VHL,9QE5,A1I,301,1,544.778,Peptide-like Recruiter,A,10667,CBD,C,3.504,-33.372,6.835,12.076
VHL,9QE5,A1I,301,1,544.778,Peptide-like Recruiter,A,10668,CBE,C,3.733,-34.164,5.676,24.153
VHL,9QE5,A1I,301,1,544.778,Peptide-like Recruiter,A,10672,CBK,C,2.777,-33.066,10.232,35.021
VHL,9QE5,A1I,301,1,544.778,Peptide-like Recruiter,A,10673,FAL,F,9.538,-36.36,-4.187,12.421
VHL,9QE5,A1I,301,1,544.778,Peptide-like Recruiter,A,10675,NAW,N,6.498,-34.537,3.12,3.281
VHL,9QE5,A1I,301,1,544.778,Peptide-like Recruiter,A,10679,OAV,O,5.512,-32.755,2.055,6.429
VHL,9GIO,A1I,302,1,380.555,Drug-like Recruiter,A,2682,C1,C,12.098,5.492,22.289,25.36
VHL,9GIO,A1I,302,1,380.555,Drug-like Recruiter,A,2683,C2,C,13.994,3.687,24.007,2.415
VHL,9GIO,A1I,302,1,380.555,Drug-like Recruiter,A,2684,C3,C,13.252,2.517,23.924,15.699
VHL,9GIO,A1I,302,1,380.555,Drug-like Recruiter,A,2685,C7,C,11.481,0.5,28.966,2.415
VHL,9GIO,A1I,302,1,380.555,Drug-like Recruiter,A,2686,C8,C,11.377,-0.844,29.341,35.021
VHL,9GIO,A1I,302,1,380.555,Drug-like Recruiter,A,2687,C9,C,11.243,0.487,32.581,50.72
VHL,9GIO,A1I,302,1,380.555,Drug-like Recruiter,A,2688,C10,C,11.445,1.185,30.176,8.453
VHL,9GIO,A1I,302,1,380.555,Drug-like Recruiter,A,2689,C11,C,13.83,3.617,26.411,1.208
VHL,9GIO,A1I,302,1,380.555,Drug-like Recruiter,A,2690,C12,C,14.314,4.245,25.264,4.831
VHL,9GIO,A1I,302,1,380.555,Drug-like Recruiter,A,2691,C13,C,15.777,5.889,26.463,4.831
VHL,9GIO,A1I,302,1,380.555,Drug-like Recruiter,A,2692,C14,C,16.544,7.147,26.23,9.661
VHL,9GIO,A1I,302,1,380.555,Drug-like Recruiter,A,2693,C15,C,15.96,8.277,25.851,4.831
VHL,9GIO,A1I,302,1,380.555,Drug-like Recruiter,A,2694,O3,O,15.686,5.362,27.59,2.143
VHL,9GIO,A1I,302,1,380.555,Drug-like Recruiter,A,2695,N3,N,15.151,5.393,25.356,1.094
VHL,9GIO,A1I,302,1,380.555,Drug-like Recruiter,A,2696,S,S,14.504,4.423,22.469,1.287
VHL,9GIO,A1I,302,1,380.555,Drug-like Recruiter,A,2697,O,O,15.832,4.92,22.653,27.858
VHL,9GIO,A1I,302,1,380.555,Drug-like Recruiter,A,2698,O1,O,14.225,3.495,21.417,36.43
VHL,9GIO,A1I,302,1,380.555,Drug-like Recruiter,A,2700,C,C,13.977,6.647,21.161,49.513
VHL,9GIO,A1I,302,1,380.555,Drug-like Recruiter,A,2701,C5,C,13.07,2.462,26.312,3.623
VHL,9GIO,A1I,302,1,380.555,Drug-like Recruiter,A,2702,C4,C,12.771,1.917,25.073,26.568
VHL,9GIO,A1I,302,1,380.555,Drug-like Recruiter,A,2703,O2,O,12.699,1.936,27.526,2.143
VHL,9GIO,A1I,302,1,380.555,Drug-like Recruiter,A,2704,C6,C,11.577,1.06,27.587,22.945
VHL,9GIO,A1I,302,1,380.555,Drug-like Recruiter,A,2705,N2,N,11.336,0.264,31.145,1.094
VHL,9GIO,A1I,302,1,380.555,Drug-like Recruiter,A,2706,N1,N,11.301,-0.996,30.653,24.059
VHL,4W9H,3JF,301,1,488.739,Drug-like Recruiter,A,10577,CAA,C,9.795,56.244,95.088,22.945
VHL,4W9H,3JF,301,1,488.739,Drug-like Recruiter,A,10578,CAV,C,11.105,55.649,94.539,1.208
VHL,4W9H,3JF,301,1,488.739,Drug-like Recruiter,A,10580,NAT,N,10.983,54.468,93.902,1.094
VHL,4W9H,3JF,301,1,488.739,Drug-like Recruiter,A,10583,CAD,C,12.577,52.36,95.312,28.983
VHL,4W9H,3JF,301,1,488.739,Drug-like Recruiter,A,10584,CAE,C,13.396,51.584,93.092,12.076
VHL,4W9H,3JF,301,1,488.739,Drug-like Recruiter,A,10585,CAC,C,10.936,51.485,93.675,44.682
VHL,4W9H,3JF,301,1,488.739,Drug-like Recruiter,A,10587,OAH,O,10.642,53.641,91.356,11.786
VHL,4W9H,3JF,301,1,488.739,Drug-like Recruiter,A,10595,O,O,12.449,51.93,89.156,7.5
VHL,4W9H,3JF,301,1,488.739,Drug-like Recruiter,A,10596,NAS,N,11.216,53.128,87.681,1.094
VHL,4W9H,3JF,301,1,488.739,Drug-like Recruiter,A,10597,CAO,C,10.775,51.946,86.936,25.36
VHL,4W9H,3JF,301,1,488.739,Drug-like Recruiter,A,10598,CAY,C,11.579,51.775,85.766,2.415
VHL,4W9H,3JF,301,1,488.739,Drug-like Recruiter,A,10601,CAJ,C,11.553,50.539,85.117,25.36
VHL,4W9H,3JF,301,1,488.739,Drug-like Recruiter,A,10602,CAL,C,12.315,50.298,83.974,7.246
VHL,4W9H,3JF,301,1,488.739,Drug-like Recruiter,A,10603,CBA,C,13.145,51.29,83.427,1.208
VHL,4W9H,3JF,301,1,488.739,Drug-like Recruiter,A,10609,CAB,C,12.032,49.944,80.921,36.229
VHL,6FMK,DV8,301,1,478.794,Drug-like Recruiter,A,10783,CAA,C,10.551,55.66,96.527,49.513
VHL,6FMK,DV8,301,1,478.794,Drug-like Recruiter,A,10785,OAD,O,12.083,56.733,95.025,3.214
VHL,6FMK,DV8,301,1,478.794,Drug-like Recruiter,A,10786,NAR,N,11.934,54.45,94.942,6.562
VHL,6FMK,DV8,301,1,478.794,Drug-like Recruiter,A,10788,CAC,C,13.494,52.838,93.958,26.568
VHL,6FMK,DV8,301,1,478.794,Drug-like Recruiter,A,10790,SAG,S,10.687,54.15,92.304,29.596
VHL,6FMK,DV8,301,1,478.794,Drug-like Recruiter,A,10798,SAF,S,12.726,52.257,89.79,18.015
VHL,6FMK,DV8,301,1,478.794,Drug-like Recruiter,A,10799,NAQ,N,11.36,53.901,88.176,1.094
VHL,6FMK,DV8,301,1,478.794,Drug-like Recruiter,A,10800,CAM,C,10.864,52.767,87.379,24.153
VHL,6FMK,DV8,301,1,478.794,Drug-like Recruiter,A,10801,CAX,C,11.679,52.57,86.23,3.623
VHL,6FMK,DV8,301,1,478.794,Drug-like Recruiter,A,10803,CAK,C,13.239,53.322,84.514,1.208
VHL,6FMK,DV8,301,1,478.794,Drug-like Recruiter,A,10804,CAH,C,11.71,51.3,85.633,22.945
VHL,6FMK,DV8,301,1,478.794,Drug-like Recruiter,A,10805,CAJ,C,12.494,51.042,84.502,9.661
VHL,6FMK,DV8,301,1,478.794,Drug-like Recruiter,A,10806,CAY,C,13.264,52.056,83.917,1.208
VHL,6FMK,DV8,301,1,478.794,Drug-like Recruiter,A,10812,CAB,C,12.372,50.532,81.355,37.436
VHL,8BDL,QF3,301,1,2355.424,Peptide-like Recruiter,A,10758,O1,O,11.464,5.644,88.661,6.429
VHL,8BDL,QF3,301,1,2355.424,Peptide-like Recruiter,A,10761,O2,O,9.906,7.429,90.805,10.715
VHL,8BDL,QF3,301,1,2355.424,Peptide-like Recruiter,A,10764,C9,C,11.303,6.137,93.16,8.453
VHL,8BDL,QF3,301,1,2355.424,Peptide-like Recruiter,A,10765,C10,C,12.087,5.117,92.341,22.945
VHL,8BDL,QF3,301,1,2355.424,Peptide-like Recruiter,A,10766,C11,C,11.739,6.09,94.62,35.021
VHL,8BDL,QF3,301,1,2355.424,Peptide-like Recruiter,A,10767,C12,C,9.37,8.643,93.672,14.492
VHL,8BDL,QF3,301,1,2355.424,Peptide-like Recruiter,A,10768,C13,C,9.228,9.898,94.312,3.623
VHL,8BDL,QF3,301,1,2355.424,Peptide-like Recruiter,A,10772,C14,C,7.992,10.496,94.904,30.191
VHL,8BDL,QF3,301,1,2355.424,Peptide-like Recruiter,A,10773,C15,C,9.616,5.755,86.549,2.415
VHL,8BDL,QF3,301,1,2355.424,Peptide-like Recruiter,A,10775,C17,C,11.283,6.492,84.794,1.208
VHL,8BDL,QF3,301,1,2355.424,Peptide-like Recruiter,A,10777,C19,C,12.06,4.986,83.071,1.208
VHL,8BDL,QF3,301,1,2355.424,Peptide-like Recruiter,A,10778,C20,C,11.31,3.962,83.648,2.415
VHL,8BDL,QF3,301,1,2355.424,Peptide-like Recruiter,A,10779,C21,C,10.522,4.218,84.753,2.415
VHL,8BDL,QF3,301,1,2355.424,Peptide-like Recruiter,A,10785,C25,C,11.309,3.416,80.371,32.606
VHL,8BDL,QF3,301,1,2355.424,Peptide-like Recruiter,A,10787,C26,C,9.584,1.981,84.742,21.737
VHL,8BDL,QF3,301,1,2355.424,Peptide-like Recruiter,A,10788,C27,C,8.38,1.381,85.373,32.606
VHL,8BDL,QF3,301,1,2355.424,Peptide-like Recruiter,A,10789,O6,O,8.585,1.313,86.776,15.0
VHL,8BDL,QF3,301,1,2355.424,Peptide-like Recruiter,A,10790,C28,C,7.39,1.059,87.498,67.627
VHL,8BDL,QF3,301,1,2355.424,Peptide-like Recruiter,A,10791,C29,C,8.19,6.052,86.096,35.021
VHL,9L6F,A1L,301,1,4638.632,Peptide-like Recruiter,A,16086,O1,O,50.838,6.808,-3.466,20.358
VHL,9L6F,A1L,301,1,4638.632,Peptide-like Recruiter,A,16087,C1,C,50.03,5.806,-4.043,30.191
VHL,9L6F,A1L,301,1,4638.632,Peptide-like Recruiter,A,16088,C2,C,50.408,5.48,-5.485,3.623
VHL,9L6F,A1L,301,1,4638.632,Peptide-like Recruiter,A,16097,N5,N,59.629,6.066,-6.416,2.187
VHL,9L6F,A1L,301,1,4638.632,Peptide-like Recruiter,A,16098,C7,C,59.256,5.754,-5.131,4.831
VHL,9L6F,A1L,301,1,4638.632,Peptide-like Recruiter,A,16099,C8,C,59.924,6.123,-3.914,2.415
VHL,9L6F,A1L,301,1,4638.632,Peptide-like Recruiter,A,16100,C9,C,60.789,7.195,-3.883,3.623
VHL,9L6F,A1L,301,1,4638.632,Peptide-like Recruiter,A,16101,C10,C,61.382,7.566,-2.694,7.246
VHL,9L6F,A1L,301,1,4638.632,Peptide-like Recruiter,A,16102,C11,C,61.094,6.883,-1.536,1.208
VHL,9L6F,A1L,301,1,4638.632,Peptide-like Recruiter,A,16103,C12,C,61.737,7.298,-0.27,8.453
VHL,9L6F,A1L,301,1,4638.632,Peptide-like Recruiter,A,16104,O2,O,60.785,7.211,0.783,9.643
VHL,9L6F,A1L,301,1,4638.632,Peptide-like Recruiter,A,16105,C13,C,61.548,7.142,1.937,1.208
VHL,9L6F,A1L,301,1,4638.632,Peptide-like Recruiter,A,16108,C16,C,59.658,4.379,2.852,1.208
VHL,9L6F,A1L,301,1,4638.632,Peptide-like Recruiter,A,16109,C17,C,59.086,5.1,4.023,36.229
VHL,9L6F,A1L,301,1,4638.632,Peptide-like Recruiter,A,16110,C18,C,58.97,3.265,2.431,6.038
VHL,9L6F,A1L,301,1,4638.632,Peptide-like Recruiter,A,16111,F1,F,57.864,2.893,3.086,39.333
VHL,9L6F,A1L,301,1,4638.632,Peptide-like Recruiter,A,16112,C19,C,59.371,2.503,1.365,28.983
VHL,9L6F,A1L,301,1,4638.632,Peptide-like Recruiter,A,16113,C20,C,60.509,2.924,0.736,2.415
VHL,9L6F,A1L,301,1,4638.632,Peptide-like Recruiter,A,16115,C22,C,62.308,4.074,0.209,16.907
VHL,9L6F,A1L,301,1,4638.632,Peptide-like Recruiter,A,16116,N6,N,62.258,3.079,-0.682,26.246
VHL,9L6F,A1L,301,1,4638.632,Peptide-like Recruiter,A,16117,N7,N,61.158,2.398,-0.336,22.965
VHL,9L6F,A1L,301,1,4638.632,Peptide-like Recruiter,A,16118,C23,C,62.34,5.877,3.781,1.208
VHL,9L6F,A1L,301,1,4638.632,Peptide-like Recruiter,A,16119,C24,C,62.445,4.626,4.571,9.661
VHL,9L6F,A1L,301,1,4638.632,Peptide-like Recruiter,A,16120,C25,C,61.772,4.532,5.908,35.021
VHL,9L6F,A1L,301,1,4638.632,Peptide-like Recruiter,A,16121,C26,C,63.262,4.538,5.823,38.644
VHL,9L6F,A1L,301,1,4638.632,Peptide-like Recruiter,A,16122,C27,C,63.021,6.995,4.208,7.246
VHL,9L6F,A1L,301,1,4638.632,Peptide-like Recruiter,A,16123,C28,C,62.968,8.185,3.519,4.831
VHL,9L6F,A1L,301,1,4638.632,Peptide-like Recruiter,A,16124,C29,C,62.227,8.273,2.357,4.831
VHL,9L6F,A1L,301,1,4638.632,Peptide-like Recruiter,A,16126,C30,C,62.82,10.464,2.148,4.831
VHL,9L6F,A1L,301,1,4638.632,Peptide-like Recruiter,A,16127,N9,N,63.566,10.485,3.247,6.562
VHL,9L6F,A1L,301,1,4638.632,Peptide-like Recruiter,A,16128,C31,C,63.626,9.333,3.917,6.038
VHL,9L6F,A1L,301,1,4638.632,Peptide-like Recruiter,A,16130,C32,C,64.7,8.341,6.002,12.076
VHL,9L6F,A1L,301,1,4638.632,Peptide-like Recruiter,A,16131,C33,C,65.796,9.04,6.769,19.322
VHL,9L6F,A1L,301,1,4638.632,Peptide-like Recruiter,A,16132,N11,N,66.912,9.322,5.834,26.246
VHL,9L6F,A1L,301,1,4638.632,Peptide-like Recruiter,A,16133,C34,C,66.534,10.516,5.042,35.021
VHL,9L6F,A1L,301,1,4638.632,Peptide-like Recruiter,A,16134,C35,C,65.094,10.648,5.442,10.869
VHL,9L6F,A1L,301,1,4638.632,Peptide-like Recruiter,A,16135,C36,C,65.212,10.42,6.925,37.436
VHL,9L6F,A1L,301,1,4638.632,Peptide-like Recruiter,A,16136,O3,O,62.788,11.673,1.492,15.0
VHL,9L6F,A1L,301,1,4638.632,Peptide-like Recruiter,A,16137,C37,C,61.928,11.589,0.366,1.208
VHL,9L6F,A1L,301,1,4638.632,Peptide-like Recruiter,A,16138,C38,C,60.549,11.946,0.871,20.53
VHL,9L6F,A1L,301,1,4638.632,Peptide-like Recruiter,A,16139,C39,C,59.765,12.773,-0.11,25.36
VHL,9L6F,A1L,301,1,4638.632,Peptide-like Recruiter,A,16140,O4,O,60.513,13.917,-0.478,17.143
VHL,9L6F,A1L,301,1,4638.632,Peptide-like Recruiter,A,16141,C40,C,61.607,13.554,-1.301,13.284
VHL,9L6F,A1L,301,1,4638.632,Peptide-like Recruiter,A,16142,C41,C,62.532,12.567,-0.628,18.114
VHL,9L6F,A1L,301,1,4638.632,Peptide-like Recruiter,A,16143,C42,C,60.225,5.817,-1.563,4.831
VHL,9L6F,A1L,301,1,4638.632,Peptide-like Recruiter,A,16144,C43,C,59.647,5.435,-2.751,8.453
VHL,9L6F,A1L,301,1,4638.632,Peptide-like Recruiter,A,16145,C44,C,58.067,5.056,-5.154,4.831
VHL,9L6F,A1L,301,1,4638.632,Peptide-like Recruiter,A,16146,C45,C,56.375,2.888,-6.582,4.831
VHL,9L6F,A1L,301,1,4638.632,Peptide-like Recruiter,A,16147,C46,C,57.623,2.045,-6.688,39.852
VHL,9L6F,A1L,301,1,4638.632,Peptide-like Recruiter,A,16148,C47,C,55.276,2.203,-7.369,24.153
VHL,9L6F,A1L,301,1,4638.632,Peptide-like Recruiter,A,16149,O5,O,55.154,5.43,-5.512,10.715
VHL,9L6F,A1L,301,1,4638.632,Peptide-like Recruiter,A,16154,O7,O,52.35,4.147,-7.075,8.572
VHL,9L6F,A1L,301,1,4638.632,Peptide-like Recruiter,A,16155,C51,C,49.235,5.694,-6.389,1.208
VHL,9L6F,A1L,301,1,4638.632,Peptide-like Recruiter,A,16156,C52,C,48.016,5.177,-6.019,18.114
VHL,9L6F,A1L,301,1,4638.632,Peptide-like Recruiter,A,16157,C53,C,46.913,5.341,-6.824,9.661
VHL,9L6F,A1L,301,1,4638.632,Peptide-like Recruiter,A,16161,C57,C,43.815,5.851,-7.284,25.36
VHL,9L6F,A1L,203,1,4638.632,Peptide-like Recruiter,A,16225,O1,O,51.904,34.867,-25.92,41.787
VHL,9L6F,A1L,203,1,4638.632,Peptide-like Recruiter,A,16226,C1,C,52.008,36.281,-25.973,32.606
VHL,9L6F,A1L,203,1,4638.632,Peptide-like Recruiter,A,16227,C2,C,51.512,36.866,-24.663,6.038
VHL,9L6F,A1L,203,1,4638.632,Peptide-like Recruiter,A,16228,N1,N,52.379,36.498,-23.569,5.468
VHL,9L6F,A1L,203,1,4638.632,Peptide-like Recruiter,A,16230,C4,C,53.523,36.821,-21.522,4.831
VHL,9L6F,A1L,203,1,4638.632,Peptide-like Recruiter,A,16233,C6,C,56.029,39.47,-20.602,1.208
VHL,9L6F,A1L,203,1,4638.632,Peptide-like Recruiter,A,16235,N4,N,57.927,38.308,-19.62,17.497
VHL,9L6F,A1L,203,1,4638.632,Peptide-like Recruiter,A,16236,N5,N,59.168,37.986,-19.954,26.246
VHL,9L6F,A1L,203,1,4638.632,Peptide-like Recruiter,A,16237,C7,C,59.403,38.468,-21.217,7.246
VHL,9L6F,A1L,203,1,4638.632,Peptide-like Recruiter,A,16238,C8,C,60.642,38.344,-21.928,6.038
VHL,9L6F,A1L,203,1,4638.632,Peptide-like Recruiter,A,16239,C9,C,61.626,37.525,-21.428,25.36
VHL,9L6F,A1L,203,1,4638.632,Peptide-like Recruiter,A,16240,C10,C,62.824,37.428,-22.102,22.945
VHL,9L6F,A1L,203,1,4638.632,Peptide-like Recruiter,A,16241,C11,C,63.059,38.137,-23.264,2.415
VHL,9L6F,A1L,203,1,4638.632,Peptide-like Recruiter,A,16242,C12,C,64.392,37.99,-23.936,6.038
VHL,9L6F,A1L,203,1,4638.632,Peptide-like Recruiter,A,16243,O2,O,64.325,38.194,-25.343,9.643
VHL,9L6F,A1L,203,1,4638.632,Peptide-like Recruiter,A,16244,C13,C,65.614,38.462,-25.79,3.623
VHL,9L6F,A1L,203,1,4638.632,Peptide-like Recruiter,A,16248,C17,C,64.363,40.662,-28.465,41.059
VHL,9L6F,A1L,203,1,4638.632,Peptide-like Recruiter,A,16249,C18,C,63.183,42.235,-26.978,6.038
VHL,9L6F,A1L,203,1,4638.632,Peptide-like Recruiter,A,16250,F1,F,62.478,42.635,-28.053,42.438
VHL,9L6F,A1L,203,1,4638.632,Peptide-like Recruiter,A,16251,C19,C,62.9,42.839,-25.779,27.775
VHL,9L6F,A1L,203,1,4638.632,Peptide-like Recruiter,A,16252,C20,C,63.633,42.406,-24.709,3.623
VHL,9L6F,A1L,203,1,4638.632,Peptide-like Recruiter,A,16253,C21,C,64.605,41.424,-24.794,1.208
VHL,9L6F,A1L,203,1,4638.632,Peptide-like Recruiter,A,16254,C22,C,65.085,41.314,-23.466,18.114
VHL,9L6F,A1L,203,1,4638.632,Peptide-like Recruiter,A,16255,N6,N,64.469,42.152,-22.627,31.714
VHL,9L6F,A1L,203,1,4638.632,Peptide-like Recruiter,A,16256,N7,N,63.594,42.8,-23.406,27.34
VHL,9L6F,A1L,203,1,4638.632,Peptide-like Recruiter,A,16257,C23,C,67.174,40.075,-26.566,1.208
VHL,9L6F,A1L,203,1,4638.632,Peptide-like Recruiter,A,16258,C24,C,67.545,41.477,-26.897,7.246
VHL,9L6F,A1L,203,1,4638.632,Peptide-like Recruiter,A,16259,C25,C,67.971,41.893,-28.269,37.436
VHL,9L6F,A1L,203,1,4638.632,Peptide-like Recruiter,A,16260,C26,C,68.961,41.898,-27.146,42.267
VHL,9L6F,A1L,203,1,4638.632,Peptide-like Recruiter,A,16261,C27,C,68.099,39.056,-26.699,6.038
VHL,9L6F,A1L,203,1,4638.632,Peptide-like Recruiter,A,16262,C28,C,67.797,37.744,-26.394,7.246
VHL,9L6F,A1L,203,1,4638.632,Peptide-like Recruiter,A,16263,C29,C,66.535,37.43,-25.92,3.623
VHL,9L6F,A1L,203,1,4638.632,Peptide-like Recruiter,A,16264,N8,N,66.202,36.167,-25.612,2.187
VHL,9L6F,A1L,203,1,4638.632,Peptide-like Recruiter,A,16265,C30,C,67.126,35.212,-25.77,4.831
VHL,9L6F,A1L,203,1,4638.632,Peptide-like Recruiter,A,16266,N9,N,68.365,35.42,-26.202,3.281
VHL,9L6F,A1L,203,1,4638.632,Peptide-like Recruiter,A,16267,C31,C,68.688,36.682,-26.505,6.038
VHL,9L6F,A1L,203,1,4638.632,Peptide-like Recruiter,A,16269,C32,C,70.738,37.98,-27.322,15.699
VHL,9L6F,A1L,203,1,4638.632,Peptide-like Recruiter,A,16270,C33,C,72.113,37.461,-26.969,22.945
VHL,9L6F,A1L,203,1,4638.632,Peptide-like Recruiter,A,16271,N11,N,72.104,36.927,-25.575,26.246
VHL,9L6F,A1L,203,1,4638.632,Peptide-like Recruiter,A,16272,C34,C,71.603,35.531,-25.661,33.814
VHL,9L6F,A1L,203,1,4638.632,Peptide-like Recruiter,A,16273,C35,C,70.925,35.62,-27.002,14.492
VHL,9L6F,A1L,203,1,4638.632,Peptide-like Recruiter,A,16274,C36,C,72.093,36.187,-27.77,37.436
VHL,9L6F,A1L,203,1,4638.632,Peptide-like Recruiter,A,16275,O3,O,66.876,33.879,-25.462,12.858
VHL,9L6F,A1L,203,1,4638.632,Peptide-like Recruiter,A,16276,C37,C,65.58,33.482,-25.898,3.623
VHL,9L6F,A1L,203,1,4638.632,Peptide-like Recruiter,A,16277,C38,C,65.724,32.134,-26.569,28.983
VHL,9L6F,A1L,203,1,4638.632,Peptide-like Recruiter,A,16278,C39,C,64.378,31.467,-26.792,38.644
VHL,9L6F,A1L,203,1,4638.632,Peptide-like Recruiter,A,16279,O4,O,63.596,31.39,-25.604,25.715
VHL,9L6F,A1L,203,1,4638.632,Peptide-like Recruiter,A,16280,C40,C,63.388,32.661,-25.001,38.644
VHL,9L6F,A1L,203,1,4638.632,Peptide-like Recruiter,A,16281,C41,C,64.704,33.329,-24.668,19.322
VHL,9L6F,A1L,203,1,4638.632,Peptide-like Recruiter,A,16282,C42,C,62.065,38.957,-23.759,9.661
VHL,9L6F,A1L,203,1,4638.632,Peptide-like Recruiter,A,16283,C43,C,60.863,39.055,-23.09,18.114
VHL,9L6F,A1L,203,1,4638.632,Peptide-like Recruiter,A,16284,C44,C,58.276,39.107,-21.684,8.453
VHL,9L6F,A1L,203,1,4638.632,Peptide-like Recruiter,A,16285,C45,C,55.935,40.883,-21.159,3.623
VHL,9L6F,A1L,203,1,4638.632,Peptide-like Recruiter,A,16286,C46,C,56.8,41.86,-20.397,50.72
VHL,9L6F,A1L,203,1,4638.632,Peptide-like Recruiter,A,16287,C47,C,54.503,41.374,-21.221,44.682
VHL,9L6F,A1L,203,1,4638.632,Peptide-like Recruiter,A,16288,O5,O,55.54,38.342,-22.63,24.644
VHL,9L6F,A1L,203,1,4638.632,Peptide-like Recruiter,A,16289,C48,C,53.842,37.966,-19.463,19.322
VHL,9L6F,A1L,203,1,4638.632,Peptide-like Recruiter,A,16290,C49,C,53.311,36.583,-19.154,20.53
VHL,9L6F,A1L,203,1,4638.632,Peptide-like Recruiter,A,16291,O6,O,54.381,35.705,-18.799,41.787
VHL,9L6F,A1L,203,1,4638.632,Peptide-like Recruiter,A,16292,C50,C,52.701,36.138,-20.465,20.53
VHL,9L6F,A1L,203,1,4638.632,Peptide-like Recruiter,A,16293,O7,O,52.219,38.554,-22.54,20.358
VHL,9L6F,A1L,203,1,4638.632,Peptide-like Recruiter,A,16294,C51,C,50.102,36.47,-24.362,1.208
VHL,9L6F,A1L,203,1,4638.632,Peptide-like Recruiter,A,16295,C52,C,49.144,36.369,-25.348,19.322
VHL,9L6F,A1L,203,1,4638.632,Peptide-like Recruiter,A,16296,C53,C,47.857,36.002,-25.02,15.699
VHL,9L6F,A1L,203,1,4638.632,Peptide-like Recruiter,A,16297,C54,C,47.501,35.735,-23.711,4.831
VHL,9L6F,A1L,203,1,4638.632,Peptide-like Recruiter,A,16298,C55,C,46.155,35.338,-23.337,6.038
VHL,9L6F,A1L,203,1,4638.632,Peptide-like Recruiter,A,16299,C56,C,45.046,34.997,-24.097,6.038
VHL,9L6F,A1L,203,1,4638.632,Peptide-like Recruiter,A,16300,C57,C,44.924,34.961,-25.564,55.551
VHL,9L6F,A1L,203,1,4638.632,Peptide-like Recruiter,A,16301,N12,N,43.927,34.654,-23.385,22.965
VHL,9L6F,A1L,203,1,4638.632,Peptide-like Recruiter,A,16302,C58,C,44.167,34.723,-22.095,39.852
VHL,9L6F,A1L,203,1,4638.632,Peptide-like Recruiter,A,16303,S1,S,45.754,35.207,-21.665,41.177
VHL,9L6F,A1L,203,1,4638.632,Peptide-like Recruiter,A,16304,C59,C,48.461,35.836,-22.733,19.322
VHL,9L6F,A1L,203,1,4638.632,Peptide-like Recruiter,A,16305,C60,C,49.745,36.201,-23.061,10.869
VHL,5NVX,4YY,301,1,2131.068,Peptide-like Recruiter,A,10633,CAO,C,10.201,56.78,96.896,16.907
VHL,5NVX,4YY,301,1,2131.068,Peptide-like Recruiter,A,10634,CAP,C,9.72,57.501,95.646,6.038
VHL,5NVX,4YY,301,1,2131.068,Peptide-like Recruiter,A,10635,CBJ,C,10.112,56.043,95.563,1.208
VHL,5NVX,4YY,301,1,2131.068,Peptide-like Recruiter,A,10636,FAI,F,9.157,55.198,95.446,26.912
VHL,5NVX,4YY,301,1,2131.068,Peptide-like Recruiter,A,10642,CAD,C,13.175,52.479,95.471,27.775
VHL,5NVX,4YY,301,1,2131.068,Peptide-like Recruiter,A,10643,CAB,C,13.807,51.717,93.178,12.076
VHL,5NVX,4YY,301,1,2131.068,Peptide-like Recruiter,A,10644,CAC,C,11.428,51.525,93.944,42.267
VHL,5NVX,4YY,301,1,2131.068,Peptide-like Recruiter,A,10646,OAG,O,10.993,53.736,91.645,12.858
VHL,5NVX,4YY,301,1,2131.068,Peptide-like Recruiter,A,10653,C,C,12.391,53.221,89.035,1.208
VHL,5NVX,4YY,301,1,2131.068,Peptide-like Recruiter,A,10654,O,O,12.846,52.149,89.413,6.429
VHL,5NVX,4YY,301,1,2131.068,Peptide-like Recruiter,A,10655,NAU,N,11.54,53.343,87.988,1.094
VHL,5NVX,4YY,301,1,2131.068,Peptide-like Recruiter,A,10656,CAQ,C,11.068,52.197,87.181,25.36
VHL,5NVX,4YY,301,1,2131.068,Peptide-like Recruiter,A,10657,CBB,C,11.886,51.973,86.02,1.208
VHL,5NVX,4YY,301,1,2131.068,Peptide-like Recruiter,A,10658,CAJ,C,11.807,50.756,85.353,25.36
VHL,5NVX,4YY,301,1,2131.068,Peptide-like Recruiter,A,10659,CAL,C,12.577,50.503,84.213,9.661
VHL,5NVX,4YY,301,1,2131.068,Peptide-like Recruiter,A,10668,CAA,C,12.465,50.016,81.134,37.436
VHL,3ZRC,L8B,1205,1,428.574,Drug-like Recruiter,A,10223,CAA,C,-56.707,-10.935,-5.158,28.983
VHL,3ZRC,L8B,1205,1,428.574,Drug-like Recruiter,A,10224,CAW,C,-56.03,-11.902,-4.246,1.208
VHL,3ZRC,L8B,1205,1,428.574,Drug-like Recruiter,A,10225,CAK,C,-54.789,-11.83,-3.87,20.53
VHL,3ZRC,L8B,1205,1,428.574,Drug-like Recruiter,A,10229,CAM,C,-53.331,-13.262,-2.362,21.737
VHL,3ZRC,L8B,1205,1,428.574,Drug-like Recruiter,A,10230,CAU,C,-53.527,-12.832,-0.935,1.208
VHL,3ZRC,L8B,1205,1,428.574,Drug-like Recruiter,A,10231,OAB,O,-53.323,-11.666,-0.697,19.286
VHL,3ZRC,L8B,1205,1,428.574,Drug-like Recruiter,A,10239,O,O,-52.077,-12.651,1.454,13.929
VHL,3ZRC,L8B,1205,1,428.574,Drug-like Recruiter,A,10240,NAR,N,-53.45,-12.018,3.093,1.094
VHL,3ZRC,L8B,1205,1,428.574,Drug-like Recruiter,A,10241,CAL,C,-52.458,-11.221,3.765,25.36
VHL,3ZRC,L8B,1205,1,428.574,Drug-like Recruiter,A,10242,CAX,C,-52.131,-11.989,4.962,2.415
VHL,3ZRC,L8B,1205,1,428.574,Drug-like Recruiter,A,10245,CAE,C,-50.906,-11.904,5.527,25.36
VHL,3ZRC,L8B,1205,1,428.574,Drug-like Recruiter,A,10246,CAG,C,-50.616,-12.645,6.637,16.907
VHL,3ZRC,L8B,1205,1,428.574,Drug-like Recruiter,A,10247,CAY,C,-51.573,-13.453,7.164,2.415
VHL,3ZRC,L8B,1205,1,428.574,Drug-like Recruiter,A,10249,CAJ,C,-50.532,-13.999,9.266,14.492
VHL,4BKS,X6C,1203,1,1373.872,Peptide-like Recruiter,A,10466,CAA,C,-6.961,33.619,-2.386,28.983
VHL,4BKS,X6C,1203,1,1373.872,Peptide-like Recruiter,A,10467,CAQ,C,-7.104,34.222,-0.954,1.208
VHL,4BKS,X6C,1203,1,1373.872,Peptide-like Recruiter,A,10468,OAB,O,-6.853,35.417,-0.769,23.572
VHL,4BKS,X6C,1203,1,1373.872,Peptide-like Recruiter,A,10476,O,O,-5.292,33.918,1.738,11.786
VHL,4BKS,X6C,1203,1,1373.872,Peptide-like Recruiter,A,10477,NAO,N,-6.6,35.335,2.99,3.281
VHL,4BKS,X6C,1203,1,1373.872,Peptide-like Recruiter,A,10478,CAK,C,-5.514,35.901,3.827,21.737
VHL,4BKS,X6C,1203,1,1373.872,Peptide-like Recruiter,A,10479,CAS,C,-5.217,35.074,4.958,2.415
VHL,4BKS,X6C,1203,1,1373.872,Peptide-like Recruiter,A,10482,CAE,C,-4.017,35.265,5.664,25.36
VHL,4BKS,X6C,1203,1,1373.872,Peptide-like Recruiter,A,10483,CAG,C,-3.716,34.47,6.789,16.907
VHL,4BKS,X6C,1203,1,1373.872,Peptide-like Recruiter,A,10484,CAT,C,-4.607,33.468,7.244,1.208
VHL,4BKS,X6C,1203,1,1373.872,Peptide-like Recruiter,A,10488,NAN,N,-3.484,31.932,10.169,1.094
VHL,4BKS,X6C,1203,1,1373.872,Peptide-like Recruiter,A,10489,CAJ,C,-3.47,32.955,9.302,14.492
VHL,4BKS,X6C,1206,1,1373.872,Peptide-like Recruiter,A,10518,CAA,C,39.025,76.577,-1.88,64.004
VHL,4BKS,X6C,1206,1,1373.872,Peptide-like Recruiter,A,10519,CAQ,C,38.916,77.158,-0.443,6.038
VHL,4BKS,X6C,1206,1,1373.872,Peptide-like Recruiter,A,10520,OAB,O,39.112,78.355,-0.246,38.573
VHL,4BKS,X6C,1206,1,1373.872,Peptide-like Recruiter,A,10522,CD2,C,38.447,74.792,0.465,26.568
VHL,4BKS,X6C,1206,1,1373.872,Peptide-like Recruiter,A,10523,CG,C,37.679,74.468,1.737,16.907
VHL,4BKS,X6C,1206,1,1373.872,Peptide-like Recruiter,A,10524,OD1,O,36.297,74.715,1.603,46.073
VHL,4BKS,X6C,1206,1,1373.872,Peptide-like Recruiter,A,10525,CB,C,38.242,75.427,2.768,18.114
VHL,4BKS,X6C,1206,1,1373.872,Peptide-like Recruiter,A,10526,CA,C,38.587,76.706,2.021,8.453
VHL,4BKS,X6C,1206,1,1373.872,Peptide-like Recruiter,A,10528,O,O,40.873,77.058,2.072,30.001
VHL,4BKS,X6C,1206,1,1373.872,Peptide-like Recruiter,A,10529,NAO,N,39.563,78.11,3.593,13.123
VHL,4BKS,X6C,1206,1,1373.872,Peptide-like Recruiter,A,10530,CAK,C,40.682,78.704,4.36,28.983
VHL,4BKS,X6C,1206,1,1373.872,Peptide-like Recruiter,A,10531,CAS,C,41.03,77.883,5.462,3.623
VHL,4BKS,X6C,1206,1,1373.872,Peptide-like Recruiter,A,10532,CAF,C,40.169,76.873,5.937,12.076
VHL,4BKS,X6C,1206,1,1373.872,Peptide-like Recruiter,A,10533,CAH,C,40.547,76.086,7.033,25.36
VHL,4BKS,X6C,1206,1,1373.872,Peptide-like Recruiter,A,10534,CAE,C,42.266,78.091,6.107,30.191
VHL,4BKS,X6C,1206,1,1373.872,Peptide-like Recruiter,A,10535,CAG,C,42.65,77.283,7.191,26.568
VHL,4BKS,X6C,1206,1,1373.872,Peptide-like Recruiter,A,10536,CAT,C,41.79,76.28,7.672,6.038
VHL,4BKS,X6C,1206,1,1373.872,Peptide-like Recruiter,A,10537,CAU,C,42.118,75.527,8.745,6.038
VHL,4BKS,X6C,1206,1,1373.872,Peptide-like Recruiter,A,10538,OAP,O,41.62,74.28,9.003,17.143
VHL,4BKS,X6C,1206,1,1373.872,Peptide-like Recruiter,A,10539,CAI,C,42.17,73.866,10.205,43.475
VHL,4BKS,X6C,1206,1,1373.872,Peptide-like Recruiter,A,10540,NAN,N,42.947,74.86,10.635,28.433
VHL,4BKS,X6C,1206,1,1373.872,Peptide-like Recruiter,A,10541,CAJ,C,42.916,75.88,9.762,33.814
VHL,9RP9,PGE,201,1,150.174,Fragment Recruiter,A,2778,C1,C,38.161,31.563,12.141,35.021
VHL,9RP9,PGE,201,1,150.174,Fragment Recruiter,A,2779,O1,O,37.009,31.799,12.961,10.715
VHL,9RP9,PGE,201,1,150.174,Fragment Recruiter,A,2780,C2,C,38.06,30.295,11.311,19.322
VHL,9RP9,PGE,201,1,150.174,Fragment Recruiter,A,2781,O2,O,38.235,30.582,9.921,16.072
VHL,9RP9,PGE,201,1,150.174,Fragment Recruiter,A,2782,C3,C,37.692,29.599,9.066,35.021
VHL,9RP9,PGE,201,1,150.174,Fragment Recruiter,A,2783,C4,C,36.171,29.659,9.031,22.945
VHL,9RP9,PGE,201,1,150.174,Fragment Recruiter,A,2784,O4,O,33.272,33.243,9.262,16.072
VHL,9RP9,PGE,201,1,150.174,Fragment Recruiter,A,2785,C6,C,33.795,31.945,9.315,9.661
VHL,9RP9,PGE,201,1,150.174,Fragment Recruiter,A,2786,C5,C,35.282,31.903,9.141,16.907
VHL,9RP9,PGE,201,1,150.174,Fragment Recruiter,A,2787,O3,O,35.658,30.789,8.321,20.358
VHL,4W9H,3JF,301,1,1954.956,Peptide-like Recruiter,A,10577,CAA,C,9.795,56.244,95.088,22.945
VHL,4W9H,3JF,301,1,1954.956,Peptide-like Recruiter,A,10578,CAV,C,11.105,55.649,94.539,1.208
VHL,4W9H,3JF,301,1,1954.956,Peptide-like Recruiter,A,10580,NAT,N,10.983,54.468,93.902,1.094
VHL,4W9H,3JF,301,1,1954.956,Peptide-like Recruiter,A,10583,CAD,C,12.577,52.36,95.312,28.983
VHL,4W9H,3JF,301,1,1954.956,Peptide-like Recruiter,A,10584,CAE,C,13.396,51.584,93.092,12.076
VHL,4W9H,3JF,301,1,1954.956,Peptide-like Recruiter,A,10585,CAC,C,10.936,51.485,93.675,44.682
VHL,4W9H,3JF,301,1,1954.956,Peptide-like Recruiter,A,10587,OAH,O,10.642,53.641,91.356,11.786
VHL,4W9H,3JF,301,1,1954.956,Peptide-like Recruiter,A,10595,O,O,12.449,51.93,89.156,7.5
VHL,4W9H,3JF,301,1,1954.956,Peptide-like Recruiter,A,10596,NAS,N,11.216,53.128,87.681,1.094
VHL,4W9H,3JF,301,1,1954.956,Peptide-like Recruiter,A,10597,CAO,C,10.775,51.946,86.936,25.36
VHL,4W9H,3JF,301,1,1954.956,Peptide-like Recruiter,A,10598,CAY,C,11.579,51.775,85.766,2.415
VHL,4W9H,3JF,301,1,1954.956,Peptide-like Recruiter,A,10601,CAJ,C,11.553,50.539,85.117,25.36
VHL,4W9H,3JF,301,1,1954.956,Peptide-like Recruiter,A,10602,CAL,C,12.315,50.298,83.974,7.246
VHL,4W9H,3JF,301,1,1954.956,Peptide-like Recruiter,A,10603,CBA,C,13.145,51.29,83.427,1.208
VHL,4W9H,3JF,301,1,1954.956,Peptide-like Recruiter,A,10609,CAB,C,12.032,49.944,80.921,36.229
VHL,4W9D,3JK,301,1,413.603,Drug-like Recruiter,A,10536,CAB,C,11.436,52.187,94.26,45.89
VHL,4W9D,3JK,301,1,413.603,Drug-like Recruiter,A,10538,CAC,C,13.799,51.935,93.395,14.492
VHL,4W9D,3JK,301,1,413.603,Drug-like Recruiter,A,10539,CAD,C,13.363,52.896,95.717,31.398
VHL,4W9D,3JK,301,1,413.603,Drug-like Recruiter,A,10540,CAN,C,12.806,54.227,93.726,4.831
VHL,4W9D,3JK,301,1,413.603,Drug-like Recruiter,A,10542,OAE,O,11.142,54.089,91.966,12.858
VHL,4W9D,3JK,301,1,413.603,Drug-like Recruiter,A,10550,O,O,12.864,52.417,89.498,6.429
VHL,4W9D,3JK,301,1,413.603,Drug-like Recruiter,A,10551,NAR,N,11.45,53.637,88.194,1.094
VHL,4W9D,3JK,301,1,413.603,Drug-like Recruiter,A,10552,CAM,C,10.973,52.461,87.435,26.568
VHL,4W9D,3JK,301,1,413.603,Drug-like Recruiter,A,10553,CAV,C,11.791,52.231,86.266,1.208
VHL,4W9D,3JK,301,1,413.603,Drug-like Recruiter,A,10554,CAI,C,11.542,51.097,85.465,27.775
VHL,4W9D,3JK,301,1,413.603,Drug-like Recruiter,A,10555,CAK,C,12.311,50.806,84.327,10.869
VHL,4W9D,3JK,301,1,413.603,Drug-like Recruiter,A,10564,CAA,C,12.514,50.262,81.176,32.606
VHL,6FMK,DV8,301,1,1915.176,Peptide-like Recruiter,A,10783,CAA,C,10.551,55.66,96.527,49.513
VHL,6FMK,DV8,301,1,1915.176,Peptide-like Recruiter,A,10785,OAD,O,12.083,56.733,95.025,3.214
VHL,6FMK,DV8,301,1,1915.176,Peptide-like Recruiter,A,10786,NAR,N,11.934,54.45,94.942,6.562
VHL,6FMK,DV8,301,1,1915.176,Peptide-like Recruiter,A,10788,CAC,C,13.494,52.838,93.958,26.568
VHL,6FMK,DV8,301,1,1915.176,Peptide-like Recruiter,A,10790,SAG,S,10.687,54.15,92.304,29.596
VHL,6FMK,DV8,301,1,1915.176,Peptide-like Recruiter,A,10798,SAF,S,12.726,52.257,89.79,18.015
VHL,6FMK,DV8,301,1,1915.176,Peptide-like Recruiter,A,10799,NAQ,N,11.36,53.901,88.176,1.094
VHL,6FMK,DV8,301,1,1915.176,Peptide-like Recruiter,A,10800,CAM,C,10.864,52.767,87.379,24.153
VHL,6FMK,DV8,301,1,1915.176,Peptide-like Recruiter,A,10801,CAX,C,11.679,52.57,86.23,3.623
VHL,6FMK,DV8,301,1,1915.176,Peptide-like Recruiter,A,10803,CAK,C,13.239,53.322,84.514,1.208
VHL,6FMK,DV8,301,1,1915.176,Peptide-like Recruiter,A,10804,CAH,C,11.71,51.3,85.633,22.945
VHL,6FMK,DV8,301,1,1915.176,Peptide-like Recruiter,A,10805,CAJ,C,12.494,51.042,84.502,9.661
VHL,6FMK,DV8,301,1,1915.176,Peptide-like Recruiter,A,10806,CAY,C,13.264,52.056,83.917,1.208
VHL,6FMK,DV8,301,1,1915.176,Peptide-like Recruiter,A,10812,CAB,C,12.372,50.532,81.355,37.436
VHL,8BDJ,QE0,301,1,522.127,Peptide-like Recruiter,A,10821,C13,C,4.481,-33.185,-1.839,28.983
VHL,8BDJ,QE0,301,1,522.127,Peptide-like Recruiter,A,10822,C14,C,5.342,-33.392,-4.221,42.267
VHL,8BDJ,QE0,301,1,522.127,Peptide-like Recruiter,A,10823,C15,C,7.925,-35.515,-3.465,13.284
VHL,8BDJ,QE0,301,1,522.127,Peptide-like Recruiter,A,10824,C16,C,9.131,-35.762,-4.16,2.415
VHL,8BDJ,QE0,301,1,522.127,Peptide-like Recruiter,A,10825,C19,C,9.564,-37.023,-4.833,26.568
VHL,8BDJ,QE0,301,1,522.127,Peptide-like Recruiter,A,10826,C22,C,5.322,-35.741,3.446,2.415
VHL,8BDJ,QE0,301,1,522.127,Peptide-like Recruiter,A,10827,C24,C,4.896,-34.958,4.67,1.208
VHL,8BDJ,QE0,301,1,522.127,Peptide-like Recruiter,A,10828,C27,C,4.148,-33.441,6.859,2.415
VHL,8BDJ,QE0,301,1,522.127,Peptide-like Recruiter,A,10829,C32,C,1.783,-36.614,5.279,28.983
VHL,8BDJ,QE0,301,1,522.127,Peptide-like Recruiter,A,10830,C33,C,1.619,-37.961,4.623,31.398
VHL,8BDJ,QE0,301,1,522.127,Peptide-like Recruiter,A,10831,C35,C,1.295,-37.246,2.345,56.759
VHL,8BDJ,QE0,301,1,522.127,Peptide-like Recruiter,A,10836,O9,O,6.837,-34.982,-0.534,10.715
VHL,8BDJ,QE0,301,1,522.127,Peptide-like Recruiter,A,10839,N20,N,6.476,-35.091,2.806,1.094
VHL,8BDJ,QE0,301,1,522.127,Peptide-like Recruiter,A,10840,O21,O,5.302,-33.416,1.806,5.357
VHL,8BDJ,QE0,301,1,522.127,Peptide-like Recruiter,A,10841,C23,C,5.655,-37.193,3.796,27.775
VHL,8BDJ,QE0,301,1,522.127,Peptide-like Recruiter,A,10843,C26,C,3.21,-34.265,6.268,13.284
VHL,8BDJ,QE0,301,1,522.127,Peptide-like Recruiter,A,10844,C28,C,5.439,-33.355,6.387,1.208
VHL,8BDJ,QE0,301,1,522.127,Peptide-like Recruiter,A,10845,C29,C,5.808,-34.115,5.296,2.415
VHL,8BDJ,QE0,301,1,522.127,Peptide-like Recruiter,A,10846,CL30,CL,3.687,-32.499,8.251,8.728
VHL,8BDJ,QE0,301,1,522.127,Peptide-like Recruiter,A,10847,O31,O,2.733,-35.843,4.519,3.214
VHL,8BDJ,QE0,301,1,522.127,Peptide-like Recruiter,A,10848,O34,O,0.743,-37.883,3.514,24.644
VHL,9QE5,A1I,301,1,2179.112,Peptide-like Recruiter,A,10647,O,O,7.153,-34.216,-0.576,7.5
VHL,9QE5,A1I,301,1,2179.112,Peptide-like Recruiter,A,10648,CB,C,5.741,-31.905,-2.401,2.415
VHL,9QE5,A1I,301,1,2179.112,Peptide-like Recruiter,A,10649,CAA,C,4.535,-32.848,-2.365,24.153
VHL,9QE5,A1I,301,1,2179.112,Peptide-like Recruiter,A,10650,CAB,C,4.667,-33.881,-3.476,33.814
VHL,9QE5,A1I,301,1,2179.112,Peptide-like Recruiter,A,10651,CAC,C,6.037,-34.601,-3.454,15.699
VHL,9QE5,A1I,301,1,2179.112,Peptide-like Recruiter,A,10654,CAJ,C,9.341,-35.086,-6.134,7.246
VHL,9QE5,A1I,301,1,2179.112,Peptide-like Recruiter,A,10655,CAK,C,7.928,-35.527,-6.024,36.229
VHL,9QE5,A1I,301,1,2179.112,Peptide-like Recruiter,A,10661,CAX,C,5.267,-35.027,3.753,8.453
VHL,9QE5,A1I,301,1,2179.112,Peptide-like Recruiter,A,10662,CAY,C,4.98,-34.181,5.026,1.208
VHL,9QE5,A1I,301,1,2179.112,Peptide-like Recruiter,A,10663,CAZ,C,5.456,-36.52,4.156,45.89
VHL,9QE5,A1I,301,1,2179.112,Peptide-like Recruiter,A,10664,CBA,C,5.993,-33.36,5.599,2.415
VHL,9QE5,A1I,301,1,2179.112,Peptide-like Recruiter,A,10666,CBC,C,4.501,-32.542,7.424,1.208
VHL,9QE5,A1I,301,1,2179.112,Peptide-like Recruiter,A,10667,CBD,C,3.504,-33.372,6.835,12.076
VHL,9QE5,A1I,301,1,2179.112,Peptide-like Recruiter,A,10668,CBE,C,3.733,-34.164,5.676,24.153
VHL,9QE5,A1I,301,1,2179.112,Peptide-like Recruiter,A,10672,CBK,C,2.777,-33.066,10.232,35.021
VHL,9QE5,A1I,301,1,2179.112,Peptide-like Recruiter,A,10673,FAL,F,9.538,-36.36,-4.187,12.421
VHL,9QE5,A1I,301,1,2179.112,Peptide-like Recruiter,A,10675,NAW,N,6.498,-34.537,3.12,3.281
VHL,9QE5,A1I,301,1,2179.112,Peptide-like Recruiter,A,10679,OAV,O,5.512,-32.755,2.055,6.429
VHL,9OIO,A1C,301,1,242.382,Drug-like Recruiter,A,10411,C4,C,-7.048,-33.141,-3.236,3.623
VHL,9OIO,A1C,301,1,242.382,Drug-like Recruiter,A,10412,C5,C,-6.153,-33.709,-2.354,21.737
VHL,9OIO,A1C,301,1,242.382,Drug-like Recruiter,A,10413,C6,C,-6.283,-33.485,-0.994,8.453
VHL,9OIO,A1C,301,1,242.382,Drug-like Recruiter,A,10416,C10,C,-6.043,-32.747,3.07,10.869
VHL,9OIO,A1C,301,1,242.382,Drug-like Recruiter,A,10417,C11,C,-5.96,-33.823,4.138,25.36
VHL,9OIO,A1C,301,1,242.382,Drug-like Recruiter,A,10418,C13,C,-7.35,-35.5,5.444,10.869
VHL,9OIO,A1C,301,1,242.382,Drug-like Recruiter,A,10419,C14,C,-7.714,-34.938,6.807,30.191
VHL,9OIO,A1C,301,1,242.382,Drug-like Recruiter,A,10420,C15,C,-8.258,-36.658,5.066,28.983
VHL,9OIO,A1C,301,1,242.382,Drug-like Recruiter,A,10421,C16,C,-8.04,-34.657,3.14,2.415
VHL,9OIO,A1C,301,1,242.382,Drug-like Recruiter,A,10422,C17,C,-7.058,-34.72,1.979,13.284
VHL,9OIO,A1C,301,1,242.382,Drug-like Recruiter,A,10425,N9,N,-6.454,-33.363,1.764,1.094
VHL,9F1N,A1H,206,1,664.037,Peptide-like Recruiter,A,4110,C4,C,17.396,-6.683,44.232,18.114
VHL,9F1N,A1H,206,1,664.037,Peptide-like Recruiter,A,4111,C8,C,17.373,-4.785,40.576,19.322
VHL,9F1N,A1H,206,1,664.037,Peptide-like Recruiter,A,4112,C7,C,18.366,-5.662,40.982,2.415
VHL,9F1N,A1H,206,1,664.037,Peptide-like Recruiter,A,4113,C9,C,17.228,-4.485,39.232,6.038
VHL,9F1N,A1H,206,1,664.037,Peptide-like Recruiter,A,4114,C10,C,18.062,-5.049,38.277,3.623
VHL,9F1N,A1H,206,1,664.037,Peptide-like Recruiter,A,4115,C5,C,17.639,-5.538,43.278,27.775
VHL,9F1N,A1H,206,1,664.037,Peptide-like Recruiter,A,4118,C11,C,17.925,-4.685,36.817,12.076
VHL,9F1N,A1H,206,1,664.037,Peptide-like Recruiter,A,4121,C24,C,9.327,-5.425,37.615,15.699
VHL,9F1N,A1H,206,1,664.037,Peptide-like Recruiter,A,4122,C22,C,10.074,-7.312,38.938,28.983
VHL,9F1N,A1H,206,1,664.037,Peptide-like Recruiter,A,4123,C25,C,10.679,-5.348,36.919,8.453
VHL,9F1N,A1H,206,1,664.037,Peptide-like Recruiter,A,4124,C27,C,6.649,-6.002,38.073,3.623
VHL,9F1N,A1H,206,1,664.037,Peptide-like Recruiter,A,4125,O28,O,6.569,-5.029,38.818,42.858
VHL,9F1N,A1H,206,1,664.037,Peptide-like Recruiter,A,4127,C18,C,14.255,-6.316,37.905,7.246
VHL,9F1N,A1H,206,1,664.037,Peptide-like Recruiter,A,4128,C21,C,11.443,-7.278,38.271,10.869
VHL,9F1N,A1H,206,1,664.037,Peptide-like Recruiter,A,4129,C26,C,7.648,-7.102,38.406,6.038
VHL,9F1N,A1H,206,1,664.037,Peptide-like Recruiter,A,4130,C3,C,18.555,-7.074,45.126,20.53
VHL,9F1N,A1H,206,1,664.037,Peptide-like Recruiter,A,4131,C30,C,5.661,-7.406,36.29,1.208
VHL,9F1N,A1H,206,1,664.037,Peptide-like Recruiter,A,4132,C31,C,4.266,-7.483,35.679,15.699
VHL,9F1N,A1H,206,1,664.037,Peptide-like Recruiter,A,4133,C32,C,3.914,-8.76,34.921,9.661
VHL,9F1N,A1H,206,1,664.037,Peptide-like Recruiter,A,4134,C33,C,3.697,-9.975,35.813,14.492
VHL,9F1N,A1H,206,1,664.037,Peptide-like Recruiter,A,4135,C70,C,14.41,-9.406,37.172,6.038
VHL,9F1N,A1H,206,1,664.037,Peptide-like Recruiter,A,4136,C71,C,14.647,-10.665,36.643,6.038
VHL,9F1N,A1H,206,1,664.037,Peptide-like Recruiter,A,4142,C79,C,15.805,-11.565,32.495,6.038
VHL,9F1N,A1H,206,1,664.037,Peptide-like Recruiter,A,4143,C80,C,15.789,-13.869,37.079,9.661
VHL,9F1N,A1H,206,1,664.037,Peptide-like Recruiter,A,4144,C81,C,19.05,-5.926,38.7,7.246
VHL,9F1N,A1H,206,1,664.037,Peptide-like Recruiter,A,4145,C82,C,19.206,-6.234,40.041,1.208
VHL,9F1N,A1H,206,1,664.037,Peptide-like Recruiter,A,4146,N14,N,16.846,-7.331,35.527,3.281
VHL,9F1N,A1H,206,1,664.037,Peptide-like Recruiter,A,4148,N20,N,11.758,-5.876,37.825,4.374
VHL,9F1N,A1H,206,1,664.037,Peptide-like Recruiter,A,4150,N29,N,5.837,-6.161,37.025,14.217
VHL,9F1N,A1H,206,1,664.037,Peptide-like Recruiter,A,4152,O6,O,18.585,-5.99,42.296,4.286
VHL,9F1N,A1H,206,1,664.037,Peptide-like Recruiter,A,4153,O77,O,15.811,-13.767,33.469,1.071
VHL,9F1N,A1H,206,1,664.037,Peptide-like Recruiter,A,4155,C14,C,19.762,-8.859,46.345,33.814
VHL,9F1N,A1H,206,1,664.037,Peptide-like Recruiter,A,4156,C23,C,17.385,-9.153,45.843,48.305
VHL,9DTX,A1B,301,1,921.352,Peptide-like Recruiter,A,3807,C6,C,57.853,18.275,26.099,12.076
VHL,9DTX,A1B,301,1,921.352,Peptide-like Recruiter,A,3808,C7,C,58.28,18.922,24.951,21.737
VHL,9DTX,A1B,301,1,921.352,Peptide-like Recruiter,A,3810,C10,C,59.038,21.629,23.643,43.475
VHL,9DTX,A1B,301,1,921.352,Peptide-like Recruiter,A,3816,C22,C,56.0,26.779,13.462,21.737
VHL,9DTX,A1B,301,1,921.352,Peptide-like Recruiter,A,3817,C24,C,55.232,22.701,11.874,1.208
VHL,9DTX,A1B,301,1,921.352,Peptide-like Recruiter,A,3818,C26,C,56.865,21.382,10.575,7.246
VHL,9DTX,A1B,301,1,921.352,Peptide-like Recruiter,A,3819,C28,C,57.991,20.596,7.018,24.153
VHL,9DTX,A1B,301,1,921.352,Peptide-like Recruiter,A,3820,C1,C,58.266,18.052,29.299,32.606
VHL,9DTX,A1B,301,1,921.352,Peptide-like Recruiter,A,3824,C9,C,58.034,20.573,23.126,6.038
VHL,9DTX,A1B,301,1,921.352,Peptide-like Recruiter,A,3825,N2,N,56.923,21.228,22.449,1.094
VHL,9DTX,A1B,301,1,921.352,Peptide-like Recruiter,A,3827,O1,O,56.456,19.46,21.176,5.357
VHL,9DTX,A1B,301,1,921.352,Peptide-like Recruiter,A,3832,O3,O,56.932,21.547,18.919,13.929
VHL,9DTX,A1B,301,1,921.352,Peptide-like Recruiter,A,3834,C19,C,56.553,22.628,15.749,10.869
VHL,9DTX,A1B,301,1,921.352,Peptide-like Recruiter,A,3835,O4,O,56.604,24.674,14.35,9.643
VHL,9DTX,A1B,301,1,921.352,Peptide-like Recruiter,A,3836,C23,C,56.449,24.826,11.917,15.699
VHL,9DTX,A1B,301,1,921.352,Peptide-like Recruiter,A,3837,N4,N,56.548,23.362,11.848,1.094
VHL,9DTX,A1B,301,1,921.352,Peptide-like Recruiter,A,3838,C25,C,55.482,21.284,11.295,6.038
VHL,9DTX,A1B,301,1,921.352,Peptide-like Recruiter,A,3839,N5,N,56.816,20.849,9.197,5.468
VHL,9DTX,A1B,301,1,921.352,Peptide-like Recruiter,A,3840,C27,C,58.037,21.197,8.436,22.945
VHL,9DTX,A1B,301,1,921.352,Peptide-like Recruiter,A,3841,N6,N,57.868,19.12,7.071,3.281
VHL,9DTX,A1B,301,1,921.352,Peptide-like Recruiter,A,3842,C29,C,57.989,18.416,5.859,3.623
VHL,9DTX,A1B,301,1,921.352,Peptide-like Recruiter,A,3843,C30,C,58.579,18.943,4.704,16.907
VHL,9DTX,A1B,301,1,921.352,Peptide-like Recruiter,A,3844,C31,C,58.647,18.141,3.542,6.038
VHL,9DTX,A1B,301,1,921.352,Peptide-like Recruiter,A,3845,C32,C,59.247,18.642,2.274,6.038
VHL,9DTX,A1B,301,1,921.352,Peptide-like Recruiter,A,3846,C33,C,59.494,20.018,2.111,20.53
VHL,9DTX,A1B,301,1,921.352,Peptide-like Recruiter,A,3847,C34,C,60.051,20.496,0.949,33.814
VHL,9DTX,A1B,301,1,921.352,Peptide-like Recruiter,A,3848,C35,C,60.34,19.619,-0.077,33.814
VHL,9DTX,A1B,301,1,921.352,Peptide-like Recruiter,A,3849,C36,C,60.094,18.269,0.052,32.606
VHL,9DTX,A1B,301,1,921.352,Peptide-like Recruiter,A,3850,C37,C,59.54,17.767,1.217,4.831
VHL,9DTX,A1B,301,1,921.352,Peptide-like Recruiter,A,3851,O5,O,59.306,16.437,1.289,37.501
VHL,9DTX,A1B,301,1,921.352,Peptide-like Recruiter,A,3852,N7,N,58.155,16.91,3.559,9.842
VHL,9DTX,A1B,301,1,921.352,Peptide-like Recruiter,A,3853,N8,N,57.609,16.419,4.613,21.872
VHL,9DTX,A1B,301,1,921.352,Peptide-like Recruiter,A,3854,C38,C,57.497,17.097,5.755,7.246
VHL,9DTX,A1B,301,1,921.352,Peptide-like Recruiter,A,3855,N9,N,56.89,16.467,6.854,25.153
VHL,9DTX,A1B,301,1,921.352,Peptide-like Recruiter,A,3856,C39,C,56.562,17.234,8.072,35.021
VHL,9DTX,A1B,301,1,921.352,Peptide-like Recruiter,A,3857,C40,C,56.66,18.757,7.846,12.076
VHL,9DTX,A1B,301,1,921.352,Peptide-like Recruiter,A,3858,C41,C,56.719,19.383,9.248,19.322
VHL,9DTX,A1B,301,1,921.352,Peptide-like Recruiter,A,3859,C42,C,57.153,22.896,10.605,22.945
VHL,9DTX,A1B,301,1,921.352,Peptide-like Recruiter,A,3862,C43,C,56.607,19.783,16.669,4.831
VHL,9DTX,A1B,301,1,921.352,Peptide-like Recruiter,A,3863,C44,C,56.298,19.362,15.222,27.775
VHL,9DTX,A1B,301,1,921.352,Peptide-like Recruiter,A,3864,C45,C,56.651,18.513,17.536,28.983
VHL,9DTX,A1B,301,1,921.352,Peptide-like Recruiter,A,3865,C46,C,56.264,20.237,24.906,1.208
VHL,5NVV,9BT,301,1,2018.952,Peptide-like Recruiter,A,10633,CAA,C,12.48,50.004,81.118,36.229
VHL,5NVV,9BT,301,1,2018.952,Peptide-like Recruiter,A,10640,CAM,C,12.636,50.44,84.171,8.453
VHL,5NVV,9BT,301,1,2018.952,Peptide-like Recruiter,A,10641,CAK,C,11.866,50.702,85.305,25.36
VHL,5NVV,9BT,301,1,2018.952,Peptide-like Recruiter,A,10644,CAZ,C,11.93,51.924,85.973,1.208
VHL,5NVV,9BT,301,1,2018.952,Peptide-like Recruiter,A,10645,CAP,C,11.112,52.1,87.099,25.36
VHL,5NVV,9BT,301,1,2018.952,Peptide-like Recruiter,A,10646,NAT,N,11.594,53.242,87.913,1.094
VHL,5NVV,9BT,301,1,2018.952,Peptide-like Recruiter,A,10648,O,O,12.836,52.024,89.34,7.5
VHL,5NVV,9BT,301,1,2018.952,Peptide-like Recruiter,A,10656,OAG,O,11.027,53.601,91.568,12.858
VHL,5NVV,9BT,301,1,2018.952,Peptide-like Recruiter,A,10659,CAC,C,11.385,51.492,93.896,43.475
VHL,5NVV,9BT,301,1,2018.952,Peptide-like Recruiter,A,10660,CAD,C,13.196,52.388,95.41,28.983
VHL,5NVV,9BT,301,1,2018.952,Peptide-like Recruiter,A,10661,CAB,C,13.77,51.552,93.111,13.284
VHL,5NVV,9BT,301,1,2018.952,Peptide-like Recruiter,A,10662,NAU,N,11.416,54.408,94.095,2.187
VHL,5NVV,9BT,301,1,2018.952,Peptide-like Recruiter,A,10665,CAO,C,10.05,55.947,95.265,27.775
VHL,5NVV,9BT,301,1,2018.952,Peptide-like Recruiter,A,10666,OAH,O,10.246,57.185,95.942,8.572
VHL,8YMB,A1L,304,1,1024.582,Peptide-like Recruiter,A,7007,N6,N,13.85,35.31,-14.825,20.778
VHL,8YMB,A1L,304,1,1024.582,Peptide-like Recruiter,A,7008,C8,C,8.907,29.744,-24.333,20.53
VHL,8YMB,A1L,304,1,1024.582,Peptide-like Recruiter,A,7009,O3,O,4.852,29.769,-22.273,7.5
VHL,8YMB,A1L,304,1,1024.582,Peptide-like Recruiter,A,7010,N4,N,10.79,35.481,-19.156,18.591
VHL,8YMB,A1L,304,1,1024.582,Peptide-like Recruiter,A,7011,C7,C,9.375,29.137,-25.522,4.831
VHL,8YMB,A1L,304,1,1024.582,Peptide-like Recruiter,A,7012,N5,N,14.623,35.095,-13.762,26.246
VHL,8YMB,A1L,304,1,1024.582,Peptide-like Recruiter,A,7015,C5,C,8.726,27.031,-24.71,1.208
VHL,8YMB,A1L,304,1,1024.582,Peptide-like Recruiter,A,7016,C4,C,8.262,27.637,-23.524,1.208
VHL,8YMB,A1L,304,1,1024.582,Peptide-like Recruiter,A,7020,O1,O,4.049,29.564,-18.978,3.214
VHL,8YMB,A1L,304,1,1024.582,Peptide-like Recruiter,A,7022,N7,N,13.565,33.149,-14.116,1.094
VHL,8YMB,A1L,304,1,1024.582,Peptide-like Recruiter,A,7023,N8,N,10.925,33.673,-15.574,4.374
VHL,8YMB,A1L,304,1,1024.582,Peptide-like Recruiter,A,7025,C1,C,8.572,31.837,-19.204,8.453
VHL,8YMB,A1L,304,1,1024.582,Peptide-like Recruiter,A,7031,C21,C,1.815,31.243,-20.949,18.114
VHL,8YMB,A1L,304,1,1024.582,Peptide-like Recruiter,A,7033,C23,C,12.151,28.083,-27.402,32.606
VHL,8YMB,A1L,304,1,1024.582,Peptide-like Recruiter,A,7034,C24,C,15.216,33.347,-12.181,55.551
VHL,8YMB,A1L,304,1,1024.582,Peptide-like Recruiter,A,7036,C14,C,-0.088,31.285,-19.321,22.945
VHL,8YMB,A1L,304,1,1024.582,Peptide-like Recruiter,A,7037,C15,C,2.16,32.017,-18.693,33.814
VHL,8YMB,A1L,304,1,1024.582,Peptide-like Recruiter,A,7042,C25,C,10.392,29.228,-14.861,16.907
VHL,8YMB,A1L,304,1,1024.582,Peptide-like Recruiter,A,7043,C26,C,13.046,27.952,-14.033,36.229
VHL,8YMB,A1L,304,1,1024.582,Peptide-like Recruiter,A,7044,C27,C,8.848,31.688,-13.392,12.076
VHL,8YMB,A1L,304,1,1024.582,Peptide-like Recruiter,A,7045,C28,C,7.511,31.71,-12.936,19.322
VHL,8YMB,A1L,304,1,1024.582,Peptide-like Recruiter,A,7046,C29,C,6.554,32.61,-13.45,2.415
VHL,8YMB,A1L,304,1,1024.582,Peptide-like Recruiter,A,7047,C30,C,7.011,33.476,-14.45,27.775
VHL,8YMB,A1L,304,1,1024.582,Peptide-like Recruiter,A,7048,C31,C,8.334,33.436,-14.896,10.869
VHL,8YMB,A1L,304,1,1024.582,Peptide-like Recruiter,A,7049,C32,C,11.448,34.598,-18.455,6.038
VHL,8YMB,A1L,304,1,1024.582,Peptide-like Recruiter,A,7050,C33,C,12.238,35.059,-17.169,25.36
VHL,8YMB,A1L,304,1,1024.582,Peptide-like Recruiter,A,7051,C34,C,9.308,32.554,-14.403,3.623
VHL,8YMB,A1L,304,1,1024.582,Peptide-like Recruiter,A,7052,C35,C,11.633,30.031,-14.532,4.831
VHL,8YMB,A1L,304,1,1024.582,Peptide-like Recruiter,A,7053,C36,C,12.796,29.414,-14.168,6.038
VHL,8YMB,A1L,304,1,1024.582,Peptide-like Recruiter,A,7054,C37,C,14.457,33.808,-13.342,8.453
VHL,8YMB,A1L,304,1,1024.582,Peptide-like Recruiter,A,7055,C38,C,13.214,34.139,-15.043,6.038
VHL,8YMB,A1L,304,1,1024.582,Peptide-like Recruiter,A,7056,C39,C,12.255,33.887,-16.113,2.415
VHL,8YMB,A1L,304,1,1024.582,Peptide-like Recruiter,A,7057,C40,C,10.682,32.569,-14.914,2.415
VHL,8YMB,A1L,304,1,1024.582,Peptide-like Recruiter,A,7058,C41,C,11.687,31.427,-14.578,1.208
VHL,8YMB,A1L,304,1,1024.582,Peptide-like Recruiter,A,7059,C42,C,13.006,31.854,-14.199,2.415
VHL,8YMB,A1L,304,1,1024.582,Peptide-like Recruiter,A,7060,C43,C,8.893,29.792,-20.932,13.284
VHL,8YMB,A1L,304,1,1024.582,Peptide-like Recruiter,A,7061,C44,C,8.445,30.297,-19.514,6.038
VHL,8YMB,A1L,304,1,1024.582,Peptide-like Recruiter,A,7062,C45,C,4.277,31.735,-13.558,12.076
VHL,8YMB,A1L,304,1,1024.582,Peptide-like Recruiter,A,7064,C47,C,2.152,29.998,-14.604,2.415
VHL,8YMB,A1L,304,1,1024.582,Peptide-like Recruiter,A,7065,C48,C,1.234,28.848,-15.161,1.208
VHL,8YMB,A1L,304,1,1024.582,Peptide-like Recruiter,A,7066,C49,C,1.015,28.771,-16.705,1.208
VHL,8YMB,A1L,304,1,1024.582,Peptide-like Recruiter,A,7067,C50,C,10.017,35.198,-20.348,35.021
VHL,8YMB,A1L,304,1,1024.582,Peptide-like Recruiter,A,7068,C51,C,8.664,34.367,-20.144,30.191
VHL,8YMB,A1L,304,1,1024.582,Peptide-like Recruiter,A,7069,C52,C,8.707,32.813,-20.432,12.076
VHL,8YMB,A1L,304,1,1024.582,Peptide-like Recruiter,A,7070,C53,C,3.741,30.645,-12.555,22.945
VHL,8YMB,A1L,304,1,1024.582,Peptide-like Recruiter,A,7071,O4,O,5.238,32.646,-12.999,17.143
VHL,8YMB,A1L,304,1,1024.582,Peptide-like Recruiter,A,7072,O5,O,11.422,33.432,-18.811,19.286
VHL,8YMB,A1L,304,1,1024.582,Peptide-like Recruiter,A,7075,S2,S,14.045,30.498,-13.852,33.457
VHL,4W9D,3JK,301,1,1654.412,Peptide-like Recruiter,A,10536,CAB,C,11.436,52.187,94.26,45.89
VHL,4W9D,3JK,301,1,1654.412,Peptide-like Recruiter,A,10538,CAC,C,13.799,51.935,93.395,14.492
VHL,4W9D,3JK,301,1,1654.412,Peptide-like Recruiter,A,10539,CAD,C,13.363,52.896,95.717,31.398
VHL,4W9D,3JK,301,1,1654.412,Peptide-like Recruiter,A,10540,CAN,C,12.806,54.227,93.726,4.831
VHL,4W9D,3JK,301,1,1654.412,Peptide-like Recruiter,A,10542,OAE,O,11.142,54.089,91.966,12.858
VHL,4W9D,3JK,301,1,1654.412,Peptide-like Recruiter,A,10550,O,O,12.864,52.417,89.498,6.429
VHL,4W9D,3JK,301,1,1654.412,Peptide-like Recruiter,A,10551,NAR,N,11.45,53.637,88.194,1.094
VHL,4W9D,3JK,301,1,1654.412,Peptide-like Recruiter,A,10552,CAM,C,10.973,52.461,87.435,26.568
VHL,4W9D,3JK,301,1,1654.412,Peptide-like Recruiter,A,10553,CAV,C,11.791,52.231,86.266,1.208
VHL,4W9D,3JK,301,1,1654.412,Peptide-like Recruiter,A,10554,CAI,C,11.542,51.097,85.465,27.775
VHL,4W9D,3JK,301,1,1654.412,Peptide-like Recruiter,A,10555,CAK,C,12.311,50.806,84.327,10.869
VHL,4W9D,3JK,301,1,1654.412,Peptide-like Recruiter,A,10564,CAA,C,12.514,50.262,81.176,32.606
VHL,8CQL,VH3,301,1,594.81,Peptide-like Recruiter,A,10368,C07,C,54.712,28.768,-40.838,3.623
VHL,8CQL,VH3,301,1,594.81,Peptide-like Recruiter,A,10370,C09,C,53.93,27.225,-38.963,3.623
VHL,8CQL,VH3,301,1,594.81,Peptide-like Recruiter,A,10371,C11,C,54.283,25.008,-39.679,49.513
VHL,8CQL,VH3,301,1,594.81,Peptide-like Recruiter,A,10372,C12,C,53.101,26.965,-37.867,2.415
VHL,8CQL,VH3,301,1,594.81,Peptide-like Recruiter,A,10374,C16,C,52.988,26.483,-34.639,30.191
VHL,8CQL,VH3,301,1,594.81,Peptide-like Recruiter,A,10376,C23,C,56.161,28.967,-40.401,37.436
VHL,8CQL,VH3,301,1,594.81,Peptide-like Recruiter,A,10378,C29,C,51.956,28.799,-46.742,9.661
VHL,8CQL,VH3,301,1,594.81,Peptide-like Recruiter,A,10379,C30,C,54.311,28.643,-47.671,42.267
VHL,8CQL,VH3,301,1,594.81,Peptide-like Recruiter,A,10380,C31,C,52.441,29.578,-49.113,26.568
VHL,8CQL,VH3,301,1,594.81,Peptide-like Recruiter,A,10381,C33,C,54.524,32.818,-48.275,1.208
VHL,8CQL,VH3,301,1,594.81,Peptide-like Recruiter,A,10382,C34,C,55.797,33.335,-48.967,1.208
VHL,8CQL,VH3,301,1,594.81,Peptide-like Recruiter,A,10383,C36,C,55.978,34.855,-48.985,4.831
VHL,8CQL,VH3,301,1,594.81,Peptide-like Recruiter,A,10384,C37,C,55.587,34.114,-50.267,16.907
VHL,8CQL,VH3,301,1,594.81,Peptide-like Recruiter,A,10387,F35,F,56.944,32.601,-48.896,30.017
VHL,8CQL,VH3,301,1,594.81,Peptide-like Recruiter,A,10388,N06,N,54.182,30.005,-41.376,1.094
VHL,8CQL,VH3,301,1,594.81,Peptide-like Recruiter,A,10393,O10,O,54.861,26.256,-39.385,9.643
VHL,8CQL,VH3,301,1,594.81,Peptide-like Recruiter,A,10394,O24,O,53.062,28.979,-43.119,8.572
VHL,8CQL,VH3,301,1,594.81,Peptide-like Recruiter,A,10396,O39,O,54.692,30.609,-45.283,10.715
VHL,3ZTD,ZTD,1205,1,1670.188,Peptide-like Recruiter,A,10292,CAA,C,-56.756,10.635,5.482,33.814
VHL,3ZTD,ZTD,1205,1,1670.188,Peptide-like Recruiter,A,10294,CAK,C,-55.11,11.972,4.089,21.737
VHL,3ZTD,ZTD,1205,1,1670.188,Peptide-like Recruiter,A,10298,CAM,C,-53.974,13.639,2.424,15.699
VHL,3ZTD,ZTD,1205,1,1670.188,Peptide-like Recruiter,A,10300,OAB,O,-53.975,12.093,0.589,13.929
VHL,3ZTD,ZTD,1205,1,1670.188,Peptide-like Recruiter,A,10308,O,O,-52.356,13.6,-1.787,9.643
VHL,3ZTD,ZTD,1205,1,1670.188,Peptide-like Recruiter,A,10309,NAR,N,-53.601,11.966,-2.82,1.094
VHL,3ZTD,ZTD,1205,1,1670.188,Peptide-like Recruiter,A,10310,CAL,C,-52.489,11.166,-3.391,24.153
VHL,3ZTD,ZTD,1205,1,1670.188,Peptide-like Recruiter,A,10311,CAX,C,-51.952,11.735,-4.699,2.415
VHL,3ZTD,ZTD,1205,1,1670.188,Peptide-like Recruiter,A,10312,CAE,C,-52.77,12.508,-5.543,1.208
VHL,3ZTD,ZTD,1205,1,1670.188,Peptide-like Recruiter,A,10313,CAG,C,-52.228,13.017,-6.738,3.623
VHL,3ZTD,ZTD,1205,1,1670.188,Peptide-like Recruiter,A,10314,CAF,C,-50.617,11.485,-5.065,27.775
VHL,3ZTD,ZTD,1205,1,1670.188,Peptide-like Recruiter,A,10315,CAH,C,-50.081,12.0,-6.256,21.737
VHL,3ZTD,ZTD,1205,1,1670.188,Peptide-like Recruiter,A,10316,CAY,C,-50.895,12.757,-7.102,3.623
VHL,3ZTD,ZTD,1205,1,1670.188,Peptide-like Recruiter,A,10317,CBA,C,-50.334,13.333,-8.41,1.208
VHL,3ZTD,ZTD,1205,1,1670.188,Peptide-like Recruiter,A,10318,CAI,C,-48.64,12.777,-10.208,42.267
VHL,3ZTD,ZTD,1205,1,1670.188,Peptide-like Recruiter,A,10319,OAD,O,-50.967,14.233,-8.978,1.071
VHL,3ZTD,ZTD,1205,1,1670.188,Peptide-like Recruiter,A,10320,OAS,O,-49.073,12.908,-8.828,7.5
VHL,6FMJ,DV5,301,1,462.726,Drug-like Recruiter,A,10635,CAA,C,10.663,54.482,95.883,53.136
VHL,6FMJ,DV5,301,1,462.726,Drug-like Recruiter,A,10637,OAD,O,11.978,55.639,94.237,2.143
VHL,6FMJ,DV5,301,1,462.726,Drug-like Recruiter,A,10638,NAR,N,12.027,53.363,94.226,5.468
VHL,6FMJ,DV5,301,1,462.726,Drug-like Recruiter,A,10640,CAC,C,13.495,51.822,93.031,26.568
VHL,6FMJ,DV5,301,1,462.726,Drug-like Recruiter,A,10642,SAG,S,10.69,53.131,91.571,32.17
VHL,6FMJ,DV5,301,1,462.726,Drug-like Recruiter,A,10650,O,O,12.568,52.105,88.948,5.357
VHL,6FMJ,DV5,301,1,462.726,Drug-like Recruiter,A,10651,NAQ,N,11.175,53.32,87.639,2.187
VHL,6FMJ,DV5,301,1,462.726,Drug-like Recruiter,A,10652,CAM,C,10.725,52.155,86.866,26.568
VHL,6FMJ,DV5,301,1,462.726,Drug-like Recruiter,A,10653,CAX,C,11.528,51.986,85.719,2.415
VHL,6FMJ,DV5,301,1,462.726,Drug-like Recruiter,A,10654,CAI,C,11.508,50.747,85.075,25.36
VHL,6FMJ,DV5,301,1,462.726,Drug-like Recruiter,A,10655,CAK,C,12.279,50.499,83.939,9.661
VHL,6FMJ,DV5,301,1,462.726,Drug-like Recruiter,A,10658,CAY,C,13.092,51.495,83.389,1.208
VHL,6FMJ,DV5,301,1,462.726,Drug-like Recruiter,A,10664,CAB,C,12.155,50.028,80.818,38.644
VHL,3ZUN,ZUN,1205,1,404.508,Drug-like Recruiter,A,10287,CAA,C,56.24,10.004,-5.294,30.191
VHL,3ZUN,ZUN,1205,1,404.508,Drug-like Recruiter,A,10288,CAW,C,55.694,11.144,-4.439,2.415
VHL,3ZUN,ZUN,1205,1,404.508,Drug-like Recruiter,A,10289,CAK,C,54.459,11.238,-3.91,21.737
VHL,3ZUN,ZUN,1205,1,404.508,Drug-like Recruiter,A,10292,CAZ,C,54.401,12.396,-3.231,2.415
VHL,3ZUN,ZUN,1205,1,404.508,Drug-like Recruiter,A,10293,CAM,C,53.273,13.04,-2.415,19.322
VHL,3ZUN,ZUN,1205,1,404.508,Drug-like Recruiter,A,10294,CAU,C,53.514,12.665,-0.922,1.208
VHL,3ZUN,ZUN,1205,1,404.508,Drug-like Recruiter,A,10295,OAB,O,53.205,11.523,-0.587,18.215
VHL,3ZUN,ZUN,1205,1,404.508,Drug-like Recruiter,A,10303,O,O,51.944,13.178,1.749,8.572
VHL,3ZUN,ZUN,1205,1,404.508,Drug-like Recruiter,A,10304,NAR,N,53.127,11.501,2.752,2.187
VHL,3ZUN,ZUN,1205,1,404.508,Drug-like Recruiter,A,10305,CAL,C,51.971,10.866,3.418,25.36
VHL,3ZUN,ZUN,1205,1,404.508,Drug-like Recruiter,A,10306,CAX,C,51.587,11.659,4.68,2.415
VHL,3ZUN,ZUN,1205,1,404.508,Drug-like Recruiter,A,10307,CAE,C,52.468,12.599,5.248,1.208
VHL,3ZUN,ZUN,1205,1,404.508,Drug-like Recruiter,A,10308,CAG,C,52.114,13.324,6.389,1.208
VHL,3ZUN,ZUN,1205,1,404.508,Drug-like Recruiter,A,10309,CAF,C,50.343,11.43,5.264,28.983
VHL,3ZUN,ZUN,1205,1,404.508,Drug-like Recruiter,A,10310,CAH,C,49.984,12.148,6.403,16.907
VHL,3ZUN,ZUN,1205,1,404.508,Drug-like Recruiter,A,10311,CAY,C,50.867,13.085,6.967,3.623
VHL,3ZUN,ZUN,1205,1,404.508,Drug-like Recruiter,A,10312,NBB,N,50.46,13.742,8.05,1.094
VHL,3ZUN,ZUN,1205,1,404.508,Drug-like Recruiter,A,10313,OAS,O,49.141,13.52,8.474,12.858
VHL,8BB3,P6G,201,1,282.333,Drug-like Recruiter,A,5031,O1,O,40.915,-24.225,12.98,18.215
VHL,8BB3,P6G,201,1,282.333,Drug-like Recruiter,A,5032,C2,C,42.09,-24.859,12.511,25.36
VHL,8BB3,P6G,201,1,282.333,Drug-like Recruiter,A,5033,C3,C,42.879,-23.928,11.621,33.814
VHL,8BB3,P6G,201,1,282.333,Drug-like Recruiter,A,5034,O4,O,42.954,-24.268,10.271,17.143
VHL,8BB3,P6G,201,1,282.333,Drug-like Recruiter,A,5035,C5,C,41.887,-23.829,9.455,25.36
VHL,8BB3,P6G,201,1,282.333,Drug-like Recruiter,A,5036,C6,C,41.836,-24.842,8.353,39.852
VHL,8BB3,P6G,201,1,282.333,Drug-like Recruiter,A,5037,O7,O,40.843,-25.792,8.632,18.215
VHL,8BB3,P6G,201,1,282.333,Drug-like Recruiter,A,5038,C8,C,40.824,-26.491,9.85,22.945
VHL,8BB3,P6G,201,1,282.333,Drug-like Recruiter,A,5039,C9,C,39.552,-26.185,10.605,18.114
VHL,8BB3,P6G,201,1,282.333,Drug-like Recruiter,A,5040,O10,O,39.553,-26.626,11.947,12.858
VHL,8BB3,P6G,201,1,282.333,Drug-like Recruiter,A,5041,C11,C,38.463,-26.187,12.718,27.775
VHL,8BB3,P6G,201,1,282.333,Drug-like Recruiter,A,5042,C12,C,38.142,-24.706,12.627,15.699
VHL,8BB3,P6G,201,1,282.333,Drug-like Recruiter,A,5043,O13,O,37.773,-24.199,13.905,4.286
VHL,8BB3,P6G,201,1,282.333,Drug-like Recruiter,A,5044,C14,C,37.515,-22.806,14.047,30.191
VHL,8BB3,P6G,201,1,282.333,Drug-like Recruiter,A,5045,C15,C,36.469,-22.624,15.133,35.021
VHL,8BB3,P6G,201,1,282.333,Drug-like Recruiter,A,5046,O16,O,35.578,-23.726,15.069,13.929
VHL,8BB3,P6G,201,1,282.333,Drug-like Recruiter,A,5047,C17,C,35.51,-24.517,16.256,24.153
VHL,8BB3,P6G,201,1,282.333,Drug-like Recruiter,A,5048,C18,C,34.685,-25.775,16.07,31.398
VHL,8BB3,P6G,201,1,282.333,Drug-like Recruiter,A,5049,O19,O,34.022,-26.162,17.251,55.716
VHL,8QCU,REI,207,1,367.419,Drug-like Recruiter,A,1088,C1,C,-7.761,9.141,13.245,2.415
VHL,8QCU,REI,207,1,367.419,Drug-like Recruiter,A,1090,O1,O,-7.715,8.301,12.444,50.359
VHL,8QCU,REI,207,1,367.419,Drug-like Recruiter,A,1092,N2,N,-11.647,10.235,16.362,16.404
VHL,8QCU,REI,207,1,367.419,Drug-like Recruiter,A,1093,O2,O,-8.688,12.368,12.291,17.143
VHL,8QCU,REI,207,1,367.419,Drug-like Recruiter,A,1095,O3,O,-4.986,11.145,13.617,9.643
VHL,8QCU,REI,207,1,367.419,Drug-like Recruiter,A,1096,C5,C,-10.411,10.712,16.244,8.453
VHL,8QCU,REI,207,1,367.419,Drug-like Recruiter,A,1097,C6,C,-10.716,9.296,14.685,18.114
VHL,8QCU,REI,207,1,367.419,Drug-like Recruiter,A,1098,C7,C,-11.846,9.359,15.407,20.53
VHL,8QCU,REI,207,1,367.419,Drug-like Recruiter,A,1099,OW,O,-7.205,9.2,16.151,12.858
VHL,8BDI,QF7,301,1,605.862,Peptide-like Recruiter,A,10711,N1,N,6.907,10.624,3.936,1.094
VHL,8BDI,QF7,301,1,605.862,Peptide-like Recruiter,A,10714,O1,O,5.696,11.426,2.204,8.572
VHL,8BDI,QF7,301,1,605.862,Peptide-like Recruiter,A,10722,O3,O,7.695,9.779,0.506,10.715
VHL,8BDI,QF7,301,1,605.862,Peptide-like Recruiter,A,10725,C9,C,6.304,11.543,-3.578,30.191
VHL,8BDI,QF7,301,1,605.862,Peptide-like Recruiter,A,10726,C10,C,5.593,12.514,-1.417,7.246
VHL,8BDI,QF7,301,1,605.862,Peptide-like Recruiter,A,10727,C11,C,5.397,10.069,-1.792,42.267
VHL,8BDI,QF7,301,1,605.862,Peptide-like Recruiter,A,10729,O4,O,10.09,10.944,-3.129,1.071
VHL,8BDI,QF7,301,1,605.862,Peptide-like Recruiter,A,10730,C13,C,11.37,8.419,-3.775,3.623
VHL,8BDI,QF7,301,1,605.862,Peptide-like Recruiter,A,10731,C14,C,10.275,8.361,-4.766,32.606
VHL,8BDI,QF7,301,1,605.862,Peptide-like Recruiter,A,10732,C15,C,9.944,8.561,-3.311,1.208
VHL,8BDI,QF7,301,1,605.862,Peptide-like Recruiter,A,10733,F1,F,9.364,7.529,-2.617,22.772
VHL,8BDI,QF7,301,1,605.862,Peptide-like Recruiter,A,10734,C16,C,5.753,10.155,4.704,6.038
VHL,8BDI,QF7,301,1,605.862,Peptide-like Recruiter,A,10735,C17,C,5.974,8.71,5.19,21.737
VHL,8BDI,QF7,301,1,605.862,Peptide-like Recruiter,A,10737,C19,C,4.297,10.886,6.647,15.699
VHL,8BDI,QF7,301,1,605.862,Peptide-like Recruiter,A,10738,C20,C,4.072,11.637,7.787,7.246
VHL,8BDI,QF7,301,1,605.862,Peptide-like Recruiter,A,10747,C27,C,4.267,11.723,11.204,22.945
VHL,8BDI,QF7,301,1,605.862,Peptide-like Recruiter,A,10749,N5,N,5.986,7.549,7.328,13.123
VHL,8BDI,QF7,301,1,605.862,Peptide-like Recruiter,A,10751,C29,C,6.507,7.186,8.634,32.606
VHL,5NVZ,9BN,301,1,2235.32,Peptide-like Recruiter,A,10644,CAP,C,10.323,57.348,97.834,12.076
VHL,5NVZ,9BN,301,1,2235.32,Peptide-like Recruiter,A,10645,CAQ,C,10.019,58.353,96.718,1.208
VHL,5NVZ,9BN,301,1,2235.32,Peptide-like Recruiter,A,10647,CAY,C,9.023,56.096,95.885,2.415
VHL,5NVZ,9BN,301,1,2235.32,Peptide-like Recruiter,A,10648,OAF,O,9.152,55.15,95.103,17.143
VHL,5NVZ,9BN,301,1,2235.32,Peptide-like Recruiter,A,10649,CAA,C,7.628,56.538,96.378,48.305
VHL,5NVZ,9BN,301,1,2235.32,Peptide-like Recruiter,A,10655,CAE,C,11.753,52.396,94.712,38.644
VHL,5NVZ,9BN,301,1,2235.32,Peptide-like Recruiter,A,10656,CAC,C,13.525,53.307,96.173,26.568
VHL,5NVZ,9BN,301,1,2235.32,Peptide-like Recruiter,A,10657,CAD,C,14.072,52.628,93.824,12.076
VHL,5NVZ,9BN,301,1,2235.32,Peptide-like Recruiter,A,10659,OAI,O,11.127,54.677,92.465,10.715
VHL,5NVZ,9BN,301,1,2235.32,Peptide-like Recruiter,A,10666,C,C,12.632,53.968,89.831,1.208
VHL,5NVZ,9BN,301,1,2235.32,Peptide-like Recruiter,A,10667,O,O,13.133,52.924,90.242,7.5
VHL,5NVZ,9BN,301,1,2235.32,Peptide-like Recruiter,A,10668,NAV,N,11.794,54.068,88.761,1.094
VHL,5NVZ,9BN,301,1,2235.32,Peptide-like Recruiter,A,10669,CAR,C,11.324,52.919,87.945,27.775
VHL,5NVZ,9BN,301,1,2235.32,Peptide-like Recruiter,A,10670,CBC,C,12.094,52.722,86.766,2.415
VHL,5NVZ,9BN,301,1,2235.32,Peptide-like Recruiter,A,10671,CAK,C,12.074,51.477,86.127,25.36
VHL,5NVZ,9BN,301,1,2235.32,Peptide-like Recruiter,A,10672,CAM,C,12.833,51.255,84.972,7.246
VHL,5NVZ,9BN,301,1,2235.32,Peptide-like Recruiter,A,10675,CBE,C,13.616,52.272,84.403,1.208
VHL,5NVZ,9BN,301,1,2235.32,Peptide-like Recruiter,A,10681,CAB,C,12.538,51.003,81.858,33.814
VHL,8CQK,VYQ,301,1,2243.284,Peptide-like Recruiter,A,10332,C10,C,-11.54,16.46,-39.434,1.208
VHL,8CQK,VYQ,301,1,2243.284,Peptide-like Recruiter,A,10334,C15,C,-11.587,19.238,-34.984,36.229
VHL,8CQK,VYQ,301,1,2243.284,Peptide-like Recruiter,A,10336,C20,C,-12.018,18.89,-39.685,2.415
VHL,8CQK,VYQ,301,1,2243.284,Peptide-like Recruiter,A,10337,C21,C,-12.681,20.086,-40.4,49.513
VHL,8CQK,VYQ,301,1,2243.284,Peptide-like Recruiter,A,10340,C28,C,-10.121,17.91,-47.007,8.453
VHL,8CQK,VYQ,301,1,2243.284,Peptide-like Recruiter,A,10345,C07,C,-13.063,17.378,-41.372,2.415
VHL,8CQK,VYQ,301,1,2243.284,Peptide-like Recruiter,A,10346,C08,C,-14.483,17.075,-40.908,42.267
VHL,8CQK,VYQ,301,1,2243.284,Peptide-like Recruiter,A,10348,C11,C,-10.79,16.668,-38.364,2.415
VHL,8CQK,VYQ,301,1,2243.284,Peptide-like Recruiter,A,10351,C19,C,-11.144,19.128,-38.446,3.623
VHL,8CQK,VYQ,301,1,2243.284,Peptide-like Recruiter,A,10353,C27,C,-12.504,18.071,-47.852,42.267
VHL,8CQK,VYQ,301,1,2243.284,Peptide-like Recruiter,A,10354,C29,C,-10.65,17.382,-49.418,35.021
VHL,8CQK,VYQ,301,1,2243.284,Peptide-like Recruiter,A,10355,C31,C,-12.438,14.071,-49.096,1.208
VHL,8CQK,VYQ,301,1,2243.284,Peptide-like Recruiter,A,10357,C34,C,-13.395,12.933,-51.237,18.114
VHL,8CQK,VYQ,301,1,2243.284,Peptide-like Recruiter,A,10358,C35,C,-13.747,12.034,-50.043,4.831
VHL,8CQK,VYQ,301,1,2243.284,Peptide-like Recruiter,A,10360,F33,F,-14.879,14.178,-49.713,32.087
VHL,8CQK,VYQ,301,1,2243.284,Peptide-like Recruiter,A,10361,N06,N,-12.525,16.178,-41.995,1.094
VHL,8CQK,VYQ,301,1,2243.284,Peptide-like Recruiter,A,10362,N16,N,-8.964,18.832,-34.321,2.187
VHL,8CQK,VYQ,301,1,2243.284,Peptide-like Recruiter,A,10366,O22,O,-11.149,17.347,-43.444,5.357
VHL,8CQK,VYQ,301,1,2243.284,Peptide-like Recruiter,A,10368,O37,O,-12.864,15.867,-45.771,11.786
VHL,3ZTC,TR0,1205,1,1758.564,Peptide-like Recruiter,A,10343,CAA,C,-9.699,36.589,-5.142,31.398
VHL,3ZTC,TR0,1205,1,1758.564,Peptide-like Recruiter,A,10344,CAW,C,-9.173,35.43,-4.307,1.208
VHL,3ZTC,TR0,1205,1,1758.564,Peptide-like Recruiter,A,10345,CAK,C,-7.899,35.219,-3.937,24.153
VHL,3ZTC,TR0,1205,1,1758.564,Peptide-like Recruiter,A,10349,CAM,C,-6.705,33.355,-2.519,20.53
VHL,3ZTC,TR0,1205,1,1758.564,Peptide-like Recruiter,A,10350,CAU,C,-6.826,33.785,-1.042,2.415
VHL,3ZTC,TR0,1205,1,1758.564,Peptide-like Recruiter,A,10351,OAB,O,-6.586,34.961,-0.768,18.215
VHL,3ZTC,TR0,1205,1,1758.564,Peptide-like Recruiter,A,10359,O,O,-5.133,33.421,1.699,9.643
VHL,3ZTC,TR0,1205,1,1758.564,Peptide-like Recruiter,A,10360,NAR,N,-6.306,34.972,2.843,3.281
VHL,3ZTC,TR0,1205,1,1758.564,Peptide-like Recruiter,A,10361,CAL,C,-5.097,35.489,3.516,28.983
VHL,3ZTC,TR0,1205,1,1758.564,Peptide-like Recruiter,A,10363,CAX,C,-4.842,34.662,4.771,1.208
VHL,3ZTC,TR0,1205,1,1758.564,Peptide-like Recruiter,A,10364,CAF,C,-3.573,34.679,5.359,26.568
VHL,3ZTC,TR0,1205,1,1758.564,Peptide-like Recruiter,A,10365,CA1,C,-2.891,32.124,10.397,10.869
VHL,3ZTC,TR0,1205,1,1758.564,Peptide-like Recruiter,A,10366,CAH,C,-3.327,33.948,6.521,12.076
VHL,3ZTC,TR0,1205,1,1758.564,Peptide-like Recruiter,A,10367,CAE,C,-5.877,33.906,5.348,1.208
VHL,3ZTC,TR0,1205,1,1758.564,Peptide-like Recruiter,A,10368,CA2,C,-3.159,32.869,9.231,14.492
VHL,3ZTC,TR0,1207,1,1758.564,Peptide-like Recruiter,A,10405,CAA,C,35.836,80.148,-4.038,70.042
VHL,3ZTC,TR0,1207,1,1758.564,Peptide-like Recruiter,A,10406,CAW,C,36.591,78.915,-3.543,9.661
VHL,3ZTC,TR0,1207,1,1758.564,Peptide-like Recruiter,A,10407,CAK,C,37.757,78.946,-2.865,20.53
VHL,3ZTC,TR0,1207,1,1758.564,Peptide-like Recruiter,A,10408,NAQ,N,36.166,77.658,-3.758,31.714
VHL,3ZTC,TR0,1207,1,1758.564,Peptide-like Recruiter,A,10409,OAT,O,37.162,76.84,-3.145,23.572
VHL,3ZTC,TR0,1207,1,1758.564,Peptide-like Recruiter,A,10410,CAZ,C,38.117,77.679,-2.631,6.038
VHL,3ZTC,TR0,1207,1,1758.564,Peptide-like Recruiter,A,10411,CAM,C,39.326,77.142,-1.89,28.983
VHL,3ZTC,TR0,1207,1,1758.564,Peptide-like Recruiter,A,10412,CAU,C,39.124,77.509,-0.399,1.208
VHL,3ZTC,TR0,1207,1,1758.564,Peptide-like Recruiter,A,10413,OAB,O,39.092,78.684,-0.067,24.644
VHL,3ZTC,TR0,1207,1,1758.564,Peptide-like Recruiter,A,10415,CD2,C,38.9,75.182,0.537,25.36
VHL,3ZTC,TR0,1207,1,1758.564,Peptide-like Recruiter,A,10416,CG,C,38.078,74.812,1.762,18.114
VHL,3ZTC,TR0,1207,1,1758.564,Peptide-like Recruiter,A,10417,OD1,O,36.703,74.756,1.432,46.073
VHL,3ZTC,TR0,1207,1,1758.564,Peptide-like Recruiter,A,10418,CB,C,38.271,75.949,2.759,21.737
VHL,3ZTC,TR0,1207,1,1758.564,Peptide-like Recruiter,A,10419,CA,C,38.723,77.154,1.948,8.453
VHL,3ZTC,TR0,1207,1,1758.564,Peptide-like Recruiter,A,10421,O,O,41.138,77.263,2.128,31.072
VHL,3ZTC,TR0,1207,1,1758.564,Peptide-like Recruiter,A,10422,NAR,N,39.844,78.646,3.444,9.842
VHL,3ZTC,TR0,1207,1,1758.564,Peptide-like Recruiter,A,10423,CAL,C,40.924,79.303,4.165,31.398
VHL,3ZTC,TR0,1207,1,1758.564,Peptide-like Recruiter,A,10424,CA0,C,43.282,76.298,10.988,36.229
VHL,3ZTC,TR0,1207,1,1758.564,Peptide-like Recruiter,A,10425,CAX,C,41.233,78.471,5.405,3.623
VHL,3ZTC,TR0,1207,1,1758.564,Peptide-like Recruiter,A,10426,CAF,C,42.507,78.573,5.968,30.191
VHL,3ZTC,TR0,1207,1,1758.564,Peptide-like Recruiter,A,10427,CA1,C,42.55,74.187,10.013,35.021
VHL,3ZTC,TR0,1207,1,1758.564,Peptide-like Recruiter,A,10428,CAH,C,42.804,77.818,7.095,24.153
VHL,3ZTC,TR0,1207,1,1758.564,Peptide-like Recruiter,A,10429,CAE,C,40.281,77.602,5.966,14.492
VHL,3ZTC,TR0,1207,1,1758.564,Peptide-like Recruiter,A,10430,CA2,C,42.126,74.878,8.889,26.568
VHL,3ZTC,TR0,1207,1,1758.564,Peptide-like Recruiter,A,10431,CAG,C,40.583,76.854,7.107,25.36
VHL,3ZTC,TR0,1207,1,1758.564,Peptide-like Recruiter,A,10432,CAY,C,41.852,76.978,7.682,1.208
VHL,3ZTC,TR0,1207,1,1758.564,Peptide-like Recruiter,A,10433,CBA,C,42.251,76.274,8.812,3.623
VHL,3ZTC,TR0,1207,1,1758.564,Peptide-like Recruiter,A,10434,CAJ,C,42.832,76.985,9.862,22.945
VHL,3ZTC,TR0,1207,1,1758.564,Peptide-like Recruiter,A,10435,CAI,C,43.13,74.903,11.069,33.814
VHL,8BDN,QFR,301,1,527.776,Peptide-like Recruiter,A,10686,O1,O,-6.955,15.155,0.513,11.786
VHL,8BDN,QFR,301,1,527.776,Peptide-like Recruiter,A,10688,N2,N,-6.657,15.111,-3.203,3.281
VHL,8BDN,QFR,301,1,527.776,Peptide-like Recruiter,A,10691,C10,C,-3.902,15.53,-5.732,16.907
VHL,8BDN,QFR,301,1,527.776,Peptide-like Recruiter,A,10692,C11,C,-3.679,16.247,-6.894,8.453
VHL,8BDN,QFR,301,1,527.776,Peptide-like Recruiter,A,10693,C12,C,-4.642,17.119,-7.395,1.208
VHL,8BDN,QFR,301,1,527.776,Peptide-like Recruiter,A,10699,O3,O,-4.511,15.501,-2.72,15.0
VHL,8BDN,QFR,301,1,527.776,Peptide-like Recruiter,A,10700,C16,C,-4.958,13.413,-3.827,41.059
VHL,8BDN,QFR,301,1,527.776,Peptide-like Recruiter,A,10701,C17,C,-8.316,16.079,2.922,1.208
VHL,8BDN,QFR,301,1,527.776,Peptide-like Recruiter,A,10702,C18,C,-5.931,16.942,2.89,3.623
VHL,8BDN,QFR,301,1,527.776,Peptide-like Recruiter,A,10703,C19,C,-5.423,15.597,3.388,48.305
VHL,8BDN,QFR,301,1,527.776,Peptide-like Recruiter,A,10704,C20,C,-4.878,17.589,1.998,18.114
VHL,8BDN,QFR,301,1,527.776,Peptide-like Recruiter,A,10705,C21,C,-8.529,14.769,3.132,7.246
VHL,8BDN,QFR,301,1,527.776,Peptide-like Recruiter,A,10706,C22,C,-9.716,14.699,3.906,2.415
VHL,8BDN,QFR,301,1,527.776,Peptide-like Recruiter,A,10709,C23,C,-10.398,13.481,4.44,28.983
VHL,8BDN,QFR,301,1,527.776,Peptide-like Recruiter,A,10712,N5,N,-3.512,18.575,-10.651,2.187
VHL,8BDN,QFR,301,1,527.776,Peptide-like Recruiter,A,10714,C26,C,-3.266,16.171,-10.161,37.436
VHL,9MR9,A1B,301,1,6273.36,Peptide-like Recruiter,A,30475,C10,C,19.35,40.253,77.121,1.208
VHL,9MR9,A1B,301,1,6273.36,Peptide-like Recruiter,A,30476,C13,C,19.119,41.281,81.448,10.869
VHL,9MR9,A1B,301,1,6273.36,Peptide-like Recruiter,A,30477,C15,C,19.505,43.094,79.322,10.869
VHL,9MR9,A1B,301,1,6273.36,Peptide-like Recruiter,A,30478,C17,C,20.345,42.367,83.86,14.492
VHL,9MR9,A1B,301,1,6273.36,Peptide-like Recruiter,A,30479,C20,C,21.324,42.161,86.177,4.831
VHL,9MR9,A1B,301,1,6273.36,Peptide-like Recruiter,A,30480,C21,C,21.718,40.837,85.964,24.153
VHL,9MR9,A1B,301,1,6273.36,Peptide-like Recruiter,A,30481,C22,C,22.342,40.124,86.966,35.021
VHL,9MR9,A1B,301,1,6273.36,Peptide-like Recruiter,A,30482,C24,C,22.176,42.007,88.442,30.191
VHL,9MR9,A1B,301,1,6273.36,Peptide-like Recruiter,A,30484,C28,C,22.506,38.901,76.786,22.945
VHL,9MR9,A1B,301,1,6273.36,Peptide-like Recruiter,A,30485,C1,C,17.879,33.276,82.24,35.021
VHL,9MR9,A1B,301,1,6273.36,Peptide-like Recruiter,A,30486,C2,C,18.742,32.833,81.071,3.623
VHL,9MR9,A1B,301,1,6273.36,Peptide-like Recruiter,A,30488,O1,O,20.231,34.141,79.142,9.643
VHL,9MR9,A1B,301,1,6273.36,Peptide-like Recruiter,A,30491,O3,O,19.18,36.978,79.189,7.5
VHL,9MR9,A1B,301,1,6273.36,Peptide-like Recruiter,A,30494,C11,C,18.711,41.462,77.747,2.415
VHL,9MR9,A1B,301,1,6273.36,Peptide-like Recruiter,A,30496,C12,C,18.397,41.164,80.118,2.415
VHL,9MR9,A1B,301,1,6273.36,Peptide-like Recruiter,A,30497,N5,N,19.306,42.706,81.662,1.094
VHL,9MR9,A1B,301,1,6273.36,Peptide-like Recruiter,A,30498,C14,C,20.219,43.223,80.668,21.737
VHL,9MR9,A1B,301,1,6273.36,Peptide-like Recruiter,A,30499,C16,C,19.613,43.124,82.95,2.415
VHL,9MR9,A1B,301,1,6273.36,Peptide-like Recruiter,A,30500,C18,C,20.597,42.921,85.127,6.038
VHL,9MR9,A1B,301,1,6273.36,Peptide-like Recruiter,A,30501,N6,N,20.093,44.124,85.412,7.655
VHL,9MR9,A1B,301,1,6273.36,Peptide-like Recruiter,A,30502,N7,N,19.419,44.826,84.573,26.246
VHL,9MR9,A1B,301,1,6273.36,Peptide-like Recruiter,A,30503,C19,C,19.161,44.379,83.356,8.453
VHL,9MR9,A1B,301,1,6273.36,Peptide-like Recruiter,A,30504,N8,N,18.436,45.131,82.446,36.088
VHL,9MR9,A1B,301,1,6273.36,Peptide-like Recruiter,A,30505,C23,C,22.569,40.703,88.204,31.398
VHL,9MR9,A1B,301,1,6273.36,Peptide-like Recruiter,A,30506,C25,C,21.546,42.732,87.444,7.246
VHL,9MR9,A1B,301,1,6273.36,Peptide-like Recruiter,A,30507,O5,O,21.178,44.003,87.722,38.573
VHL,9MR9,A1B,301,1,6273.36,Peptide-like Recruiter,A,30508,C27,C,22.377,36.605,77.807,20.53
VHL,9MR9,A1B,301,1,6273.36,Peptide-like Recruiter,A,30509,C29,C,22.026,38.65,79.194,31.398
VHL,9MR9,A1B,301,1,6273.36,Peptide-like Recruiter,A,30514,C34,C,18.997,29.088,81.63,8.453
VHL,9MR9,A1B,301,1,6273.36,Peptide-like Recruiter,A,30515,C35,C,19.168,30.456,81.748,20.53
VHL,9MR9,A1B,301,1,6273.36,Peptide-like Recruiter,A,30521,C39,C,17.802,26.454,82.783,30.191
VHL,9MR9,A1B,1501,1,6273.36,Peptide-like Recruiter,A,30706,N1,N,-7.199,-39.959,162.447,3.281
VHL,9MR9,A1B,1501,1,6273.36,Peptide-like Recruiter,A,30707,N3,N,-5.747,-39.91,168.628,1.094
VHL,9MR9,A1B,1501,1,6273.36,Peptide-like Recruiter,A,30708,C4,C,-7.034,-38.565,164.358,7.246
VHL,9MR9,A1B,1501,1,6273.36,Peptide-like Recruiter,A,30709,C5,C,-7.389,-37.185,163.784,24.153
VHL,9MR9,A1B,1501,1,6273.36,Peptide-like Recruiter,A,30710,C6,C,-6.943,-36.163,164.865,19.322
VHL,9MR9,A1B,1501,1,6273.36,Peptide-like Recruiter,A,30711,C7,C,-5.816,-36.924,165.605,18.114
VHL,9MR9,A1B,1501,1,6273.36,Peptide-like Recruiter,A,30712,C8,C,-5.918,-39.336,166.36,2.415
VHL,9MR9,A1B,1501,1,6273.36,Peptide-like Recruiter,A,30713,C10,C,-5.968,-39.504,169.904,7.246
VHL,9MR9,A1B,1501,1,6273.36,Peptide-like Recruiter,A,30714,C13,C,-5.044,-43.838,170.283,22.945
VHL,9MR9,A1B,1501,1,6273.36,Peptide-like Recruiter,A,30715,C15,C,-7.297,-42.621,171.518,28.983
VHL,9MR9,A1B,1501,1,6273.36,Peptide-like Recruiter,A,30716,C17,C,-5.218,-46.668,169.747,12.076
VHL,9MR9,A1B,1501,1,6273.36,Peptide-like Recruiter,A,30717,C20,C,-4.229,-48.742,168.712,6.038
VHL,9MR9,A1B,1501,1,6273.36,Peptide-like Recruiter,A,30718,C21,C,-3.833,-48.065,167.557,25.36
VHL,9MR9,A1B,1501,1,6273.36,Peptide-like Recruiter,A,30719,C22,C,-3.183,-48.754,166.56,35.021
VHL,9MR9,A1B,1501,1,6273.36,Peptide-like Recruiter,A,30720,C24,C,-3.321,-50.789,167.822,33.814
VHL,9MR9,A1B,1501,1,6273.36,Peptide-like Recruiter,A,30722,C28,C,-2.883,-39.229,168.663,38.644
VHL,9MR9,A1B,1501,1,6273.36,Peptide-like Recruiter,A,30723,C1,C,-7.892,-41.929,161.294,57.966
VHL,9MR9,A1B,1501,1,6273.36,Peptide-like Recruiter,A,30724,C2,C,-6.836,-40.819,161.329,8.453
VHL,9MR9,A1B,1501,1,6273.36,Peptide-like Recruiter,A,30725,C3,C,-6.352,-39.401,163.322,1.208
VHL,9MR9,A1B,1501,1,6273.36,Peptide-like Recruiter,A,30726,O1,O,-5.155,-39.533,163.298,21.429
VHL,9MR9,A1B,1501,1,6273.36,Peptide-like Recruiter,A,30727,O2,O,-8.023,-35.857,165.75,49.287
VHL,9MR9,A1B,1501,1,6273.36,Peptide-like Recruiter,A,30729,O3,O,-6.356,-40.436,166.094,19.286
VHL,9MR9,A1B,1501,1,6273.36,Peptide-like Recruiter,A,30731,O4,O,-5.64,-38.408,170.313,36.43
VHL,9MR9,A1B,1501,1,6273.36,Peptide-like Recruiter,A,30732,C11,C,-6.686,-40.418,170.868,25.36
VHL,9MR9,A1B,1501,1,6273.36,Peptide-like Recruiter,A,30733,N4,N,-6.173,-41.804,171.032,5.468
VHL,9MR9,A1B,1501,1,6273.36,Peptide-like Recruiter,A,30734,C12,C,-5.545,-42.459,169.873,6.038
VHL,9MR9,A1B,1501,1,6273.36,Peptide-like Recruiter,A,30735,N5,N,-6.185,-44.661,170.728,4.374
VHL,9MR9,A1B,1501,1,6273.36,Peptide-like Recruiter,A,30736,C14,C,-6.856,-44.032,171.879,18.114
VHL,9MR9,A1B,1501,1,6273.36,Peptide-like Recruiter,A,30737,C16,C,-5.927,-46.057,170.796,4.831
VHL,9MR9,A1B,1501,1,6273.36,Peptide-like Recruiter,A,30738,C18,C,-4.957,-48.047,169.8,7.246
VHL,9MR9,A1B,1501,1,6273.36,Peptide-like Recruiter,A,30739,N6,N,-5.407,-48.76,170.829,9.842
VHL,9MR9,A1B,1501,1,6273.36,Peptide-like Recruiter,A,30740,N7,N,-6.059,-48.224,171.794,24.059
VHL,9MR9,A1B,1501,1,6273.36,Peptide-like Recruiter,A,30741,C19,C,-6.349,-46.929,171.843,8.453
VHL,9MR9,A1B,1501,1,6273.36,Peptide-like Recruiter,A,30742,N8,N,-7.066,-46.495,172.952,40.463
VHL,9MR9,A1B,1501,1,6273.36,Peptide-like Recruiter,A,30743,C23,C,-2.93,-50.11,166.688,33.814
VHL,9MR9,A1B,1501,1,6273.36,Peptide-like Recruiter,A,30744,C25,C,-3.979,-50.118,168.839,7.246
VHL,9MR9,A1B,1501,1,6273.36,Peptide-like Recruiter,A,30745,O5,O,-4.366,-50.804,169.953,35.358
VHL,9MR9,A1B,1501,1,6273.36,Peptide-like Recruiter,A,30746,C27,C,-3.04,-38.564,166.266,35.021
VHL,9MR9,A1B,1501,1,6273.36,Peptide-like Recruiter,A,30747,C29,C,-3.422,-40.934,166.905,31.398
VHL,9MR9,A1B,1501,1,6273.36,Peptide-like Recruiter,A,30748,C30,C,-6.953,-40.094,160.017,1.208
VHL,9MR9,A1B,1501,1,6273.36,Peptide-like Recruiter,A,30749,C31,C,-7.978,-39.181,159.842,16.907
VHL,9MR9,A1B,1501,1,6273.36,Peptide-like Recruiter,A,30750,C32,C,-8.107,-38.519,158.648,25.36
VHL,9MR9,A1B,1501,1,6273.36,Peptide-like Recruiter,A,30752,C34,C,-6.213,-39.706,157.761,25.36
VHL,9MR9,A1B,1501,1,6273.36,Peptide-like Recruiter,A,30753,C35,C,-6.079,-40.364,158.971,27.775
VHL,9MR9,A1B,1501,1,6273.36,Peptide-like Recruiter,A,30754,C36,C,-7.464,-38.024,156.39,2.415
VHL,9MR9,A1B,1501,1,6273.36,Peptide-like Recruiter,A,30755,S,S,-7.51,-36.276,156.434,46.325
VHL,9MR9,A1B,1501,1,6273.36,Peptide-like Recruiter,A,30756,C37,C,-7.802,-36.266,154.751,43.475
VHL,9MR9,A1B,1501,1,6273.36,Peptide-like Recruiter,A,30757,N9,N,-7.842,-37.467,154.283,22.965
VHL,9MR9,A1B,1501,1,6273.36,Peptide-like Recruiter,A,30758,C38,C,-7.675,-38.44,155.131,4.831
VHL,9MR9,A1B,1501,1,6273.36,Peptide-like Recruiter,A,30759,C39,C,-7.72,-39.864,154.676,59.174
VHL,8CQE,VFO,301,1,2363.288,Peptide-like Recruiter,A,10349,C21,C,26.691,53.608,34.543,32.606
VHL,8CQE,VFO,301,1,2363.288,Peptide-like Recruiter,A,10351,C23,C,27.44,53.78,37.697,6.038
VHL,8CQE,VFO,301,1,2363.288,Peptide-like Recruiter,A,10352,C24,C,27.688,54.455,38.895,3.623
VHL,8CQE,VFO,301,1,2363.288,Peptide-like Recruiter,A,10353,C25,C,27.038,55.796,39.143,30.191
VHL,8CQE,VFO,301,1,2363.288,Peptide-like Recruiter,A,10354,C26,C,27.343,56.485,40.459,35.021
VHL,8CQE,VFO,301,1,2363.288,Peptide-like Recruiter,A,10355,C27,C,28.722,56.121,40.945,18.114
VHL,8CQE,VFO,301,1,2363.288,Peptide-like Recruiter,A,10356,C28,C,33.643,55.824,50.739,27.775
VHL,8CQE,VFO,301,1,2363.288,Peptide-like Recruiter,A,10364,C29,C,34.822,55.651,49.86,1.208
VHL,8CQE,VFO,301,1,2363.288,Peptide-like Recruiter,A,10367,C5,C,28.658,52.604,47.095,19.322
VHL,8CQE,VFO,301,1,2363.288,Peptide-like Recruiter,A,10368,C6,C,28.864,54.902,48.036,41.059
VHL,8CQE,VFO,301,1,2363.288,Peptide-like Recruiter,A,10369,C7,C,29.638,52.935,49.362,25.36
VHL,8CQE,VFO,301,1,2363.288,Peptide-like Recruiter,A,10372,F1,F,33.159,56.891,48.597,19.667
VHL,8CQE,VFO,301,1,2363.288,Peptide-like Recruiter,A,10379,O2,O,28.934,53.401,43.542,8.572
VHL,8CQE,VFO,301,1,2363.288,Peptide-like Recruiter,A,10380,O3,O,30.75,55.045,45.411,10.715
VHL,4W9I,3JS,301,1,1954.78,Peptide-like Recruiter,A,10564,CAA,C,10.766,54.125,95.758,47.098
VHL,4W9I,3JS,301,1,1954.78,Peptide-like Recruiter,A,10566,OAC,O,11.948,55.408,94.083,2.143
VHL,4W9I,3JS,301,1,1954.78,Peptide-like Recruiter,A,10568,CAP,C,12.027,51.784,94.493,24.153
VHL,4W9I,3JS,301,1,1954.78,Peptide-like Recruiter,A,10569,CBC,C,12.583,50.967,93.344,12.076
VHL,4W9I,3JS,301,1,1954.78,Peptide-like Recruiter,A,10570,OAG,O,13.23,49.787,93.853,38.573
VHL,4W9I,3JS,301,1,1954.78,Peptide-like Recruiter,A,10574,OAE,O,11.231,53.368,91.571,13.929
VHL,4W9I,3JS,301,1,1954.78,Peptide-like Recruiter,A,10582,O,O,12.627,52.184,89.034,5.357
VHL,4W9I,3JS,301,1,1954.78,Peptide-like Recruiter,A,10583,NAS,N,11.219,53.393,87.706,3.281
VHL,4W9I,3JS,301,1,1954.78,Peptide-like Recruiter,A,10584,CAM,C,10.733,52.214,86.975,26.568
VHL,4W9I,3JS,301,1,1954.78,Peptide-like Recruiter,A,10585,CAX,C,11.546,51.99,85.826,2.415
VHL,4W9I,3JS,301,1,1954.78,Peptide-like Recruiter,A,10586,CAI,C,11.492,50.745,85.183,25.36
VHL,4W9I,3JS,301,1,1954.78,Peptide-like Recruiter,A,10587,CAK,C,12.271,50.476,84.057,8.453
VHL,4W9I,3JS,301,1,1954.78,Peptide-like Recruiter,A,10590,CAZ,C,13.131,51.46,83.531,1.208
VHL,4W9I,3JS,301,1,1954.78,Peptide-like Recruiter,A,10596,CAB,C,12.154,50.045,81.012,37.436
VHL,6GMQ,F4K,302,1,183.295,Fragment Recruiter,A,10413,C10,C,36.495,56.963,6.423,30.191
VHL,6GMQ,F4K,302,1,183.295,Fragment Recruiter,A,10414,C13,C,37.273,58.409,7.868,28.983
VHL,6GMQ,F4K,302,1,183.295,Fragment Recruiter,A,10415,C02,C,37.307,53.1,11.475,35.021
VHL,6GMQ,F4K,302,1,183.295,Fragment Recruiter,A,10416,C03,C,37.136,54.194,10.505,7.246
VHL,6GMQ,F4K,302,1,183.295,Fragment Recruiter,A,10417,C04,C,36.279,55.269,10.75,30.191
VHL,6GMQ,F4K,302,1,183.295,Fragment Recruiter,A,10418,C05,C,36.186,56.279,9.787,27.775
VHL,6GMQ,F4K,302,1,183.295,Fragment Recruiter,A,10419,C06,C,36.953,56.186,8.618,2.415
VHL,6GMQ,F4K,302,1,183.295,Fragment Recruiter,A,10420,C07,C,37.816,55.115,8.391,24.153
VHL,6GMQ,F4K,302,1,183.295,Fragment Recruiter,A,10421,C08,C,37.905,54.117,9.343,21.737
VHL,6GMQ,F4K,302,1,183.295,Fragment Recruiter,A,10422,C11,C,36.606,58.19,5.79,38.644
VHL,6GMQ,F4K,302,1,183.295,Fragment Recruiter,A,10423,C12,C,37.097,59.111,6.699,38.644
VHL,6GMQ,F4K,302,1,183.295,Fragment Recruiter,A,10425,O01,O,38.632,52.722,11.503,47.144
VHL,5NVW,9BW,301,1,2059.108,Peptide-like Recruiter,A,10629,CAN,C,9.912,56.505,96.824,20.53
VHL,5NVW,9BW,301,1,2059.108,Peptide-like Recruiter,A,10630,CAO,C,9.445,57.318,95.631,6.038
VHL,5NVW,9BW,301,1,2059.108,Peptide-like Recruiter,A,10631,CBE,C,9.795,55.86,95.454,13.284
VHL,5NVW,9BW,301,1,2059.108,Peptide-like Recruiter,A,10634,NAU,N,11.132,54.35,94.145,2.187
VHL,5NVW,9BW,301,1,2059.108,Peptide-like Recruiter,A,10637,CAD,C,12.957,52.341,95.442,26.568
VHL,5NVW,9BW,301,1,2059.108,Peptide-like Recruiter,A,10638,CAB,C,13.641,51.621,93.159,13.284
VHL,5NVW,9BW,301,1,2059.108,Peptide-like Recruiter,A,10639,CAC,C,11.26,51.41,93.901,43.475
VHL,5NVW,9BW,301,1,2059.108,Peptide-like Recruiter,A,10641,OAG,O,10.784,53.651,91.603,12.858
VHL,5NVW,9BW,301,1,2059.108,Peptide-like Recruiter,A,10648,C,C,12.146,53.072,88.97,1.208
VHL,5NVW,9BW,301,1,2059.108,Peptide-like Recruiter,A,10649,O,O,12.585,51.986,89.321,9.643
VHL,5NVW,9BW,301,1,2059.108,Peptide-like Recruiter,A,10650,NAT,N,11.303,53.222,87.929,1.094
VHL,5NVW,9BW,301,1,2059.108,Peptide-like Recruiter,A,10651,CAP,C,10.811,52.099,87.109,24.153
VHL,5NVW,9BW,301,1,2059.108,Peptide-like Recruiter,A,10652,CAZ,C,11.629,51.873,85.964,2.415
VHL,5NVW,9BW,301,1,2059.108,Peptide-like Recruiter,A,10655,CAJ,C,11.609,50.636,85.326,25.36
VHL,5NVW,9BW,301,1,2059.108,Peptide-like Recruiter,A,10656,CAL,C,12.4,50.393,84.195,7.246
VHL,5NVW,9BW,301,1,2059.108,Peptide-like Recruiter,A,10657,CBB,C,13.239,51.378,83.661,1.208
VHL,5NVW,9BW,301,1,2059.108,Peptide-like Recruiter,A,10663,CAA,C,12.208,50.031,81.118,35.021
VHL,4BKS,X6C,1203,1,343.468,Drug-like Recruiter,A,10466,CAA,C,-6.961,33.619,-2.386,28.983
VHL,4BKS,X6C,1203,1,343.468,Drug-like Recruiter,A,10467,CAQ,C,-7.104,34.222,-0.954,1.208
VHL,4BKS,X6C,1203,1,343.468,Drug-like Recruiter,A,10468,OAB,O,-6.853,35.417,-0.769,23.572
VHL,4BKS,X6C,1203,1,343.468,Drug-like Recruiter,A,10476,O,O,-5.292,33.918,1.738,11.786
VHL,4BKS,X6C,1203,1,343.468,Drug-like Recruiter,A,10477,NAO,N,-6.6,35.335,2.99,3.281
VHL,4BKS,X6C,1203,1,343.468,Drug-like Recruiter,A,10478,CAK,C,-5.514,35.901,3.827,21.737
VHL,4BKS,X6C,1203,1,343.468,Drug-like Recruiter,A,10479,CAS,C,-5.217,35.074,4.958,2.415
VHL,4BKS,X6C,1203,1,343.468,Drug-like Recruiter,A,10482,CAE,C,-4.017,35.265,5.664,25.36
VHL,4BKS,X6C,1203,1,343.468,Drug-like Recruiter,A,10483,CAG,C,-3.716,34.47,6.789,16.907
VHL,4BKS,X6C,1203,1,343.468,Drug-like Recruiter,A,10484,CAT,C,-4.607,33.468,7.244,1.208
VHL,4BKS,X6C,1203,1,343.468,Drug-like Recruiter,A,10488,NAN,N,-3.484,31.932,10.169,1.094
VHL,4BKS,X6C,1203,1,343.468,Drug-like Recruiter,A,10489,CAJ,C,-3.47,32.955,9.302,14.492
VHL,5NW2,9B8,301,1,530.776,Peptide-like Recruiter,A,10662,CAO,C,10.623,57.006,97.934,19.322
VHL,5NW2,9B8,301,1,530.776,Peptide-like Recruiter,A,10664,CAP,C,9.981,57.964,96.212,7.246
VHL,5NW2,9B8,301,1,530.776,Peptide-like Recruiter,A,10665,CBF,C,10.336,56.546,96.497,13.284
VHL,5NW2,9B8,301,1,530.776,Peptide-like Recruiter,A,10668,NAU,N,11.622,55.011,95.079,1.094
VHL,5NW2,9B8,301,1,530.776,Peptide-like Recruiter,A,10671,CAD,C,13.608,51.977,93.827,13.284
VHL,5NW2,9B8,301,1,530.776,Peptide-like Recruiter,A,10672,CAB,C,11.273,52.07,94.717,43.475
VHL,5NW2,9B8,301,1,530.776,Peptide-like Recruiter,A,10673,CAC,C,13.205,52.781,96.158,28.983
VHL,5NW2,9B8,301,1,530.776,Peptide-like Recruiter,A,10675,OAG,O,11.01,54.311,92.423,13.929
VHL,5NW2,9B8,301,1,530.776,Peptide-like Recruiter,A,10683,O,O,12.818,52.783,90.125,7.5
VHL,5NW2,9B8,301,1,530.776,Peptide-like Recruiter,A,10684,NAT,N,11.536,54.014,88.755,1.094
VHL,5NW2,9B8,301,1,530.776,Peptide-like Recruiter,A,10685,CAN,C,11.06,52.887,87.919,25.36
VHL,5NW2,9B8,301,1,530.776,Peptide-like Recruiter,A,10686,CBA,C,11.905,52.669,86.757,1.208
VHL,5NW2,9B8,301,1,530.776,Peptide-like Recruiter,A,10687,CAI,C,11.826,51.478,86.047,25.36
VHL,5NW2,9B8,301,1,530.776,Peptide-like Recruiter,A,10688,CAK,C,12.621,51.226,84.914,9.661
VHL,5NW2,9B8,301,1,530.776,Peptide-like Recruiter,A,10697,CAA,C,12.571,50.76,81.864,37.436
VHL,4B9K,TG0,1203,1,470.724,Drug-like Recruiter,A,10671,N01,N,-4.361,32.901,-4.307,33.901
VHL,4B9K,TG0,1203,1,470.724,Drug-like Recruiter,A,10672,C02,C,-5.5,33.622,-3.789,1.208
VHL,4B9K,TG0,1203,1,470.724,Drug-like Recruiter,A,10673,C03,C,-5.626,33.98,-2.421,3.623
VHL,4B9K,TG0,1203,1,470.724,Drug-like Recruiter,A,10674,C04,C,-4.544,33.659,-1.425,18.114
VHL,4B9K,TG0,1203,1,470.724,Drug-like Recruiter,A,10675,C05,C,-6.791,34.697,-2.038,2.415
VHL,4B9K,TG0,1203,1,470.724,Drug-like Recruiter,A,10680,N10,N,-6.659,35.847,3.549,1.094
VHL,4B9K,TG0,1203,1,470.724,Drug-like Recruiter,A,10681,C11,C,-5.472,36.308,4.246,26.568
VHL,4B9K,TG0,1203,1,470.724,Drug-like Recruiter,A,10682,C12,C,-5.233,35.392,5.445,2.415
VHL,4B9K,TG0,1203,1,470.724,Drug-like Recruiter,A,10683,C13,C,-3.981,35.437,6.088,25.36
VHL,4B9K,TG0,1203,1,470.724,Drug-like Recruiter,A,10684,C14,C,-3.769,34.618,7.206,9.661
VHL,4B9K,TG0,1203,1,470.724,Drug-like Recruiter,A,10688,C18,C,-3.51,34.791,10.449,37.436
VHL,4B9K,TG0,1203,1,470.724,Drug-like Recruiter,A,10689,N19,N,-4.042,32.335,11.146,1.094
VHL,4B9K,TG0,1203,1,470.724,Drug-like Recruiter,A,10694,O24,O,-5.317,34.545,2.171,7.5
VHL,4B9K,TG0,1203,1,470.724,Drug-like Recruiter,A,10699,O29,O,-6.835,36.295,-0.26,18.215
VHL,4B9K,TG0,1203,1,470.724,Drug-like Recruiter,A,10700,C30,C,-7.817,34.977,-2.949,7.246
VHL,4B9K,TG0,1203,1,470.724,Drug-like Recruiter,A,10701,C31,C,-7.659,34.627,-4.292,18.114
VHL,4B9K,TG0,1203,1,470.724,Drug-like Recruiter,A,10702,C32,C,-6.525,33.911,-4.687,14.492
VHL,8ZV8,A1L,201,1,809.0,Peptide-like Recruiter,A,10219,C1,C,-50.641,-57.236,21.513,24.153
VHL,8ZV8,A1L,201,1,809.0,Peptide-like Recruiter,A,10220,C10,C,-48.59,-56.449,23.466,33.814
VHL,8ZV8,A1L,201,1,809.0,Peptide-like Recruiter,A,10221,C2,C,-51.612,-57.6,20.594,32.606
VHL,8ZV8,A1L,201,1,809.0,Peptide-like Recruiter,A,10222,C3,C,-52.902,-57.098,20.681,8.453
VHL,8ZV8,A1L,201,1,809.0,Peptide-like Recruiter,A,10223,C4,C,-53.219,-56.213,21.707,28.983
VHL,8ZV8,A1L,201,1,809.0,Peptide-like Recruiter,A,10224,C5,C,-52.246,-55.847,22.627,8.453
VHL,8ZV8,A1L,201,1,809.0,Peptide-like Recruiter,A,10225,C6,C,-50.952,-56.358,22.534,6.038
VHL,8ZV8,A1L,201,1,809.0,Peptide-like Recruiter,A,10226,C7,C,-51.717,-54.588,24.525,8.453
VHL,8ZV8,A1L,201,1,809.0,Peptide-like Recruiter,A,10227,C8,C,-50.421,-55.052,24.495,22.945
VHL,8ZV8,A1L,201,1,809.0,Peptide-like Recruiter,A,10228,C9,C,-50.029,-55.939,23.5,4.831
VHL,8ZV8,A1L,201,1,809.0,Peptide-like Recruiter,A,10229,O1,O,-52.592,-54.993,23.602,18.215
VHL,8ZV8,A1L,201,1,809.0,Peptide-like Recruiter,A,10230,O2,O,-53.866,-57.487,19.74,51.43
VHL,8ZV8,A1L,201,1,809.0,Peptide-like Recruiter,A,10231,O3,O,-47.845,-55.806,24.465,46.073
VHL,8ZV8,A1L,201,1,809.0,Peptide-like Recruiter,A,10232,O4,O,-52.058,-53.83,25.374,49.287
VHL,4B9K,TG0,1203,1,1882.896,Peptide-like Recruiter,A,10671,N01,N,-4.361,32.901,-4.307,33.901
VHL,4B9K,TG0,1203,1,1882.896,Peptide-like Recruiter,A,10672,C02,C,-5.5,33.622,-3.789,1.208
VHL,4B9K,TG0,1203,1,1882.896,Peptide-like Recruiter,A,10673,C03,C,-5.626,33.98,-2.421,3.623
VHL,4B9K,TG0,1203,1,1882.896,Peptide-like Recruiter,A,10674,C04,C,-4.544,33.659,-1.425,18.114
VHL,4B9K,TG0,1203,1,1882.896,Peptide-like Recruiter,A,10675,C05,C,-6.791,34.697,-2.038,2.415
VHL,4B9K,TG0,1203,1,1882.896,Peptide-like Recruiter,A,10680,N10,N,-6.659,35.847,3.549,1.094
VHL,4B9K,TG0,1203,1,1882.896,Peptide-like Recruiter,A,10681,C11,C,-5.472,36.308,4.246,26.568
VHL,4B9K,TG0,1203,1,1882.896,Peptide-like Recruiter,A,10682,C12,C,-5.233,35.392,5.445,2.415
VHL,4B9K,TG0,1203,1,1882.896,Peptide-like Recruiter,A,10683,C13,C,-3.981,35.437,6.088,25.36
VHL,4B9K,TG0,1203,1,1882.896,Peptide-like Recruiter,A,10684,C14,C,-3.769,34.618,7.206,9.661
VHL,4B9K,TG0,1203,1,1882.896,Peptide-like Recruiter,A,10688,C18,C,-3.51,34.791,10.449,37.436
VHL,4B9K,TG0,1203,1,1882.896,Peptide-like Recruiter,A,10689,N19,N,-4.042,32.335,11.146,1.094
VHL,4B9K,TG0,1203,1,1882.896,Peptide-like Recruiter,A,10694,O24,O,-5.317,34.545,2.171,7.5
VHL,4B9K,TG0,1203,1,1882.896,Peptide-like Recruiter,A,10699,O29,O,-6.835,36.295,-0.26,18.215
VHL,4B9K,TG0,1203,1,1882.896,Peptide-like Recruiter,A,10700,C30,C,-7.817,34.977,-2.949,7.246
VHL,4B9K,TG0,1203,1,1882.896,Peptide-like Recruiter,A,10701,C31,C,-7.659,34.627,-4.292,18.114
VHL,4B9K,TG0,1203,1,1882.896,Peptide-like Recruiter,A,10702,C32,C,-6.525,33.911,-4.687,14.492
VHL,4B9K,TG0,1206,1,1882.896,Peptide-like Recruiter,A,10707,N01,N,41.567,28.471,-4.327,50.305
VHL,4B9K,TG0,1206,1,1882.896,Peptide-like Recruiter,A,10708,C02,C,40.45,29.173,-3.726,8.453
VHL,4B9K,TG0,1206,1,1882.896,Peptide-like Recruiter,A,10709,C03,C,40.395,29.535,-2.358,3.623
VHL,4B9K,TG0,1206,1,1882.896,Peptide-like Recruiter,A,10710,C04,C,41.541,29.248,-1.436,38.644
VHL,4B9K,TG0,1206,1,1882.896,Peptide-like Recruiter,A,10711,C05,C,39.242,30.217,-1.891,3.623
VHL,4B9K,TG0,1206,1,1882.896,Peptide-like Recruiter,A,10712,C06,C,39.097,30.623,-0.432,1.208
VHL,4B9K,TG0,1206,1,1882.896,Peptide-like Recruiter,A,10714,C08,C,38.604,29.887,1.977,7.246
VHL,4B9K,TG0,1206,1,1882.896,Peptide-like Recruiter,A,10716,N10,N,39.671,31.41,3.702,14.217
VHL,4B9K,TG0,1206,1,1882.896,Peptide-like Recruiter,A,10717,C11,C,40.854,31.903,4.384,30.191
VHL,4B9K,TG0,1206,1,1882.896,Peptide-like Recruiter,A,10718,C12,C,41.115,30.978,5.582,3.623
VHL,4B9K,TG0,1206,1,1882.896,Peptide-like Recruiter,A,10719,C13,C,40.148,30.012,6.0,14.492
VHL,4B9K,TG0,1206,1,1882.896,Peptide-like Recruiter,A,10720,C14,C,40.41,29.186,7.108,22.945
VHL,4B9K,TG0,1206,1,1882.896,Peptide-like Recruiter,A,10721,C15,C,41.626,29.31,7.793,4.831
VHL,4B9K,TG0,1206,1,1882.896,Peptide-like Recruiter,A,10722,C16,C,41.872,28.455,9.026,3.623
VHL,4B9K,TG0,1206,1,1882.896,Peptide-like Recruiter,A,10723,C17,C,42.446,28.916,10.27,7.246
VHL,4B9K,TG0,1206,1,1882.896,Peptide-like Recruiter,A,10724,C18,C,42.966,30.296,10.601,57.966
VHL,4B9K,TG0,1206,1,1882.896,Peptide-like Recruiter,A,10725,N19,N,42.445,27.804,11.234,25.153
VHL,4B9K,TG0,1206,1,1882.896,Peptide-like Recruiter,A,10726,C20,C,41.908,26.637,10.71,41.059
VHL,4B9K,TG0,1206,1,1882.896,Peptide-like Recruiter,A,10727,S21,S,41.454,26.884,9.169,43.751
VHL,4B9K,TG0,1206,1,1882.896,Peptide-like Recruiter,A,10728,C22,C,42.581,30.261,7.368,20.53
VHL,4B9K,TG0,1206,1,1882.896,Peptide-like Recruiter,A,10729,C23,C,42.332,31.095,6.273,30.191
VHL,4B9K,TG0,1206,1,1882.896,Peptide-like Recruiter,A,10730,O24,O,40.996,30.166,2.254,22.501
VHL,4B9K,TG0,1206,1,1882.896,Peptide-like Recruiter,A,10731,C25,C,38.287,28.587,2.648,24.153
VHL,4B9K,TG0,1206,1,1882.896,Peptide-like Recruiter,A,10732,C26,C,37.741,27.797,1.518,18.114
VHL,4B9K,TG0,1206,1,1882.896,Peptide-like Recruiter,A,10733,O27,O,36.418,28.155,1.281,45.001
VHL,4B9K,TG0,1206,1,1882.896,Peptide-like Recruiter,A,10734,C28,C,38.51,28.183,0.276,19.322
VHL,4B9K,TG0,1206,1,1882.896,Peptide-like Recruiter,A,10735,O29,O,39.258,31.784,-0.054,33.215
VHL,4B9K,TG0,1206,1,1882.896,Peptide-like Recruiter,A,10736,C30,C,38.153,30.463,-2.725,26.568
VHL,4B9K,TG0,1206,1,1882.896,Peptide-like Recruiter,A,10737,C31,C,38.225,30.113,-4.074,36.229
VHL,4B9K,TG0,1206,1,1882.896,Peptide-like Recruiter,A,10738,C32,C,39.36,29.454,-4.553,30.191
VHL,4B9K,TG0,1210,1,1882.896,Peptide-like Recruiter,A,10755,N01,N,41.249,74.873,-4.359,49.211
VHL,4B9K,TG0,1210,1,1882.896,Peptide-like Recruiter,A,10756,C02,C,40.066,75.413,-3.724,9.661
VHL,4B9K,TG0,1210,1,1882.896,Peptide-like Recruiter,A,10757,C03,C,40.023,75.792,-2.352,1.208
VHL,4B9K,TG0,1210,1,1882.896,Peptide-like Recruiter,A,10758,C04,C,41.203,75.63,-1.444,38.644
VHL,4B9K,TG0,1210,1,1882.896,Peptide-like Recruiter,A,10759,C05,C,38.829,76.362,-1.872,3.623
VHL,4B9K,TG0,1210,1,1882.896,Peptide-like Recruiter,A,10760,C06,C,38.712,76.794,-0.42,1.208
VHL,4B9K,TG0,1210,1,1882.896,Peptide-like Recruiter,A,10762,C08,C,38.248,76.064,1.997,8.453
VHL,4B9K,TG0,1210,1,1882.896,Peptide-like Recruiter,A,10764,N10,N,39.39,77.545,3.697,13.123
VHL,4B9K,TG0,1210,1,1882.896,Peptide-like Recruiter,A,10765,C11,C,40.589,78.039,4.363,31.398
VHL,4B9K,TG0,1210,1,1882.896,Peptide-like Recruiter,A,10766,C12,C,40.886,77.098,5.555,4.831
VHL,4B9K,TG0,1210,1,1882.896,Peptide-like Recruiter,A,10767,C13,C,39.901,76.23,6.07,13.284
VHL,4B9K,TG0,1210,1,1882.896,Peptide-like Recruiter,A,10768,C14,C,40.183,75.371,7.146,21.737
VHL,4B9K,TG0,1210,1,1882.896,Peptide-like Recruiter,A,10769,C15,C,41.45,75.382,7.725,3.623
VHL,4B9K,TG0,1210,1,1882.896,Peptide-like Recruiter,A,10770,C16,C,41.738,74.504,8.938,3.623
VHL,4B9K,TG0,1210,1,1882.896,Peptide-like Recruiter,A,10771,C17,C,42.412,74.931,10.144,6.038
VHL,4B9K,TG0,1210,1,1882.896,Peptide-like Recruiter,A,10772,C18,C,43.001,76.282,10.423,57.966
VHL,4B9K,TG0,1210,1,1882.896,Peptide-like Recruiter,A,10773,N19,N,42.441,73.821,11.119,26.246
VHL,4B9K,TG0,1210,1,1882.896,Peptide-like Recruiter,A,10774,C20,C,41.815,72.68,10.623,39.852
VHL,4B9K,TG0,1210,1,1882.896,Peptide-like Recruiter,A,10775,S21,S,41.241,72.966,9.116,42.464
VHL,4B9K,TG0,1210,1,1882.896,Peptide-like Recruiter,A,10776,C22,C,42.432,76.246,7.214,19.322
VHL,4B9K,TG0,1210,1,1882.896,Peptide-like Recruiter,A,10777,C23,C,42.164,77.073,6.117,30.191
VHL,4B9K,TG0,1210,1,1882.896,Peptide-like Recruiter,A,10778,O24,O,40.615,76.358,2.089,20.358
VHL,4B9K,TG0,1210,1,1882.896,Peptide-like Recruiter,A,10779,C25,C,37.886,74.79,2.712,20.53
VHL,4B9K,TG0,1210,1,1882.896,Peptide-like Recruiter,A,10780,C26,C,37.413,73.919,1.617,15.699
VHL,4B9K,TG0,1210,1,1882.896,Peptide-like Recruiter,A,10781,O27,O,36.044,74.045,1.488,46.073
VHL,4B9K,TG0,1210,1,1882.896,Peptide-like Recruiter,A,10782,C28,C,38.085,74.357,0.345,20.53
VHL,4B9K,TG0,1210,1,1882.896,Peptide-like Recruiter,A,10783,O29,O,38.964,77.965,-0.098,32.144
VHL,4B9K,TG0,1210,1,1882.896,Peptide-like Recruiter,A,10784,C30,C,37.715,76.527,-2.693,24.153
VHL,4B9K,TG0,1210,1,1882.896,Peptide-like Recruiter,A,10785,C31,C,37.778,76.174,-4.045,37.436
VHL,4B9K,TG0,1210,1,1882.896,Peptide-like Recruiter,A,10786,C32,C,38.956,75.612,-4.526,30.191
VHL,4B9K,TG0,1209,1,1882.896,Peptide-like Recruiter,A,10795,N01,N,-5.323,79.627,-4.483,49.211
VHL,4B9K,TG0,1209,1,1882.896,Peptide-like Recruiter,A,10796,C02,C,-6.465,80.205,-3.832,8.453
VHL,4B9K,TG0,1209,1,1882.896,Peptide-like Recruiter,A,10797,C03,C,-6.519,80.491,-2.449,4.831
VHL,4B9K,TG0,1209,1,1882.896,Peptide-like Recruiter,A,10798,C04,C,-5.324,80.293,-1.533,39.852
VHL,4B9K,TG0,1209,1,1882.896,Peptide-like Recruiter,A,10799,C05,C,-7.72,81.08,-1.98,3.623
VHL,4B9K,TG0,1209,1,1882.896,Peptide-like Recruiter,A,10802,C08,C,-8.305,80.726,1.854,8.453
VHL,4B9K,TG0,1209,1,1882.896,Peptide-like Recruiter,A,10804,N10,N,-7.16,82.178,3.621,10.936
VHL,4B9K,TG0,1209,1,1882.896,Peptide-like Recruiter,A,10805,C11,C,-5.963,82.685,4.292,31.398
VHL,4B9K,TG0,1209,1,1882.896,Peptide-like Recruiter,A,10806,C12,C,-5.714,81.763,5.492,3.623
VHL,4B9K,TG0,1209,1,1882.896,Peptide-like Recruiter,A,10807,C13,C,-4.468,81.825,6.135,28.983
VHL,4B9K,TG0,1209,1,1882.896,Peptide-like Recruiter,A,10808,C14,C,-4.216,81.02,7.263,21.737
VHL,4B9K,TG0,1209,1,1882.896,Peptide-like Recruiter,A,10809,C15,C,-5.182,80.093,7.698,3.623
VHL,4B9K,TG0,1209,1,1882.896,Peptide-like Recruiter,A,10810,C16,C,-4.92,79.203,8.896,3.623
VHL,4B9K,TG0,1209,1,1882.896,Peptide-like Recruiter,A,10811,C17,C,-4.318,79.63,10.136,7.246
VHL,4B9K,TG0,1209,1,1882.896,Peptide-like Recruiter,A,10812,C18,C,-3.848,81.014,10.509,55.551
VHL,4B9K,TG0,1209,1,1882.896,Peptide-like Recruiter,A,10813,N19,N,-4.258,78.483,11.058,25.153
VHL,4B9K,TG0,1209,1,1882.896,Peptide-like Recruiter,A,10814,C20,C,-4.755,77.316,10.496,39.852
VHL,4B9K,TG0,1209,1,1882.896,Peptide-like Recruiter,A,10815,S21,S,-5.28,77.61,8.987,42.464
VHL,4B9K,TG0,1209,1,1882.896,Peptide-like Recruiter,A,10816,C22,C,-6.39,79.982,7.001,22.945
VHL,4B9K,TG0,1209,1,1882.896,Peptide-like Recruiter,A,10817,C23,C,-6.684,80.83,5.919,15.699
VHL,4B9K,TG0,1209,1,1882.896,Peptide-like Recruiter,A,10818,O24,O,-5.914,81.029,2.058,22.501
VHL,4B9K,TG0,1209,1,1882.896,Peptide-like Recruiter,A,10819,C25,C,-8.669,79.455,2.537,20.53
VHL,4B9K,TG0,1209,1,1882.896,Peptide-like Recruiter,A,10820,C26,C,-9.148,78.597,1.417,15.699
VHL,4B9K,TG0,1209,1,1882.896,Peptide-like Recruiter,A,10821,O27,O,-10.504,78.804,1.218,45.001
VHL,4B9K,TG0,1209,1,1882.896,Peptide-like Recruiter,A,10822,C28,C,-8.392,78.99,0.173,20.53
VHL,4B9K,TG0,1209,1,1882.896,Peptide-like Recruiter,A,10823,O29,O,-7.769,82.609,-0.155,33.215
VHL,4B9K,TG0,1209,1,1882.896,Peptide-like Recruiter,A,10824,C30,C,-8.838,81.275,-2.778,26.568
VHL,4B9K,TG0,1209,1,1882.896,Peptide-like Recruiter,A,10825,C31,C,-8.762,80.961,-4.136,32.606
VHL,4B9K,TG0,1209,1,1882.896,Peptide-like Recruiter,A,10826,C32,C,-7.578,80.43,-4.634,32.606
VHL,4W9L,3JJ,301,1,2415.66,Peptide-like Recruiter,A,10543,CAD,C,11.214,53.673,97.541,38.644
VHL,4W9L,3JJ,301,1,2415.66,Peptide-like Recruiter,A,10545,OAC,O,12.108,55.582,98.682,8.572
VHL,4W9L,3JJ,301,1,2415.66,Peptide-like Recruiter,A,10549,CG1,C,9.552,57.905,94.842,1.208
VHL,4W9L,3JJ,301,1,2415.66,Peptide-like Recruiter,A,10550,CBO,C,8.228,56.582,96.484,24.153
VHL,4W9L,3JJ,301,1,2415.66,Peptide-like Recruiter,A,10551,CG2,C,8.254,55.868,94.11,25.36
VHL,4W9L,3JJ,301,1,2415.66,Peptide-like Recruiter,A,10557,CAL,C,13.641,51.693,92.289,10.869
VHL,4W9L,3JJ,301,1,2415.66,Peptide-like Recruiter,A,10558,CAM,C,11.318,51.5,93.253,39.852
VHL,4W9L,3JJ,301,1,2415.66,Peptide-like Recruiter,A,10559,CAK,C,13.227,52.31,94.681,18.114
VHL,4W9L,3JJ,301,1,2415.66,Peptide-like Recruiter,A,10561,OAP,O,10.788,53.841,91.087,11.786
VHL,4W9L,3JJ,301,1,2415.66,Peptide-like Recruiter,A,10569,OAW,O,12.585,52.421,88.789,5.357
VHL,4W9L,3JJ,301,1,2415.66,Peptide-like Recruiter,A,10570,NAY,N,11.202,53.62,87.454,1.094
VHL,4W9L,3JJ,301,1,2415.66,Peptide-like Recruiter,A,10571,CAZ,C,10.755,52.442,86.69,26.568
VHL,4W9L,3JJ,301,1,2415.66,Peptide-like Recruiter,A,10572,CBA,C,11.573,52.289,85.526,1.208
VHL,4W9L,3JJ,301,1,2415.66,Peptide-like Recruiter,A,10575,CBB,C,11.471,51.101,84.791,25.36
VHL,4W9L,3JJ,301,1,2415.66,Peptide-like Recruiter,A,10576,CBC,C,12.253,50.871,83.644,9.661
VHL,4W9L,3JJ,301,1,2415.66,Peptide-like Recruiter,A,10583,CBL,C,12.253,50.381,80.617,32.606
VHL,9OIQ,A1C,301,1,185.271,Fragment Recruiter,A,10315,C11,C,38.514,-77.078,3.174,31.398
VHL,9OIQ,A1C,301,1,185.271,Fragment Recruiter,A,10316,C12,C,38.14,-76.853,1.855,25.36
VHL,9OIQ,A1C,301,1,185.271,Fragment Recruiter,A,10317,C02,C,37.769,-74.952,-1.484,33.814
VHL,9OIQ,A1C,301,1,185.271,Fragment Recruiter,A,10318,C03,C,37.864,-76.459,-1.305,28.983
VHL,9OIQ,A1C,301,1,185.271,Fragment Recruiter,A,10319,C05,C,40.246,-77.024,-1.07,36.229
VHL,9OIQ,A1C,301,1,185.271,Fragment Recruiter,A,10320,C07,C,40.387,-77.282,1.112,6.038
VHL,9OIQ,A1C,301,1,185.271,Fragment Recruiter,A,10321,C08,C,40.769,-77.514,2.467,31.398
VHL,9OIQ,A1C,301,1,185.271,Fragment Recruiter,A,10322,C09,C,39.831,-77.408,3.484,6.038
VHL,9OIQ,A1C,301,1,185.271,Fragment Recruiter,A,10323,C13,C,39.102,-76.961,0.81,6.038
VHL,9OIQ,A1C,301,1,185.271,Fragment Recruiter,A,10324,N04,N,39.046,-76.807,-0.543,1.094
VHL,9OIQ,A1C,301,1,185.271,Fragment Recruiter,A,10325,N06,N,41.076,-77.314,-0.068,25.153
VHL,9OIQ,A1C,301,1,185.271,Fragment Recruiter,A,10326,N10,N,40.226,-77.637,4.861,53.586
VHL,9OIQ,A1C,301,1,185.271,Fragment Recruiter,A,10327,O01,O,36.402,-74.663,-1.51,50.359
VHL,9QE4,A1I,301,1,2187.176,Peptide-like Recruiter,A,10530,N1,N,12.607,54.443,94.831,3.281
VHL,9QE4,A1I,301,1,2187.176,Peptide-like Recruiter,A,10531,N3,N,12.174,53.537,88.307,3.281
VHL,9QE4,A1I,301,1,2187.176,Peptide-like Recruiter,A,10532,C4,C,11.294,57.702,96.778,3.623
VHL,9QE4,A1I,301,1,2187.176,Peptide-like Recruiter,A,10533,C5,C,11.344,56.457,97.62,26.568
VHL,9QE4,A1I,301,1,2187.176,Peptide-like Recruiter,A,10538,C13,C,12.608,51.969,86.246,1.208
VHL,9QE4,A1I,301,1,2187.176,Peptide-like Recruiter,A,10540,C17,C,14.19,51.491,83.785,1.208
VHL,9QE4,A1I,301,1,2187.176,Peptide-like Recruiter,A,10545,C26,C,15.005,51.791,93.197,8.453
VHL,9QE4,A1I,301,1,2187.176,Peptide-like Recruiter,A,10548,C12,C,11.754,52.266,87.592,8.453
VHL,9QE4,A1I,301,1,2187.176,Peptide-like Recruiter,A,10549,C14,C,10.229,52.298,87.25,47.098
VHL,9QE4,A1I,301,1,2187.176,Peptide-like Recruiter,A,10550,C16,C,14.137,52.752,84.444,1.208
VHL,9QE4,A1I,301,1,2187.176,Peptide-like Recruiter,A,10551,C18,C,13.411,50.473,84.418,9.661
VHL,9QE4,A1I,301,1,2187.176,Peptide-like Recruiter,A,10552,C19,C,12.644,50.695,85.608,22.945
VHL,9QE4,A1I,301,1,2187.176,Peptide-like Recruiter,A,10554,C23,C,13.754,49.591,80.955,38.644
VHL,9QE4,A1I,301,1,2187.176,Peptide-like Recruiter,A,10555,C25,C,14.47,52.119,95.674,32.606
VHL,9QE4,A1I,301,1,2187.176,Peptide-like Recruiter,A,10556,C27,C,12.616,51.533,94.032,43.475
VHL,9QE4,A1I,301,1,2187.176,Peptide-like Recruiter,A,10559,F1,F,9.972,56.0,95.65,25.877
VHL,9QE4,A1I,301,1,2187.176,Peptide-like Recruiter,A,10561,N4,N,16.168,50.728,80.412,1.094
VHL,9QE4,A1I,301,1,2187.176,Peptide-like Recruiter,A,10563,O2,O,12.154,54.016,92.107,11.786
VHL,9QE4,A1I,301,1,2187.176,Peptide-like Recruiter,A,10565,O4,O,14.04,52.689,89.353,4.286
VHL,9D4B,A1A,301,1,1130.128,Peptide-like Recruiter,A,7281,C1,C,-36.023,-4.744,-37.689,38.644
VHL,9D4B,A1A,301,1,1130.128,Peptide-like Recruiter,A,7287,C5,C,-34.31,-4.243,-40.553,2.415
VHL,9D4B,A1A,301,1,1130.128,Peptide-like Recruiter,A,7288,C6,C,-33.735,-4.792,-41.699,1.208
VHL,9D4B,A1A,301,1,1130.128,Peptide-like Recruiter,A,7289,C7,C,-34.169,-4.431,-42.963,6.038
VHL,9D4B,A1A,301,1,1130.128,Peptide-like Recruiter,A,7290,C8,C,-35.177,-3.495,-43.134,1.208
VHL,9D4B,A1A,301,1,1130.128,Peptide-like Recruiter,A,7291,C9,C,-35.674,-3.064,-44.503,1.208
VHL,9D4B,A1A,301,1,1130.128,Peptide-like Recruiter,A,7292,C10,C,-37.061,-3.672,-44.748,16.907
VHL,9D4B,A1A,301,1,1130.128,Peptide-like Recruiter,A,7293,N2,N,-37.993,-2.886,-45.563,3.281
VHL,9D4B,A1A,301,1,1130.128,Peptide-like Recruiter,A,7294,C11,C,-38.56,-3.612,-46.693,25.36
VHL,9D4B,A1A,301,1,1130.128,Peptide-like Recruiter,A,7295,C12,C,-39.81,-2.884,-47.104,37.436
VHL,9D4B,A1A,301,1,1130.128,Peptide-like Recruiter,A,7296,O1,O,-39.559,-1.52,-47.446,23.572
VHL,9D4B,A1A,301,1,1130.128,Peptide-like Recruiter,A,7297,C13,C,-38.835,-0.82,-46.434,37.436
VHL,9D4B,A1A,301,1,1130.128,Peptide-like Recruiter,A,7298,C14,C,-37.592,-1.56,-46.029,9.661
VHL,9D4B,A1A,301,1,1130.128,Peptide-like Recruiter,A,7301,O2,O,-33.636,-1.547,-45.565,3.214
VHL,9D4B,A1A,301,1,1130.128,Peptide-like Recruiter,A,7309,O4,O,-34.259,-2.883,-49.023,3.214
VHL,9D4B,A1A,301,1,1130.128,Peptide-like Recruiter,A,7312,C22,C,-34.081,-2.82,-51.882,1.208
VHL,9D4B,A1A,301,1,1130.128,Peptide-like Recruiter,A,7313,C23,C,-33.883,-3.204,-53.169,2.415
VHL,9D4B,A1A,301,1,1130.128,Peptide-like Recruiter,A,7316,C26,C,-35.164,-3.036,-56.318,6.038
VHL,9D4B,A1A,301,1,1130.128,Peptide-like Recruiter,A,7317,C27,C,-36.671,-3.065,-56.093,3.623
VHL,9D4B,A1A,301,1,1130.128,Peptide-like Recruiter,A,7318,C28,C,-37.392,-4.308,-56.615,14.492
VHL,9D4B,A1A,301,1,1130.128,Peptide-like Recruiter,A,7319,N6,N,-38.749,-4.015,-57.087,2.187
VHL,9D4B,A1A,301,1,1130.128,Peptide-like Recruiter,A,7320,C29,C,-39.426,-5.198,-57.636,30.191
VHL,9D4B,A1A,301,1,1130.128,Peptide-like Recruiter,A,7321,C30,C,-40.869,-4.89,-58.06,24.153
VHL,9D4B,A1A,301,1,1130.128,Peptide-like Recruiter,A,7322,C31,C,-40.958,-3.68,-59.001,7.246
VHL,9D4B,A1A,301,1,1130.128,Peptide-like Recruiter,A,7323,C32,C,-42.373,-3.252,-59.342,2.415
VHL,9D4B,A1A,301,1,1130.128,Peptide-like Recruiter,A,7324,C33,C,-43.316,-3.221,-58.326,18.114
VHL,9D4B,A1A,301,1,1130.128,Peptide-like Recruiter,A,7325,C34,C,-44.639,-2.838,-58.574,15.699
VHL,9D4B,A1A,301,1,1130.128,Peptide-like Recruiter,A,7326,C35,C,-45.012,-2.484,-59.859,2.415
VHL,9D4B,A1A,301,1,1130.128,Peptide-like Recruiter,A,7327,C36,C,-44.084,-2.483,-60.891,7.246
VHL,9D4B,A1A,301,1,1130.128,Peptide-like Recruiter,A,7328,C37,C,-42.761,-2.885,-60.629,16.907
VHL,9D4B,A1A,301,1,1130.128,Peptide-like Recruiter,A,7329,N7,N,-44.768,-2.11,-62.096,2.187
VHL,9D4B,A1A,301,1,1130.128,Peptide-like Recruiter,A,7330,C38,C,-46.092,-1.863,-61.834,3.623
VHL,9D4B,A1A,301,1,1130.128,Peptide-like Recruiter,A,7331,N8,N,-46.986,-1.543,-62.761,15.31
VHL,9D4B,A1A,301,1,1130.128,Peptide-like Recruiter,A,7332,C39,C,-46.593,-1.429,-64.079,9.661
VHL,9D4B,A1A,301,1,1130.128,Peptide-like Recruiter,A,7333,O5,O,-47.42,-1.134,-64.944,36.43
VHL,9D4B,A1A,301,1,1130.128,Peptide-like Recruiter,A,7334,C40,C,-45.194,-1.669,-64.454,7.246
VHL,9D4B,A1A,301,1,1130.128,Peptide-like Recruiter,A,7335,C41,C,-44.701,-1.558,-65.77,7.246
VHL,9D4B,A1A,301,1,1130.128,Peptide-like Recruiter,A,7336,CL1,CL,-45.641,-1.139,-67.159,57.357
VHL,9D4B,A1A,301,1,1130.128,Peptide-like Recruiter,A,7337,C42,C,-43.394,-1.783,-66.065,26.568
VHL,9D4B,A1A,301,1,1130.128,Peptide-like Recruiter,A,7338,C43,C,-42.513,-2.147,-65.046,37.436
VHL,9D4B,A1A,301,1,1130.128,Peptide-like Recruiter,A,7339,C44,C,-42.958,-2.263,-63.749,18.114
VHL,9D4B,A1A,301,1,1130.128,Peptide-like Recruiter,A,7340,C45,C,-44.294,-2.025,-63.426,8.453
VHL,9D4B,A1A,301,1,1130.128,Peptide-like Recruiter,A,7342,C47,C,-47.44,-3.199,-60.31,20.53
VHL,9D4B,A1A,301,1,1130.128,Peptide-like Recruiter,A,7343,C48,C,-48.206,-3.3,-58.996,32.606
VHL,9D4B,A1A,301,1,1130.128,Peptide-like Recruiter,A,7344,C49,C,-48.7,-1.939,-58.553,36.229
VHL,9D4B,A1A,301,1,1130.128,Peptide-like Recruiter,A,7345,C50,C,-47.514,-1.026,-58.325,32.606
VHL,9D4B,A1A,301,1,1130.128,Peptide-like Recruiter,A,7346,C51,C,-46.788,-0.786,-59.642,24.153
VHL,9D4B,A1A,301,1,1130.128,Peptide-like Recruiter,A,7347,C52,C,-40.187,-2.512,-58.404,25.36
VHL,9D4B,A1A,301,1,1130.128,Peptide-like Recruiter,A,7348,C53,C,-38.764,-2.948,-58.095,9.661
VHL,9D4B,A1A,301,1,1130.128,Peptide-like Recruiter,A,7349,C54,C,-36.915,-2.747,-54.624,26.568
VHL,9D4B,A1A,301,1,1130.128,Peptide-like Recruiter,A,7350,C55,C,-36.28,-3.79,-53.72,10.869
VHL,9D4B,A1A,301,1,1130.128,Peptide-like Recruiter,A,7351,N9,N,-32.632,-2.854,-53.525,2.187
VHL,9D4B,A1A,301,1,1130.128,Peptide-like Recruiter,A,7354,C57,C,-32.914,0.378,-48.591,14.492
VHL,9D4B,A1A,301,1,1130.128,Peptide-like Recruiter,A,7355,C58,C,-32.435,0.798,-51.012,20.53
VHL,9D4B,A1A,301,1,1130.128,Peptide-like Recruiter,A,7356,C59,C,-34.687,0.043,-50.232,37.436
VHL,9D4B,A1A,301,1,1130.128,Peptide-like Recruiter,A,7357,C60,C,-35.769,-2.96,-42.002,20.53
VHL,9D4B,A1A,301,1,1130.128,Peptide-like Recruiter,A,7358,C61,C,-35.336,-3.313,-40.733,8.453
VHL,8QCU,VHL,206,1,843.03,Peptide-like Recruiter,A,1070,C1,C,1.364,23.098,36.484,2.415
VHL,8QCU,VHL,206,1,843.03,Peptide-like Recruiter,A,1071,C2,C,-1.228,23.592,36.534,1.208
VHL,8QCU,VHL,206,1,843.03,Peptide-like Recruiter,A,1074,C5,C,3.736,24.513,32.853,2.415
VHL,8QCU,VHL,206,1,843.03,Peptide-like Recruiter,A,1075,C4,C,1.81,25.471,33.09,10.869
VHL,8QCU,VHL,206,1,843.03,Peptide-like Recruiter,A,1076,C7,C,0.163,27.077,35.591,4.831
VHL,8QCU,VHL,206,1,843.03,Peptide-like Recruiter,A,1077,C9,C,1.295,26.241,37.197,19.322
VHL,8QCU,VHL,206,1,843.03,Peptide-like Recruiter,A,1078,C8,C,1.299,27.579,37.347,43.475
VHL,8QCU,VHL,206,1,843.03,Peptide-like Recruiter,A,1080,N2,N,2.944,25.532,32.407,21.872
VHL,8QCU,VHL,206,1,843.03,Peptide-like Recruiter,A,1082,N4,N,0.599,28.082,36.349,27.34
VHL,8QCU,VHL,206,1,843.03,Peptide-like Recruiter,A,1083,O1,O,2.098,22.575,37.225,18.215
VHL,8QCU,VHL,206,1,843.03,Peptide-like Recruiter,A,1084,O2,O,-2.06,23.381,37.281,51.43
VHL,8QCU,VHL,206,1,843.03,Peptide-like Recruiter,A,1085,O3,O,-0.383,21.295,33.96,10.715
VHL,8QCU,VHL,208,1,843.03,Peptide-like Recruiter,A,1100,C1,C,-12.009,35.66,4.33,3.623
VHL,8QCU,VHL,208,1,843.03,Peptide-like Recruiter,A,1101,C2,C,-9.367,36.182,3.965,2.415
VHL,8QCU,VHL,208,1,843.03,Peptide-like Recruiter,A,1102,C3,C,-10.318,34.11,5.439,1.208
VHL,8QCU,VHL,208,1,843.03,Peptide-like Recruiter,A,1103,C6,C,-13.163,35.558,7.26,12.076
VHL,8QCU,VHL,208,1,843.03,Peptide-like Recruiter,A,1104,C5,C,-13.6,35.649,8.502,36.229
VHL,8QCU,VHL,208,1,843.03,Peptide-like Recruiter,A,1105,C4,C,-11.499,36.225,8.451,12.076
VHL,8QCU,VHL,208,1,843.03,Peptide-like Recruiter,A,1106,C7,C,-10.289,39.02,6.28,18.114
VHL,8QCU,VHL,208,1,843.03,Peptide-like Recruiter,A,1107,C9,C,-11.689,38.878,4.675,19.322
VHL,8QCU,VHL,208,1,843.03,Peptide-like Recruiter,A,1108,C8,C,-11.59,40.179,5.022,44.682
VHL,8QCU,VHL,208,1,843.03,Peptide-like Recruiter,A,1110,N2,N,-12.546,36.075,9.26,26.246
VHL,8QCU,VHL,208,1,843.03,Peptide-like Recruiter,A,1112,N4,N,-10.733,40.255,6.012,28.433
VHL,8QCU,VHL,208,1,843.03,Peptide-like Recruiter,A,1113,O1,O,-12.903,35.47,3.606,46.073
VHL,8QCU,VHL,208,1,843.03,Peptide-like Recruiter,A,1114,O2,O,-8.654,36.279,3.07,52.501
VHL,8QCU,VHL,208,1,843.03,Peptide-like Recruiter,A,1115,O3,O,-10.222,32.994,5.387,5.357
VHL,8CQL,VH3,301,1,2379.24,Peptide-like Recruiter,A,10368,C07,C,54.712,28.768,-40.838,3.623
VHL,8CQL,VH3,301,1,2379.24,Peptide-like Recruiter,A,10370,C09,C,53.93,27.225,-38.963,3.623
VHL,8CQL,VH3,301,1,2379.24,Peptide-like Recruiter,A,10371,C11,C,54.283,25.008,-39.679,49.513
VHL,8CQL,VH3,301,1,2379.24,Peptide-like Recruiter,A,10372,C12,C,53.101,26.965,-37.867,2.415
VHL,8CQL,VH3,301,1,2379.24,Peptide-like Recruiter,A,10374,C16,C,52.988,26.483,-34.639,30.191
VHL,8CQL,VH3,301,1,2379.24,Peptide-like Recruiter,A,10376,C23,C,56.161,28.967,-40.401,37.436
VHL,8CQL,VH3,301,1,2379.24,Peptide-like Recruiter,A,10378,C29,C,51.956,28.799,-46.742,9.661
VHL,8CQL,VH3,301,1,2379.24,Peptide-like Recruiter,A,10379,C30,C,54.311,28.643,-47.671,42.267
VHL,8CQL,VH3,301,1,2379.24,Peptide-like Recruiter,A,10380,C31,C,52.441,29.578,-49.113,26.568
VHL,8CQL,VH3,301,1,2379.24,Peptide-like Recruiter,A,10381,C33,C,54.524,32.818,-48.275,1.208
VHL,8CQL,VH3,301,1,2379.24,Peptide-like Recruiter,A,10382,C34,C,55.797,33.335,-48.967,1.208
VHL,8CQL,VH3,301,1,2379.24,Peptide-like Recruiter,A,10383,C36,C,55.978,34.855,-48.985,4.831
VHL,8CQL,VH3,301,1,2379.24,Peptide-like Recruiter,A,10384,C37,C,55.587,34.114,-50.267,16.907
VHL,8CQL,VH3,301,1,2379.24,Peptide-like Recruiter,A,10387,F35,F,56.944,32.601,-48.896,30.017
VHL,8CQL,VH3,301,1,2379.24,Peptide-like Recruiter,A,10388,N06,N,54.182,30.005,-41.376,1.094
VHL,8CQL,VH3,301,1,2379.24,Peptide-like Recruiter,A,10393,O10,O,54.861,26.256,-39.385,9.643
VHL,8CQL,VH3,301,1,2379.24,Peptide-like Recruiter,A,10394,O24,O,53.062,28.979,-43.119,8.572
VHL,8CQL,VH3,301,1,2379.24,Peptide-like Recruiter,A,10396,O39,O,54.692,30.609,-45.283,10.715
VHL,8BDI,QF7,301,1,2423.448,Peptide-like Recruiter,A,10711,N1,N,6.907,10.624,3.936,1.094
VHL,8BDI,QF7,301,1,2423.448,Peptide-like Recruiter,A,10714,O1,O,5.696,11.426,2.204,8.572
VHL,8BDI,QF7,301,1,2423.448,Peptide-like Recruiter,A,10722,O3,O,7.695,9.779,0.506,10.715
VHL,8BDI,QF7,301,1,2423.448,Peptide-like Recruiter,A,10725,C9,C,6.304,11.543,-3.578,30.191
VHL,8BDI,QF7,301,1,2423.448,Peptide-like Recruiter,A,10726,C10,C,5.593,12.514,-1.417,7.246
VHL,8BDI,QF7,301,1,2423.448,Peptide-like Recruiter,A,10727,C11,C,5.397,10.069,-1.792,42.267
VHL,8BDI,QF7,301,1,2423.448,Peptide-like Recruiter,A,10729,O4,O,10.09,10.944,-3.129,1.071
VHL,8BDI,QF7,301,1,2423.448,Peptide-like Recruiter,A,10730,C13,C,11.37,8.419,-3.775,3.623
VHL,8BDI,QF7,301,1,2423.448,Peptide-like Recruiter,A,10731,C14,C,10.275,8.361,-4.766,32.606
VHL,8BDI,QF7,301,1,2423.448,Peptide-like Recruiter,A,10732,C15,C,9.944,8.561,-3.311,1.208
VHL,8BDI,QF7,301,1,2423.448,Peptide-like Recruiter,A,10733,F1,F,9.364,7.529,-2.617,22.772
VHL,8BDI,QF7,301,1,2423.448,Peptide-like Recruiter,A,10734,C16,C,5.753,10.155,4.704,6.038
VHL,8BDI,QF7,301,1,2423.448,Peptide-like Recruiter,A,10735,C17,C,5.974,8.71,5.19,21.737
VHL,8BDI,QF7,301,1,2423.448,Peptide-like Recruiter,A,10737,C19,C,4.297,10.886,6.647,15.699
VHL,8BDI,QF7,301,1,2423.448,Peptide-like Recruiter,A,10738,C20,C,4.072,11.637,7.787,7.246
VHL,8BDI,QF7,301,1,2423.448,Peptide-like Recruiter,A,10747,C27,C,4.267,11.723,11.204,22.945
VHL,8BDI,QF7,301,1,2423.448,Peptide-like Recruiter,A,10749,N5,N,5.986,7.549,7.328,13.123
VHL,8BDI,QF7,301,1,2423.448,Peptide-like Recruiter,A,10751,C29,C,6.507,7.186,8.634,32.606
VHL,6GFZ,EXE,301,1,506.729,Peptide-like Recruiter,A,10633,CAA,C,10.518,56.501,95.137,22.945
VHL,6GFZ,EXE,301,1,506.729,Peptide-like Recruiter,A,10634,CAV,C,11.837,55.972,94.537,1.208
VHL,6GFZ,EXE,301,1,506.729,Peptide-like Recruiter,A,10636,N,N,11.735,54.776,93.942,2.187
VHL,6GFZ,EXE,301,1,506.729,Peptide-like Recruiter,A,10639,CG1,C,14.056,51.866,93.018,14.492
VHL,6GFZ,EXE,301,1,506.729,Peptide-like Recruiter,A,10640,CAE,C,11.648,51.807,93.733,44.682
VHL,6GFZ,EXE,301,1,506.729,Peptide-like Recruiter,A,10641,CG2,C,13.339,52.741,95.302,28.983
VHL,6GFZ,EXE,301,1,506.729,Peptide-like Recruiter,A,10643,O,O,11.314,53.921,91.437,11.786
VHL,6GFZ,EXE,301,1,506.729,Peptide-like Recruiter,A,10651,CAW,C,12.737,53.352,88.841,1.208
VHL,6GFZ,EXE,301,1,506.729,Peptide-like Recruiter,A,10652,OAG,O,13.205,52.315,89.314,5.357
VHL,6GFZ,EXE,301,1,506.729,Peptide-like Recruiter,A,10653,NAS,N,11.985,53.416,87.702,2.187
VHL,6GFZ,EXE,301,1,506.729,Peptide-like Recruiter,A,10654,CAP,C,11.638,52.176,86.978,26.568
VHL,6GFZ,EXE,301,1,506.729,Peptide-like Recruiter,A,10655,CAZ,C,12.44,52.006,85.783,1.208
VHL,6GFZ,EXE,301,1,506.729,Peptide-like Recruiter,A,10656,CAL,C,12.298,50.828,85.027,25.36
VHL,6GFZ,EXE,301,1,506.729,Peptide-like Recruiter,A,10657,CAN,C,13.051,50.594,83.866,9.661
VHL,6GFZ,EXE,301,1,506.729,Peptide-like Recruiter,A,10666,CAB,C,13.097,50.049,80.765,35.021
VHL,9DTY,A1B,201,1,9213.52,Peptide-like Recruiter,A,36207,C6,C,-61.853,32.917,-101.209,10.869
VHL,9DTY,A1B,201,1,9213.52,Peptide-like Recruiter,A,36208,C7,C,-62.267,34.051,-101.862,24.153
VHL,9DTY,A1B,201,1,9213.52,Peptide-like Recruiter,A,36209,C8,C,-63.286,34.809,-101.335,1.208
VHL,9DTY,A1B,201,1,9213.52,Peptide-like Recruiter,A,36210,C10,C,-62.554,36.934,-102.322,48.305
VHL,9DTY,A1B,201,1,9213.52,Peptide-like Recruiter,A,36214,C20,C,-69.593,42.18,-101.744,2.415
VHL,9DTY,A1B,201,1,9213.52,Peptide-like Recruiter,A,36216,C22,C,-69.748,45.247,-100.323,6.038
VHL,9DTY,A1B,201,1,9213.52,Peptide-like Recruiter,A,36217,C24,C,-71.313,47.005,-103.986,28.983
VHL,9DTY,A1B,201,1,9213.52,Peptide-like Recruiter,A,36219,C28,C,-75.161,49.318,-103.878,22.945
VHL,9DTY,A1B,201,1,9213.52,Peptide-like Recruiter,A,36220,C1,C,-59.693,31.121,-100.135,32.606
VHL,9DTY,A1B,201,1,9213.52,Peptide-like Recruiter,A,36224,C9,C,-63.764,36.057,-102.028,8.453
VHL,9DTY,A1B,201,1,9213.52,Peptide-like Recruiter,A,36225,N2,N,-64.661,36.749,-101.106,2.187
VHL,9DTY,A1B,201,1,9213.52,Peptide-like Recruiter,A,36227,O1,O,-66.412,35.558,-101.727,4.286
VHL,9DTY,A1B,201,1,9213.52,Peptide-like Recruiter,A,36232,O3,O,-67.204,38.501,-102.37,12.858
VHL,9DTY,A1B,201,1,9213.52,Peptide-like Recruiter,A,36233,C18,C,-69.784,40.042,-101.975,1.208
VHL,9DTY,A1B,201,1,9213.52,Peptide-like Recruiter,A,36234,C19,C,-68.896,41.032,-102.165,8.453
VHL,9DTY,A1B,201,1,9213.52,Peptide-like Recruiter,A,36235,O4,O,-69.118,43.437,-101.748,1.071
VHL,9DTY,A1B,201,1,9213.52,Peptide-like Recruiter,A,36236,C23,C,-70.01,45.4,-102.771,21.737
VHL,9DTY,A1B,201,1,9213.52,Peptide-like Recruiter,A,36237,N4,N,-71.367,45.877,-103.035,4.374
VHL,9DTY,A1B,201,1,9213.52,Peptide-like Recruiter,A,36238,C25,C,-71.183,48.229,-103.052,24.153
VHL,9DTY,A1B,201,1,9213.52,Peptide-like Recruiter,A,36240,C27,C,-73.84,49.305,-103.12,8.453
VHL,9DTY,A1B,201,1,9213.52,Peptide-like Recruiter,A,36241,N6,N,-76.224,48.832,-102.994,5.468
VHL,9DTY,A1B,201,1,9213.52,Peptide-like Recruiter,A,36242,C29,C,-77.434,48.835,-103.651,2.415
VHL,9DTY,A1B,201,1,9213.52,Peptide-like Recruiter,A,36243,C30,C,-78.213,49.979,-103.653,18.114
VHL,9DTY,A1B,201,1,9213.52,Peptide-like Recruiter,A,36244,C31,C,-79.432,49.928,-104.331,7.246
VHL,9DTY,A1B,201,1,9213.52,Peptide-like Recruiter,A,36245,C32,C,-80.297,51.128,-104.363,6.038
VHL,9DTY,A1B,201,1,9213.52,Peptide-like Recruiter,A,36246,C33,C,-80.175,52.112,-103.381,24.153
VHL,9DTY,A1B,201,1,9213.52,Peptide-like Recruiter,A,36247,C34,C,-80.976,53.233,-103.422,37.436
VHL,9DTY,A1B,201,1,9213.52,Peptide-like Recruiter,A,36248,C35,C,-81.908,53.381,-104.433,37.436
VHL,9DTY,A1B,201,1,9213.52,Peptide-like Recruiter,A,36249,C36,C,-82.037,52.411,-105.41,32.606
VHL,9DTY,A1B,201,1,9213.52,Peptide-like Recruiter,A,36250,C37,C,-81.234,51.284,-105.386,9.661
VHL,9DTY,A1B,201,1,9213.52,Peptide-like Recruiter,A,36251,O5,O,-81.353,50.333,-106.344,36.43
VHL,9DTY,A1B,201,1,9213.52,Peptide-like Recruiter,A,36252,N7,N,-79.8,48.808,-104.946,10.936
VHL,9DTY,A1B,201,1,9213.52,Peptide-like Recruiter,A,36253,N8,N,-79.074,47.748,-104.941,25.153
VHL,9DTY,A1B,201,1,9213.52,Peptide-like Recruiter,A,36254,C38,C,-77.908,47.704,-104.326,6.038
VHL,9DTY,A1B,201,1,9213.52,Peptide-like Recruiter,A,36255,N9,N,-77.145,46.537,-104.344,20.778
VHL,9DTY,A1B,201,1,9213.52,Peptide-like Recruiter,A,36256,C39,C,-75.796,46.592,-103.762,12.076
VHL,9DTY,A1B,201,1,9213.52,Peptide-like Recruiter,A,36257,C40,C,-75.922,47.484,-102.522,7.246
VHL,9DTY,A1B,201,1,9213.52,Peptide-like Recruiter,A,36258,C41,C,-74.624,47.515,-101.73,7.246
VHL,9DTY,A1B,201,1,9213.52,Peptide-like Recruiter,A,36260,N10,N,-70.772,41.792,-101.354,3.281
VHL,9DTY,A1B,201,1,9213.52,Peptide-like Recruiter,A,36262,C43,C,-69.597,38.323,-103.756,8.453
VHL,9DTY,A1B,201,1,9213.52,Peptide-like Recruiter,A,36263,C44,C,-68.92,36.979,-103.998,27.775
VHL,9DTY,A1B,201,1,9213.52,Peptide-like Recruiter,A,36264,C45,C,-71.042,38.206,-104.23,38.644
VHL,5NW0,9BK,301,1,573.845,Peptide-like Recruiter,A,10650,CAA,C,8.258,53.536,97.311,60.381
VHL,5NW0,9BK,301,1,573.845,Peptide-like Recruiter,A,10651,CAZ,C,9.4,54.557,97.322,1.208
VHL,5NW0,9BK,301,1,573.845,Peptide-like Recruiter,A,10652,OAF,O,10.413,54.344,97.979,22.501
VHL,5NW0,9BK,301,1,573.845,Peptide-like Recruiter,A,10653,NAX,N,9.222,55.648,96.55,8.749
VHL,5NW0,9BK,301,1,573.845,Peptide-like Recruiter,A,10656,CAQ,C,9.808,58.143,96.395,6.038
VHL,5NW0,9BK,301,1,573.845,Peptide-like Recruiter,A,10662,CAE,C,13.973,52.343,93.984,13.284
VHL,5NW0,9BK,301,1,573.845,Peptide-like Recruiter,A,10663,CAC,C,11.644,52.256,94.903,32.606
VHL,5NW0,9BK,301,1,573.845,Peptide-like Recruiter,A,10664,CAD,C,13.524,53.185,96.269,20.53
VHL,5NW0,9BK,301,1,573.845,Peptide-like Recruiter,A,10666,OAI,O,11.159,54.313,92.428,12.858
VHL,5NW0,9BK,301,1,573.845,Peptide-like Recruiter,A,10673,C,C,12.579,53.79,89.809,1.208
VHL,5NW0,9BK,301,1,573.845,Peptide-like Recruiter,A,10674,O,O,13.025,52.72,90.204,8.572
VHL,5NW0,9BK,301,1,573.845,Peptide-like Recruiter,A,10675,NAV,N,11.748,53.907,88.742,1.094
VHL,5NW0,9BK,301,1,573.845,Peptide-like Recruiter,A,10676,CAR,C,11.272,52.765,87.926,25.36
VHL,5NW0,9BK,301,1,573.845,Peptide-like Recruiter,A,10677,CBD,C,12.07,52.565,86.752,2.415
VHL,5NW0,9BK,301,1,573.845,Peptide-like Recruiter,A,10678,CAK,C,12.048,51.332,86.096,25.36
VHL,5NW0,9BK,301,1,573.845,Peptide-like Recruiter,A,10679,CAM,C,12.815,51.108,84.947,8.453
VHL,5NW0,9BK,301,1,573.845,Peptide-like Recruiter,A,10682,CBF,C,13.631,52.114,84.404,1.208
VHL,5NW0,9BK,301,1,573.845,Peptide-like Recruiter,A,10688,CAB,C,12.645,50.663,81.87,38.644
VHL,5NVZ,9BN,301,1,558.83,Peptide-like Recruiter,A,10644,CAP,C,10.323,57.348,97.834,12.076
VHL,5NVZ,9BN,301,1,558.83,Peptide-like Recruiter,A,10645,CAQ,C,10.019,58.353,96.718,1.208
VHL,5NVZ,9BN,301,1,558.83,Peptide-like Recruiter,A,10647,CAY,C,9.023,56.096,95.885,2.415
VHL,5NVZ,9BN,301,1,558.83,Peptide-like Recruiter,A,10648,OAF,O,9.152,55.15,95.103,17.143
VHL,5NVZ,9BN,301,1,558.83,Peptide-like Recruiter,A,10649,CAA,C,7.628,56.538,96.378,48.305
VHL,5NVZ,9BN,301,1,558.83,Peptide-like Recruiter,A,10655,CAE,C,11.753,52.396,94.712,38.644
VHL,5NVZ,9BN,301,1,558.83,Peptide-like Recruiter,A,10656,CAC,C,13.525,53.307,96.173,26.568
VHL,5NVZ,9BN,301,1,558.83,Peptide-like Recruiter,A,10657,CAD,C,14.072,52.628,93.824,12.076
VHL,5NVZ,9BN,301,1,558.83,Peptide-like Recruiter,A,10659,OAI,O,11.127,54.677,92.465,10.715
VHL,5NVZ,9BN,301,1,558.83,Peptide-like Recruiter,A,10666,C,C,12.632,53.968,89.831,1.208
VHL,5NVZ,9BN,301,1,558.83,Peptide-like Recruiter,A,10667,O,O,13.133,52.924,90.242,7.5
VHL,5NVZ,9BN,301,1,558.83,Peptide-like Recruiter,A,10668,NAV,N,11.794,54.068,88.761,1.094
VHL,5NVZ,9BN,301,1,558.83,Peptide-like Recruiter,A,10669,CAR,C,11.324,52.919,87.945,27.775
VHL,5NVZ,9BN,301,1,558.83,Peptide-like Recruiter,A,10670,CBC,C,12.094,52.722,86.766,2.415
VHL,5NVZ,9BN,301,1,558.83,Peptide-like Recruiter,A,10671,CAK,C,12.074,51.477,86.127,25.36
VHL,5NVZ,9BN,301,1,558.83,Peptide-like Recruiter,A,10672,CAM,C,12.833,51.255,84.972,7.246
VHL,5NVZ,9BN,301,1,558.83,Peptide-like Recruiter,A,10675,CBE,C,13.616,52.272,84.403,1.208
VHL,5NVZ,9BN,301,1,558.83,Peptide-like Recruiter,A,10681,CAB,C,12.538,51.003,81.858,33.814
VHL,5NVV,9BT,301,1,504.738,Peptide-like Recruiter,A,10633,CAA,C,12.48,50.004,81.118,36.229
VHL,5NVV,9BT,301,1,504.738,Peptide-like Recruiter,A,10640,CAM,C,12.636,50.44,84.171,8.453
VHL,5NVV,9BT,301,1,504.738,Peptide-like Recruiter,A,10641,CAK,C,11.866,50.702,85.305,25.36
VHL,5NVV,9BT,301,1,504.738,Peptide-like Recruiter,A,10644,CAZ,C,11.93,51.924,85.973,1.208
VHL,5NVV,9BT,301,1,504.738,Peptide-like Recruiter,A,10645,CAP,C,11.112,52.1,87.099,25.36
VHL,5NVV,9BT,301,1,504.738,Peptide-like Recruiter,A,10646,NAT,N,11.594,53.242,87.913,1.094
VHL,5NVV,9BT,301,1,504.738,Peptide-like Recruiter,A,10648,O,O,12.836,52.024,89.34,7.5
VHL,5NVV,9BT,301,1,504.738,Peptide-like Recruiter,A,10656,OAG,O,11.027,53.601,91.568,12.858
VHL,5NVV,9BT,301,1,504.738,Peptide-like Recruiter,A,10659,CAC,C,11.385,51.492,93.896,43.475
VHL,5NVV,9BT,301,1,504.738,Peptide-like Recruiter,A,10660,CAD,C,13.196,52.388,95.41,28.983
VHL,5NVV,9BT,301,1,504.738,Peptide-like Recruiter,A,10661,CAB,C,13.77,51.552,93.111,13.284
VHL,5NVV,9BT,301,1,504.738,Peptide-like Recruiter,A,10662,NAU,N,11.416,54.408,94.095,2.187
VHL,5NVV,9BT,301,1,504.738,Peptide-like Recruiter,A,10665,CAO,C,10.05,55.947,95.265,27.775
VHL,5NVV,9BT,301,1,504.738,Peptide-like Recruiter,A,10666,OAH,O,10.246,57.185,95.942,8.572
VHL,8VL9,A1A,301,1,511.752,Peptide-like Recruiter,A,4305,C15,C,77.753,48.688,19.547,13.284
VHL,8VL9,A1A,301,1,511.752,Peptide-like Recruiter,A,4306,C16,C,78.455,51.068,19.733,30.191
VHL,8VL9,A1A,301,1,511.752,Peptide-like Recruiter,A,4307,C17,C,79.08,49.452,21.513,42.267
VHL,8VL9,A1A,301,1,511.752,Peptide-like Recruiter,A,4308,C18,C,76.044,52.491,22.093,1.208
VHL,8VL9,A1A,301,1,511.752,Peptide-like Recruiter,A,4309,C19,C,76.395,53.573,23.085,24.153
VHL,8VL9,A1A,301,1,511.752,Peptide-like Recruiter,A,4310,C21,C,76.474,44.263,24.262,14.492
VHL,8VL9,A1A,301,1,511.752,Peptide-like Recruiter,A,4313,C24,C,76.689,41.748,23.981,2.415
VHL,8VL9,A1A,301,1,511.752,Peptide-like Recruiter,A,4314,C25,C,76.115,40.515,23.626,1.208
VHL,8VL9,A1A,301,1,511.752,Peptide-like Recruiter,A,4321,C33,C,78.044,41.777,24.399,22.945
VHL,8VL9,A1A,301,1,511.752,Peptide-like Recruiter,A,4322,C34,C,78.781,40.628,24.457,36.229
VHL,8VL9,A1A,301,1,511.752,Peptide-like Recruiter,A,4323,C35,C,78.204,39.39,24.099,27.775
VHL,8VL9,A1A,301,1,511.752,Peptide-like Recruiter,A,4324,C36,C,76.904,39.336,23.694,6.038
VHL,8VL9,A1A,301,1,511.752,Peptide-like Recruiter,A,4329,N13,N,76.851,51.363,22.125,2.187
VHL,8VL9,A1A,301,1,511.752,Peptide-like Recruiter,A,4331,N32,N,74.129,38.068,23.587,4.374
VHL,8VL9,A1A,301,1,511.752,Peptide-like Recruiter,A,4333,O11,O,76.434,48.973,23.288,6.429
VHL,8VL9,A1A,301,1,511.752,Peptide-like Recruiter,A,4336,O8,O,76.74,45.911,22.04,7.5
VHL,5NVX,4YY,301,1,532.767,Peptide-like Recruiter,A,10633,CAO,C,10.201,56.78,96.896,16.907
VHL,5NVX,4YY,301,1,532.767,Peptide-like Recruiter,A,10634,CAP,C,9.72,57.501,95.646,6.038
VHL,5NVX,4YY,301,1,532.767,Peptide-like Recruiter,A,10635,CBJ,C,10.112,56.043,95.563,1.208
VHL,5NVX,4YY,301,1,532.767,Peptide-like Recruiter,A,10636,FAI,F,9.157,55.198,95.446,26.912
VHL,5NVX,4YY,301,1,532.767,Peptide-like Recruiter,A,10642,CAD,C,13.175,52.479,95.471,27.775
VHL,5NVX,4YY,301,1,532.767,Peptide-like Recruiter,A,10643,CAB,C,13.807,51.717,93.178,12.076
VHL,5NVX,4YY,301,1,532.767,Peptide-like Recruiter,A,10644,CAC,C,11.428,51.525,93.944,42.267
VHL,5NVX,4YY,301,1,532.767,Peptide-like Recruiter,A,10646,OAG,O,10.993,53.736,91.645,12.858
VHL,5NVX,4YY,301,1,532.767,Peptide-like Recruiter,A,10653,C,C,12.391,53.221,89.035,1.208
VHL,5NVX,4YY,301,1,532.767,Peptide-like Recruiter,A,10654,O,O,12.846,52.149,89.413,6.429
VHL,5NVX,4YY,301,1,532.767,Peptide-like Recruiter,A,10655,NAU,N,11.54,53.343,87.988,1.094
VHL,5NVX,4YY,301,1,532.767,Peptide-like Recruiter,A,10656,CAQ,C,11.068,52.197,87.181,25.36
VHL,5NVX,4YY,301,1,532.767,Peptide-like Recruiter,A,10657,CBB,C,11.886,51.973,86.02,1.208
VHL,5NVX,4YY,301,1,532.767,Peptide-like Recruiter,A,10658,CAJ,C,11.807,50.756,85.353,25.36
VHL,5NVX,4YY,301,1,532.767,Peptide-like Recruiter,A,10659,CAL,C,12.577,50.503,84.213,9.661
VHL,5NVX,4YY,301,1,532.767,Peptide-like Recruiter,A,10668,CAA,C,12.465,50.016,81.134,37.436
VHL,5NW1,9BH,301,1,528.804,Peptide-like Recruiter,A,10653,CAO,C,10.032,56.329,97.566,31.398
VHL,5NW1,9BH,301,1,528.804,Peptide-like Recruiter,A,10654,CAN,C,10.13,57.779,97.996,3.623
VHL,5NW1,9BH,301,1,528.804,Peptide-like Recruiter,A,10655,CAP,C,10.009,58.205,96.545,4.831
VHL,5NW1,9BH,301,1,528.804,Peptide-like Recruiter,A,10656,CBF,C,10.162,56.758,96.119,7.246
VHL,5NW1,9BH,301,1,528.804,Peptide-like Recruiter,A,10662,CAD,C,13.362,53.183,96.233,25.36
VHL,5NW1,9BH,301,1,528.804,Peptide-like Recruiter,A,10663,CAB,C,13.905,52.322,93.956,13.284
VHL,5NW1,9BH,301,1,528.804,Peptide-like Recruiter,A,10664,CAC,C,11.514,52.355,94.786,43.475
VHL,5NW1,9BH,301,1,528.804,Peptide-like Recruiter,A,10666,OAG,O,11.244,54.483,92.349,13.929
VHL,5NW1,9BH,301,1,528.804,Peptide-like Recruiter,A,10674,O,O,12.964,52.823,90.147,7.5
VHL,5NW1,9BH,301,1,528.804,Peptide-like Recruiter,A,10675,NAU,N,11.748,54.063,88.738,1.094
VHL,5NW1,9BH,301,1,528.804,Peptide-like Recruiter,A,10676,CAQ,C,11.272,52.905,87.932,24.153
VHL,5NW1,9BH,301,1,528.804,Peptide-like Recruiter,A,10677,CBA,C,12.081,52.678,86.761,1.208
VHL,5NW1,9BH,301,1,528.804,Peptide-like Recruiter,A,10680,CAJ,C,12.006,51.466,86.077,25.36
VHL,5NW1,9BH,301,1,528.804,Peptide-like Recruiter,A,10681,CAL,C,12.774,51.221,84.929,8.453
VHL,5NW1,9BH,301,1,528.804,Peptide-like Recruiter,A,10688,CAA,C,12.636,50.794,81.821,36.229
VHL,5NVW,9BW,301,1,514.777,Peptide-like Recruiter,A,10629,CAN,C,9.912,56.505,96.824,20.53
VHL,5NVW,9BW,301,1,514.777,Peptide-like Recruiter,A,10630,CAO,C,9.445,57.318,95.631,6.038
VHL,5NVW,9BW,301,1,514.777,Peptide-like Recruiter,A,10631,CBE,C,9.795,55.86,95.454,13.284
VHL,5NVW,9BW,301,1,514.777,Peptide-like Recruiter,A,10634,NAU,N,11.132,54.35,94.145,2.187
VHL,5NVW,9BW,301,1,514.777,Peptide-like Recruiter,A,10637,CAD,C,12.957,52.341,95.442,26.568
VHL,5NVW,9BW,301,1,514.777,Peptide-like Recruiter,A,10638,CAB,C,13.641,51.621,93.159,13.284
VHL,5NVW,9BW,301,1,514.777,Peptide-like Recruiter,A,10639,CAC,C,11.26,51.41,93.901,43.475
VHL,5NVW,9BW,301,1,514.777,Peptide-like Recruiter,A,10641,OAG,O,10.784,53.651,91.603,12.858
VHL,5NVW,9BW,301,1,514.777,Peptide-like Recruiter,A,10648,C,C,12.146,53.072,88.97,1.208
VHL,5NVW,9BW,301,1,514.777,Peptide-like Recruiter,A,10649,O,O,12.585,51.986,89.321,9.643
VHL,5NVW,9BW,301,1,514.777,Peptide-like Recruiter,A,10650,NAT,N,11.303,53.222,87.929,1.094
VHL,5NVW,9BW,301,1,514.777,Peptide-like Recruiter,A,10651,CAP,C,10.811,52.099,87.109,24.153
VHL,5NVW,9BW,301,1,514.777,Peptide-like Recruiter,A,10652,CAZ,C,11.629,51.873,85.964,2.415
VHL,5NVW,9BW,301,1,514.777,Peptide-like Recruiter,A,10655,CAJ,C,11.609,50.636,85.326,25.36
VHL,5NVW,9BW,301,1,514.777,Peptide-like Recruiter,A,10656,CAL,C,12.4,50.393,84.195,7.246
VHL,5NVW,9BW,301,1,514.777,Peptide-like Recruiter,A,10657,CBB,C,13.239,51.378,83.661,1.208
VHL,5NVW,9BW,301,1,514.777,Peptide-like Recruiter,A,10663,CAA,C,12.208,50.031,81.118,35.021
VHL,4W9I,3JS,301,1,488.695,Drug-like Recruiter,A,10564,CAA,C,10.766,54.125,95.758,47.098
VHL,4W9I,3JS,301,1,488.695,Drug-like Recruiter,A,10566,OAC,O,11.948,55.408,94.083,2.143
VHL,4W9I,3JS,301,1,488.695,Drug-like Recruiter,A,10568,CAP,C,12.027,51.784,94.493,24.153
VHL,4W9I,3JS,301,1,488.695,Drug-like Recruiter,A,10569,CBC,C,12.583,50.967,93.344,12.076
VHL,4W9I,3JS,301,1,488.695,Drug-like Recruiter,A,10570,OAG,O,13.23,49.787,93.853,38.573
VHL,4W9I,3JS,301,1,488.695,Drug-like Recruiter,A,10574,OAE,O,11.231,53.368,91.571,13.929
VHL,4W9I,3JS,301,1,488.695,Drug-like Recruiter,A,10582,O,O,12.627,52.184,89.034,5.357
VHL,4W9I,3JS,301,1,488.695,Drug-like Recruiter,A,10583,NAS,N,11.219,53.393,87.706,3.281
VHL,4W9I,3JS,301,1,488.695,Drug-like Recruiter,A,10584,CAM,C,10.733,52.214,86.975,26.568
VHL,4W9I,3JS,301,1,488.695,Drug-like Recruiter,A,10585,CAX,C,11.546,51.99,85.826,2.415
VHL,4W9I,3JS,301,1,488.695,Drug-like Recruiter,A,10586,CAI,C,11.492,50.745,85.183,25.36
VHL,4W9I,3JS,301,1,488.695,Drug-like Recruiter,A,10587,CAK,C,12.271,50.476,84.057,8.453
VHL,4W9I,3JS,301,1,488.695,Drug-like Recruiter,A,10590,CAZ,C,13.131,51.46,83.531,1.208
VHL,4W9I,3JS,301,1,488.695,Drug-like Recruiter,A,10596,CAB,C,12.154,50.045,81.012,37.436
VHL,6GFY,EXH,301,1,506.729,Peptide-like Recruiter,A,10639,CAA,C,9.92,56.921,96.081,21.737
VHL,6GFY,EXH,301,1,506.729,Peptide-like Recruiter,A,10642,N,N,11.033,55.184,94.774,2.187
VHL,6GFY,EXH,301,1,506.729,Peptide-like Recruiter,A,10645,CG1,C,12.648,53.12,96.102,27.775
VHL,6GFY,EXH,301,1,506.729,Peptide-like Recruiter,A,10646,CAE,C,13.42,52.284,93.874,13.284
VHL,6GFY,EXH,301,1,506.729,Peptide-like Recruiter,A,10647,CG2,C,11.02,52.164,94.501,44.682
VHL,6GFY,EXH,301,1,506.729,Peptide-like Recruiter,A,10649,O,O,10.638,54.27,92.188,11.786
VHL,6GFY,EXH,301,1,506.729,Peptide-like Recruiter,A,10658,OAG,O,12.584,52.581,89.942,6.429
VHL,6GFY,EXH,301,1,506.729,Peptide-like Recruiter,A,10659,NAS,N,11.175,53.752,88.568,1.094
VHL,6GFY,EXH,301,1,506.729,Peptide-like Recruiter,A,10660,CAP,C,10.739,52.586,87.8,27.775
VHL,6GFY,EXH,301,1,506.729,Peptide-like Recruiter,A,10661,CAZ,C,11.559,52.431,86.632,3.623
VHL,6GFY,EXH,301,1,506.729,Peptide-like Recruiter,A,10662,CAL,C,11.609,51.179,86.002,25.36
VHL,6GFY,EXH,301,1,506.729,Peptide-like Recruiter,A,10663,CAN,C,12.406,50.968,84.87,8.453
VHL,6GFY,EXH,301,1,506.729,Peptide-like Recruiter,A,10666,CBA,C,13.176,51.999,84.305,1.208
VHL,6GFY,EXH,301,1,506.729,Peptide-like Recruiter,A,10672,CAB,C,12.233,50.579,81.739,36.229
VHL,9EQM,A1H,301,1,746.113,Peptide-like Recruiter,A,2660,C10,C,30.794,-33.71,42.975,21.737
VHL,9EQM,A1H,301,1,746.113,Peptide-like Recruiter,A,2661,C13,C,29.611,-32.328,40.259,19.322
VHL,9EQM,A1H,301,1,746.113,Peptide-like Recruiter,A,2662,C15,C,31.306,-30.87,40.943,36.229
VHL,9EQM,A1H,301,1,746.113,Peptide-like Recruiter,A,2663,C17,C,28.919,-34.469,44.423,31.398
VHL,9EQM,A1H,301,1,746.113,Peptide-like Recruiter,A,2666,C26,C,24.018,-34.088,39.585,2.415
VHL,9EQM,A1H,301,1,746.113,Peptide-like Recruiter,A,2667,C28,C,24.282,-32.621,37.685,4.831
VHL,9EQM,A1H,301,1,746.113,Peptide-like Recruiter,A,2668,C01,C,23.508,-32.604,49.196,30.191
VHL,9EQM,A1H,301,1,746.113,Peptide-like Recruiter,A,2670,C03,C,22.951,-32.008,46.808,10.869
VHL,9EQM,A1H,301,1,746.113,Peptide-like Recruiter,A,2671,C05,C,25.684,-32.677,45.558,6.038
VHL,9EQM,A1H,301,1,746.113,Peptide-like Recruiter,A,2672,C06,C,27.174,-32.828,45.202,7.246
VHL,9EQM,A1H,301,1,746.113,Peptide-like Recruiter,A,2673,C07,C,27.462,-31.955,43.99,21.737
VHL,9EQM,A1H,301,1,746.113,Peptide-like Recruiter,A,2674,C08,C,28.927,-32.101,43.57,10.869
VHL,9EQM,A1H,301,1,746.113,Peptide-like Recruiter,A,2675,C09,C,29.272,-33.553,43.25,4.831
VHL,9EQM,A1H,301,1,746.113,Peptide-like Recruiter,A,2676,C12,C,30.627,-33.387,40.719,28.983
VHL,9EQM,A1H,301,1,746.113,Peptide-like Recruiter,A,2677,C16,C,31.672,-31.793,42.113,28.983
VHL,9EQM,A1H,301,1,746.113,Peptide-like Recruiter,A,2678,C18,C,27.466,-34.289,44.889,10.869
VHL,9EQM,A1H,301,1,746.113,Peptide-like Recruiter,A,2681,C25,C,24.598,-34.68,40.886,10.869
VHL,9EQM,A1H,301,1,746.113,Peptide-like Recruiter,A,2682,C27,C,24.777,-33.172,38.864,16.907
VHL,9EQM,A1H,301,1,746.113,Peptide-like Recruiter,A,2686,C32,C,24.474,-32.988,34.342,37.436
VHL,9EQM,A1H,301,1,746.113,Peptide-like Recruiter,A,2694,C46,C,23.625,-37.589,49.754,1.208
VHL,9EQM,A1H,301,1,746.113,Peptide-like Recruiter,A,2695,C48,C,22.751,-38.351,50.751,2.415
VHL,9EQM,A1H,301,1,746.113,Peptide-like Recruiter,A,2696,C49,C,23.226,-39.036,49.471,6.038
VHL,9EQM,A1H,301,1,746.113,Peptide-like Recruiter,A,2697,F47,F,24.927,-37.411,50.113,36.228
VHL,9EQM,A1H,301,1,746.113,Peptide-like Recruiter,A,2698,N11,N,31.212,-33.084,41.933,3.281
VHL,9EQM,A1H,301,1,746.113,Peptide-like Recruiter,A,2700,N24,N,23.528,-35.238,41.723,1.094
VHL,9EQM,A1H,301,1,746.113,Peptide-like Recruiter,A,2703,O14,O,30.0,-31.021,40.501,18.215
VHL,9EQM,A1H,301,1,746.113,Peptide-like Recruiter,A,2706,O43,O,24.117,-35.402,45.776,2.143
VHL,9EQM,A1H,301,1,746.113,Peptide-like Recruiter,A,2708,S04,S,25.415,-33.232,47.287,20.589
VHL,8ZVJ,A1L,201,1,738.909,Peptide-like Recruiter,A,10412,C4,C,-6.157,-9.201,21.543,28.983
VHL,8ZVJ,A1L,201,1,738.909,Peptide-like Recruiter,A,10413,C5,C,-5.192,-8.913,22.498,7.246
VHL,8ZVJ,A1L,201,1,738.909,Peptide-like Recruiter,A,10414,C6,C,-3.929,-9.512,22.413,4.831
VHL,8ZVJ,A1L,201,1,738.909,Peptide-like Recruiter,A,10415,C7,C,-4.624,-7.733,24.435,9.661
VHL,8ZVJ,A1L,201,1,738.909,Peptide-like Recruiter,A,10416,C8,C,-3.366,-8.277,24.424,20.53
VHL,8ZVJ,A1L,201,1,738.909,Peptide-like Recruiter,A,10417,C10,C,-1.575,-9.745,23.465,7.246
VHL,8ZVJ,A1L,201,1,738.909,Peptide-like Recruiter,A,10418,C1,C,-3.66,-10.386,21.375,18.114
VHL,8ZVJ,A1L,201,1,738.909,Peptide-like Recruiter,A,10419,C11,C,0.63,-9.707,24.287,33.814
VHL,8ZVJ,A1L,201,1,738.909,Peptide-like Recruiter,A,10420,C12,C,1.607,-9.5,23.131,45.89
VHL,8ZVJ,A1L,201,1,738.909,Peptide-like Recruiter,A,10421,C2,C,-4.624,-10.674,20.423,28.983
VHL,8ZVJ,A1L,201,1,738.909,Peptide-like Recruiter,A,10422,C3,C,-5.876,-10.082,20.504,8.453
VHL,8ZVJ,A1L,201,1,738.909,Peptide-like Recruiter,A,10423,C9,C,-2.995,-9.172,23.423,4.831
VHL,8ZVJ,A1L,201,1,738.909,Peptide-like Recruiter,A,10424,O1,O,-5.488,-8.062,23.487,17.143
VHL,8ZVJ,A1L,201,1,738.909,Peptide-like Recruiter,A,10425,O2,O,-4.937,-6.975,25.292,50.359
VHL,8ZVJ,A1L,201,1,738.909,Peptide-like Recruiter,A,10426,O3,O,-0.548,-8.99,24.045,12.858
VHL,8ZVJ,A1L,201,1,738.909,Peptide-like Recruiter,A,10427,O4,O,-1.329,-10.823,23.034,25.715
VHL,8ZVJ,A1L,201,1,738.909,Peptide-like Recruiter,A,10428,O5,O,-6.849,-10.375,19.54,53.573
VHL,8QJS,VL6,301,1,2475.528,Peptide-like Recruiter,A,10861,C5,C,9.145,-35.983,-4.142,3.623
VHL,8QJS,VL6,301,1,2475.528,Peptide-like Recruiter,A,10863,C11,C,5.509,-33.193,-3.926,30.191
VHL,8QJS,VL6,301,1,2475.528,Peptide-like Recruiter,A,10864,C7,C,8.05,-35.915,-3.272,13.284
VHL,8QJS,VL6,301,1,2475.528,Peptide-like Recruiter,A,10866,C9,C,5.548,-33.962,-2.623,8.453
VHL,8QJS,VL6,301,1,2475.528,Peptide-like Recruiter,A,10867,C10,C,4.583,-33.349,-1.619,19.322
VHL,8QJS,VL6,301,1,2475.528,Peptide-like Recruiter,A,10871,N2,N,6.584,-35.457,3.18,2.187
VHL,8QJS,VL6,301,1,2475.528,Peptide-like Recruiter,A,10872,C3,C,10.324,-38.023,-6.725,19.322
VHL,8QJS,VL6,301,1,2475.528,Peptide-like Recruiter,A,10874,O6,O,5.325,-34.132,1.855,8.572
VHL,8QJS,VL6,301,1,2475.528,Peptide-like Recruiter,A,10876,C18,C,5.468,-36.031,3.93,6.038
VHL,8QJS,VL6,301,1,2475.528,Peptide-like Recruiter,A,10877,C20,C,5.168,-35.16,5.133,1.208
VHL,8QJS,VL6,301,1,2475.528,Peptide-like Recruiter,A,10878,C25,C,6.164,-34.379,5.707,2.415
VHL,8QJS,VL6,301,1,2475.528,Peptide-like Recruiter,A,10879,C24,C,5.891,-33.553,6.78,1.208
VHL,8QJS,VL6,301,1,2475.528,Peptide-like Recruiter,A,10885,C28,C,3.02,-34.207,10.092,35.021
VHL,8QJS,VL6,301,1,2475.528,Peptide-like Recruiter,A,10886,C22,C,3.612,-34.284,6.755,8.453
VHL,8QJS,VL6,301,1,2475.528,Peptide-like Recruiter,A,10887,C21,C,3.889,-35.094,5.668,22.945
VHL,8QJS,VL6,301,1,2475.528,Peptide-like Recruiter,A,10888,C19,C,5.829,-37.459,4.328,38.644
VHL,8QJS,VL6,301,1,2475.528,Peptide-like Recruiter,A,10892,O4,O,6.96,-35.599,-0.453,12.858
VHL,8QJS,VL6,301,1,2475.528,Peptide-like Recruiter,A,10894,N,N,9.663,-34.801,-4.374,1.094
VHL,8QJS,VL6,301,1,2475.528,Peptide-like Recruiter,A,10895,O2,O,9.611,-37.138,-4.653,1.071
VHL,8QJS,VL6,301,1,2475.528,Peptide-like Recruiter,A,10896,O1,O,10.152,-39.338,-6.198,18.215
VHL,8QJS,VL6,301,1,2475.528,Peptide-like Recruiter,A,10897,C2,C,11.383,-39.993,-5.897,15.699
VHL,8QJS,VL6,301,1,2475.528,Peptide-like Recruiter,A,10898,C1,C,11.46,-40.299,-4.437,12.076
VHL,8QJS,VL6,301,1,2475.528,Peptide-like Recruiter,A,10899,O,O,12.748,-40.779,-4.129,6.429
VHL,8QJS,VL6,301,1,2475.528,Peptide-like Recruiter,A,10900,C,C,12.772,-41.461,-2.888,35.021
VHL,8YMB,A1L,304,1,2049.164,Peptide-like Recruiter,A,7007,N6,N,13.85,35.31,-14.825,20.778
VHL,8YMB,A1L,304,1,2049.164,Peptide-like Recruiter,A,7008,C8,C,8.907,29.744,-24.333,20.53
VHL,8YMB,A1L,304,1,2049.164,Peptide-like Recruiter,A,7009,O3,O,4.852,29.769,-22.273,7.5
VHL,8YMB,A1L,304,1,2049.164,Peptide-like Recruiter,A,7010,N4,N,10.79,35.481,-19.156,18.591
VHL,8YMB,A1L,304,1,2049.164,Peptide-like Recruiter,A,7011,C7,C,9.375,29.137,-25.522,4.831
VHL,8YMB,A1L,304,1,2049.164,Peptide-like Recruiter,A,7012,N5,N,14.623,35.095,-13.762,26.246
VHL,8YMB,A1L,304,1,2049.164,Peptide-like Recruiter,A,7015,C5,C,8.726,27.031,-24.71,1.208
VHL,8YMB,A1L,304,1,2049.164,Peptide-like Recruiter,A,7016,C4,C,8.262,27.637,-23.524,1.208
VHL,8YMB,A1L,304,1,2049.164,Peptide-like Recruiter,A,7020,O1,O,4.049,29.564,-18.978,3.214
VHL,8YMB,A1L,304,1,2049.164,Peptide-like Recruiter,A,7022,N7,N,13.565,33.149,-14.116,1.094
VHL,8YMB,A1L,304,1,2049.164,Peptide-like Recruiter,A,7023,N8,N,10.925,33.673,-15.574,4.374
VHL,8YMB,A1L,304,1,2049.164,Peptide-like Recruiter,A,7025,C1,C,8.572,31.837,-19.204,8.453
VHL,8YMB,A1L,304,1,2049.164,Peptide-like Recruiter,A,7031,C21,C,1.815,31.243,-20.949,18.114
VHL,8YMB,A1L,304,1,2049.164,Peptide-like Recruiter,A,7033,C23,C,12.151,28.083,-27.402,32.606
VHL,8YMB,A1L,304,1,2049.164,Peptide-like Recruiter,A,7034,C24,C,15.216,33.347,-12.181,55.551
VHL,8YMB,A1L,304,1,2049.164,Peptide-like Recruiter,A,7036,C14,C,-0.088,31.285,-19.321,22.945
VHL,8YMB,A1L,304,1,2049.164,Peptide-like Recruiter,A,7037,C15,C,2.16,32.017,-18.693,33.814
VHL,8YMB,A1L,304,1,2049.164,Peptide-like Recruiter,A,7042,C25,C,10.392,29.228,-14.861,16.907
VHL,8YMB,A1L,304,1,2049.164,Peptide-like Recruiter,A,7043,C26,C,13.046,27.952,-14.033,36.229
VHL,8YMB,A1L,304,1,2049.164,Peptide-like Recruiter,A,7044,C27,C,8.848,31.688,-13.392,12.076
VHL,8YMB,A1L,304,1,2049.164,Peptide-like Recruiter,A,7045,C28,C,7.511,31.71,-12.936,19.322
VHL,8YMB,A1L,304,1,2049.164,Peptide-like Recruiter,A,7046,C29,C,6.554,32.61,-13.45,2.415
VHL,8YMB,A1L,304,1,2049.164,Peptide-like Recruiter,A,7047,C30,C,7.011,33.476,-14.45,27.775
VHL,8YMB,A1L,304,1,2049.164,Peptide-like Recruiter,A,7048,C31,C,8.334,33.436,-14.896,10.869
VHL,8YMB,A1L,304,1,2049.164,Peptide-like Recruiter,A,7049,C32,C,11.448,34.598,-18.455,6.038
VHL,8YMB,A1L,304,1,2049.164,Peptide-like Recruiter,A,7050,C33,C,12.238,35.059,-17.169,25.36
VHL,8YMB,A1L,304,1,2049.164,Peptide-like Recruiter,A,7051,C34,C,9.308,32.554,-14.403,3.623
VHL,8YMB,A1L,304,1,2049.164,Peptide-like Recruiter,A,7052,C35,C,11.633,30.031,-14.532,4.831
VHL,8YMB,A1L,304,1,2049.164,Peptide-like Recruiter,A,7053,C36,C,12.796,29.414,-14.168,6.038
VHL,8YMB,A1L,304,1,2049.164,Peptide-like Recruiter,A,7054,C37,C,14.457,33.808,-13.342,8.453
VHL,8YMB,A1L,304,1,2049.164,Peptide-like Recruiter,A,7055,C38,C,13.214,34.139,-15.043,6.038
VHL,8YMB,A1L,304,1,2049.164,Peptide-like Recruiter,A,7056,C39,C,12.255,33.887,-16.113,2.415
VHL,8YMB,A1L,304,1,2049.164,Peptide-like Recruiter,A,7057,C40,C,10.682,32.569,-14.914,2.415
VHL,8YMB,A1L,304,1,2049.164,Peptide-like Recruiter,A,7058,C41,C,11.687,31.427,-14.578,1.208
VHL,8YMB,A1L,304,1,2049.164,Peptide-like Recruiter,A,7059,C42,C,13.006,31.854,-14.199,2.415
VHL,8YMB,A1L,304,1,2049.164,Peptide-like Recruiter,A,7060,C43,C,8.893,29.792,-20.932,13.284
VHL,8YMB,A1L,304,1,2049.164,Peptide-like Recruiter,A,7061,C44,C,8.445,30.297,-19.514,6.038
VHL,8YMB,A1L,304,1,2049.164,Peptide-like Recruiter,A,7062,C45,C,4.277,31.735,-13.558,12.076
VHL,8YMB,A1L,304,1,2049.164,Peptide-like Recruiter,A,7064,C47,C,2.152,29.998,-14.604,2.415
VHL,8YMB,A1L,304,1,2049.164,Peptide-like Recruiter,A,7065,C48,C,1.234,28.848,-15.161,1.208
VHL,8YMB,A1L,304,1,2049.164,Peptide-like Recruiter,A,7066,C49,C,1.015,28.771,-16.705,1.208
VHL,8YMB,A1L,304,1,2049.164,Peptide-like Recruiter,A,7067,C50,C,10.017,35.198,-20.348,35.021
VHL,8YMB,A1L,304,1,2049.164,Peptide-like Recruiter,A,7068,C51,C,8.664,34.367,-20.144,30.191
VHL,8YMB,A1L,304,1,2049.164,Peptide-like Recruiter,A,7069,C52,C,8.707,32.813,-20.432,12.076
VHL,8YMB,A1L,304,1,2049.164,Peptide-like Recruiter,A,7070,C53,C,3.741,30.645,-12.555,22.945
VHL,8YMB,A1L,304,1,2049.164,Peptide-like Recruiter,A,7071,O4,O,5.238,32.646,-12.999,17.143
VHL,8YMB,A1L,304,1,2049.164,Peptide-like Recruiter,A,7072,O5,O,11.422,33.432,-18.811,19.286
VHL,8YMB,A1L,304,1,2049.164,Peptide-like Recruiter,A,7075,S2,S,14.045,30.498,-13.852,33.457
VHL,8YMB,A1L,302,1,2049.164,Peptide-like Recruiter,A,7079,C9,C,-15.001,9.709,-68.678,4.831
VHL,8YMB,A1L,302,1,2049.164,Peptide-like Recruiter,A,7080,N6,N,-7.02,13.87,-80.996,24.059
VHL,8YMB,A1L,302,1,2049.164,Peptide-like Recruiter,A,7081,C8,C,-12.449,8.976,-71.451,28.983
VHL,8YMB,A1L,302,1,2049.164,Peptide-like Recruiter,A,7082,O3,O,-12.412,4.968,-73.404,22.501
VHL,8YMB,A1L,302,1,2049.164,Peptide-like Recruiter,A,7083,N4,N,-6.764,10.732,-76.734,17.497
VHL,8YMB,A1L,302,1,2049.164,Peptide-like Recruiter,A,7084,C7,C,-13.043,9.397,-70.236,22.945
VHL,8YMB,A1L,302,1,2049.164,Peptide-like Recruiter,A,7085,N5,N,-7.323,14.617,-82.059,28.433
VHL,8YMB,A1L,302,1,2049.164,Peptide-like Recruiter,A,7086,N3,N,-15.707,10.792,-66.633,26.246
VHL,8YMB,A1L,302,1,2049.164,Peptide-like Recruiter,A,7087,C6,C,-14.421,9.267,-69.94,2.415
VHL,8YMB,A1L,302,1,2049.164,Peptide-like Recruiter,A,7088,C5,C,-15.139,8.663,-70.998,24.153
VHL,8YMB,A1L,302,1,2049.164,Peptide-like Recruiter,A,7089,C4,C,-14.549,8.245,-72.207,16.907
VHL,8YMB,A1L,302,1,2049.164,Peptide-like Recruiter,A,7090,C2,C,-12.609,7.885,-73.852,1.208
VHL,8YMB,A1L,302,1,2049.164,Peptide-like Recruiter,A,7092,C3,C,-13.178,8.385,-72.49,1.208
VHL,8YMB,A1L,302,1,2049.164,Peptide-like Recruiter,A,7093,O1,O,-12.46,4.086,-76.608,11.786
VHL,8YMB,A1L,302,1,2049.164,Peptide-like Recruiter,A,7094,C10,C,-14.891,10.789,-67.834,8.453
VHL,8YMB,A1L,302,1,2049.164,Peptide-like Recruiter,A,7096,N8,N,-8.403,10.837,-80.181,4.374
VHL,8YMB,A1L,302,1,2049.164,Peptide-like Recruiter,A,7098,C1,C,-10.556,8.621,-76.651,3.623
VHL,8YMB,A1L,302,1,2049.164,Peptide-like Recruiter,A,7099,O2,O,-16.737,2.779,-75.072,43.93
VHL,8YMB,A1L,302,1,2049.164,Peptide-like Recruiter,A,7100,N1,N,-13.468,6.774,-74.325,4.374
VHL,8YMB,A1L,302,1,2049.164,Peptide-like Recruiter,A,7101,C12,C,-12.956,3.069,-76.169,2.415
VHL,8YMB,A1L,302,1,2049.164,Peptide-like Recruiter,A,7104,C21,C,-10.977,1.687,-74.576,33.814
VHL,8YMB,A1L,302,1,2049.164,Peptide-like Recruiter,A,7105,C22,C,-16.446,9.722,-66.554,41.059
VHL,8YMB,A1L,302,1,2049.164,Peptide-like Recruiter,A,7106,C23,C,-13.975,11.965,-68.084,57.966
VHL,8YMB,A1L,302,1,2049.164,Peptide-like Recruiter,A,7107,C24,C,-9.157,15.075,-83.593,55.551
VHL,8YMB,A1L,302,1,2049.164,Peptide-like Recruiter,A,7109,C14,C,-10.882,-0.123,-76.307,45.89
VHL,8YMB,A1L,302,1,2049.164,Peptide-like Recruiter,A,7110,C15,C,-10.048,2.137,-76.75,37.436
VHL,8YMB,A1L,302,1,2049.164,Peptide-like Recruiter,A,7111,C16,C,-14.411,4.4,-74.699,7.246
VHL,8YMB,A1L,302,1,2049.164,Peptide-like Recruiter,A,7112,C17,C,-15.319,3.949,-73.559,24.153
VHL,8YMB,A1L,302,1,2049.164,Peptide-like Recruiter,A,7113,C18,C,-15.843,2.609,-74.027,19.322
VHL,8YMB,A1L,302,1,2049.164,Peptide-like Recruiter,A,7114,C19,C,-14.581,2.008,-74.647,16.907
VHL,8YMB,A1L,302,1,2049.164,Peptide-like Recruiter,A,7115,C25,C,-12.769,9.949,-80.741,28.983
VHL,8YMB,A1L,302,1,2049.164,Peptide-like Recruiter,A,7116,C26,C,-14.307,12.504,-81.471,60.381
VHL,8YMB,A1L,302,1,2049.164,Peptide-like Recruiter,A,7117,C27,C,-10.211,8.693,-82.43,16.907
VHL,8YMB,A1L,302,1,2049.164,Peptide-like Recruiter,A,7118,C28,C,-10.175,7.348,-82.866,25.36
VHL,8YMB,A1L,302,1,2049.164,Peptide-like Recruiter,A,7119,C29,C,-9.378,6.375,-82.224,6.038
VHL,8YMB,A1L,302,1,2049.164,Peptide-like Recruiter,A,7120,C30,C,-8.629,6.826,-81.129,26.568
VHL,8YMB,A1L,302,1,2049.164,Peptide-like Recruiter,A,7121,C31,C,-8.678,8.158,-80.709,9.661
VHL,8YMB,A1L,302,1,2049.164,Peptide-like Recruiter,A,7122,C32,C,-7.575,11.597,-77.279,4.831
VHL,8YMB,A1L,302,1,2049.164,Peptide-like Recruiter,A,7123,C33,C,-7.142,12.317,-78.606,22.945
VHL,8YMB,A1L,302,1,2049.164,Peptide-like Recruiter,A,7124,C34,C,-9.46,9.145,-81.326,2.415
VHL,8YMB,A1L,302,1,2049.164,Peptide-like Recruiter,A,7125,C35,C,-12.097,11.26,-81.094,4.831
VHL,8YMB,A1L,302,1,2049.164,Peptide-like Recruiter,A,7126,C36,C,-12.826,12.372,-81.411,7.246
VHL,8YMB,A1L,302,1,2049.164,Peptide-like Recruiter,A,7127,C37,C,-8.608,14.36,-82.44,7.246
VHL,8YMB,A1L,302,1,2049.164,Peptide-like Recruiter,A,7128,C38,C,-8.14,13.159,-80.74,6.038
VHL,8YMB,A1L,302,1,2049.164,Peptide-like Recruiter,A,7129,C39,C,-8.302,12.194,-79.66,2.415
VHL,8YMB,A1L,302,1,2049.164,Peptide-like Recruiter,A,7131,C41,C,-10.713,11.43,-81.117,2.415
VHL,8YMB,A1L,302,1,2049.164,Peptide-like Recruiter,A,7132,C42,C,-10.416,12.782,-81.498,2.415
VHL,8YMB,A1L,302,1,2049.164,Peptide-like Recruiter,A,7133,C43,C,-12.534,8.988,-74.867,21.737
VHL,8YMB,A1L,302,1,2049.164,Peptide-like Recruiter,A,7134,C44,C,-12.092,8.535,-76.304,14.492
VHL,8YMB,A1L,302,1,2049.164,Peptide-like Recruiter,A,7135,C45,C,-10.29,4.119,-82.13,14.492
VHL,8YMB,A1L,302,1,2049.164,Peptide-like Recruiter,A,7136,C46,C,-12.305,2.525,-82.603,32.606
VHL,8YMB,A1L,302,1,2049.164,Peptide-like Recruiter,A,7137,C47,C,-12.235,2.311,-81.049,12.076
VHL,8YMB,A1L,302,1,2049.164,Peptide-like Recruiter,A,7138,C48,C,-13.189,1.197,-80.485,30.191
VHL,8YMB,A1L,302,1,2049.164,Peptide-like Recruiter,A,7139,C49,C,-13.282,1.019,-78.936,6.038
VHL,8YMB,A1L,302,1,2049.164,Peptide-like Recruiter,A,7140,C50,C,-7.026,9.981,-75.527,36.229
VHL,8YMB,A1L,302,1,2049.164,Peptide-like Recruiter,A,7141,C51,C,-8.045,8.751,-75.662,27.775
VHL,8YMB,A1L,302,1,2049.164,Peptide-like Recruiter,A,7142,C52,C,-9.585,9.056,-75.49,9.661
VHL,8YMB,A1L,302,1,2049.164,Peptide-like Recruiter,A,7143,C53,C,-11.267,3.522,-83.212,30.191
VHL,8YMB,A1L,302,1,2049.164,Peptide-like Recruiter,A,7144,O4,O,-9.327,5.051,-82.644,17.143
VHL,8YMB,A1L,302,1,2049.164,Peptide-like Recruiter,A,7145,O5,O,-8.655,11.799,-76.752,25.715
VHL,8YMB,A1L,302,1,2049.164,Peptide-like Recruiter,A,7146,O6,O,-14.032,0.181,-78.468,35.358
VHL,8YMB,A1L,302,1,2049.164,Peptide-like Recruiter,A,7147,S1,S,-16.206,8.643,-67.908,41.177
VHL,8YMB,A1L,302,1,2049.164,Peptide-like Recruiter,A,7148,S2,S,-11.863,13.709,-81.76,36.03
VHL,8QCU,VHL,206,1,421.515,Drug-like Recruiter,A,1070,C1,C,1.364,23.098,36.484,2.415
VHL,8QCU,VHL,206,1,421.515,Drug-like Recruiter,A,1071,C2,C,-1.228,23.592,36.534,1.208
VHL,8QCU,VHL,206,1,421.515,Drug-like Recruiter,A,1074,C5,C,3.736,24.513,32.853,2.415
VHL,8QCU,VHL,206,1,421.515,Drug-like Recruiter,A,1075,C4,C,1.81,25.471,33.09,10.869
VHL,8QCU,VHL,206,1,421.515,Drug-like Recruiter,A,1076,C7,C,0.163,27.077,35.591,4.831
VHL,8QCU,VHL,206,1,421.515,Drug-like Recruiter,A,1077,C9,C,1.295,26.241,37.197,19.322
VHL,8QCU,VHL,206,1,421.515,Drug-like Recruiter,A,1078,C8,C,1.299,27.579,37.347,43.475
VHL,8QCU,VHL,206,1,421.515,Drug-like Recruiter,A,1080,N2,N,2.944,25.532,32.407,21.872
VHL,8QCU,VHL,206,1,421.515,Drug-like Recruiter,A,1082,N4,N,0.599,28.082,36.349,27.34
VHL,8QCU,VHL,206,1,421.515,Drug-like Recruiter,A,1083,O1,O,2.098,22.575,37.225,18.215
VHL,8QCU,VHL,206,1,421.515,Drug-like Recruiter,A,1084,O2,O,-2.06,23.381,37.281,51.43
VHL,8QCU,VHL,206,1,421.515,Drug-like Recruiter,A,1085,O3,O,-0.383,21.295,33.96,10.715
VHL,6GFY,EXH,301,1,2026.916,Peptide-like Recruiter,A,10639,CAA,C,9.92,56.921,96.081,21.737
VHL,6GFY,EXH,301,1,2026.916,Peptide-like Recruiter,A,10642,N,N,11.033,55.184,94.774,2.187
VHL,6GFY,EXH,301,1,2026.916,Peptide-like Recruiter,A,10645,CG1,C,12.648,53.12,96.102,27.775
VHL,6GFY,EXH,301,1,2026.916,Peptide-like Recruiter,A,10646,CAE,C,13.42,52.284,93.874,13.284
VHL,6GFY,EXH,301,1,2026.916,Peptide-like Recruiter,A,10647,CG2,C,11.02,52.164,94.501,44.682
VHL,6GFY,EXH,301,1,2026.916,Peptide-like Recruiter,A,10649,O,O,10.638,54.27,92.188,11.786
VHL,6GFY,EXH,301,1,2026.916,Peptide-like Recruiter,A,10658,OAG,O,12.584,52.581,89.942,6.429
VHL,6GFY,EXH,301,1,2026.916,Peptide-like Recruiter,A,10659,NAS,N,11.175,53.752,88.568,1.094
VHL,6GFY,EXH,301,1,2026.916,Peptide-like Recruiter,A,10660,CAP,C,10.739,52.586,87.8,27.775
VHL,6GFY,EXH,301,1,2026.916,Peptide-like Recruiter,A,10661,CAZ,C,11.559,52.431,86.632,3.623
VHL,6GFY,EXH,301,1,2026.916,Peptide-like Recruiter,A,10662,CAL,C,11.609,51.179,86.002,25.36
VHL,6GFY,EXH,301,1,2026.916,Peptide-like Recruiter,A,10663,CAN,C,12.406,50.968,84.87,8.453
VHL,6GFY,EXH,301,1,2026.916,Peptide-like Recruiter,A,10666,CBA,C,13.176,51.999,84.305,1.208
VHL,6GFY,EXH,301,1,2026.916,Peptide-like Recruiter,A,10672,CAB,C,12.233,50.579,81.739,36.229
VHL,8ZV8,A1L,201,1,202.25,Drug-like Recruiter,A,10219,C1,C,-50.641,-57.236,21.513,24.153
VHL,8ZV8,A1L,201,1,202.25,Drug-like Recruiter,A,10220,C10,C,-48.59,-56.449,23.466,33.814
VHL,8ZV8,A1L,201,1,202.25,Drug-like Recruiter,A,10221,C2,C,-51.612,-57.6,20.594,32.606
VHL,8ZV8,A1L,201,1,202.25,Drug-like Recruiter,A,10222,C3,C,-52.902,-57.098,20.681,8.453
VHL,8ZV8,A1L,201,1,202.25,Drug-like Recruiter,A,10223,C4,C,-53.219,-56.213,21.707,28.983
VHL,8ZV8,A1L,201,1,202.25,Drug-like Recruiter,A,10224,C5,C,-52.246,-55.847,22.627,8.453
VHL,8ZV8,A1L,201,1,202.25,Drug-like Recruiter,A,10225,C6,C,-50.952,-56.358,22.534,6.038
VHL,8ZV8,A1L,201,1,202.25,Drug-like Recruiter,A,10226,C7,C,-51.717,-54.588,24.525,8.453
VHL,8ZV8,A1L,201,1,202.25,Drug-like Recruiter,A,10227,C8,C,-50.421,-55.052,24.495,22.945
VHL,8ZV8,A1L,201,1,202.25,Drug-like Recruiter,A,10228,C9,C,-50.029,-55.939,23.5,4.831
VHL,8ZV8,A1L,201,1,202.25,Drug-like Recruiter,A,10229,O1,O,-52.592,-54.993,23.602,18.215
VHL,8ZV8,A1L,201,1,202.25,Drug-like Recruiter,A,10230,O2,O,-53.866,-57.487,19.74,51.43
VHL,8ZV8,A1L,201,1,202.25,Drug-like Recruiter,A,10231,O3,O,-47.845,-55.806,24.465,46.073
VHL,8ZV8,A1L,201,1,202.25,Drug-like Recruiter,A,10232,O4,O,-52.058,-53.83,25.374,49.287
VHL,6GMN,F4E,201,1,346.424,Drug-like Recruiter,A,10575,C10,C,-5.426,-10.685,19.773,38.644
VHL,6GMN,F4E,201,1,346.424,Drug-like Recruiter,A,10576,N12,N,-4.224,-9.785,21.902,25.153
VHL,6GMN,F4E,201,1,346.424,Drug-like Recruiter,A,10577,C01,C,-2.365,-9.147,25.867,68.835
VHL,6GMN,F4E,201,1,346.424,Drug-like Recruiter,A,10578,C03,C,-4.06,-8.779,24.209,8.453
VHL,6GMN,F4E,201,1,346.424,Drug-like Recruiter,A,10579,C05,C,-4.795,-9.28,23.01,2.415
VHL,6GMN,F4E,201,1,346.424,Drug-like Recruiter,A,10580,C06,C,-6.173,-9.308,22.849,33.814
VHL,6GMN,F4E,201,1,346.424,Drug-like Recruiter,A,10581,C07,C,-6.417,-9.849,21.595,9.661
VHL,6GMN,F4E,201,1,346.424,Drug-like Recruiter,A,10582,C09,C,-6.802,-10.72,19.601,43.475
VHL,6GMN,F4E,201,1,346.424,Drug-like Recruiter,A,10583,C11,C,-5.184,-10.14,21.028,9.661
VHL,6GMN,F4E,201,1,346.424,Drug-like Recruiter,A,10584,O02,O,-3.122,-9.596,24.805,19.286
VHL,6GMN,F4E,201,1,346.424,Drug-like Recruiter,A,10585,O04,O,-4.273,-7.648,24.631,38.573
VHL,6GMN,F4E,201,1,346.424,Drug-like Recruiter,A,10586,O08,O,-7.375,-10.209,20.714,25.715
VHL,4W9E,3JT,301,1,415.644,Drug-like Recruiter,A,10539,CAA,C,13.175,52.496,95.211,31.398
VHL,4W9E,3JT,301,1,415.644,Drug-like Recruiter,A,10541,CAB,C,11.272,51.544,93.932,47.098
VHL,4W9E,3JT,301,1,415.644,Drug-like Recruiter,A,10542,CAC,C,13.564,51.529,92.932,14.492
VHL,4W9E,3JT,301,1,415.644,Drug-like Recruiter,A,10543,CAN,C,12.319,53.718,93.288,7.246
VHL,4W9E,3JT,301,1,415.644,Drug-like Recruiter,A,10545,OAD,O,10.779,53.426,91.465,15.0
VHL,4W9E,3JT,301,1,415.644,Drug-like Recruiter,A,10553,O,O,12.646,51.82,89.128,7.5
VHL,4W9E,3JT,301,1,415.644,Drug-like Recruiter,A,10554,NAR,N,11.161,53.003,87.851,1.094
VHL,4W9E,3JT,301,1,415.644,Drug-like Recruiter,A,10555,CAM,C,10.685,51.838,87.111,27.775
VHL,4W9E,3JT,301,1,415.644,Drug-like Recruiter,A,10556,CAV,C,11.491,51.67,85.951,1.208
VHL,4W9E,3JT,301,1,415.644,Drug-like Recruiter,A,10557,CAH,C,11.394,50.474,85.237,25.36
VHL,4W9E,3JT,301,1,415.644,Drug-like Recruiter,A,10558,CAJ,C,12.179,50.248,84.107,14.492
VHL,4W9E,3JT,301,1,415.644,Drug-like Recruiter,A,10565,NAQ,N,14.362,50.257,80.51,1.094
VHL,4W9E,3JT,301,1,415.644,Drug-like Recruiter,A,10566,CAL,C,13.41,50.346,81.464,14.492
VHL,8EI3,WHL,101,1,202.298,Drug-like Recruiter,A,5742,CA,C,13.402,22.36,12.155,1.208
VHL,8EI3,WHL,101,1,202.298,Drug-like Recruiter,A,5743,CB,C,13.621,22.337,13.523,8.453
VHL,8EI3,WHL,101,1,202.298,Drug-like Recruiter,A,5744,NB,N,15.086,22.73,15.472,18.591
VHL,8EI3,WHL,101,1,202.298,Drug-like Recruiter,A,5745,OB,O,15.835,24.213,9.159,26.786
VHL,8EI3,WHL,101,1,202.298,Drug-like Recruiter,A,5746,CG,C,14.901,23.544,8.868,4.831
VHL,8EI3,WHL,101,1,202.298,Drug-like Recruiter,A,5747,CD,C,15.836,23.192,13.181,28.983
VHL,8EI3,WHL,101,1,202.298,Drug-like Recruiter,A,5748,CE,C,15.616,23.214,11.812,14.492
VHL,8EI3,WHL,101,1,202.298,Drug-like Recruiter,A,5749,CH,C,14.486,23.441,7.403,12.076
VHL,8EI3,WHL,101,1,202.298,Drug-like Recruiter,A,5750,CC,C,14.838,22.756,14.038,2.415
VHL,8EI3,WHL,101,1,202.298,Drug-like Recruiter,A,5751,CF,C,14.396,22.803,11.296,3.623
VHL,8EI3,WHL,101,1,202.298,Drug-like Recruiter,A,5752,CJ,C,14.171,23.328,16.432,6.038
VHL,8EI3,WHL,101,1,202.298,Drug-like Recruiter,A,5753,CK,C,14.503,23.26,17.923,65.212
VHL,8EI3,WHL,101,1,202.298,Drug-like Recruiter,A,5754,,N,14.127,22.81,9.864,5.468
VHL,8EI3,WHL,101,1,202.298,Drug-like Recruiter,A,5755,OA,O,13.178,23.863,16.072,11.786
VHL,4W9C,3JG,301,1,1598.304,Peptide-like Recruiter,A,10549,CAA,C,13.652,52.696,95.711,31.398
VHL,4W9C,3JG,301,1,1598.304,Peptide-like Recruiter,A,10551,CAB,C,11.639,52.096,94.397,43.475
VHL,4W9C,3JG,301,1,1598.304,Peptide-like Recruiter,A,10552,CAC,C,13.943,51.756,93.38,13.284
VHL,4W9C,3JG,301,1,1598.304,Peptide-like Recruiter,A,10553,CAN,C,13.076,54.085,93.793,6.038
VHL,4W9C,3JG,301,1,1598.304,Peptide-like Recruiter,A,10555,OAD,O,11.37,53.951,92.085,11.786
VHL,4W9C,3JG,301,1,1598.304,Peptide-like Recruiter,A,10563,O,O,13.045,52.278,89.623,7.5
VHL,4W9C,3JG,301,1,1598.304,Peptide-like Recruiter,A,10564,NAR,N,11.595,53.475,88.331,2.187
VHL,4W9C,3JG,301,1,1598.304,Peptide-like Recruiter,A,10565,CAM,C,11.066,52.314,87.599,25.36
VHL,4W9C,3JG,301,1,1598.304,Peptide-like Recruiter,A,10566,CAV,C,11.841,52.094,86.417,2.415
VHL,4W9C,3JG,301,1,1598.304,Peptide-like Recruiter,A,10567,CAH,C,11.578,50.964,85.626,26.568
VHL,4W9C,3JG,301,1,1598.304,Peptide-like Recruiter,A,10568,CAJ,C,12.32,50.693,84.469,18.114
VHL,4W9C,3JG,301,1,1598.304,Peptide-like Recruiter,A,10576,CAL,C,13.651,50.871,81.815,14.492
VHL,4AWJ,V6F,1201,1,760.972,Peptide-like Recruiter,A,10437,N06,N,-6.441,35.179,2.916,4.374
VHL,4AWJ,V6F,1201,1,760.972,Peptide-like Recruiter,A,10438,C07,C,-5.215,35.678,3.506,54.343
VHL,4AWJ,V6F,1201,1,760.972,Peptide-like Recruiter,A,10439,O08,O,-5.252,33.7,1.638,9.643
VHL,4AWJ,V6F,1201,1,760.972,Peptide-like Recruiter,A,10441,C10,C,-7.003,33.868,-1.041,1.208
VHL,4AWJ,V6F,1201,1,760.972,Peptide-like Recruiter,A,10442,C11,C,-6.815,33.178,-2.375,30.191
VHL,4AWJ,V6F,1201,1,760.972,Peptide-like Recruiter,A,10443,O12,O,-6.782,35.057,-0.878,21.429
VHL,4AWJ,V6F,1205,1,760.972,Peptide-like Recruiter,A,10449,O01,O,36.228,27.095,0.84,47.144
VHL,4AWJ,V6F,1205,1,760.972,Peptide-like Recruiter,A,10450,C02,C,37.567,26.835,1.218,20.53
VHL,4AWJ,V6F,1205,1,760.972,Peptide-like Recruiter,A,10451,C03,C,37.996,27.946,2.167,31.398
VHL,4AWJ,V6F,1205,1,760.972,Peptide-like Recruiter,A,10452,C04,C,38.55,29.068,1.283,9.661
VHL,4AWJ,V6F,1205,1,760.972,Peptide-like Recruiter,A,10453,C05,C,39.863,29.577,1.898,2.415
VHL,4AWJ,V6F,1205,1,760.972,Peptide-like Recruiter,A,10454,N06,N,39.706,30.702,2.732,16.404
VHL,4AWJ,V6F,1205,1,760.972,Peptide-like Recruiter,A,10455,C07,C,40.898,31.249,3.356,65.212
VHL,4AWJ,V6F,1205,1,760.972,Peptide-like Recruiter,A,10456,O08,O,40.946,29.077,1.701,32.144
VHL,4AWJ,V6F,1205,1,760.972,Peptide-like Recruiter,A,10458,C10,C,39.299,29.201,-1.118,7.246
VHL,4AWJ,V6F,1205,1,760.972,Peptide-like Recruiter,A,10459,C11,C,39.514,28.481,-2.432,59.174
VHL,4AWJ,V6F,1205,1,760.972,Peptide-like Recruiter,A,10460,O12,O,39.544,30.386,-0.968,34.287
VHL,4AWJ,V6F,1205,1,760.972,Peptide-like Recruiter,A,10461,C13,C,38.441,27.027,-0.036,24.153
VHL,4AWJ,V6F,1206,1,760.972,Peptide-like Recruiter,A,10470,O01,O,36.262,74.35,1.513,46.073
VHL,4AWJ,V6F,1206,1,760.972,Peptide-like Recruiter,A,10471,C02,C,37.653,74.171,1.703,19.322
VHL,4AWJ,V6F,1206,1,760.972,Peptide-like Recruiter,A,10472,C03,C,38.115,75.235,2.692,28.983
VHL,4AWJ,V6F,1206,1,760.972,Peptide-like Recruiter,A,10473,C04,C,38.394,76.486,1.857,8.453
VHL,4AWJ,V6F,1206,1,760.972,Peptide-like Recruiter,A,10474,C05,C,39.719,77.11,2.327,1.208
VHL,4AWJ,V6F,1206,1,760.972,Peptide-like Recruiter,A,10475,N06,N,39.561,78.138,3.279,15.31
VHL,4AWJ,V6F,1206,1,760.972,Peptide-like Recruiter,A,10476,C07,C,40.766,78.779,3.774,64.004
VHL,4AWJ,V6F,1206,1,760.972,Peptide-like Recruiter,A,10477,O08,O,40.812,76.768,1.934,31.072
VHL,4AWJ,V6F,1206,1,760.972,Peptide-like Recruiter,A,10479,C10,C,38.733,76.896,-0.602,4.831
VHL,4AWJ,V6F,1206,1,760.972,Peptide-like Recruiter,A,10480,C11,C,38.83,76.313,-1.997,65.212
VHL,4AWJ,V6F,1206,1,760.972,Peptide-like Recruiter,A,10481,O12,O,38.846,78.089,-0.375,37.501
VHL,4AWJ,V6F,1206,1,760.972,Peptide-like Recruiter,A,10482,C13,C,38.34,74.548,0.383,24.153
